name,position,team,element,fixture,opponent_team,total_points,was_home,kickoff_time,team_h_score,team_a_score,round,minutes,goals_scored,assists,clean_sheets,goals_conceded,own_goals,penalties_saved,penalties_missed,yellow_cards,red_cards,saves,bonus,bps,influence,creativity,threat,ict_index,starts,expected_goals,expected_assists,expected_goal_involvements,expected_goals_conceded,clearances_blocks_interceptions,recoveries,tackles,defensive_contribution,value,selected,transfers_balance,transfers_in,transfers_out,GW
Raya,GK,Arsenal,1,1,7,6,True,2026-08-21T19:00:00Z,3,0,1,90,0,0,1,0,0,0,0,0,0,1,0,24,11.8,0.0,0.0,1.2,1,0.00,0.00,0.00,0.20,1,8,0,0,60,3347153,0,0,0,1
Arrizabalaga,GK,Arsenal,2,1,7,0,True,2026-08-21T19:00:00Z,3,0,1,0,0,0,0,0,0,0,0,0,0,0,0,0,0.0,0.0,0.0,0.0,0,0.00,0.00,0.00,0.00,0,0,0,0,50,7415,0,0,0,1
Meslier,GK,Arsenal,3,1,7,0,True,2026-08-21T19:00:00Z,3,0,1,0,0,0,0,0,0,0,0,0,0,0,0,0,0.0,0.0,0.0,0.0,0,0.00,0.00,0.00,0.00,0,0,0,0,50,2971,0,0,0,1
Gabriel,DEF,Arsenal,4,1,7,5,True,2026-08-21T19:00:00Z,3,0,1,90,0,0,1,0,0,0,0,1,0,0,0,21,6.6,1.8,1.0,0.9,1,0.05,0.01,0.06,0.20,4,2,0,4,80,2647984,0,0,0,1
J.Timber,DEF,Arsenal,5,1,7,0,True,2026-08-21T19:00:00Z,3,0,1,0,0,0,0,0,0,0,0,0,0,0,0,0,0.0,0.0,0.0,0.0,0,0.00,0.00,0.00,0.00,0,0,0,0,65,11200,0,0,0,1
Saliba,DEF,Arsenal,6,1,7,0,True,2026-08-21T19:00:00Z,3,0,1,0,0,0,0,0,0,0,0,0,0,0,0,0,0.0,0.0,0.0,0.0,0,0.00,0.00,0.00,0.00,0,0,0,0,60,26559,0,0,0,1
Lewis-Skelly,MID,Arsenal,7,1,7,3,True,2026-08-21T19:00:00Z,3,0,1,90,0,0,1,0,0,0,0,0,0,0,0,15,11.0,22.9,7.0,4.1,1,0.06,0.11,0.17,0.20,1,5,1,7,55,55656,0,0,0,1
Calafiori,DEF,Arsenal,8,1,7,9,True,2026-08-21T19:00:00Z,3,0,1,80,0,1,1,0,0,0,0,0,0,0,0,31,26.0,12.2,4.0,4.2,1,0.04,0.09,0.13,0.06,4,1,1,5,55,3542684,0,0,0,1
Hincapie,DEF,Arsenal,9,1,7,1,True,2026-08-21T19:00:00Z,3,0,1,9,0,0,0,0,0,0,0,0,0,0,0,3,0.4,0.5,0.0,0.1,0,0.00,0.00,0.00,0.15,0,0,0,0,55,165924,0,0,0,1
White,DEF,Arsenal,10,1,7,11,True,2026-08-21T19:00:00Z,3,0,1,90,0,1,1,0,0,0,0,0,0,0,2,37,33.2,26.8,13.0,7.3,1,0.18,0.21,0.39,0.20,4,3,1,5,55,401419,0,0,0,1
Mosquera,DEF,Arsenal,11,1,7,6,True,2026-08-21T19:00:00Z,3,0,1,90,0,0,1,0,0,0,0,0,0,0,0,27,14.4,0.6,0.0,1.5,1,0.00,0.00,0.00,0.20,6,3,0,6,55,571606,0,0,0,1
Saka,MID,Arsenal,12,1,7,9,True,2026-08-21T19:00:00Z,3,0,1,67,1,0,1,0,0,0,0,0,0,0,1,36,42.8,26.1,33.0,10.2,1,0.64,0.08,0.72,0.06,2,4,1,7,95,819914,0,0,0,1
Rice,MID,Arsenal,13,1,7,3,True,2026-08-21T19:00:00Z,3,0,1,67,0,0,1,0,0,0,0,0,0,0,0,10,6.8,6.4,2.0,1.5,1,0.07,0.08,0.15,0.06,3,3,0,6,75,1604406,0,0,0,1
Eze,MID,Arsenal,14,1,7,1,True,2026-08-21T19:00:00Z,3,0,1,14,0,0,0,0,0,0,0,0,0,0,0,4,0.0,1.8,1.0,0.1,0,0.04,0.00,0.04,0.15,0,2,0,2,65,188164,0,0,0,1
Ødegaard,MID,Arsenal,15,1,7,11,True,2026-08-21T19:00:00Z,3,0,1,75,1,0,1,0,0,0,0,0,0,0,3,41,50.6,41.5,31.0,12.3,1,0.21,0.10,0.31,0.06,1,4,3,8,65,717252,0,0,0,1
Madueke,MID,Arsenal,16,1,7,1,True,2026-08-21T19:00:00Z,3,0,1,22,0,0,0,0,0,0,0,0,0,0,0,8,9.4,43.1,0.0,5.3,0,0.00,0.04,0.04,0.15,0,2,0,2,65,30442,0,0,0,1
Merino,MID,Arsenal,17,1,7,1,True,2026-08-21T19:00:00Z,3,0,1,14,0,0,0,0,0,0,0,0,0,0,0,5,3.6,1.2,14.0,1.9,0,0.14,0.02,0.16,0.15,0,2,0,2,60,62671,0,0,0,1
Martinelli,MID,Arsenal,18,1,7,0,True,2026-08-21T19:00:00Z,3,0,1,0,0,0,0,0,0,0,0,0,0,0,0,0,0.0,0.0,0.0,0.0,0,0.00,0.00,0.00,0.00,0,0,0,0,65,21290,0,0,0,1
Zubimendi,MID,Arsenal,19,1,7,1,True,2026-08-21T19:00:00Z,3,0,1,22,0,0,0,0,0,0,0,0,0,0,0,3,3.8,2.3,0.0,0.6,0,0.00,0.02,0.02,0.15,0,2,1,3,55,107568,0,0,0,1
Dowman,MID,Arsenal,20,1,7,0,True,2026-08-21T19:00:00Z,3,0,1,0,0,0,0,0,0,0,0,0,0,0,0,0,0.0,0.0,0.0,0.0,0,0.00,0.00,0.00,0.00,0,0,0,0,55,8920,0,0,0,1
Nwaneri,MID,Arsenal,22,1,7,0,True,2026-08-21T19:00:00Z,3,0,1,0,0,0,0,0,0,0,0,0,0,0,0,0,0.0,0.0,0.0,0.0,0,0.00,0.00,0.00,0.00,0,0,0,0,55,1260,0,0,0,1
Fábio Vieira,MID,Arsenal,23,1,7,0,True,2026-08-21T19:00:00Z,3,0,1,0,0,0,0,0,0,0,0,0,0,0,0,0,0.0,0.0,0.0,0.0,0,0.00,0.00,0.00,0.00,0,0,0,0,55,892,0,0,0,1
Nelson,MID,Arsenal,24,1,7,0,True,2026-08-21T19:00:00Z,3,0,1,0,0,0,0,0,0,0,0,0,0,0,0,0,0.0,0.0,0.0,0.0,0,0.00,0.00,0.00,0.00,0,0,0,0,55,853,0,0,0,1
Gyökeres,FWD,Arsenal,25,1,7,0,True,2026-08-21T19:00:00Z,3,0,1,0,0,0,0,0,0,0,0,0,0,0,0,0,0.0,0.0,0.0,0.0,0,0.00,0.00,0.00,0.00,0,0,0,0,75,816962,0,0,0,1
Havertz,FWD,Arsenal,26,1,7,6,True,2026-08-21T19:00:00Z,3,0,1,90,1,0,1,0,0,0,0,0,0,0,0,34,37.2,13.2,25.0,7.5,1,0.26,0.03,0.29,0.20,2,0,0,2,75,468616,0,0,0,1
G.Jesus,FWD,Arsenal,27,1,7,0,True,2026-08-21T19:00:00Z,3,0,1,0,0,0,0,0,0,0,0,0,0,0,0,0,0.0,0.0,0.0,0.0,0,0.00,0.00,0.00,0.00,0,0,0,0,60,31403,0,0,0,1
Konsa,DEF,Arsenal,31,1,7,0,True,2026-08-21T19:00:00Z,3,0,1,0,0,0,0,0,0,0,0,0,0,0,0,0,0.0,0.0,0.0,0.0,0,0.00,0.00,0.00,0.00,0,0,0,0,45,1206127,0,0,0,1
Onyeka,MID,Coventry City,104,1,1,2,False,2026-08-21T19:00:00Z,3,0,1,90,0,0,0,3,0,0,0,0,0,0,0,8,3.6,1.6,0.0,0.5,1,0.00,0.01,0.01,1.88,3,5,1,9,50,13188,0,0,0,1
Rushworth,GK,Coventry City,110,1,1,1,False,2026-08-21T19:00:00Z,3,0,1,90,0,0,0,3,0,0,0,0,0,2,0,0,14.2,0.0,0.0,1.4,1,0.00,0.01,0.01,1.88,1,7,0,0,45,100521,0,0,0,1
Dovin,GK,Coventry City,171,1,1,0,False,2026-08-21T19:00:00Z,3,0,1,0,0,0,0,0,0,0,0,0,0,0,0,0,0.0,0.0,0.0,0.0,0,0.00,0.00,0.00,0.00,0,0,0,0,40,142267,0,0,0,1
Wilson,GK,Coventry City,172,1,1,0,False,2026-08-21T19:00:00Z,3,0,1,0,0,0,0,0,0,0,0,0,0,0,0,0,0.0,0.0,0.0,0.0,0,0.00,0.00,0.00,0.00,0,0,0,0,45,42690,0,0,0,1
Thomas,DEF,Coventry City,173,1,1,3,False,2026-08-21T19:00:00Z,3,0,1,90,0,0,0,3,0,0,0,0,0,0,0,11,23.2,11.2,1.0,3.5,1,0.02,0.01,0.03,1.88,9,2,1,10,40,721945,0,0,0,1
Kitching,DEF,Coventry City,174,1,1,0,False,2026-08-21T19:00:00Z,3,0,1,0,0,0,0,0,0,0,0,0,0,0,0,0,0.0,0.0,0.0,0.0,0,0.00,0.00,0.00,0.00,0,0,0,0,40,60272,0,0,0,1
van Ewijk,DEF,Coventry City,175,1,1,1,False,2026-08-21T19:00:00Z,3,0,1,90,0,0,0,3,0,0,0,0,0,0,0,-8,10.6,2.0,2.0,1.5,1,0.00,0.01,0.01,1.88,6,3,1,7,40,1257228,0,0,0,1
Dasilva,DEF,Coventry City,176,1,1,1,False,2026-08-21T19:00:00Z,3,0,1,90,0,0,0,3,0,0,0,0,0,0,0,-4,13.8,3.8,0.0,1.8,1,0.00,0.02,0.02,1.88,6,1,0,6,40,73424,0,0,0,1
Kesler-Hayden,DEF,Coventry City,177,1,1,0,False,2026-08-21T19:00:00Z,3,0,1,0,0,0,0,0,0,0,0,0,0,0,0,0,0.0,0.0,0.0,0.0,0,0.00,0.00,0.00,0.00,0,0,0,0,40,6032,0,0,0,1
Bidwell,DEF,Coventry City,178,1,1,0,False,2026-08-21T19:00:00Z,3,0,1,0,0,0,0,0,0,0,0,0,0,0,0,0,0.0,0.0,0.0,0.0,0,0.00,0.00,0.00,0.00,0,0,0,0,40,7091,0,0,0,1
Latibeaudiere,DEF,Coventry City,179,1,1,0,False,2026-08-21T19:00:00Z,3,0,1,0,0,0,0,0,0,0,0,0,0,0,0,0,0.0,0.0,0.0,0.0,0,0.00,0.00,0.00,0.00,0,0,0,0,40,3977,0,0,0,1
Woolfenden,DEF,Coventry City,180,1,1,0,False,2026-08-21T19:00:00Z,3,0,1,0,0,0,0,0,0,0,0,0,0,0,0,0,0.0,0.0,0.0,0.0,0,0.00,0.00,0.00,0.00,0,0,0,0,40,16501,0,0,0,1
Brau,DEF,Coventry City,181,1,1,0,False,2026-08-21T19:00:00Z,3,0,1,0,0,0,0,0,0,0,0,0,0,0,0,0,0.0,0.0,0.0,0.0,0,0.00,0.00,0.00,0.00,0,0,0,0,40,3736,0,0,0,1
Amenda,DEF,Coventry City,182,1,1,1,False,2026-08-21T19:00:00Z,3,0,1,90,0,0,0,3,0,0,0,0,0,0,0,1,28.8,0.8,0.0,3.0,1,0.00,0.01,0.01,1.88,9,4,0,9,40,75420,0,0,0,1
Rudoni,MID,Coventry City,183,1,1,1,False,2026-08-21T19:00:00Z,3,0,1,20,0,0,0,0,0,0,0,0,0,0,0,3,5.6,3.8,17.0,2.6,0,0.15,0.00,0.15,0.29,0,4,1,5,50,13002,0,0,0,1
Grimes,MID,Coventry City,184,1,1,2,False,2026-08-21T19:00:00Z,3,0,1,90,0,0,0,3,0,0,0,0,0,0,0,14,13.4,3.7,0.0,1.7,1,0.00,0.01,0.01,1.88,4,3,0,7,50,17412,0,0,0,1
Sakamoto,MID,Coventry City,185,1,1,0,False,2026-08-21T19:00:00Z,3,0,1,0,0,0,0,0,0,0,0,0,0,0,0,0,0.0,0.0,0.0,0.0,0,0.00,0.00,0.00,0.00,0,0,0,0,50,10294,0,0,0,1
Mason-Clark,MID,Coventry City,186,1,1,0,False,2026-08-21T19:00:00Z,3,0,1,0,0,0,0,0,0,0,0,0,0,0,0,0,0.0,0.0,0.0,0.0,0,0.00,0.00,0.00,0.00,0,0,0,0,55,11314,0,0,0,1
Eccles,MID,Coventry City,187,1,1,0,False,2026-08-21T19:00:00Z,3,0,1,0,0,0,0,0,0,0,0,0,0,0,0,0,0.0,0.0,0.0,0.0,0,0.00,0.00,0.00,0.00,0,0,0,0,50,1503,0,0,0,1
Torp,MID,Coventry City,188,1,1,1,False,2026-08-21T19:00:00Z,3,0,1,28,0,0,0,0,0,0,0,0,0,0,0,8,6.8,16.4,0.0,2.3,0,0.00,0.11,0.11,0.32,1,0,0,1,55,15509,0,0,0,1
Shepherd,MID,Coventry City,189,1,1,0,False,2026-08-21T19:00:00Z,3,0,1,0,0,0,0,0,0,0,0,0,0,0,0,0,0.0,0.0,0.0,0.0,0,0.00,0.00,0.00,0.00,0,0,0,0,45,28435,0,0,0,1
Tchaouna,MID,Coventry City,190,1,1,2,False,2026-08-21T19:00:00Z,3,0,1,81,0,0,0,3,0,0,0,0,0,0,0,11,1.8,6.0,3.0,1.1,1,0.04,0.02,0.06,1.76,3,5,0,8,55,12321,0,0,0,1
Borges Rodrigues,MID,Coventry City,191,1,1,0,False,2026-08-21T19:00:00Z,3,0,1,0,0,0,0,0,0,0,0,0,0,0,0,0,0.0,0.0,0.0,0.0,0,0.00,0.00,0.00,0.00,0,0,0,0,45,16813,0,0,0,1
Andrews,MID,Coventry City,192,1,1,0,False,2026-08-21T19:00:00Z,3,0,1,0,0,0,0,0,0,0,0,0,0,0,0,0,0.0,0.0,0.0,0.0,0,0.00,0.00,0.00,0.00,0,0,0,0,45,62690,0,0,0,1
Wright,FWD,Coventry City,193,1,1,0,False,2026-08-21T19:00:00Z,3,0,1,0,0,0,0,0,0,0,0,0,0,0,0,0,0.0,0.0,0.0,0.0,0,0.00,0.00,0.00,0.00,0,0,0,0,55,18871,0,0,0,1
Thomas-Asante,FWD,Coventry City,194,1,1,2,False,2026-08-21T19:00:00Z,3,0,1,69,0,0,0,3,0,0,0,0,0,0,0,9,4.6,1.1,0.0,0.6,1,0.00,0.02,0.02,1.60,5,1,0,6,50,66198,0,0,0,1
Simms,FWD,Coventry City,195,1,1,2,False,2026-08-21T19:00:00Z,3,0,1,69,0,0,0,3,0,0,0,0,0,0,0,7,2.6,12.3,2.0,1.7,1,0.00,0.01,0.01,1.60,1,2,0,3,50,78607,0,0,0,1
Markelo,FWD,Coventry City,196,1,1,0,False,2026-08-21T19:00:00Z,3,0,1,0,0,0,0,0,0,0,0,0,0,0,0,0,0.0,0.0,0.0,0.0,0,0.00,0.00,0.00,0.00,0,0,0,0,50,1827,0,0,0,1
Bassette,FWD,Coventry City,197,1,1,0,False,2026-08-21T19:00:00Z,3,0,1,0,0,0,0,0,0,0,0,0,0,0,0,0,0.0,0.0,0.0,0.0,0,0.00,0.00,0.00,0.00,0,0,0,0,45,4620,0,0,0,1
Bruno G.,MID,Arsenal,452,1,7,0,True,2026-08-21T19:00:00Z,3,0,1,0,0,0,0,0,0,0,0,0,0,0,0,0,0.0,0.0,0.0,0.0,0,0.00,0.00,0.00,0.00,0,0,0,0,70,391151,0,0,0,1
Awoniyi,FWD,Coventry City,492,1,1,1,False,2026-08-21T19:00:00Z,3,0,1,20,0,0,0,0,0,0,0,0,0,0,0,4,0.0,1.4,0.0,0.1,0,0.00,0.00,0.00,0.29,0,1,0,1,55,76129,0,0,0,1
Tzolis,MID,Arsenal,557,1,7,6,True,2026-08-21T19:00:00Z,3,0,1,75,0,1,1,0,0,0,0,0,0,0,0,30,17.0,39.8,30.0,8.7,1,0.19,0.14,0.33,0.06,2,3,1,6,65,2247384,0,0,0,1
Yirenkyi,MID,Coventry City,575,1,1,1,False,2026-08-21T19:00:00Z,3,0,1,61,0,0,0,3,0,0,0,1,0,0,0,2,0.0,3.1,0.0,0.0,1,0.00,0.00,0.00,1.56,0,3,0,3,50,23536,0,0,0,1
Hamer,MID,Coventry City,584,1,1,1,False,2026-08-21T19:00:00Z,3,0,1,8,0,0,0,0,0,0,0,0,0,0,0,3,0.4,0.3,0.0,0.1,0,0.00,0.00,0.00,0.13,0,1,0,1,55,12932,0,0,0,1
Cherif,FWD,Coventry City,599,1,1,0,False,2026-08-21T19:00:00Z,3,0,1,0,0,0,0,0,0,0,0,0,0,0,0,0,0.0,0.0,0.0,0.0,0,0.00,0.00,0.00,0.00,0,0,0,0,50,7348,0,0,0,1
Kelleher,GK,Brentford,82,2,19,7,True,2026-08-22T16:30:00Z,3,0,1,90,0,0,1,0,0,0,0,0,0,4,0,34,31.4,0.0,0.0,3.1,1,0.00,0.01,0.01,0.57,0,5,0,0,50,513912,0,0,0,1
Valdimarsson,GK,Brentford,83,2,19,0,True,2026-08-22T16:30:00Z,3,0,1,0,0,0,0,0,0,0,0,0,0,0,0,0,0.0,0.0,0.0,0.0,0,0.00,0.00,0.00,0.00,0,0,0,0,45,9667,0,0,0,1
Collins,DEF,Brentford,84,2,19,6,True,2026-08-22T16:30:00Z,3,0,1,90,0,0,1,0,0,0,0,0,0,0,0,21,11.6,21.5,17.0,5.0,1,0.34,0.04,0.38,0.57,3,3,0,3,55,156847,0,0,0,1
Van den Berg,DEF,Brentford,85,2,19,0,True,2026-08-22T16:30:00Z,3,0,1,0,0,0,0,0,0,0,0,0,0,0,0,0,0.0,0.0,0.0,0.0,0,0.00,0.00,0.00,0.00,0,0,0,0,50,14391,0,0,0,1
Lewis-Potter,MID,Brentford,86,2,19,10,True,2026-08-22T16:30:00Z,3,0,1,90,1,0,1,0,0,0,0,0,0,0,2,37,47.2,15.9,19.0,8.2,1,0.77,0.12,0.89,0.57,4,5,1,10,55,38558,0,0,0,1
Ajer,DEF,Brentford,87,2,19,8,True,2026-08-22T16:30:00Z,3,0,1,90,0,0,1,0,0,0,0,0,0,0,0,29,20.0,0.9,35.0,5.6,1,0.11,0.02,0.13,0.57,8,3,2,10,45,318142,0,0,0,1
Kayode,DEF,Brentford,88,2,19,13,True,2026-08-22T16:30:00Z,3,0,1,75,1,0,1,0,0,0,0,0,0,0,1,36,33.8,1.5,46.0,8.1,1,0.50,0.00,0.50,0.47,4,5,0,4,45,282611,0,0,0,1
Henry,DEF,Brentford,89,2,19,0,True,2026-08-22T16:30:00Z,3,0,1,0,0,0,0,0,0,0,0,0,0,0,0,0,0.0,0.0,0.0,0.0,0,0.00,0.00,0.00,0.00,0,0,0,0,45,22322,0,0,0,1
Hickey,DEF,Brentford,90,2,19,1,True,2026-08-22T16:30:00Z,3,0,1,14,0,0,0,0,0,0,0,0,0,0,0,2,0.0,0.3,0.0,0.0,0,0.00,0.00,0.00,0.10,0,2,0,0,45,5416,0,0,0,1
Pinnock,DEF,Coventry City,91,2,19,0,True,2026-08-22T16:30:00Z,3,0,1,0,0,0,0,0,0,0,0,0,0,0,0,0,0.0,0.0,0.0,0.0,0,0.00,0.00,0.00,0.00,0,0,0,0,45,7000,0,0,0,1
Ji-soo,DEF,Brentford,92,2,19,0,True,2026-08-22T16:30:00Z,3,0,1,0,0,0,0,0,0,0,0,0,0,0,0,0,0.0,0.0,0.0,0.0,0,0.00,0.00,0.00,0.00,0,0,0,0,45,1635,0,0,0,1
Schuster,DEF,Brentford,93,2,19,0,True,2026-08-22T16:30:00Z,3,0,1,0,0,0,0,0,0,0,0,0,0,0,0,0,0.0,0.0,0.0,0.0,0,0.00,0.00,0.00,0.00,0,0,0,0,45,15125,0,0,0,1
Schade,MID,Brentford,94,2,19,3,True,2026-08-22T16:30:00Z,3,0,1,90,0,0,1,0,0,0,0,0,0,0,0,17,14.4,11.8,59.0,8.5,1,0.52,0.01,0.53,0.57,1,5,3,9,60,330810,0,0,0,1
O.Dango,MID,Brentford,95,2,19,3,True,2026-08-22T16:30:00Z,3,0,1,66,0,0,1,0,0,0,0,0,0,0,0,6,1.0,30.8,15.0,4.7,1,0.05,0.29,0.34,0.47,2,4,0,6,65,105835,0,0,0,1
Damsgaard,MID,Brentford,96,2,19,1,True,2026-08-22T16:30:00Z,3,0,1,14,0,0,0,0,0,0,0,0,0,0,0,6,7.6,26.3,0.0,3.4,0,0.00,0.11,0.11,0.10,0,3,1,4,55,52929,0,0,0,1
Jensen,MID,Brentford,97,2,19,6,True,2026-08-22T16:30:00Z,3,0,1,66,0,1,1,0,0,0,0,0,0,0,0,22,12.6,46.2,13.0,7.2,1,0.08,0.34,0.42,0.47,0,3,2,5,55,16245,0,0,0,1
Janelt,MID,Brentford,98,2,19,9,True,2026-08-22T16:30:00Z,3,0,1,90,1,0,1,0,0,0,0,1,0,0,0,35,53.2,38.8,24.0,11.6,1,0.39,0.17,0.56,0.57,6,3,4,13,50,9018,0,0,0,1
Milambo,MID,Brentford,99,2,19,0,True,2026-08-22T16:30:00Z,3,0,1,0,0,0,0,0,0,0,0,0,0,0,0,0,0.0,0.0,0.0,0.0,0,0.00,0.00,0.00,0.00,0,0,0,0,50,187,0,0,0,1
Carvalho,MID,Brentford,100,2,19,0,True,2026-08-22T16:30:00Z,3,0,1,0,0,0,0,0,0,0,0,0,0,0,0,0,0.0,0.0,0.0,0.0,0,0.00,0.00,0.00,0.00,0,0,0,0,50,1459,0,0,0,1
Yarmoliuk,MID,Brentford,102,2,19,1,True,2026-08-22T16:30:00Z,3,0,1,23,0,0,0,0,0,0,0,0,0,0,0,7,2.2,0.8,3.0,0.6,0,0.04,0.00,0.04,0.10,1,3,2,6,50,123741,0,0,0,1
Dasilva,MID,Brentford,103,2,19,0,True,2026-08-22T16:30:00Z,3,0,1,0,0,0,0,0,0,0,0,0,0,0,0,0,0.0,0.0,0.0,0.0,0,0.00,0.00,0.00,0.00,0,0,0,0,50,2396,0,0,0,1
Anthony,MID,Brentford,105,2,19,1,True,2026-08-22T16:30:00Z,3,0,1,23,0,0,0,0,0,0,0,0,0,0,0,9,10.6,34.9,1.0,4.7,0,0.03,0.35,0.38,0.10,0,6,2,8,60,14244,0,0,0,1
Thiago,FWD,Brentford,106,2,19,0,True,2026-08-22T16:30:00Z,3,0,1,82,0,0,1,0,0,0,1,0,0,0,0,-3,2.2,4.0,8.0,1.4,1,1.00,0.08,1.08,0.50,1,4,0,5,80,1509299,0,0,0,1
Furo,FWD,Brentford,107,2,19,0,True,2026-08-22T16:30:00Z,3,0,1,0,0,0,0,0,0,0,0,0,0,0,0,0,0.0,0.0,0.0,0.0,0,0.00,0.00,0.00,0.00,0,0,0,0,45,78000,0,0,0,1
Wilson,FWD,Brentford,108,2,19,1,True,2026-08-22T16:30:00Z,3,0,1,7,0,0,0,0,0,0,0,0,0,0,0,4,2.2,10.3,5.0,1.8,0,0.03,0.04,0.07,0.07,0,0,0,0,55,30450,0,0,0,1
Van Hecke,DEF,Spurs,112,2,4,1,False,2026-08-22T16:30:00Z,3,0,1,90,0,0,0,3,0,0,0,0,0,0,0,3,28.2,2.8,2.0,3.3,1,0.00,0.03,0.03,3.87,7,3,2,9,50,955905,0,0,0,1
Tonali,MID,Spurs,455,2,4,2,False,2026-08-22T16:30:00Z,3,0,1,90,0,0,0,3,0,0,0,0,0,0,0,14,6.2,6.4,8.0,2.1,1,0.04,0.06,0.10,3.87,0,3,1,4,55,376914,0,0,0,1
Vicario,GK,Spurs,494,2,4,0,False,2026-08-22T16:30:00Z,3,0,1,0,0,0,0,0,0,0,0,0,0,0,0,0,0.0,0.0,0.0,0.0,0,0.00,0.00,0.00,0.00,0,0,0,0,45,35657,0,0,0,1
Austin,GK,Spurs,495,2,4,0,False,2026-08-22T16:30:00Z,3,0,1,0,0,0,0,0,0,0,0,0,0,0,0,0,0.0,0.0,0.0,0.0,0,0.00,0.00,0.00,0.00,0,0,0,0,40,78400,0,0,0,1
Kinsky,GK,Spurs,496,2,4,2,False,2026-08-22T16:30:00Z,3,0,1,90,0,0,0,3,0,0,0,0,0,5,0,15,43.6,0.0,0.0,4.4,1,0.00,0.00,0.00,3.87,4,12,0,0,45,2208330,0,0,0,1
Dubravka,GK,Spurs,497,2,4,0,False,2026-08-22T16:30:00Z,3,0,1,0,0,0,0,0,0,0,0,0,0,0,0,0,0.0,0.0,0.0,0.0,0,0.00,0.00,0.00,0.00,0,0,0,0,40,1778139,0,0,0,1
Senesi,DEF,Spurs,498,2,4,3,False,2026-08-22T16:30:00Z,3,0,1,90,0,0,0,3,0,0,0,0,0,0,0,10,36.6,2.2,0.0,3.9,1,0.00,0.02,0.02,3.87,11,2,5,16,60,724252,0,0,0,1
Pedro Porro,DEF,Spurs,499,2,4,0,False,2026-08-22T16:30:00Z,3,0,1,0,0,0,0,0,0,0,0,0,0,0,0,0,0.0,0.0,0.0,0.0,0,0.00,0.00,0.00,0.00,0,0,0,0,55,1595087,0,0,0,1
Romero,DEF,Spurs,500,2,4,0,False,2026-08-22T16:30:00Z,3,0,1,0,0,0,0,0,0,0,0,0,0,0,0,0,0.0,0.0,0.0,0.0,0,0.00,0.00,0.00,0.00,0,0,0,0,50,25814,0,0,0,1
Danso,DEF,Sunderland,501,2,4,0,False,2026-08-22T16:30:00Z,3,0,1,0,0,0,0,0,0,0,0,0,0,0,0,0,0.0,0.0,0.0,0.0,0,0.00,0.00,0.00,0.00,0,0,0,0,50,15516,0,0,0,1
Robertson,DEF,Spurs,502,2,4,3,False,2026-08-22T16:30:00Z,3,0,1,90,0,0,0,3,0,0,0,0,0,0,0,13,31.8,19.2,2.0,5.3,1,0.00,0.06,0.06,3.87,9,3,2,11,45,350993,0,0,0,1
Van de Ven,DEF,Spurs,503,2,4,0,False,2026-08-22T16:30:00Z,3,0,1,0,0,0,0,0,0,0,0,0,0,0,0,0,0.0,0.0,0.0,0.0,0,0.00,0.00,0.00,0.00,0,0,0,0,50,522301,0,0,0,1
Spence,DEF,Spurs,505,2,4,0,False,2026-08-22T16:30:00Z,3,0,1,0,0,0,0,0,0,0,0,0,0,0,0,0,0.0,0.0,0.0,0.0,0,0.00,0.00,0.00,0.00,0,0,0,0,45,93085,0,0,0,1
Udogie,DEF,Spurs,506,2,4,1,False,2026-08-22T16:30:00Z,3,0,1,4,0,0,0,0,0,0,0,0,0,0,0,3,0.0,0.7,0.0,0.0,0,0.00,0.02,0.02,0.44,0,2,0,0,45,43741,0,0,0,1
Phillips,DEF,Spurs,507,2,4,0,False,2026-08-22T16:30:00Z,3,0,1,0,0,0,0,0,0,0,0,0,0,0,0,0,0.0,0.0,0.0,0.0,0,0.00,0.00,0.00,0.00,0,0,0,0,45,2583,0,0,0,1
Davies,DEF,Spurs,508,2,4,0,False,2026-08-22T16:30:00Z,3,0,1,0,0,0,0,0,0,0,0,0,0,0,0,0,0.0,0.0,0.0,0.0,0,0.00,0.00,0.00,0.00,0,0,0,0,40,99420,0,0,0,1
Byfield,DEF,Spurs,509,2,4,0,False,2026-08-22T16:30:00Z,3,0,1,0,0,0,0,0,0,0,0,0,0,0,0,0,0.0,0.0,0.0,0.0,0,0.00,0.00,0.00,0.00,0,0,0,0,40,4794,0,0,0,1
Rowswell,DEF,Spurs,510,2,4,0,False,2026-08-22T16:30:00Z,3,0,1,0,0,0,0,0,0,0,0,0,0,0,0,0,0.0,0.0,0.0,0.0,0,0.00,0.00,0.00,0.00,0,0,0,0,40,7021,0,0,0,1
Souza,DEF,Spurs,511,2,4,0,False,2026-08-22T16:30:00Z,3,0,1,0,0,0,0,0,0,0,0,0,0,0,0,0,0.0,0.0,0.0,0.0,0,0.00,0.00,0.00,0.00,0,0,0,0,40,27254,0,0,0,1
Kudus,MID,Spurs,512,2,4,0,False,2026-08-22T16:30:00Z,3,0,1,0,0,0,0,0,0,0,0,0,0,0,0,0,0.0,0.0,0.0,0.0,0,0.00,0.00,0.00,0.00,0,0,0,0,65,8272,0,0,0,1
Xavi,MID,Spurs,513,2,4,0,False,2026-08-22T16:30:00Z,3,0,1,0,0,0,0,0,0,0,0,0,0,0,0,0,0.0,0.0,0.0,0.0,0,0.00,0.00,0.00,0.00,0,0,0,0,60,1345,0,0,0,1
Tel,MID,Spurs,514,2,4,2,False,2026-08-22T16:30:00Z,3,0,1,90,0,0,0,3,0,0,0,0,0,0,0,17,10.4,26.0,9.0,4.5,1,0.06,0.06,0.12,3.87,1,7,0,8,60,50995,0,0,0,1
Maddison,MID,Spurs,515,2,4,1,False,2026-08-22T16:30:00Z,3,0,1,22,0,0,0,0,0,0,0,0,0,0,0,6,4.4,8.3,8.0,2.1,0,0.00,0.01,0.01,0.85,1,1,0,2,65,119410,0,0,0,1
Bentancur,MID,Spurs,516,2,4,1,False,2026-08-22T16:30:00Z,3,0,1,45,0,0,0,1,0,0,0,0,0,0,0,8,2.0,14.7,0.0,1.7,0,0.00,0.01,0.01,2.18,0,2,3,5,55,17403,0,0,0,1
Odobert,MID,Spurs,517,2,4,0,False,2026-08-22T16:30:00Z,3,0,1,0,0,0,0,0,0,0,0,0,0,0,0,0,0.0,0.0,0.0,0.0,0,0.00,0.00,0.00,0.00,0,0,0,0,55,100,0,0,0,1
P.M.Sarr,MID,Spurs,518,2,4,0,False,2026-08-22T16:30:00Z,3,0,1,0,0,0,0,0,0,0,0,0,0,0,0,0,0.0,0.0,0.0,0.0,0,0.00,0.00,0.00,0.00,0,0,0,0,50,25576,0,0,0,1
Gallagher,MID,Spurs,519,2,4,0,False,2026-08-22T16:30:00Z,3,0,1,45,0,0,0,2,0,0,0,1,0,0,0,1,0.0,5.5,1.0,0.5,1,0.02,0.06,0.08,1.70,0,2,1,3,55,26860,0,0,0,1
Bergvall,MID,Spurs,520,2,4,1,False,2026-08-22T16:30:00Z,3,0,1,45,0,0,0,2,0,0,0,0,0,0,0,2,0.0,2.0,2.0,0.0,1,0.00,0.01,0.01,1.70,0,7,1,8,55,18443,0,0,0,1
Kulusevski,MID,Spurs,521,2,4,0,False,2026-08-22T16:30:00Z,3,0,1,0,0,0,0,0,0,0,0,0,0,0,0,0,0.0,0.0,0.0,0.0,0,0.00,0.00,0.00,0.00,0,0,0,0,65,949,0,0,0,1
Gray,MID,Spurs,522,2,4,2,False,2026-08-22T16:30:00Z,3,0,1,85,0,0,0,3,0,0,0,0,0,0,0,15,6.2,3.3,0.0,1.0,1,0.00,0.01,0.01,3.43,2,2,1,5,50,19767,0,0,0,1
Moore,MID,Spurs,523,2,4,2,False,2026-08-22T16:30:00Z,3,0,1,67,0,0,0,3,0,0,0,0,0,0,0,10,14.2,5.9,55.0,7.5,1,0.38,0.02,0.40,3.02,0,1,1,2,50,17505,0,0,0,1
Olusesi,MID,Spurs,524,2,4,0,False,2026-08-22T16:30:00Z,3,0,1,0,0,0,0,0,0,0,0,0,0,0,0,0,0.0,0.0,0.0,0.0,0,0.00,0.00,0.00,0.00,0,0,0,0,45,79913,0,0,0,1
Fernandes,MID,Spurs,525,2,4,1,False,2026-08-22T16:30:00Z,3,0,1,45,0,0,0,1,0,0,0,0,0,0,0,16,7.2,27.2,2.0,3.6,0,0.00,0.06,0.06,2.18,0,1,1,2,60,178624,0,0,0,1
Solanke,FWD,Spurs,526,2,4,1,False,2026-08-22T16:30:00Z,3,0,1,22,0,0,0,0,0,0,0,0,0,0,0,3,0.0,0.0,5.0,0.5,0,0.07,0.00,0.07,0.85,0,0,0,0,60,126667,0,0,0,1
Richarlison,FWD,Spurs,527,2,4,2,False,2026-08-22T16:30:00Z,3,0,1,67,0,0,0,3,0,0,0,0,0,0,0,6,0.0,2.2,0.0,0.2,1,0.00,0.00,0.00,3.02,1,0,0,1,60,283639,0,0,0,1
Scarlett,FWD,Spurs,528,2,4,0,False,2026-08-22T16:30:00Z,3,0,1,0,0,0,0,0,0,0,0,0,0,0,0,0,0.0,0.0,0.0,0.0,0,0.00,0.00,0.00,0.00,0,0,0,0,45,149807,0,0,0,1
M.Sangaré,MID,Brentford,565,2,19,14,True,2026-08-22T16:30:00Z,3,0,1,75,0,2,1,0,0,0,0,0,0,0,3,41,31.6,21.8,21.0,7.4,1,0.05,0.33,0.38,0.47,4,7,2,13,55,294770,0,0,0,1
Williams-Barnett,MID,Spurs,601,2,4,0,False,2026-08-22T16:30:00Z,3,0,1,0,0,0,0,0,0,0,0,0,0,0,0,0,0.0,0.0,0.0,0.0,0,0.00,0.00,0.00,0.00,0,0,0,0,45,0,0,0,0,1
Nørgaard,MID,Everton,21,3,8,0,True,2026-08-22T14:00:00Z,2,0,1,0,0,0,0,0,0,0,0,0,0,0,0,0,0.0,0.0,0.0,0.0,0,0.00,0.00,0.00,0.00,0,0,0,0,50,10920,0,0,0,1
Guessand,MID,Crystal Palace,42,3,9,1,False,2026-08-22T14:00:00Z,2,0,1,27,0,0,0,0,0,0,0,0,0,0,0,3,3.2,1.8,7.0,1.2,0,0.03,0.02,0.05,0.14,0,0,1,1,55,3238,0,0,0,1
Henderson,GK,Crystal Palace,198,3,9,2,False,2026-08-22T14:00:00Z,2,0,1,90,0,0,0,2,0,0,0,0,0,3,0,14,28.2,0.0,0.0,2.8,1,0.00,0.00,0.00,1.12,3,13,0,0,50,171144,0,0,0,1
Benitez,GK,Crystal Palace,199,3,9,0,False,2026-08-22T14:00:00Z,2,0,1,0,0,0,0,0,0,0,0,0,0,0,0,0,0.0,0.0,0.0,0.0,0,0.00,0.00,0.00,0.00,0,0,0,0,45,10987,0,0,0,1
Muñoz,DEF,Nott'm Forest,201,3,9,0,False,2026-08-22T14:00:00Z,2,0,1,54,0,0,0,2,0,0,0,0,0,0,0,-4,1.2,1.8,21.0,2.4,1,0.23,0.01,0.24,0.84,3,1,1,4,55,873015,0,0,0,1
Richards,DEF,Crystal Palace,202,3,9,3,False,2026-08-22T14:00:00Z,2,0,1,90,0,0,0,2,0,0,0,0,0,0,0,13,42.6,0.7,0.0,4.3,1,0.00,0.00,0.00,1.12,14,1,2,16,50,66477,0,0,0,1
Canvot,DEF,Crystal Palace,203,3,9,1,False,2026-08-22T14:00:00Z,2,0,1,90,0,0,0,2,0,0,0,0,0,0,0,9,27.4,5.7,5.0,3.8,1,0.05,0.01,0.06,1.12,4,3,4,8,50,30748,0,0,0,1
Mitchell,DEF,Crystal Palace,204,3,9,1,False,2026-08-22T14:00:00Z,2,0,1,90,0,0,0,2,0,0,0,0,0,0,0,9,11.6,13.8,2.0,2.7,1,0.00,0.01,0.01,1.12,3,4,2,5,45,580791,0,0,0,1
Sosa,DEF,Crystal Palace,205,3,9,0,False,2026-08-22T14:00:00Z,2,0,1,0,0,0,0,0,0,0,0,0,0,0,0,0,0.0,0.0,0.0,0.0,0,0.00,0.00,0.00,0.00,0,0,0,0,45,2785,0,0,0,1
Chadi Riad,DEF,Crystal Palace,206,3,9,1,False,2026-08-22T14:00:00Z,2,0,1,72,0,0,0,2,0,0,0,0,0,0,0,7,12.6,1.3,0.0,1.4,1,0.00,0.01,0.01,0.98,6,3,1,7,45,6521,0,0,0,1
Mingueza,DEF,Crystal Palace,207,3,9,0,False,2026-08-22T14:00:00Z,2,0,1,0,0,0,0,0,0,0,0,0,0,0,0,0,0.0,0.0,0.0,0.0,0,0.00,0.00,0.00,0.00,0,0,0,0,45,7928,0,0,0,1
Sarr,MID,Crystal Palace,208,3,9,0,False,2026-08-22T14:00:00Z,2,0,1,0,0,0,0,0,0,0,0,0,0,0,0,0,0.0,0.0,0.0,0.0,0,0.00,0.00,0.00,0.00,0,0,0,0,65,424225,0,0,0,1
Johnson,MID,Everton,209,3,8,1,True,2026-08-22T14:00:00Z,2,0,1,6,0,0,0,0,0,0,0,0,0,0,0,3,4.0,0.3,0.0,0.4,0,0.00,0.00,0.00,0.29,2,0,0,2,60,15299,0,0,0,1
Wharton,MID,Crystal Palace,210,3,9,4,False,2026-08-22T14:00:00Z,2,0,1,90,0,0,0,2,0,0,0,0,0,0,0,20,16.8,30.9,0.0,4.8,1,0.00,0.24,0.24,1.12,4,8,2,14,55,75177,0,0,0,1
Yeremy,MID,Crystal Palace,211,3,9,1,False,2026-08-22T14:00:00Z,2,0,1,35,0,0,0,0,0,0,0,0,0,0,0,4,2.0,6.3,6.0,1.4,0,0.06,0.02,0.08,0.27,0,3,2,5,55,18106,0,0,0,1
Hughes,MID,Crystal Palace,212,3,9,0,False,2026-08-22T14:00:00Z,2,0,1,0,0,0,0,0,0,0,0,0,0,0,0,0,0.0,0.0,0.0,0.0,0,0.00,0.00,0.00,0.00,0,0,0,0,45,1093674,0,0,0,1
Lerma,MID,Crystal Palace,213,3,9,0,False,2026-08-22T14:00:00Z,2,0,1,0,0,0,0,0,0,0,0,0,0,0,0,0,0.0,0.0,0.0,0.0,0,0.00,0.00,0.00,0.00,0,0,0,0,50,10665,0,0,0,1
Kamada,MID,Crystal Palace,214,3,9,3,False,2026-08-22T14:00:00Z,2,0,1,90,0,0,0,2,0,0,0,1,0,0,0,25,20.4,29.3,0.0,5.0,1,0.00,0.27,0.27,1.12,3,8,3,14,50,24728,0,0,0,1
Devenny,MID,Crystal Palace,215,3,9,0,False,2026-08-22T14:00:00Z,2,0,1,0,0,0,0,0,0,0,0,0,0,0,0,0,0.0,0.0,0.0,0.0,0,0.00,0.00,0.00,0.00,0,0,0,0,50,1134,0,0,0,1
Esse,MID,Crystal Palace,216,3,9,0,False,2026-08-22T14:00:00Z,2,0,1,0,0,0,0,0,0,0,0,0,0,0,0,0,0.0,0.0,0.0,0.0,0,0.00,0.00,0.00,0.00,0,0,0,0,50,3728,0,0,0,1
M.França,MID,Crystal Palace,217,3,9,0,False,2026-08-22T14:00:00Z,2,0,1,0,0,0,0,0,0,0,0,0,0,0,0,0,0.0,0.0,0.0,0.0,0,0.00,0.00,0.00,0.00,0,0,0,0,50,3157,0,0,0,1
Doucouré,MID,Crystal Palace,218,3,9,0,False,2026-08-22T14:00:00Z,2,0,1,0,0,0,0,0,0,0,0,0,0,0,0,0,0.0,0.0,0.0,0.0,0,0.00,0.00,0.00,0.00,0,0,0,0,50,6199,0,0,0,1
J.Rak-Sakyi,MID,Crystal Palace,219,3,9,0,False,2026-08-22T14:00:00Z,2,0,1,0,0,0,0,0,0,0,0,0,0,0,0,0,0.0,0.0,0.0,0.0,0,0.00,0.00,0.00,0.00,0,0,0,0,50,550,0,0,0,1
Cardines,DEF,Crystal Palace,220,3,9,0,False,2026-08-22T14:00:00Z,2,0,1,0,0,0,0,0,0,0,0,0,0,0,0,0,0.0,0.0,0.0,0.0,0,0.00,0.00,0.00,0.00,0,0,0,0,45,255,0,0,0,1
Drakes-Thomas,MID,Crystal Palace,221,3,9,0,False,2026-08-22T14:00:00Z,2,0,1,0,0,0,0,0,0,0,0,0,0,0,0,0,0.0,0.0,0.0,0.0,0,0.00,0.00,0.00,0.00,0,0,0,0,45,8076,0,0,0,1
Strand Larsen,FWD,Crystal Palace,222,3,9,1,False,2026-08-22T14:00:00Z,2,0,1,27,0,0,0,0,0,0,0,0,0,0,0,3,1.0,3.5,17.0,2.2,0,0.25,0.01,0.26,0.14,0,0,0,0,60,50940,0,0,0,1
Mateta,FWD,Crystal Palace,223,3,9,2,False,2026-08-22T14:00:00Z,2,0,1,62,0,0,0,2,0,0,0,0,0,0,0,-3,1.4,12.3,11.0,2.5,1,0.70,0.02,0.72,0.98,1,2,2,5,65,504100,0,0,0,1
Nketiah,FWD,Crystal Palace,224,3,9,1,False,2026-08-22T14:00:00Z,2,0,1,55,0,0,0,2,0,0,0,0,0,0,0,12,10.4,24.5,23.0,5.8,1,0.60,0.58,1.18,0.84,1,1,1,3,55,43148,0,0,0,1
Uche,FWD,Crystal Palace,225,3,9,0,False,2026-08-22T14:00:00Z,2,0,1,0,0,0,0,0,0,0,0,0,0,0,0,0,0.0,0.0,0.0,0.0,0,0.00,0.00,0.00,0.00,0,0,0,0,50,0,0,0,0,1
Pickford,GK,Everton,226,3,8,7,True,2026-08-22T14:00:00Z,2,0,1,90,0,0,1,0,0,0,0,0,0,4,0,34,31.8,0.0,0.0,3.2,1,0.00,0.02,0.02,1.96,0,12,0,0,55,698199,0,0,0,1
Travers,GK,Everton,227,3,8,0,True,2026-08-22T14:00:00Z,2,0,1,0,0,0,0,0,0,0,0,0,0,0,0,0,0.0,0.0,0.0,0.0,0,0.00,0.00,0.00,0.00,0,0,0,0,50,3019,0,0,0,1
King,GK,Everton,228,3,8,0,True,2026-08-22T14:00:00Z,2,0,1,0,0,0,0,0,0,0,0,0,0,0,0,0,0.0,0.0,0.0,0.0,0,0.00,0.00,0.00,0.00,0,0,0,0,45,3498,0,0,0,1
Tarkowski,DEF,Everton,229,3,8,6,True,2026-08-22T14:00:00Z,2,0,1,90,0,0,1,0,0,0,0,0,0,0,0,25,15.2,0.8,4.0,2.0,1,0.05,0.00,0.05,1.96,8,4,1,9,60,765229,0,0,0,1
Branthwaite,DEF,Everton,230,3,8,6,True,2026-08-22T14:00:00Z,2,0,1,90,0,0,1,0,0,0,0,0,0,0,0,27,18.6,0.8,6.0,2.5,1,0.00,0.01,0.01,1.96,6,2,2,8,55,141420,0,0,0,1
Keane,DEF,Everton,231,3,8,0,True,2026-08-22T14:00:00Z,2,0,1,0,0,0,0,0,0,0,0,0,0,0,0,0,0.0,0.0,0.0,0.0,0,0.00,0.00,0.00,0.00,0,0,0,0,50,151116,0,0,0,1
O'Brien,DEF,Everton,232,3,8,0,True,2026-08-22T14:00:00Z,2,0,1,0,0,0,0,0,0,0,0,0,0,0,0,0,0.0,0.0,0.0,0.0,0,0.00,0.00,0.00,0.00,0,0,0,0,50,44689,0,0,0,1
Mykolenko,DEF,Everton,233,3,8,6,True,2026-08-22T14:00:00Z,2,0,1,90,0,0,1,0,0,0,0,0,0,0,0,27,12.8,13.8,2.0,2.9,1,0.00,0.05,0.05,1.96,4,4,0,4,45,134687,0,0,0,1
Patterson,DEF,Everton,234,3,8,0,True,2026-08-22T14:00:00Z,2,0,1,0,0,0,0,0,0,0,0,0,0,0,0,0,0.0,0.0,0.0,0.0,0,0.00,0.00,0.00,0.00,0,0,0,0,45,2948,0,0,0,1
Aznou,DEF,Everton,235,3,8,0,True,2026-08-22T14:00:00Z,2,0,1,0,0,0,0,0,0,0,0,0,0,0,0,0,0.0,0.0,0.0,0.0,0,0.00,0.00,0.00,0.00,0,0,0,0,40,16732,0,0,0,1
Dewsbury-Hall,MID,Everton,236,3,8,11,True,2026-08-22T14:00:00Z,2,0,1,90,1,0,1,0,0,0,0,0,0,0,3,40,42.8,28.3,27.0,9.8,1,0.12,0.17,0.29,1.92,1,5,2,8,65,288693,0,0,0,1
Ndiaye,MID,Man City,237,3,8,9,True,2026-08-22T14:00:00Z,2,0,1,90,0,1,1,0,0,0,0,0,0,0,1,36,40.8,39.8,48.0,12.9,1,0.24,0.32,0.56,1.96,0,8,4,12,60,1434152,0,0,0,1
Garner,MID,Everton,239,3,8,1,True,2026-08-22T14:00:00Z,2,0,1,11,0,0,0,0,0,0,0,0,0,0,0,6,4.8,11.8,2.0,1.9,0,0.00,0.03,0.03,0.34,0,0,1,1,60,11659,0,0,0,1
Iroegbunam,MID,Hull City,240,3,8,0,True,2026-08-22T14:00:00Z,2,0,1,0,0,0,0,0,0,0,0,0,0,0,0,0,0.0,0.0,0.0,0.0,0,0.00,0.00,0.00,0.00,0,0,0,0,50,1417,0,0,0,1
McNeil,MID,Crystal Palace,241,3,9,2,False,2026-08-22T14:00:00Z,2,0,1,62,0,0,0,2,0,0,0,0,0,0,0,11,9.6,4.7,2.0,1.6,1,0.05,0.02,0.07,0.98,3,2,0,5,55,15735,0,0,0,1
George,MID,Everton,242,3,8,3,True,2026-08-22T14:00:00Z,2,0,1,83,0,0,1,0,0,0,0,0,0,0,0,13,7.0,23.4,25.0,5.5,1,0.18,0.08,0.26,1.67,3,4,0,7,55,24527,0,0,0,1
Alcaraz,MID,Everton,243,3,8,1,True,2026-08-22T14:00:00Z,2,0,1,1,0,0,0,0,0,0,0,0,0,0,0,7,5.0,0.3,17.0,2.2,0,0.02,0.00,0.02,0.04,0,2,1,3,50,8329,0,0,0,1
Armstrong,MID,Everton,244,3,8,8,True,2026-08-22T14:00:00Z,2,0,1,90,0,1,1,0,0,0,0,0,0,0,0,25,28.8,14.7,4.0,4.8,1,0.00,0.04,0.04,1.96,3,11,2,16,50,6793,0,0,0,1
Dibling,MID,Everton,245,3,8,0,True,2026-08-22T14:00:00Z,2,0,1,0,0,0,0,0,0,0,0,0,0,0,0,0,0.0,0.0,0.0,0.0,0,0.00,0.00,0.00,0.00,0,0,0,0,55,3592,0,0,0,1
Röhl,MID,Everton,246,3,8,3,True,2026-08-22T14:00:00Z,2,0,1,90,0,0,1,0,0,0,0,0,0,0,0,12,13.8,13.0,2.0,2.9,1,0.00,0.06,0.06,1.96,2,5,2,9,50,5179,0,0,0,1
Hackney,MID,Everton,247,3,8,3,True,2026-08-22T14:00:00Z,2,0,1,78,0,0,1,0,0,0,0,0,0,0,0,16,8.6,12.2,5.0,2.6,1,0.01,0.01,0.02,1.62,1,4,2,7,55,24410,0,0,0,1
Beto,FWD,Everton,248,3,8,1,True,2026-08-22T14:00:00Z,2,0,1,11,0,0,0,0,0,0,0,0,0,0,0,3,0.0,0.0,2.0,0.2,0,0.05,0.00,0.05,0.34,0,0,0,0,55,249740,0,0,0,1
Barry,FWD,Everton,249,3,8,8,True,2026-08-22T14:00:00Z,2,0,1,78,1,0,1,0,0,0,0,0,0,0,2,37,38.0,19.0,41.0,9.8,1,0.45,0.09,0.54,1.62,0,2,1,3,55,117327,0,0,0,1
Matthews,GK,Crystal Palace,555,3,9,0,False,2026-08-22T14:00:00Z,2,0,1,0,0,0,0,0,0,0,0,0,0,0,0,0,0.0,0.0,0.0,0.0,0,0.00,0.00,0.00,0.00,0,0,0,0,40,156141,0,0,0,1
Tomiyasu,DEF,Crystal Palace,577,3,9,1,False,2026-08-22T14:00:00Z,2,0,1,18,0,0,0,0,0,0,0,0,0,0,0,3,2.4,2.4,0.0,0.5,0,0.00,0.01,0.01,0.14,1,1,0,1,45,31543,0,0,0,1
Khalaili,DEF,Crystal Palace,588,3,9,1,False,2026-08-22T14:00:00Z,2,0,1,35,0,0,0,0,0,0,0,0,0,0,0,12,24.0,26.5,4.0,5.5,0,0.00,0.16,0.16,0.27,5,3,4,9,50,8418,0,0,0,1
Gozo,MID,Crystal Palace,595,3,9,0,False,2026-08-22T14:00:00Z,2,0,1,0,0,0,0,0,0,0,0,0,0,0,0,0,0.0,0.0,0.0,0.0,0,0.00,0.00,0.00,0.00,0,0,0,0,50,1214,0,0,0,1
Tielemans,MID,Man Utd,43,4,11,2,False,2026-08-22T11:30:00Z,2,0,1,66,0,0,0,2,0,0,0,0,0,0,0,13,5.0,11.3,4.0,2.0,1,0.04,0.11,0.15,0.94,0,5,0,5,60,224637,0,0,0,1
Andrey Santos,MID,Man Utd,162,4,11,2,False,2026-08-22T11:30:00Z,2,0,1,66,0,0,0,2,0,0,0,0,0,0,0,17,11.4,4.2,2.0,1.8,1,0.00,0.23,0.23,0.94,3,5,1,9,50,93940,0,0,0,1
Phillips,GK,Hull City,273,4,16,0,True,2026-08-22T11:30:00Z,2,0,1,0,0,0,0,0,0,0,0,0,0,0,0,0,0.0,0.0,0.0,0.0,0,0.00,0.00,0.00,0.00,0,0,0,0,40,138196,0,0,0,1
Butland,GK,Hull City,274,4,16,0,True,2026-08-22T11:30:00Z,2,0,1,0,0,0,0,0,0,0,0,0,0,0,0,0,0.0,0.0,0.0,0.0,0,0.00,0.00,0.00,0.00,0,0,0,0,45,11096,0,0,0,1
Cartwright,GK,Hull City,275,4,16,0,True,2026-08-22T11:30:00Z,2,0,1,0,0,0,0,0,0,0,0,0,0,0,0,0,0.0,0.0,0.0,0.0,0,0.00,0.00,0.00,0.00,0,0,0,0,40,1022,0,0,0,1
Lo-Tutala,GK,Hull City,276,4,16,0,True,2026-08-22T11:30:00Z,2,0,1,0,0,0,0,0,0,0,0,0,0,0,0,0,0.0,0.0,0.0,0.0,0,0.00,0.00,0.00,0.00,0,0,0,0,40,3519,0,0,0,1
Egan,DEF,Hull City,277,4,16,8,True,2026-08-22T11:30:00Z,2,0,1,90,0,0,1,0,0,0,0,0,0,0,0,27,43.4,0.1,2.0,4.6,1,0.00,0.00,0.00,1.83,20,3,1,21,40,134746,0,0,0,1
Hughes,DEF,Hull City,278,4,16,0,True,2026-08-22T11:30:00Z,2,0,1,0,0,0,0,0,0,0,0,0,0,0,0,0,0.0,0.0,0.0,0.0,0,0.00,0.00,0.00,0.00,0,0,0,0,40,12660,0,0,0,1
Ajayi,DEF,Hull City,279,4,16,14,True,2026-08-22T11:30:00Z,2,0,1,63,1,0,1,0,0,0,0,0,0,0,2,39,44.2,0.2,35.0,7.9,1,0.52,0.00,0.52,0.86,7,3,0,7,40,83256,0,0,0,1
Coyle,DEF,Hull City,280,4,16,6,True,2026-08-22T11:30:00Z,2,0,1,69,0,0,1,0,0,0,0,0,0,0,0,23,5.8,11.3,0.0,1.7,1,0.00,0.01,0.01,1.16,1,3,1,2,40,59278,0,0,0,1
Drameh,DEF,Hull City,281,4,16,1,True,2026-08-22T11:30:00Z,2,0,1,20,0,0,0,0,0,0,0,0,0,0,0,4,2.2,0.0,1.0,0.3,0,0.05,0.00,0.05,0.67,2,2,1,3,40,1668,0,0,0,1
Giles,DEF,Hull City,282,4,16,6,True,2026-08-22T11:30:00Z,2,0,1,84,0,0,1,0,0,0,0,0,0,0,0,24,13.8,18.8,4.0,3.7,1,0.02,0.07,0.09,1.76,5,1,1,6,40,67208,0,0,0,1
Jacob,DEF,Hull City,283,4,16,0,True,2026-08-22T11:30:00Z,2,0,1,0,0,0,0,0,0,0,0,0,0,0,0,0,0.0,0.0,0.0,0.0,0,0.00,0.00,0.00,0.00,0,0,0,0,40,1251,0,0,0,1
McCarthy,DEF,Hull City,284,4,16,0,True,2026-08-22T11:30:00Z,2,0,1,0,0,0,0,0,0,0,0,0,0,0,0,0,0.0,0.0,0.0,0.0,0,0.00,0.00,0.00,0.00,0,0,0,0,40,7616,0,0,0,1
McNair,DEF,Hull City,285,4,16,1,True,2026-08-22T11:30:00Z,2,0,1,26,0,0,0,0,0,0,0,0,0,0,0,3,4.2,0.0,0.0,0.4,0,0.00,0.00,0.00,0.96,2,1,0,2,40,8697,0,0,0,1
Belloumi,MID,Hull City,286,4,16,3,True,2026-08-22T11:30:00Z,2,0,1,90,0,0,1,0,0,0,0,0,0,0,0,8,10.6,2.2,7.0,2.0,1,0.05,0.03,0.08,1.83,3,3,4,10,50,40446,0,0,0,1
Millar,MID,Hull City,287,4,16,0,True,2026-08-22T11:30:00Z,2,0,1,19,0,0,0,0,0,0,0,1,0,0,0,2,2.0,0.3,2.0,0.4,0,0.00,0.00,0.00,0.67,1,1,1,3,50,6086,0,0,0,1
Dowell,MID,Hull City,288,4,16,0,True,2026-08-22T11:30:00Z,2,0,1,0,0,0,0,0,0,0,0,0,0,0,0,0,0.0,0.0,0.0,0.0,0,0.00,0.00,0.00,0.00,0,0,0,0,45,35457,0,0,0,1
Crooks,MID,Hull City,289,4,16,2,True,2026-08-22T11:30:00Z,2,0,1,90,0,0,1,0,0,0,0,1,0,0,0,9,19.0,2.4,0.0,2.1,1,0.00,0.00,0.00,1.83,4,1,4,9,45,57929,0,0,0,1
Slater,MID,Hull City,290,4,16,6,True,2026-08-22T11:30:00Z,2,0,1,90,0,1,1,0,0,0,0,0,0,0,0,20,18.4,19.3,0.0,3.8,1,0.00,0.44,0.44,1.83,0,2,1,3,45,272889,0,0,0,1
Matazo,MID,Hull City,291,4,16,0,True,2026-08-22T11:30:00Z,2,0,1,0,0,0,0,0,0,0,0,0,0,0,0,0,0.0,0.0,0.0,0.0,0,0.00,0.00,0.00,0.00,0,0,0,0,45,600,0,0,0,1
Ömür,MID,Hull City,292,4,16,0,True,2026-08-22T11:30:00Z,2,0,1,0,0,0,0,0,0,0,0,0,0,0,0,0,0.0,0.0,0.0,0.0,0,0.00,0.00,0.00,0.00,0,0,0,0,50,1546,0,0,0,1
Kamara,MID,Hull City,293,4,16,0,True,2026-08-22T11:30:00Z,2,0,1,0,0,0,0,0,0,0,0,0,0,0,0,0,0.0,0.0,0.0,0.0,0,0.00,0.00,0.00,0.00,0,0,0,0,50,555,0,0,0,1
Zambrano,MID,Hull City,294,4,16,0,True,2026-08-22T11:30:00Z,2,0,1,0,0,0,0,0,0,0,0,0,0,0,0,0,0.0,0.0,0.0,0.0,0,0.00,0.00,0.00,0.00,0,0,0,0,45,10995,0,0,0,1
McBurnie,FWD,Hull City,295,4,16,5,True,2026-08-22T11:30:00Z,2,0,1,90,0,1,1,0,0,0,0,0,0,0,0,21,17.2,21.1,52.0,9.0,1,0.16,0.01,0.17,1.83,3,2,0,5,55,113765,0,0,0,1
Akintola,MID,Hull City,296,4,16,0,True,2026-08-22T11:30:00Z,2,0,1,0,0,0,0,0,0,0,0,0,0,0,0,0,0.0,0.0,0.0,0.0,0,0.00,0.00,0.00,0.00,0,0,0,0,50,3400,0,0,0,1
Gyabi,MID,Hull City,297,4,16,0,True,2026-08-22T11:30:00Z,2,0,1,0,0,0,0,0,0,0,0,0,0,0,0,0,0.0,0.0,0.0,0.0,0,0.00,0.00,0.00,0.00,0,0,0,0,45,2774,0,0,0,1
Destan,FWD,Hull City,298,4,16,0,True,2026-08-22T11:30:00Z,2,0,1,0,0,0,0,0,0,0,0,0,0,0,0,0,0.0,0.0,0.0,0.0,0,0.00,0.00,0.00,0.00,0,0,0,0,45,40958,0,0,0,1
Burstow,FWD,Hull City,299,4,16,0,True,2026-08-22T11:30:00Z,2,0,1,0,0,0,0,0,0,0,0,0,0,0,0,0,0.0,0.0,0.0,0.0,0,0.00,0.00,0.00,0.00,0,0,0,0,45,6401,0,0,0,1
Darlow,GK,Man Utd,325,4,11,0,False,2026-08-22T11:30:00Z,2,0,1,0,0,0,0,0,0,0,0,0,0,0,0,0,0.0,0.0,0.0,0.0,0,0.00,0.00,0.00,0.00,0,0,0,0,45,3043,0,0,0,1
Gelhardt,MID,Hull City,340,4,16,0,True,2026-08-22T11:30:00Z,2,0,1,0,0,0,0,0,0,0,0,0,0,0,0,0,0.0,0.0,0.0,0.0,0,0.00,0.00,0.00,0.00,0,0,0,0,50,1365,0,0,0,1
Lammens,GK,Man Utd,412,4,11,1,False,2026-08-22T11:30:00Z,2,0,1,90,0,0,0,2,0,0,0,0,0,2,0,7,20.2,0.0,0.0,2.0,1,0.00,0.00,0.00,1.01,2,8,0,0,50,1497029,0,0,0,1
Bayindir,GK,Man Utd,413,4,11,0,False,2026-08-22T11:30:00Z,2,0,1,0,0,0,0,0,0,0,0,0,0,0,0,0,0.0,0.0,0.0,0.0,0,0.00,0.00,0.00,0.00,0,0,0,0,45,2353,0,0,0,1
Heaton,GK,Man Utd,414,4,11,0,False,2026-08-22T11:30:00Z,2,0,1,0,0,0,0,0,0,0,0,0,0,0,0,0,0.0,0.0,0.0,0.0,0,0.00,0.00,0.00,0.00,0,0,0,0,40,9078,0,0,0,1
Dorgu,MID,Man Utd,415,4,11,0,False,2026-08-22T11:30:00Z,2,0,1,45,0,0,0,2,0,0,0,1,0,0,0,-11,0.0,1.2,16.0,0.7,1,0.47,0.03,0.50,0.92,1,0,0,1,60,121744,0,0,0,1
De Ligt,DEF,Man Utd,416,4,11,0,False,2026-08-22T11:30:00Z,2,0,1,0,0,0,0,0,0,0,0,0,0,0,0,0,0.0,0.0,0.0,0.0,0,0.00,0.00,0.00,0.00,0,0,0,0,50,2274,0,0,0,1
Dalot,DEF,Man Utd,417,4,11,1,False,2026-08-22T11:30:00Z,2,0,1,10,0,0,0,0,0,0,0,0,0,0,0,6,7.6,11.3,0.0,1.9,0,0.00,0.00,0.00,0.00,1,1,2,3,50,246316,0,0,0,1
Maguire,DEF,Man Utd,418,4,11,1,False,2026-08-22T11:30:00Z,2,0,1,90,0,0,0,2,0,0,0,0,0,0,0,15,25.4,28.6,19.0,7.3,1,0.04,0.40,0.44,1.01,4,5,0,4,50,1650905,0,0,0,1
Martinez,DEF,Man Utd,419,4,11,0,False,2026-08-22T11:30:00Z,2,0,1,0,0,0,0,0,0,0,0,0,0,0,0,0,0.0,0.0,0.0,0.0,0,0.00,0.00,0.00,0.00,0,0,0,0,50,115360,0,0,0,1
Yoro,DEF,Man Utd,420,4,11,0,False,2026-08-22T11:30:00Z,2,0,1,0,0,0,0,0,0,0,0,0,0,0,0,0,0.0,0.0,0.0,0.0,0,0.00,0.00,0.00,0.00,0,0,0,0,50,62047,0,0,0,1
Heaven,DEF,Man Utd,421,4,11,1,False,2026-08-22T11:30:00Z,2,0,1,90,0,0,0,2,0,0,0,0,0,0,0,5,6.8,2.6,11.0,2.0,1,0.12,0.04,0.16,1.01,1,4,1,2,45,33647,0,0,0,1
Mazraoui,DEF,Man Utd,422,4,11,1,False,2026-08-22T11:30:00Z,2,0,1,79,0,0,0,2,0,0,0,0,0,0,0,8,17.4,29.4,9.0,5.6,1,0.22,0.05,0.27,1.01,4,3,1,5,45,56217,0,0,0,1
Shaw,DEF,Man Utd,423,4,11,1,False,2026-08-22T11:30:00Z,2,0,1,90,0,0,0,2,0,0,0,0,0,0,0,13,25.2,59.2,6.0,9.0,1,0.00,0.26,0.26,1.01,3,3,1,4,45,1947696,0,0,0,1
Amass,DEF,Man Utd,424,4,11,0,False,2026-08-22T11:30:00Z,2,0,1,0,0,0,0,0,0,0,0,0,0,0,0,0,0.0,0.0,0.0,0.0,0,0.00,0.00,0.00,0.00,0,0,0,0,40,18310,0,0,0,1
Fredricson,DEF,Man Utd,425,4,11,0,False,2026-08-22T11:30:00Z,2,0,1,0,0,0,0,0,0,0,0,0,0,0,0,0,0.0,0.0,0.0,0.0,0,0.00,0.00,0.00,0.00,0,0,0,0,40,2582,0,0,0,1
B.Fernandes,MID,Man Utd,426,4,11,2,False,2026-08-22T11:30:00Z,2,0,1,90,0,0,0,2,0,0,0,0,0,0,0,18,20.2,55.4,17.0,9.3,1,0.08,0.26,0.34,1.01,1,5,0,6,120,4653303,0,0,0,1
Mbeumo,MID,Man Utd,427,4,11,2,False,2026-08-22T11:30:00Z,2,0,1,90,0,0,0,2,0,0,0,0,0,0,0,12,9.6,28.1,49.0,8.7,1,0.50,0.23,0.73,1.01,0,4,0,4,80,3492739,0,0,0,1
Cunha,MID,Man Utd,428,4,11,2,False,2026-08-22T11:30:00Z,2,0,1,79,0,0,0,2,0,0,0,0,0,0,0,14,5.4,28.2,35.0,6.9,1,0.24,0.21,0.45,1.01,0,3,0,3,80,901042,0,0,0,1
Rashford,MID,Man Utd,429,4,11,1,False,2026-08-22T11:30:00Z,2,0,1,45,0,0,0,0,0,0,0,0,0,0,0,9,11.6,48.6,4.0,6.4,0,0.00,0.10,0.10,0.09,0,1,0,1,70,134653,0,0,0,1
Mount,MID,Man Utd,430,4,11,0,False,2026-08-22T11:30:00Z,2,0,1,0,0,0,0,0,0,0,0,0,0,0,0,0,0.0,0.0,0.0,0.0,0,0.00,0.00,0.00,0.00,0,0,0,0,55,3202,0,0,0,1
Amad,MID,Man Utd,431,4,11,0,False,2026-08-22T11:30:00Z,2,0,1,0,0,0,0,0,0,0,0,0,0,0,0,0,0.0,0.0,0.0,0.0,0,0.00,0.00,0.00,0.00,0,0,0,0,60,145627,0,0,0,1
Mainoo,MID,Man Utd,432,4,11,1,False,2026-08-22T11:30:00Z,2,0,1,23,0,0,0,0,0,0,0,0,0,0,0,7,2.8,2.5,2.0,0.7,0,0.07,0.01,0.08,0.07,0,1,0,1,55,89014,0,0,0,1
Ugarte,MID,Man Utd,433,4,11,0,False,2026-08-22T11:30:00Z,2,0,1,0,0,0,0,0,0,0,0,0,0,0,0,0,0.0,0.0,0.0,0.0,0,0.00,0.00,0.00,0.00,0,0,0,0,50,333,0,0,0,1
J.Fletcher,MID,Man Utd,434,4,11,0,False,2026-08-22T11:30:00Z,2,0,1,0,0,0,0,0,0,0,0,0,0,0,0,0,0.0,0.0,0.0,0.0,0,0.00,0.00,0.00,0.00,0,0,0,0,50,1008,0,0,0,1
Lacey,MID,Man Utd,435,4,11,1,False,2026-08-22T11:30:00Z,2,0,1,10,0,0,0,0,0,0,0,0,0,0,0,3,0.2,0.6,0.0,0.1,0,0.00,0.00,0.00,0.00,0,1,0,1,50,4147,0,0,0,1
Collyer,MID,Man Utd,436,4,11,0,False,2026-08-22T11:30:00Z,2,0,1,0,0,0,0,0,0,0,0,0,0,0,0,0,0.0,0.0,0.0,0.0,0,0.00,0.00,0.00,0.00,0,0,0,0,50,1568,0,0,0,1
Bendito Mantato,MID,Man Utd,437,4,11,0,False,2026-08-22T11:30:00Z,2,0,1,0,0,0,0,0,0,0,0,0,0,0,0,0,0.0,0.0,0.0,0.0,0,0.00,0.00,0.00,0.00,0,0,0,0,45,16079,0,0,0,1
Fletcher,MID,Man Utd,438,4,11,0,False,2026-08-22T11:30:00Z,2,0,1,0,0,0,0,0,0,0,0,0,0,0,0,0,0.0,0.0,0.0,0.0,0,0.00,0.00,0.00,0.00,0,0,0,0,45,31336,0,0,0,1
Šeško,FWD,Man Utd,439,4,11,1,False,2026-08-22T11:30:00Z,2,0,1,23,0,0,0,0,0,0,0,0,0,0,0,2,0.0,0.5,9.0,0.9,0,0.04,0.00,0.04,0.07,0,0,0,0,70,114788,0,0,0,1
Zirkzee,FWD,Man Utd,440,4,11,0,False,2026-08-22T11:30:00Z,2,0,1,0,0,0,0,0,0,0,0,0,0,0,0,0,0.0,0.0,0.0,0.0,0,0.00,0.00,0.00,0.00,0,0,0,0,55,56060,0,0,0,1
Obi,FWD,Man Utd,441,4,11,0,False,2026-08-22T11:30:00Z,2,0,1,0,0,0,0,0,0,0,0,0,0,0,0,0,0.0,0.0,0.0,0.0,0,0.00,0.00,0.00,0.00,0,0,0,0,45,100521,0,0,0,1
Targett,DEF,Hull City,556,4,16,1,True,2026-08-22T11:30:00Z,2,0,1,5,0,0,0,0,0,0,0,0,0,0,0,3,0.4,0.0,0.0,0.0,0,0.00,0.00,0.00,0.07,0,1,0,0,40,218902,0,0,0,1
Morita,MID,Hull City,563,4,16,0,True,2026-08-22T11:30:00Z,2,0,1,0,0,0,0,0,0,0,0,0,0,0,0,0,0.0,0.0,0.0,0.0,0,0.00,0.00,0.00,0.00,0,0,0,0,50,2175,0,0,0,1
Tzolakis,GK,Hull City,572,4,16,10,True,2026-08-22T11:30:00Z,2,0,1,90,0,0,1,0,0,0,0,0,0,5,3,41,34.6,0.0,0.0,3.5,1,0.00,0.00,0.00,1.83,0,22,0,0,45,48305,0,0,0,1
Hjertø-Dahl,MID,Hull City,574,4,16,0,True,2026-08-22T11:30:00Z,2,0,1,0,0,0,0,0,0,0,0,0,0,0,0,0,0.0,0.0,0.0,0.0,0,0.00,0.00,0.00,0.00,0,0,0,0,50,7500,0,0,0,1
Stroud,MID,Hull City,576,4,16,3,True,2026-08-22T11:30:00Z,2,0,1,70,0,0,1,0,0,0,0,0,0,0,0,11,8.4,4.8,0.0,1.3,1,0.00,0.03,0.03,1.16,1,2,3,6,50,6733,0,0,0,1
Herrington,DEF,Hull City,585,4,16,1,True,2026-08-22T11:30:00Z,2,0,1,26,0,0,0,0,0,0,0,0,0,0,0,4,8.0,0.0,0.0,0.8,0,0.00,0.00,0.00,0.96,4,0,0,4,40,53978,0,0,0,1
Mendy,DEF,Hull City,586,4,16,15,True,2026-08-22T11:30:00Z,2,0,1,63,1,0,1,0,0,0,0,0,0,0,1,35,51.8,0.6,33.0,8.5,1,0.28,0.00,0.28,0.86,13,2,0,13,40,92688,0,0,0,1
Gourna-Douath,MID,Hull City,589,4,16,0,True,2026-08-22T11:30:00Z,2,0,1,0,0,0,0,0,0,0,0,0,0,0,0,0,0.0,0.0,0.0,0.0,0,0.00,0.00,0.00,0.00,0,0,0,0,50,2352,0,0,0,1
Diop,DEF,Ipswich Town,259,5,20,2,True,2026-08-22T14:00:00Z,2,1,1,90,0,0,0,1,0,0,0,0,0,0,0,7,7.2,0.8,2.0,1.0,1,0.00,0.01,0.01,0.66,4,6,1,5,40,1668644,0,0,0,1
Lukić,MID,Ipswich Town,267,5,20,5,True,2026-08-22T14:00:00Z,2,1,1,90,0,1,0,1,0,0,0,0,0,0,0,22,23.4,14.8,2.0,4.0,1,0.00,0.02,0.02,0.66,2,3,1,6,50,10816,0,0,0,1
Walton,GK,Ipswich Town,300,5,20,0,True,2026-08-22T14:00:00Z,2,1,1,0,0,0,0,0,0,0,0,0,0,0,0,0,0.0,0.0,0.0,0.0,0,0.00,0.00,0.00,0.00,0,0,0,0,45,47085,0,0,0,1
Palmer,GK,Ipswich Town,301,5,20,0,True,2026-08-22T14:00:00Z,2,1,1,0,0,0,0,0,0,0,0,0,0,0,0,0,0.0,0.0,0.0,0.0,0,0.00,0.00,0.00,0.00,0,0,0,0,40,426453,0,0,0,1
Button,GK,Ipswich Town,302,5,20,0,True,2026-08-22T14:00:00Z,2,1,1,0,0,0,0,0,0,0,0,0,0,0,0,0,0.0,0.0,0.0,0.0,0,0.00,0.00,0.00,0.00,0,0,0,0,40,40566,0,0,0,1
Kipré,DEF,Ipswich Town,303,5,20,0,True,2026-08-22T14:00:00Z,2,1,1,0,0,0,0,0,0,0,0,0,0,0,0,0,0.0,0.0,0.0,0.0,0,0.00,0.00,0.00,0.00,0,0,0,0,40,57775,0,0,0,1
O'Shea,DEF,Ipswich Town,304,5,20,4,True,2026-08-22T14:00:00Z,2,1,1,90,0,0,0,1,0,0,0,0,0,0,0,16,48.0,24.5,2.0,7.5,1,0.00,0.16,0.16,0.66,16,6,2,18,40,313565,0,0,0,1
Davis,DEF,Ipswich Town,305,5,20,2,True,2026-08-22T14:00:00Z,2,1,1,90,0,0,0,1,0,0,0,0,0,0,0,10,15.2,2.3,0.0,1.8,1,0.00,0.01,0.01,0.66,7,4,0,7,40,479363,0,0,0,1
Greaves,DEF,Ipswich Town,306,5,20,2,True,2026-08-22T14:00:00Z,2,1,1,90,0,0,0,1,0,0,0,0,0,0,0,12,16.4,1.3,0.0,1.8,1,0.00,0.00,0.00,0.66,4,1,3,7,40,134129,0,0,0,1
Johnson,DEF,Ipswich Town,307,5,20,0,True,2026-08-22T14:00:00Z,2,1,1,0,0,0,0,0,0,0,0,0,0,0,0,0,0.0,0.0,0.0,0.0,0,0.00,0.00,0.00,0.00,0,0,0,0,40,10016,0,0,0,1
Furlong,DEF,Ipswich Town,308,5,20,0,True,2026-08-22T14:00:00Z,2,1,1,0,0,0,0,0,0,0,0,0,0,0,0,0,0.0,0.0,0.0,0.0,0,0.00,0.00,0.00,0.00,0,0,0,0,40,56130,0,0,0,1
Núñez,MID,Ipswich Town,309,5,20,4,True,2026-08-22T14:00:00Z,2,1,1,79,0,0,0,1,0,0,0,0,0,0,0,26,13.0,7.3,4.0,2.4,1,0.03,0.03,0.06,0.63,4,6,2,12,50,11544,0,0,0,1
Matusiwa,MID,Ipswich Town,310,5,20,0,True,2026-08-22T14:00:00Z,2,1,1,0,0,0,0,0,0,0,0,0,0,0,0,0,0.0,0.0,0.0,0.0,0,0.00,0.00,0.00,0.00,0,0,0,0,50,430,0,0,0,1
Burns,MID,Ipswich Town,311,5,20,0,True,2026-08-22T14:00:00Z,2,1,1,0,0,0,0,0,0,0,0,0,0,0,0,0,0.0,0.0,0.0,0.0,0,0.00,0.00,0.00,0.00,0,0,0,0,50,562,0,0,0,1
Taylor,MID,Ipswich Town,312,5,20,0,True,2026-08-22T14:00:00Z,2,1,1,0,0,0,0,0,0,0,0,0,0,0,0,0,0.0,0.0,0.0,0.0,0,0.00,0.00,0.00,0.00,0,0,0,0,45,4505,0,0,0,1
Clarke,MID,Ipswich Town,313,5,20,7,True,2026-08-22T14:00:00Z,2,1,1,19,1,0,0,0,0,0,0,0,0,0,1,27,33.6,0.6,18.0,5.2,0,0.10,0.00,0.10,0.03,0,1,1,2,55,24135,0,0,0,1
Ogbene,MID,Ipswich Town,314,5,20,0,True,2026-08-22T14:00:00Z,2,1,1,0,0,0,0,0,0,0,0,0,0,0,0,0,0.0,0.0,0.0,0.0,0,0.00,0.00,0.00,0.00,0,0,0,0,50,1539,0,0,0,1
Fatawu,MID,Ipswich Town,315,5,20,2,True,2026-08-22T14:00:00Z,2,1,1,65,0,0,0,1,0,0,0,0,0,0,0,22,18.6,28.4,8.0,5.5,1,0.00,0.41,0.41,0.63,1,2,4,7,55,21235,0,0,0,1
Emersonn,FWD,Ipswich Town,316,5,20,9,True,2026-08-22T14:00:00Z,2,1,1,65,1,0,0,1,0,0,0,0,0,0,3,41,45.6,26.3,40.0,11.2,1,0.82,0.06,0.88,0.63,1,1,1,3,55,33590,0,0,0,1
Hirst,FWD,Ipswich Town,317,5,20,0,True,2026-08-22T14:00:00Z,2,1,1,0,0,0,0,0,0,0,0,0,0,0,0,0,0.0,0.0,0.0,0.0,0,0.00,0.00,0.00,0.00,0,0,0,0,50,25160,0,0,0,1
Philogene,MID,Ipswich Town,318,5,20,0,True,2026-08-22T14:00:00Z,2,1,1,0,0,0,0,0,0,0,0,0,0,0,0,0,0.0,0.0,0.0,0.0,0,0.00,0.00,0.00,0.00,0,0,0,0,55,14821,0,0,0,1
Szmodics,MID,Ipswich Town,319,5,20,0,True,2026-08-22T14:00:00Z,2,1,1,0,0,0,0,0,0,0,0,0,0,0,0,0,0.0,0.0,0.0,0.0,0,0.00,0.00,0.00,0.00,0,0,0,0,50,1030,0,0,0,1
Akpom,FWD,Ipswich Town,320,5,20,1,True,2026-08-22T14:00:00Z,2,1,1,24,0,0,0,0,0,0,0,0,0,0,0,3,1.4,0.0,2.0,0.3,0,0.00,0.00,0.00,0.03,0,2,1,3,50,47871,0,0,0,1
Walle Egeli,FWD,Ipswich Town,321,5,20,1,True,2026-08-22T14:00:00Z,2,1,1,10,0,0,0,0,0,0,0,0,0,0,0,3,0.0,0.1,0.0,0.0,0,0.00,0.00,0.00,0.03,0,0,0,0,45,199675,0,0,0,1
Al-Hamadi,FWD,Ipswich Town,322,5,20,0,True,2026-08-22T14:00:00Z,2,1,1,0,0,0,0,0,0,0,0,0,0,0,0,0,0.0,0.0,0.0,0.0,0,0.00,0.00,0.00,0.00,0,0,0,0,50,13332,0,0,0,1
McAteer,MID,Ipswich Town,323,5,20,1,True,2026-08-22T14:00:00Z,2,1,1,24,0,0,0,0,0,0,0,0,0,0,0,4,1.2,1.3,0.0,0.3,0,0.00,0.00,0.00,0.03,0,2,1,3,45,130440,0,0,0,1
Mehmeti,MID,Ipswich Town,324,5,20,0,True,2026-08-22T14:00:00Z,2,1,1,0,0,0,0,0,0,0,0,0,0,0,0,0,0.0,0.0,0.0,0.0,0,0.00,0.00,0.00,0.00,0,0,0,0,50,4850,0,0,0,1
Roefs,GK,Sunderland,529,5,12,1,False,2026-08-22T14:00:00Z,2,1,1,90,0,0,0,2,0,0,0,0,0,1,0,7,15.2,0.0,0.0,1.5,1,0.00,0.00,0.00,1.80,1,8,0,0,50,397315,0,0,0,1
Patterson,GK,Sunderland,530,5,12,0,False,2026-08-22T14:00:00Z,2,1,1,0,0,0,0,0,0,0,0,0,0,0,0,0,0.0,0.0,0.0,0.0,0,0.00,0.00,0.00,0.00,0,0,0,0,40,18557,0,0,0,1
Ellborg,GK,Sunderland,531,5,12,0,False,2026-08-22T14:00:00Z,2,1,1,0,0,0,0,0,0,0,0,0,0,0,0,0,0.0,0.0,0.0,0.0,0,0.00,0.00,0.00,0.00,0,0,0,0,45,8630,0,0,0,1
Ballard,DEF,Sunderland,532,5,12,0,False,2026-08-22T14:00:00Z,2,1,1,90,0,0,0,2,0,0,0,1,0,0,0,4,18.2,1.2,0.0,1.9,1,0.00,0.01,0.01,1.80,7,0,2,9,50,518741,0,0,0,1
Mukiele,DEF,Sunderland,533,5,12,0,False,2026-08-22T14:00:00Z,2,1,1,0,0,0,0,0,0,0,0,0,0,0,0,0,0.0,0.0,0.0,0.0,0,0.00,0.00,0.00,0.00,0,0,0,0,55,257772,0,0,0,1
Hume,DEF,Sunderland,534,5,12,2,False,2026-08-22T14:00:00Z,2,1,1,79,0,0,0,1,0,0,0,0,0,0,0,14,9.4,39.4,13.0,6.2,1,0.04,0.27,0.31,1.69,1,6,3,4,45,641436,0,0,0,1
Alderete,DEF,Sunderland,535,5,12,1,False,2026-08-22T14:00:00Z,2,1,1,23,0,0,0,1,0,0,0,0,0,0,0,2,0.0,0.6,0.0,0.0,0,0.00,0.01,0.01,0.10,0,2,0,0,50,41929,0,0,0,1
Reinildo,DEF,Sunderland,536,5,12,1,False,2026-08-22T14:00:00Z,2,1,1,90,0,0,0,2,0,0,0,0,0,0,0,9,23.0,27.5,4.0,5.5,1,0.00,0.29,0.29,1.80,5,5,3,8,45,43515,0,0,0,1
Seelt,DEF,Sunderland,537,5,12,0,False,2026-08-22T14:00:00Z,2,1,1,0,0,0,0,0,0,0,0,0,0,0,0,0,0.0,0.0,0.0,0.0,0,0.00,0.00,0.00,0.00,0,0,0,0,45,941,0,0,0,1
Hjelde,DEF,Sunderland,538,5,12,0,False,2026-08-22T14:00:00Z,2,1,1,0,0,0,0,0,0,0,0,0,0,0,0,0,0.0,0.0,0.0,0.0,0,0.00,0.00,0.00,0.00,0,0,0,0,40,6220,0,0,0,1
O'Nien,DEF,Sunderland,539,5,12,1,False,2026-08-22T14:00:00Z,2,1,1,66,0,0,0,1,0,0,0,1,0,0,0,1,11.4,1.4,4.0,1.7,1,0.01,0.01,0.02,1.69,4,4,1,5,40,332959,0,0,0,1
Masuaku,DEF,Sunderland,540,5,12,0,False,2026-08-22T14:00:00Z,2,1,1,0,0,0,0,0,0,0,0,0,0,0,0,0,0.0,0.0,0.0,0.0,0,0.00,0.00,0.00,0.00,0,0,0,0,40,25578,0,0,0,1
Meunier,DEF,Sunderland,541,5,12,1,False,2026-08-22T14:00:00Z,2,1,1,90,0,0,0,2,0,0,0,0,0,0,0,5,13.8,5.3,11.0,3.0,1,0.08,0.08,0.16,1.80,2,3,2,4,45,26928,0,0,0,1
E.Le Fée,MID,Sunderland,542,5,12,2,False,2026-08-22T14:00:00Z,2,1,1,79,0,0,0,1,0,0,0,0,0,0,0,13,4.6,9.9,0.0,1.5,1,0.00,0.03,0.03,1.69,0,1,1,2,60,942702,0,0,0,1
Diarra,MID,Sunderland,543,5,12,1,False,2026-08-22T14:00:00Z,2,1,1,10,0,0,0,1,0,0,0,0,0,0,0,3,0.4,0.6,2.0,0.3,0,0.03,0.00,0.03,0.10,0,0,0,0,55,6286,0,0,0,1
Xhaka,MID,Sunderland,544,5,12,9,False,2026-08-22T14:00:00Z,2,1,1,90,0,1,0,2,0,0,0,0,0,0,2,31,18.8,31.4,0.0,5.0,1,0.00,0.09,0.09,1.80,2,8,3,13,55,392611,0,0,0,1
Sadiki,MID,Sunderland,545,5,12,2,False,2026-08-22T14:00:00Z,2,1,1,90,0,0,0,2,0,0,0,0,0,0,0,18,14.6,32.1,25.0,7.2,1,0.06,0.03,0.09,1.80,0,2,0,2,50,32634,0,0,0,1
Adingra,MID,Sunderland,546,5,12,0,False,2026-08-22T14:00:00Z,2,1,1,0,0,0,0,0,0,0,0,0,0,0,0,0,0.0,0.0,0.0,0.0,0,0.00,0.00,0.00,0.00,0,0,0,0,50,9551,0,0,0,1
Mundle,MID,Sunderland,547,5,12,0,False,2026-08-22T14:00:00Z,2,1,1,0,0,0,0,0,0,0,0,0,0,0,0,0,0.0,0.0,0.0,0.0,0,0.00,0.00,0.00,0.00,0,0,0,0,50,801,0,0,0,1
Rigg,MID,Sunderland,548,5,12,1,False,2026-08-22T14:00:00Z,2,1,1,10,0,0,0,1,0,0,0,0,0,0,0,3,0.0,0.3,0.0,0.0,0,0.00,0.00,0.00,0.10,0,1,0,1,50,6214,0,0,0,1
Talbi,MID,Sunderland,549,5,12,1,False,2026-08-22T14:00:00Z,2,1,1,31,0,0,0,1,0,0,0,0,0,0,0,1,0.0,0.9,0.0,0.0,0,0.00,0.00,0.00,0.14,0,2,0,2,55,20822,0,0,0,1
Jocelin.T,MID,Sunderland,550,5,12,0,False,2026-08-22T14:00:00Z,2,1,1,0,0,0,0,0,0,0,0,0,0,0,0,0,0.0,0.0,0.0,0.0,0,0.00,0.00,0.00,0.00,0,0,0,0,50,501,0,0,0,1
N.Angulo,MID,Sunderland,551,5,12,5,False,2026-08-22T14:00:00Z,2,1,1,58,1,0,0,1,0,0,0,1,0,0,0,23,32.8,3.3,16.0,5.2,1,0.15,0.01,0.16,1.66,1,5,1,7,50,5260,0,0,0,1
Brobbey,FWD,Sunderland,552,5,12,2,False,2026-08-22T14:00:00Z,2,1,1,66,0,0,0,1,0,0,0,0,0,0,0,1,0.0,1.5,9.0,1.1,1,0.30,0.00,0.30,1.69,0,0,0,0,60,1279847,0,0,0,1
Isidor,FWD,Sunderland,553,5,12,1,False,2026-08-22T14:00:00Z,2,1,1,23,0,0,0,1,0,0,0,0,0,0,0,3,0.0,0.2,0.0,0.0,0,0.00,0.00,0.00,0.10,0,0,0,0,55,90196,0,0,0,1
Van Oevelen,GK,Ipswich Town,554,5,20,0,True,2026-08-22T14:00:00Z,2,1,1,0,0,0,0,0,0,0,0,0,0,0,0,0,0.0,0.0,0.0,0.0,0,0.00,0.00,0.00,0.00,0,0,0,0,45,3509,0,0,0,1
Maeda,MID,Ipswich Town,562,5,20,2,True,2026-08-22T14:00:00Z,2,1,1,79,0,0,0,1,0,0,0,0,0,0,0,7,12.6,1.4,7.0,2.1,1,0.61,0.00,0.61,0.63,3,2,4,9,55,37656,0,0,0,1
Scherpen,GK,Ipswich Town,564,5,20,2,True,2026-08-22T14:00:00Z,2,1,1,90,0,0,0,1,0,0,0,0,0,2,0,12,14.4,0.0,0.0,1.4,1,0.00,0.00,0.00,0.66,1,10,0,0,45,57252,0,0,0,1
Florentino,MID,Ipswich Town,571,5,20,0,True,2026-08-22T14:00:00Z,2,1,1,0,0,0,0,0,0,0,0,0,0,0,0,0,0.0,0.0,0.0,0.0,0,0.00,0.00,0.00,0.00,0,0,0,0,50,12850,0,0,0,1
Enciso,MID,Ipswich Town,591,5,20,5,True,2026-08-22T14:00:00Z,2,1,1,70,0,1,0,1,0,0,0,0,0,0,0,24,21.6,14.0,18.0,5.4,1,0.23,0.31,0.54,0.63,2,5,1,8,55,24595,0,0,0,1
Ouattara,DEF,Ipswich Town,592,5,20,1,True,2026-08-22T14:00:00Z,2,1,1,10,0,0,0,0,0,0,0,0,0,0,0,4,5.2,10.0,0.0,1.5,0,0.00,0.00,0.00,0.03,2,0,0,2,40,86218,0,0,0,1
Humphreys,MID,Ipswich Town,602,5,20,0,True,2026-08-22T14:00:00Z,2,1,1,0,0,0,0,0,0,0,0,0,0,0,0,0,0.0,0.0,0.0,0.0,0,0.00,0.00,0.00,0.00,0,0,0,0,45,0,0,0,0,1
Wilson,MID,Leeds,260,6,18,3,False,2026-08-22T14:00:00Z,0,1,1,65,0,0,1,0,0,0,0,0,0,0,0,8,6.2,15.3,4.0,2.6,1,0.00,0.02,0.02,0.53,0,0,2,2,65,577649,0,0,0,1
Perri,GK,Leeds,326,6,18,0,False,2026-08-22T14:00:00Z,0,1,1,0,0,0,0,0,0,0,0,0,0,0,0,0,0.0,0.0,0.0,0.0,0,0.00,0.00,0.00,0.00,0,0,0,0,45,52897,0,0,0,1
Bijol,DEF,Leeds,327,6,18,10,False,2026-08-22T14:00:00Z,0,1,1,90,0,0,1,0,0,0,0,0,0,0,2,28,23.6,0.4,15.0,3.9,1,0.11,0.00,0.11,0.66,11,5,1,12,50,27043,0,0,0,1
Rodon,DEF,Leeds,329,6,18,6,False,2026-08-22T14:00:00Z,0,1,1,90,0,0,1,0,0,0,0,0,0,0,0,21,14.4,14.4,5.0,3.4,1,0.03,0.06,0.09,0.66,6,1,1,7,45,330772,0,0,0,1
Bogle,DEF,Leeds,330,6,18,6,False,2026-08-22T14:00:00Z,0,1,1,90,0,0,1,0,0,0,0,0,0,0,0,24,7.0,1.1,0.0,0.8,1,0.00,0.00,0.00,0.66,2,3,1,3,45,45674,0,0,0,1
Gudmundsson,DEF,Leeds,331,6,18,0,False,2026-08-22T14:00:00Z,0,1,1,0,0,0,0,0,0,0,0,0,0,0,0,0,0.0,0.0,0.0,0.0,0,0.00,0.00,0.00,0.00,0,0,0,0,45,5099,0,0,0,1
Justin,DEF,Leeds,332,6,18,10,False,2026-08-22T14:00:00Z,0,1,1,90,0,0,1,0,0,0,0,0,0,0,2,28,24.6,2.3,2.0,2.9,1,0.00,0.01,0.01,0.66,6,4,6,12,45,52732,0,0,0,1
Bornauw,DEF,Leeds,333,6,18,0,False,2026-08-22T14:00:00Z,0,1,1,0,0,0,0,0,0,0,0,0,0,0,0,0,0.0,0.0,0.0,0.0,0,0.00,0.00,0.00,0.00,0,0,0,0,45,512,0,0,0,1
Muharemović,DEF,Leeds,334,6,18,6,False,2026-08-22T14:00:00Z,0,1,1,90,0,0,1,0,0,0,0,0,0,0,0,25,15.6,0.6,17.0,3.3,1,0.09,0.00,0.09,0.66,7,1,0,7,50,306283,0,0,0,1
Stach,MID,Leeds,335,6,18,13,False,2026-08-22T14:00:00Z,0,1,1,90,1,0,1,0,0,0,0,0,0,0,3,37,47.8,2.3,16.0,6.6,1,0.10,0.05,0.15,0.66,8,5,3,16,60,80326,0,0,0,1
Okafor,MID,Leeds,336,6,18,1,False,2026-08-22T14:00:00Z,0,1,1,24,0,0,0,0,0,0,0,0,0,0,0,10,10.0,14.0,4.0,2.8,0,0.00,0.16,0.16,0.13,1,2,2,5,60,45369,0,0,0,1
Aaronson,MID,Leeds,337,6,18,3,False,2026-08-22T14:00:00Z,0,1,1,81,0,0,1,0,0,0,0,0,0,0,0,16,8.0,1.1,7.0,1.6,1,0.01,0.01,0.02,0.58,0,6,1,7,55,87156,0,0,0,1
Ampadu,MID,Leeds,338,6,18,5,False,2026-08-22T14:00:00Z,0,1,1,90,0,0,1,0,0,0,0,0,0,0,0,18,18.6,23.3,0.0,4.2,1,0.00,0.04,0.04,0.66,6,5,2,13,55,132659,0,0,0,1
Longstaff,MID,Leeds,339,6,18,1,False,2026-08-22T14:00:00Z,0,1,1,8,0,0,0,0,0,0,0,0,0,0,0,3,0.0,0.2,0.0,0.0,0,0.00,0.00,0.00,0.07,0,0,0,0,50,12582,0,0,0,1
Gnonto,MID,Leeds,341,6,18,0,False,2026-08-22T14:00:00Z,0,1,1,0,0,0,0,0,0,0,0,0,0,0,0,0,0.0,0.0,0.0,0.0,0,0.00,0.00,0.00,0.00,0,0,0,0,50,2172,0,0,0,1
Harrison,MID,Leeds,342,6,18,0,False,2026-08-22T14:00:00Z,0,1,1,0,0,0,0,0,0,0,0,0,0,0,0,0,0.0,0.0,0.0,0.0,0,0.00,0.00,0.00,0.00,0,0,0,0,50,135,0,0,0,1
James,MID,Leeds,343,6,18,0,False,2026-08-22T14:00:00Z,0,1,1,0,0,0,0,0,0,0,0,0,0,0,0,0,0.0,0.0,0.0,0.0,0,0.00,0.00,0.00,0.00,0,0,0,0,50,11272,0,0,0,1
Gruev,MID,Leeds,344,6,18,0,False,2026-08-22T14:00:00Z,0,1,1,0,0,0,0,0,0,0,0,0,0,0,0,0,0.0,0.0,0.0,0.0,0,0.00,0.00,0.00,0.00,0,0,0,0,50,461,0,0,0,1
Tanaka,MID,Leeds,345,6,18,0,False,2026-08-22T14:00:00Z,0,1,1,0,0,0,0,0,0,0,0,0,0,0,0,0,0.0,0.0,0.0,0.0,0,0.00,0.00,0.00,0.00,0,0,0,0,50,23052,0,0,0,1
Calvert-Lewin,FWD,Leeds,346,6,18,1,False,2026-08-22T14:00:00Z,0,1,1,90,0,0,1,0,0,0,0,1,0,0,0,-2,0.0,0.8,11.0,0.7,1,0.13,0.00,0.13,0.66,0,2,0,2,60,2823371,0,0,0,1
Nmecha,FWD,Leeds,347,6,18,0,False,2026-08-22T14:00:00Z,0,1,1,0,0,0,0,0,0,0,0,0,0,0,0,0,0.0,0.0,0.0,0.0,0,0.00,0.00,0.00,0.00,0,0,0,0,55,53564,0,0,0,1
Piroe,FWD,Leeds,348,6,18,0,False,2026-08-22T14:00:00Z,0,1,1,0,0,0,0,0,0,0,0,0,0,0,0,0,0.0,0.0,0.0,0.0,0,0.00,0.00,0.00,0.00,0,0,0,0,50,17239,0,0,0,1
Mateo Joseph,FWD,Leeds,349,6,18,0,False,2026-08-22T14:00:00Z,0,1,1,0,0,0,0,0,0,0,0,0,0,0,0,0,0.0,0.0,0.0,0.0,0,0.00,0.00,0.00,0.00,0,0,0,0,45,5936,0,0,0,1
Trafford,GK,Leeds,385,6,18,9,False,2026-08-22T14:00:00Z,0,1,1,90,0,0,1,0,0,0,0,0,0,3,2,28,19.4,0.0,0.0,1.9,1,0.00,0.00,0.00,0.66,0,9,0,0,50,265439,0,0,0,1
Sels,GK,Nott'm Forest,467,6,13,2,True,2026-08-22T14:00:00Z,0,1,1,90,0,0,0,1,0,0,0,0,0,2,0,11,14.2,0.0,0.0,1.4,1,0.00,0.00,0.00,0.47,0,9,0,0,50,140711,0,0,0,1
John,GK,Nott'm Forest,468,6,13,0,True,2026-08-22T14:00:00Z,0,1,1,0,0,0,0,0,0,0,0,0,0,0,0,0,0.0,0.0,0.0,0.0,0,0.00,0.00,0.00,0.00,0,0,0,0,45,5970,0,0,0,1
N.Williams,DEF,Nott'm Forest,469,6,13,2,True,2026-08-22T14:00:00Z,0,1,1,90,0,0,0,1,0,0,0,0,0,0,0,13,15.2,5.8,6.0,2.7,1,0.00,0.02,0.02,0.47,3,10,3,6,50,924685,0,0,0,1
Morato,DEF,Nott'm Forest,470,6,13,0,True,2026-08-22T14:00:00Z,0,1,1,0,0,0,0,0,0,0,0,0,0,0,0,0,0.0,0.0,0.0,0.0,0,0.00,0.00,0.00,0.00,0,0,0,0,50,4345,0,0,0,1
Milenković,DEF,Nott'm Forest,471,6,13,2,True,2026-08-22T14:00:00Z,0,1,1,90,0,0,0,1,0,0,0,0,0,0,0,4,7.6,0.6,14.0,2.2,1,0.11,0.02,0.13,0.47,7,6,0,7,55,173511,0,0,0,1
Murillo,DEF,Nott'm Forest,472,6,13,4,True,2026-08-22T14:00:00Z,0,1,1,90,0,0,0,1,0,0,0,0,0,0,0,15,32.2,25.9,0.0,5.8,1,0.00,0.28,0.28,0.47,12,3,2,14,55,134909,0,0,0,1
Aina,DEF,Nott'm Forest,473,6,13,5,True,2026-08-22T14:00:00Z,0,1,1,73,0,0,1,0,0,0,0,1,0,0,0,24,16.0,35.6,11.0,6.3,1,0.04,0.17,0.21,0.34,2,4,0,2,45,328883,0,0,0,1
Jair Cunha,DEF,Nott'm Forest,474,6,13,1,True,2026-08-22T14:00:00Z,0,1,1,90,0,0,0,1,0,0,0,1,0,0,0,5,20.8,1.3,0.0,2.2,1,0.00,0.00,0.00,0.47,7,0,1,8,45,19663,0,0,0,1
Savona,DEF,Nott'm Forest,475,6,13,0,True,2026-08-22T14:00:00Z,0,1,1,0,0,0,0,0,0,0,0,0,0,0,0,0,0.0,0.0,0.0,0.0,0,0.00,0.00,0.00,0.00,0,0,0,0,45,209,0,0,0,1
O.Richards,DEF,Nott'm Forest,476,6,13,0,True,2026-08-22T14:00:00Z,0,1,1,0,0,0,0,0,0,0,0,0,0,0,0,0,0.0,0.0,0.0,0.0,0,0.00,0.00,0.00,0.00,0,0,0,0,40,23191,0,0,0,1
Abbott,DEF,Nott'm Forest,477,6,13,0,True,2026-08-22T14:00:00Z,0,1,1,0,0,0,0,0,0,0,0,0,0,0,0,0,0.0,0.0,0.0,0.0,0,0.00,0.00,0.00,0.00,0,0,0,0,40,23851,0,0,0,1
Netz,DEF,Nott'm Forest,478,6,13,1,True,2026-08-22T14:00:00Z,0,1,1,16,0,0,0,1,0,0,0,0,0,0,0,-2,0.0,0.9,0.0,0.1,0,0.00,0.00,0.00,0.13,0,1,0,0,45,2322,0,0,0,1
Bindon,DEF,Nott'm Forest,479,6,13,0,True,2026-08-22T14:00:00Z,0,1,1,0,0,0,0,0,0,0,0,0,0,0,0,0,0.0,0.0,0.0,0.0,0,0.00,0.00,0.00,0.00,0,0,0,0,40,18342,0,0,0,1
Gibbs-White,MID,Nott'm Forest,480,6,13,2,True,2026-08-22T14:00:00Z,0,1,1,90,0,0,0,1,0,0,0,0,0,0,0,10,0.0,9.3,16.0,2.4,1,0.13,0.06,0.19,0.47,1,2,0,3,80,1039647,0,0,0,1
Hudson-Odoi,MID,Nott'm Forest,482,6,13,0,True,2026-08-22T14:00:00Z,0,1,1,0,0,0,0,0,0,0,0,0,0,0,0,0,0.0,0.0,0.0,0.0,0,0.00,0.00,0.00,0.00,0,0,0,0,60,23579,0,0,0,1
Ndoye,MID,Nott'm Forest,483,6,13,3,True,2026-08-22T14:00:00Z,0,1,1,61,0,0,1,0,0,0,0,0,0,0,0,5,1.4,2.5,0.0,0.4,1,0.00,0.00,0.00,0.25,1,1,1,3,55,39539,0,0,0,1
Hutchinson,MID,Nott'm Forest,484,6,13,0,True,2026-08-22T14:00:00Z,0,1,1,0,0,0,0,0,0,0,0,0,0,0,0,0,0.0,0.0,0.0,0.0,0,0.00,0.00,0.00,0.00,0,0,0,0,55,15797,0,0,0,1
Bakwa,MID,Nott'm Forest,485,6,13,0,True,2026-08-22T14:00:00Z,0,1,1,0,0,0,0,0,0,0,0,0,0,0,0,0,0.0,0.0,0.0,0.0,0,0.00,0.00,0.00,0.00,0,0,0,0,55,1373,0,0,0,1
McAtee,MID,Nott'm Forest,486,6,13,3,True,2026-08-22T14:00:00Z,0,1,1,73,0,0,1,0,0,0,0,0,0,0,0,18,11.6,42.5,0.0,5.4,1,0.00,0.16,0.16,0.34,2,5,1,8,55,3147,0,0,0,1
Dominguez,MID,Nott'm Forest,487,6,13,0,True,2026-08-22T14:00:00Z,0,1,1,0,0,0,0,0,0,0,0,0,0,0,0,0,0.0,0.0,0.0,0.0,0,0.00,0.00,0.00,0.00,0,0,0,0,50,7576,0,0,0,1
I.Sangaré,MID,Nott'm Forest,488,6,13,2,True,2026-08-22T14:00:00Z,0,1,1,90,0,0,0,1,0,0,0,0,0,0,0,10,17.8,13.0,3.0,3.4,1,0.03,0.01,0.04,0.47,3,3,0,6,50,100536,0,0,0,1
Yates,MID,Nott'm Forest,489,6,13,0,True,2026-08-22T14:00:00Z,0,1,1,0,0,0,0,0,0,0,0,0,0,0,0,0,0.0,0.0,0.0,0.0,0,0.00,0.00,0.00,0.00,0,0,0,0,45,177323,0,0,0,1
Wood,FWD,Nott'm Forest,490,6,13,1,True,2026-08-22T14:00:00Z,0,1,1,28,0,0,0,1,0,0,0,0,0,0,0,3,0.0,2.4,3.0,0.4,0,0.12,0.01,0.13,0.22,0,1,0,1,60,159951,0,0,0,1
Igor Jesus,FWD,Nott'm Forest,491,6,13,2,True,2026-08-22T14:00:00Z,0,1,1,90,0,0,0,1,0,0,0,0,0,0,0,8,5.2,6.8,31.0,4.3,1,0.22,0.02,0.24,0.47,2,1,0,3,60,389784,0,0,0,1
Kalimuendo,FWD,Nott'm Forest,493,6,13,1,True,2026-08-22T14:00:00Z,0,1,1,1,0,0,0,0,0,0,0,0,0,0,0,3,0.0,0.0,0.0,0.0,0,0.00,0.00,0.00,0.00,0,0,0,0,55,4138,0,0,0,1
Schlager,MID,Nott'm Forest,558,6,13,1,True,2026-08-22T14:00:00Z,0,1,1,16,0,0,0,1,0,0,0,0,0,0,0,3,0.6,1.0,2.0,0.4,0,0.00,0.00,0.00,0.13,0,1,0,1,50,10065,0,0,0,1
Diomande,DEF,Nott'm Forest,581,6,13,0,True,2026-08-22T14:00:00Z,0,1,1,0,0,0,0,0,0,0,0,0,0,0,0,0,0.0,0.0,0.0,0.0,0,0.00,0.00,0.00,0.00,0,0,0,0,55,67092,0,0,0,1
Benda,GK,Nott'm Forest,590,6,13,0,True,2026-08-22T14:00:00Z,0,1,1,0,0,0,0,0,0,0,0,0,0,0,0,0,0.0,0.0,0.0,0.0,0,0.00,0.00,0.00,0.00,0,0,0,0,45,5245,0,0,0,1
Elvedi,DEF,Leeds,598,6,18,0,False,2026-08-22T14:00:00Z,0,1,1,0,0,0,0,0,0,0,0,0,0,0,0,0,0.0,0.0,0.0,0.0,0,0.00,0.00,0.00,0.00,0,0,0,0,45,1842,0,0,0,1
Lienou,DEF,Leeds,603,6,18,0,False,2026-08-22T14:00:00Z,0,1,1,0,0,0,0,0,0,0,0,0,0,0,0,0,0.0,0.0,0.0,0.0,0,0.00,0.00,0.00,0.00,0,0,0,0,40,0,0,0,0,1
Cresswell,MID,Leeds,604,6,18,0,False,2026-08-22T14:00:00Z,0,1,1,0,0,0,0,0,0,0,0,0,0,0,0,0,0.0,0.0,0.0,0.0,0,0.00,0.00,0.00,0.00,0,0,0,0,45,0,0,0,0,1
Martinez,GK,Chelsea,28,7,5,0,False,2026-08-23T13:00:00Z,4,0,1,0,0,0,0,0,0,0,0,0,0,0,0,0,0.0,0.0,0.0,0.0,0,0.00,0.00,0.00,0.00,0,0,0,0,50,388040,0,0,0,1
M.Bizot,GK,Aston Villa,29,7,5,1,False,2026-08-23T13:00:00Z,4,0,1,90,0,0,0,4,0,0,0,0,0,3,0,1,28.2,0.0,0.0,2.8,1,0.00,0.00,0.00,3.77,2,6,0,0,45,10183,0,0,0,1
Digne,DEF,Aston Villa,30,7,5,0,False,2026-08-23T13:00:00Z,4,0,1,0,0,0,0,0,0,0,0,0,0,0,0,0,0.0,0.0,0.0,0.0,0,0.00,0.00,0.00,0.00,0,0,0,0,45,13780,0,0,0,1
Cash,DEF,Aston Villa,32,7,5,-1,False,2026-08-23T13:00:00Z,4,0,1,90,0,0,0,4,0,0,0,1,0,0,0,-8,12.0,1.1,0.0,1.3,1,0.00,0.00,0.00,3.77,5,0,2,7,45,789072,0,0,0,1
Mings,DEF,Aston Villa,33,7,5,1,False,2026-08-23T13:00:00Z,4,0,1,16,0,0,0,0,0,0,0,0,0,0,0,5,2.0,0.0,0.0,0.2,0,0.00,0.00,0.00,0.22,0,0,1,1,45,29034,0,0,0,1
Pau,DEF,Aston Villa,34,7,5,0,False,2026-08-23T13:00:00Z,4,0,1,73,0,0,0,4,0,0,0,0,0,0,0,-14,0.0,0.7,0.0,0.0,1,0.00,0.00,0.00,3.55,5,1,0,5,45,38472,0,0,0,1
Bogarde,MID,Aston Villa,35,7,5,1,False,2026-08-23T13:00:00Z,4,0,1,16,0,0,0,0,0,0,0,0,0,0,0,3,2.2,0.5,0.0,0.3,0,0.00,0.00,0.00,0.22,1,0,0,1,50,5822,0,0,0,1
Maatsen,DEF,Aston Villa,36,7,5,0,False,2026-08-23T13:00:00Z,4,0,1,81,0,0,0,4,0,0,0,0,0,0,0,-9,9.2,0.8,3.0,1.3,1,0.03,0.00,0.03,3.62,7,2,2,9,45,71952,0,0,0,1
Lindelöf,DEF,Aston Villa,37,7,5,-2,False,2026-08-23T13:00:00Z,4,0,1,90,0,0,0,4,1,0,0,0,0,0,0,-13,1.8,0.1,0.0,0.2,1,0.00,0.00,0.00,3.77,3,1,0,3,45,24630,0,0,0,1
A.García,DEF,Aston Villa,38,7,5,0,False,2026-08-23T13:00:00Z,4,0,1,0,0,0,0,0,0,0,0,0,0,0,0,0,0.0,0.0,0.0,0.0,0,0.00,0.00,0.00,0.00,0,0,0,0,40,157304,0,0,0,1
Nedeljkovic,DEF,Aston Villa,39,7,5,0,False,2026-08-23T13:00:00Z,4,0,1,0,0,0,0,0,0,0,0,0,0,0,0,0,0.0,0.0,0.0,0.0,0,0.00,0.00,0.00,0.00,0,0,0,0,40,29043,0,0,0,1
Buendía,MID,Aston Villa,41,7,5,2,False,2026-08-23T13:00:00Z,4,0,1,85,0,0,0,4,0,0,0,0,0,0,0,4,0.0,16.3,8.0,2.2,1,0.13,0.09,0.22,3.62,3,3,1,7,60,120830,0,0,0,1
Bailey,MID,Aston Villa,44,7,5,0,False,2026-08-23T13:00:00Z,4,0,1,0,0,0,0,0,0,0,0,0,0,0,0,0,0.0,0.0,0.0,0.0,0,0.00,0.00,0.00,0.00,0,0,0,0,55,12940,0,0,0,1
McGinn,MID,Aston Villa,45,7,5,1,False,2026-08-23T13:00:00Z,4,0,1,81,0,0,0,4,0,0,0,1,0,0,0,8,1.6,2.4,1.0,0.5,1,0.04,0.01,0.05,3.62,2,3,1,6,55,290994,0,0,0,1
Barkley,MID,Aston Villa,46,7,5,2,False,2026-08-23T13:00:00Z,4,0,1,73,0,0,0,4,0,0,0,0,0,0,0,11,9.4,21.4,7.0,3.8,1,0.10,0.02,0.12,3.55,1,0,0,1,50,20508,0,0,0,1
Kamara,MID,Aston Villa,47,7,5,2,False,2026-08-23T13:00:00Z,4,0,1,90,0,0,0,4,0,0,0,0,0,0,0,9,11.2,2.8,0.0,1.4,1,0.00,0.00,0.00,3.77,3,2,2,7,50,31172,0,0,0,1
Onana,MID,Aston Villa,48,7,5,0,False,2026-08-23T13:00:00Z,4,0,1,0,0,0,0,0,0,0,0,0,0,0,0,0,0.0,0.0,0.0,0.0,0,0.00,0.00,0.00,0.00,0,0,0,0,50,2081,0,0,0,1
Iling Jr,MID,Aston Villa,49,7,5,0,False,2026-08-23T13:00:00Z,4,0,1,0,0,0,0,0,0,0,0,0,0,0,0,0,0.0,0.0,0.0,0.0,0,0.00,0.00,0.00,0.00,0,0,0,0,50,394,0,0,0,1
Burrowes,MID,Aston Villa,50,7,5,0,False,2026-08-23T13:00:00Z,4,0,1,0,0,0,0,0,0,0,0,0,0,0,0,0,0.0,0.0,0.0,0.0,0,0.00,0.00,0.00,0.00,0,0,0,0,45,60228,0,0,0,1
George Hemmings,MID,Aston Villa,51,7,5,2,False,2026-08-23T13:00:00Z,4,0,1,90,0,0,0,4,0,0,0,0,0,0,0,12,10.6,11.6,2.0,2.4,1,0.00,0.00,0.00,3.77,0,2,3,5,45,60759,0,0,0,1
Alysson,MID,Aston Villa,52,7,5,1,False,2026-08-23T13:00:00Z,4,0,1,8,0,0,0,0,0,0,0,0,0,0,0,5,4.0,0.0,0.0,0.4,0,0.00,0.00,0.00,0.14,1,1,1,3,50,3792,0,0,0,1
Manzambi,MID,Aston Villa,53,7,5,0,False,2026-08-23T13:00:00Z,4,0,1,0,0,0,0,0,0,0,0,0,0,0,0,0,0.0,0.0,0.0,0.0,0,0.00,0.00,0.00,0.00,0,0,0,0,60,26624,0,0,0,1
Gomes,MID,Aston Villa,54,7,5,-2,False,2026-08-23T13:00:00Z,4,0,1,39,0,0,0,4,0,0,0,0,1,0,0,-2,1.0,11.0,0.0,1.2,1,0.00,0.01,0.01,2.58,1,2,4,7,55,6573,0,0,0,1
Watkins,FWD,Aston Villa,55,7,5,0,False,2026-08-23T13:00:00Z,4,0,1,0,0,0,0,0,0,0,0,0,0,0,0,0,0.0,0.0,0.0,0.0,0,0.00,0.00,0.00,0.00,0,0,0,0,80,898121,0,0,0,1
Abraham,FWD,Aston Villa,56,7,5,0,False,2026-08-23T13:00:00Z,4,0,1,0,0,0,0,0,0,0,0,0,0,0,0,0,0.0,0.0,0.0,0.0,0,0.00,0.00,0.00,0.00,0,0,0,0,55,11764,0,0,0,1
Verbruggen,GK,Brighton,109,7,2,6,True,2026-08-23T13:00:00Z,4,0,1,90,0,0,1,0,0,0,0,0,0,0,0,25,6.6,0.0,0.0,0.7,1,0.00,0.00,0.00,0.29,0,4,0,0,45,1987586,0,0,0,1
Steele,GK,Brighton,111,7,2,0,True,2026-08-23T13:00:00Z,4,0,1,0,0,0,0,0,0,0,0,0,0,0,0,0,0.0,0.0,0.0,0.0,0,0.00,0.00,0.00,0.00,0,0,0,0,40,369830,0,0,0,1
F.Kadıoğlu,DEF,Brighton,113,7,2,0,True,2026-08-23T13:00:00Z,4,0,1,0,0,0,0,0,0,0,0,0,0,0,0,0,0.0,0.0,0.0,0.0,0,0.00,0.00,0.00,0.00,0,0,0,0,45,265528,0,0,0,1
Boscagli,DEF,Brighton,114,7,2,6,True,2026-08-23T13:00:00Z,4,0,1,90,0,0,1,0,0,0,0,0,0,0,0,29,15.2,7.3,6.0,2.9,1,0.00,0.04,0.04,0.29,5,4,1,6,45,19109,0,0,0,1
De Cuyper,DEF,Brighton,115,7,2,17,True,2026-08-23T13:00:00Z,4,0,1,77,1,1,1,0,0,0,0,0,0,0,2,46,40.6,45.3,43.0,12.9,1,1.47,0.21,1.68,0.29,1,3,3,4,45,151636,0,0,0,1
Dunk,DEF,Brighton,116,7,2,6,True,2026-08-23T13:00:00Z,4,0,1,90,0,0,1,0,0,0,0,0,0,0,0,24,13.4,6.4,0.0,2.0,1,0.00,0.04,0.04,0.29,1,2,1,2,45,88762,0,0,0,1
Coppola,DEF,Brighton,117,7,2,0,True,2026-08-23T13:00:00Z,4,0,1,0,0,0,0,0,0,0,0,0,0,0,0,0,0.0,0.0,0.0,0.0,0,0.00,0.00,0.00,0.00,0,0,0,0,45,1583,0,0,0,1
Igor,DEF,Brighton,118,7,2,0,True,2026-08-23T13:00:00Z,4,0,1,0,0,0,0,0,0,0,0,0,0,0,0,0,0.0,0.0,0.0,0.0,0,0.00,0.00,0.00,0.00,0,0,0,0,45,7195,0,0,0,1
Costinha,DEF,Brighton,119,7,2,1,True,2026-08-23T13:00:00Z,4,0,1,26,0,0,0,0,0,0,0,0,0,0,0,7,8.2,1.9,18.0,2.8,0,0.12,0.00,0.12,0.10,3,0,1,4,45,2148,0,0,0,1
Svoboda,DEF,Brighton,120,7,2,0,True,2026-08-23T13:00:00Z,4,0,1,0,0,0,0,0,0,0,0,0,0,0,0,0,0.0,0.0,0.0,0.0,0,0.00,0.00,0.00,0.00,0,0,0,0,50,3997,0,0,0,1
Mitoma,MID,Brighton,121,7,2,0,True,2026-08-23T13:00:00Z,4,0,1,0,0,0,0,0,0,0,0,0,0,0,0,0,0.0,0.0,0.0,0.0,0,0.00,0.00,0.00,0.00,0,0,0,0,60,4360,0,0,0,1
Minteh,MID,Brighton,122,7,2,0,True,2026-08-23T13:00:00Z,4,0,1,0,0,0,0,0,0,0,0,0,0,0,0,0,0.0,0.0,0.0,0.0,0,0.00,0.00,0.00,0.00,0,0,0,0,60,9337,0,0,0,1
Hinshelwood,MID,Brighton,123,7,2,16,True,2026-08-23T13:00:00Z,4,0,1,63,2,0,1,0,0,0,0,0,0,0,3,54,72.8,13.4,59.0,14.5,1,1.41,0.02,1.43,0.19,0,1,2,3,60,39219,0,0,0,1
Groß,MID,Brighton,124,7,2,2,True,2026-08-23T13:00:00Z,4,0,1,90,0,0,1,0,0,0,0,1,0,0,0,18,21.0,56.9,8.0,8.6,1,0.00,0.27,0.27,0.29,0,2,3,5,55,1308033,0,0,0,1
Georginio,FWD,Brighton,125,7,2,5,True,2026-08-23T13:00:00Z,4,0,1,90,0,1,1,0,0,0,0,0,0,0,0,22,19.8,11.4,15.0,4.6,1,0.08,0.44,0.52,0.29,1,4,2,7,55,78765,0,0,0,1
O'Riley,MID,Brighton,126,7,2,0,True,2026-08-23T13:00:00Z,4,0,1,0,0,0,0,0,0,0,0,0,0,0,0,0,0.0,0.0,0.0,0.0,0,0.00,0.00,0.00,0.00,0,0,0,0,55,8249,0,0,0,1
Gomez,MID,Brighton,127,7,2,6,True,2026-08-23T13:00:00Z,4,0,1,85,0,1,1,0,0,0,0,0,0,0,0,27,33.0,25.1,41.0,9.9,1,0.18,0.48,0.66,0.29,2,1,3,6,50,355972,0,0,0,1
Buonanotte,MID,Brighton,128,7,2,0,True,2026-08-23T13:00:00Z,4,0,1,0,0,0,0,0,0,0,0,0,0,0,0,0,0.0,0.0,0.0,0.0,0,0.00,0.00,0.00,0.00,0,0,0,0,50,528,0,0,0,1
Ayari,MID,Brighton,129,7,2,2,True,2026-08-23T13:00:00Z,4,0,1,63,0,0,1,0,0,0,0,1,0,0,0,8,0.0,15.0,6.0,1.7,1,0.11,0.03,0.14,0.19,1,3,0,4,55,61091,0,0,0,1
Wieffer,DEF,Brighton,130,7,2,7,True,2026-08-23T13:00:00Z,4,0,1,77,0,0,1,0,0,0,0,0,0,0,1,32,16.6,26.3,6.0,4.9,1,0.09,0.05,0.14,0.29,4,5,4,8,50,22925,0,0,0,1
Baleba,MID,Man Utd,131,7,2,0,True,2026-08-23T13:00:00Z,4,0,1,0,0,0,0,0,0,0,0,0,0,0,0,0,0.0,0.0,0.0,0.0,0,0.00,0.00,0.00,0.00,0,0,0,0,50,17798,0,0,0,1
Howell,MID,Brighton,132,7,2,0,True,2026-08-23T13:00:00Z,4,0,1,0,0,0,0,0,0,0,0,0,0,0,0,0,0.0,0.0,0.0,0.0,0,0.00,0.00,0.00,0.00,0,0,0,0,45,6770,0,0,0,1
Watson,MID,Brighton,133,7,2,0,True,2026-08-23T13:00:00Z,4,0,1,0,0,0,0,0,0,0,0,0,0,0,0,0,0.0,0.0,0.0,0.0,0,0.00,0.00,0.00,0.00,0,0,0,0,50,241,0,0,0,1
Oriola,MID,Brighton,134,7,2,0,True,2026-08-23T13:00:00Z,4,0,1,0,0,0,0,0,0,0,0,0,0,0,0,0,0.0,0.0,0.0,0.0,0,0.00,0.00,0.00,0.00,0,0,0,0,45,24725,0,0,0,1
Yohanna,MID,Brighton,135,7,2,1,True,2026-08-23T13:00:00Z,4,0,1,12,0,0,0,0,0,0,0,0,0,0,0,3,0.2,1.3,0.0,0.2,0,0.00,0.03,0.03,0.00,0,0,0,0,50,6623,0,0,0,1
Tzimas,FWD,Brighton,137,7,2,0,True,2026-08-23T13:00:00Z,4,0,1,0,0,0,0,0,0,0,0,0,0,0,0,0,0.0,0.0,0.0,0.0,0,0.00,0.00,0.00,0.00,0,0,0,0,55,879,0,0,0,1
Kostoulas,FWD,Brighton,138,7,2,1,True,2026-08-23T13:00:00Z,4,0,1,26,0,0,0,0,0,0,0,0,0,0,0,-1,0.0,0.4,10.0,0.9,0,0.18,0.00,0.18,0.10,0,1,1,2,55,19339,0,0,0,1
Ferguson,FWD,Brighton,139,7,2,0,True,2026-08-23T13:00:00Z,4,0,1,0,0,0,0,0,0,0,0,0,0,0,0,0,0.0,0.0,0.0,0.0,0,0.00,0.00,0.00,0.00,0,0,0,0,50,2877,0,0,0,1
Garnacho,MID,Aston Villa,160,7,5,1,False,2026-08-23T13:00:00Z,4,0,1,4,0,0,0,0,0,0,0,0,0,0,0,2,0.0,0.0,0.0,0.0,0,0.00,0.00,0.00,0.14,0,0,0,0,60,54802,0,0,0,1
Struijk,DEF,Brighton,328,7,2,0,True,2026-08-23T13:00:00Z,4,0,1,0,0,0,0,0,0,0,0,0,0,0,0,0,0.0,0.0,0.0,0.0,0,0.00,0.00,0.00,0.00,0,0,0,0,50,19933,0,0,0,1
Vuskovic,DEF,Brighton,504,7,2,6,True,2026-08-23T13:00:00Z,4,0,1,90,0,0,1,0,0,0,0,0,0,0,0,19,12.4,4.5,12.0,2.9,1,0.13,0.03,0.16,0.29,4,2,0,4,50,221596,0,0,0,1
Madjo,FWD,Aston Villa,582,7,5,0,False,2026-08-23T13:00:00Z,4,0,1,0,0,0,0,0,0,0,0,0,0,0,0,0,0.0,0.0,0.0,0.0,0,0.00,0.00,0.00,0.00,0,0,0,0,55,46241,0,0,0,1
David,FWD,Brighton,594,7,2,0,True,2026-08-23T13:00:00Z,4,0,1,0,0,0,0,0,0,0,0,0,0,0,0,0,0.0,0.0,0.0,0.0,0,0.00,0.00,0.00,0.00,0,0,0,0,60,20944,0,0,0,1
Ruggeri,DEF,Aston Villa,596,7,5,1,False,2026-08-23T13:00:00Z,4,0,1,8,0,0,0,0,0,0,0,0,0,0,0,3,4.0,0.0,0.0,0.4,0,0.00,0.00,0.00,0.14,0,0,2,2,45,7884,0,0,0,1
Suzuki,GK,Aston Villa,597,7,5,0,False,2026-08-23T13:00:00Z,4,0,1,0,0,0,0,0,0,0,0,0,0,0,0,0,0.0,0.0,0.0,0.0,0,0.00,0.00,0.00,0.00,0,0,0,0,50,61739,0,0,0,1
Osman,MID,Brighton,600,7,2,1,True,2026-08-23T13:00:00Z,4,0,1,12,0,0,0,0,0,0,0,0,0,0,0,7,4.2,15.4,4.0,2.4,0,0.00,0.05,0.05,0.00,0,2,0,2,50,633,0,0,0,1
Yalcouyé,MID,Brighton,605,7,2,1,True,2026-08-23T13:00:00Z,4,0,1,4,0,0,0,0,0,0,0,0,0,0,0,3,0.6,2.7,0.0,0.3,0,0.00,0.01,0.01,0.00,0,0,0,0,45,0,0,0,0,1
Rowe,DEF,Aston Villa,606,7,5,0,False,2026-08-23T13:00:00Z,4,0,1,0,0,0,0,0,0,0,0,0,0,0,0,0,0.0,0.0,0.0,0.0,0,0.00,0.00,0.00,0.00,0,0,0,0,40,0,0,0,0,1
Lynch,MID,Aston Villa,607,7,5,0,False,2026-08-23T13:00:00Z,4,0,1,0,0,0,0,0,0,0,0,0,0,0,0,0,0.0,0.0,0.0,0.0,0,0.00,0.00,0.00,0.00,0,0,0,0,45,0,0,0,0,1
Petrović,GK,Bournemouth,57,8,15,2,False,2026-08-23T13:00:00Z,2,1,1,90,0,0,0,2,0,0,0,0,0,4,0,13,36.8,0.0,0.0,3.7,1,0.00,0.00,0.00,2.25,2,5,0,0,45,288326,0,0,0,1
Forster,GK,Bournemouth,58,8,15,0,False,2026-08-23T13:00:00Z,2,1,1,0,0,0,0,0,0,0,0,0,0,0,0,0,0.0,0.0,0.0,0.0,0,0.00,0.00,0.00,0.00,0,0,0,0,40,283903,0,0,0,1
Dennis,GK,Bournemouth,59,8,15,0,False,2026-08-23T13:00:00Z,2,1,1,0,0,0,0,0,0,0,0,0,0,0,0,0,0.0,0.0,0.0,0.0,0,0.00,0.00,0.00,0.00,0,0,0,0,40,16822,0,0,0,1
Hill,DEF,Bournemouth,60,8,15,1,False,2026-08-23T13:00:00Z,2,1,1,90,0,0,0,2,0,0,0,0,0,0,0,0,11.6,0.3,0.0,1.2,1,0.00,0.00,0.00,2.25,5,1,1,6,55,72436,0,0,0,1
Truffert,DEF,Bournemouth,61,8,15,1,False,2026-08-23T13:00:00Z,2,1,1,90,0,0,0,2,0,0,0,0,0,0,0,0,15.4,1.3,0.0,1.7,1,0.00,0.00,0.00,2.25,5,7,2,7,55,392050,0,0,0,1
Diakité,DEF,Bournemouth,62,8,15,0,False,2026-08-23T13:00:00Z,2,1,1,0,0,0,0,0,0,0,0,0,0,0,0,0,0.0,0.0,0.0,0.0,0,0.00,0.00,0.00,0.00,0,0,0,0,50,15573,0,0,0,1
Milosavljević,DEF,Bournemouth,63,8,15,0,False,2026-08-23T13:00:00Z,2,1,1,0,0,0,0,0,0,0,0,0,0,0,0,0,0.0,0.0,0.0,0.0,0,0.00,0.00,0.00,0.00,0,0,0,0,50,1122,0,0,0,1
Smith,DEF,Bournemouth,64,8,15,1,False,2026-08-23T13:00:00Z,2,1,1,90,0,0,0,2,0,0,0,0,0,0,0,4,7.0,0.6,0.0,0.8,1,0.00,0.00,0.00,2.25,4,3,1,5,45,8561,0,0,0,1
J.Araujo,DEF,Bournemouth,65,8,15,0,False,2026-08-23T13:00:00Z,2,1,1,0,0,0,0,0,0,0,0,0,0,0,0,0,0.0,0.0,0.0,0.0,0,0.00,0.00,0.00,0.00,0,0,0,0,45,1775,0,0,0,1
Soler,DEF,Bournemouth,66,8,15,0,False,2026-08-23T13:00:00Z,2,1,1,0,0,0,0,0,0,0,0,0,0,0,0,0,0.0,0.0,0.0,0.0,0,0.00,0.00,0.00,0.00,0,0,0,0,40,19739,0,0,0,1
Rayan,MID,Bournemouth,67,8,15,2,False,2026-08-23T13:00:00Z,2,1,1,88,0,0,0,1,0,0,0,0,0,0,0,9,6.2,11.3,17.0,3.5,1,0.04,0.03,0.07,2.06,1,0,0,1,65,242374,0,0,0,1
Tavernier,MID,Bournemouth,68,8,15,10,False,2026-08-23T13:00:00Z,2,1,1,90,1,0,0,2,0,0,0,0,0,0,3,32,40.0,17.2,18.0,7.5,1,0.40,0.08,0.48,2.25,2,4,2,8,60,139421,0,0,0,1
Scott,MID,Bournemouth,69,8,15,2,False,2026-08-23T13:00:00Z,2,1,1,90,0,0,0,2,0,0,0,0,0,0,0,17,11.4,4.8,0.0,1.6,1,0.00,0.01,0.01,2.25,1,6,4,11,60,134668,0,0,0,1
Kluivert,MID,Bournemouth,70,8,15,3,False,2026-08-23T13:00:00Z,2,1,1,74,0,0,1,0,0,0,0,0,0,0,0,15,11.0,14.3,17.0,4.2,1,0.11,0.00,0.11,1.94,1,5,3,9,60,96045,0,0,0,1
Cook,MID,Bournemouth,71,8,15,3,False,2026-08-23T13:00:00Z,2,1,1,75,0,0,1,0,0,0,0,0,0,0,0,8,4.6,2.1,0.0,0.7,1,0.00,0.00,0.00,1.94,3,3,1,7,50,13065,0,0,0,1
Gannon-Doak,MID,Bournemouth,72,8,15,1,False,2026-08-23T13:00:00Z,2,1,1,1,0,0,0,1,0,0,0,0,0,0,0,3,0.2,0.1,2.0,0.2,0,0.00,0.00,0.00,0.19,0,1,0,1,50,7889,0,0,0,1
Adams,MID,Bournemouth,73,8,15,1,False,2026-08-23T13:00:00Z,2,1,1,15,0,0,0,2,0,0,0,0,0,0,0,4,3.6,0.6,0.0,0.4,0,0.00,0.00,0.00,0.31,3,0,0,3,50,19512,0,0,0,1
Brooks,MID,Bournemouth,74,8,15,0,False,2026-08-23T13:00:00Z,2,1,1,0,0,0,0,0,0,0,0,0,0,0,0,0,0.0,0.0,0.0,0.0,0,0.00,0.00,0.00,0.00,0,0,0,0,50,4610,0,0,0,1
Christie,MID,Bournemouth,75,8,15,0,False,2026-08-23T13:00:00Z,2,1,1,0,0,0,0,0,0,0,0,0,0,0,0,0,0.0,0.0,0.0,0.0,0,0.00,0.00,0.00,0.00,0,0,0,0,50,1007,0,0,0,1
Tóth.A,MID,Bournemouth,76,8,15,1,False,2026-08-23T13:00:00Z,2,1,1,15,0,0,0,2,0,0,0,0,0,0,0,5,2.8,0.6,0.0,0.3,0,0.00,0.00,0.00,0.31,0,1,1,2,50,1238,0,0,0,1
Adli,MID,Bournemouth,77,8,15,0,False,2026-08-23T13:00:00Z,2,1,1,0,0,0,0,0,0,0,0,0,0,0,0,0,0.0,0.0,0.0,0.0,0,0.00,0.00,0.00,0.00,0,0,0,0,50,3087,0,0,0,1
Kroupi.Jr,MID,Bournemouth,78,8,15,0,False,2026-08-23T13:00:00Z,2,1,1,0,0,0,0,0,0,0,0,0,0,0,0,0,0.0,0.0,0.0,0.0,0,0.00,0.00,0.00,0.00,0,0,0,0,75,42378,0,0,0,1
Evanilson,FWD,Bournemouth,79,8,15,4,False,2026-08-23T13:00:00Z,2,1,1,74,0,1,1,0,0,0,0,1,0,0,0,17,19.4,11.9,2.0,3.3,1,0.00,0.21,0.21,1.94,4,3,1,8,60,200122,0,0,0,1
Enes Ünal,FWD,Bournemouth,80,8,15,0,False,2026-08-23T13:00:00Z,2,1,1,0,0,0,0,0,0,0,0,0,0,0,0,0,0.0,0.0,0.0,0.0,0,0.00,0.00,0.00,0.00,0,0,0,0,55,3581,0,0,0,1
Rodríguez,FWD,Bournemouth,81,8,15,0,False,2026-08-23T13:00:00Z,2,1,1,0,0,0,0,0,0,0,0,0,0,0,0,0,0.0,0.0,0.0,0.0,0,0.00,0.00,0.00,0.00,0,0,0,0,60,9051,0,0,0,1
Grealish,MID,Everton,238,8,3,1,True,2026-08-23T13:00:00Z,2,1,1,8,0,0,0,0,0,0,0,0,0,0,0,2,1.0,0.6,0.0,0.2,0,0.00,0.00,0.00,0.00,0,0,1,1,65,16005,0,0,0,1
Donnarumma,GK,Man City,384,8,3,3,True,2026-08-23T13:00:00Z,2,1,1,90,0,0,0,1,0,0,0,0,0,3,0,12,26.8,0.0,0.0,2.7,1,0.00,0.00,0.00,0.65,1,4,0,0,55,722204,0,0,0,1
Bettinelli,GK,Man City,386,8,3,0,True,2026-08-23T13:00:00Z,2,1,1,0,0,0,0,0,0,0,0,0,0,0,0,0,0.0,0.0,0.0,0.0,0,0.00,0.00,0.00,0.00,0,0,0,0,45,2479,0,0,0,1
O'Reilly,DEF,Man City,387,8,3,2,True,2026-08-23T13:00:00Z,2,1,1,62,0,0,0,1,0,0,0,0,0,0,0,5,8.8,30.4,11.0,5.0,1,0.07,0.41,0.48,0.55,1,5,1,2,65,1877660,0,0,0,1
Guéhi,DEF,Man City,388,8,3,10,True,2026-08-23T13:00:00Z,2,1,1,90,1,0,0,1,0,0,0,0,0,0,2,31,43.6,17.5,28.0,8.9,1,0.89,0.32,1.21,0.65,1,4,3,4,60,1521853,0,0,0,1
Matheus N.,DEF,Man City,389,8,3,1,True,2026-08-23T13:00:00Z,2,1,1,33,0,0,0,0,0,0,0,0,0,0,0,4,3.8,1.5,4.0,0.9,0,0.00,0.04,0.04,0.10,1,2,0,1,60,123928,0,0,0,1
Rúben,DEF,Man City,390,8,3,2,True,2026-08-23T13:00:00Z,2,1,1,90,0,0,0,1,0,0,0,0,0,0,0,11,24.4,17.9,2.0,4.4,1,0.00,0.14,0.14,0.65,6,8,0,6,55,148709,0,0,0,1
Gvardiol,DEF,Man City,391,8,3,9,True,2026-08-23T13:00:00Z,2,1,1,90,1,0,0,1,0,0,0,0,0,0,1,28,47.6,13.3,17.0,7.8,1,0.19,0.05,0.24,0.65,5,5,2,7,55,980214,0,0,0,1
Aït-Nouri,DEF,Man City,392,8,3,0,True,2026-08-23T13:00:00Z,2,1,1,0,0,0,0,0,0,0,0,0,0,0,0,0,0.0,0.0,0.0,0.0,0,0.00,0.00,0.00,0.00,0,0,0,0,55,79425,0,0,0,1
Khusanov,DEF,Man City,393,8,3,2,True,2026-08-23T13:00:00Z,2,1,1,90,0,0,0,1,0,0,0,0,0,0,0,14,17.0,3.4,0.0,2.0,1,0.00,0.02,0.02,0.65,2,6,2,4,55,147622,0,0,0,1
Alleyne,DEF,Man City,394,8,3,0,True,2026-08-23T13:00:00Z,2,1,1,0,0,0,0,0,0,0,0,0,0,0,0,0,0.0,0.0,0.0,0.0,0,0.00,0.00,0.00,0.00,0,0,0,0,50,1089,0,0,0,1
Lewis,DEF,Man City,395,8,3,1,True,2026-08-23T13:00:00Z,2,1,1,56,0,0,0,1,0,0,0,0,0,0,0,-1,3.8,3.8,39.0,4.7,1,0.17,0.02,0.19,0.55,2,0,0,2,45,18491,0,0,0,1
Vitor Reis,DEF,Man City,396,8,3,0,True,2026-08-23T13:00:00Z,2,1,1,0,0,0,0,0,0,0,0,0,0,0,0,0,0.0,0.0,0.0,0.0,0,0.00,0.00,0.00,0.00,0,0,0,0,45,1856,0,0,0,1
Semenyo,MID,Man City,397,8,3,2,True,2026-08-23T13:00:00Z,2,1,1,90,0,0,0,1,0,0,0,0,0,0,0,16,5.8,8.9,31.0,4.6,1,0.06,0.02,0.08,0.65,0,4,1,5,85,2354040,0,0,0,1
Foden,MID,Man City,398,8,3,1,True,2026-08-23T13:00:00Z,2,1,1,81,0,0,0,1,0,0,0,1,0,0,0,15,10.4,49.6,15.0,7.5,1,0.12,0.40,0.52,0.65,0,3,3,6,70,387178,0,0,0,1
Cherki,MID,Man City,399,8,3,8,True,2026-08-23T13:00:00Z,2,1,1,27,0,2,0,0,0,0,0,0,0,0,1,28,39.2,48.8,4.0,9.2,0,0.00,0.50,0.50,0.10,0,0,0,0,75,679336,0,0,0,1
Doku,MID,Man City,400,8,3,0,True,2026-08-23T13:00:00Z,2,1,1,0,0,0,0,0,0,0,0,0,0,0,0,0,0.0,0.0,0.0,0.0,0,0.00,0.00,0.00,0.00,0,0,0,0,75,191182,0,0,0,1
Marmoush,FWD,Spurs,401,8,3,0,True,2026-08-23T13:00:00Z,2,1,1,0,0,0,0,0,0,0,0,0,0,0,0,0,0.0,0.0,0.0,0.0,0,0.00,0.00,0.00,0.00,0,0,0,0,70,80421,0,0,0,1
Rodrigo,MID,Man City,402,8,3,0,True,2026-08-23T13:00:00Z,2,1,1,0,0,0,0,0,0,0,0,0,0,0,0,0,0.0,0.0,0.0,0.0,0,0.00,0.00,0.00,0.00,0,0,0,0,65,2341,0,0,0,1
Sávio,MID,Spurs,403,8,3,0,True,2026-08-23T13:00:00Z,2,1,1,0,0,0,0,0,0,0,0,0,0,0,0,0,0.0,0.0,0.0,0.0,0,0.00,0.00,0.00,0.00,0,0,0,0,65,23783,0,0,0,1
Reijnders,MID,Man City,404,8,3,0,True,2026-08-23T13:00:00Z,2,1,1,0,0,0,0,0,0,0,0,0,0,0,0,0,0.0,0.0,0.0,0.0,0,0.00,0.00,0.00,0.00,0,0,0,0,60,11692,0,0,0,1
N.Gonzalez,MID,Newcastle,405,8,3,0,True,2026-08-23T13:00:00Z,2,1,1,0,0,0,0,0,0,0,0,0,0,0,0,0,0.0,0.0,0.0,0.0,0,0.00,0.00,0.00,0.00,0,0,0,0,55,11878,0,0,0,1
Kovačić,MID,Man City,406,8,3,1,True,2026-08-23T13:00:00Z,2,1,1,27,0,0,0,0,0,0,0,0,0,0,0,3,2.2,2.1,0.0,0.4,0,0.00,0.01,0.01,0.10,0,2,0,2,55,6303,0,0,0,1
Echeverri,MID,Man City,407,8,3,0,True,2026-08-23T13:00:00Z,2,1,1,0,0,0,0,0,0,0,0,0,0,0,0,0,0.0,0.0,0.0,0.0,0,0.00,0.00,0.00,0.00,0,0,0,0,50,1572,0,0,0,1
Phillips,MID,Man City,408,8,3,0,True,2026-08-23T13:00:00Z,2,1,1,0,0,0,0,0,0,0,0,0,0,0,0,0,0.0,0.0,0.0,0.0,0,0.00,0.00,0.00,0.00,0,0,0,0,50,1073,0,0,0,1
Mukasa,MID,Man City,409,8,3,0,True,2026-08-23T13:00:00Z,2,1,1,0,0,0,0,0,0,0,0,0,0,0,0,0,0.0,0.0,0.0,0.0,0,0.00,0.00,0.00,0.00,0,0,0,0,45,16621,0,0,0,1
Monga,MID,Man City,410,8,3,0,True,2026-08-23T13:00:00Z,2,1,1,0,0,0,0,0,0,0,0,0,0,0,0,0,0.0,0.0,0.0,0.0,0,0.00,0.00,0.00,0.00,0,0,0,0,50,1505,0,0,0,1
Haaland,FWD,Man City,411,8,3,2,True,2026-08-23T13:00:00Z,2,1,1,90,0,0,0,1,0,0,0,0,0,0,0,6,3.8,5.2,50.0,5.9,1,0.74,0.02,0.76,0.65,0,3,0,3,155,6209794,0,0,0,1
Anderson,MID,Man City,481,8,3,2,True,2026-08-23T13:00:00Z,2,1,1,62,0,0,0,1,0,0,0,0,0,0,0,14,7.2,20.8,0.0,2.8,1,0.00,0.25,0.25,0.55,1,3,2,6,65,707651,0,0,0,1
Silva,DEF,Bournemouth,566,8,15,2,False,2026-08-23T13:00:00Z,2,1,1,90,0,0,0,2,0,0,0,1,0,0,0,5,31.4,0.3,0.0,3.2,1,0.00,0.00,0.00,2.25,13,1,0,13,50,23702,0,0,0,1
Sanchez,DEF,Bournemouth,573,8,15,0,False,2026-08-23T13:00:00Z,2,1,1,0,0,0,0,0,0,0,0,0,0,0,0,0,0.0,0.0,0.0,0.0,0,0.00,0.00,0.00,0.00,0,0,0,0,45,18342,0,0,0,1
Rulli,GK,Man City,587,8,3,0,True,2026-08-23T13:00:00Z,2,1,1,0,0,0,0,0,0,0,0,0,0,0,0,0,0.0,0.0,0.0,0.0,0,0.00,0.00,0.00,0.00,0,0,0,0,50,1589,0,0,0,1
Jebbison,FWD,Bournemouth,608,8,15,1,False,2026-08-23T13:00:00Z,2,1,1,15,0,0,0,2,0,0,0,0,0,0,0,6,3.4,0.8,17.0,2.1,0,0.10,0.00,0.10,0.31,0,1,0,1,50,0,0,0,0,1
A.Becker,GK,Liverpool,350,9,17,2,False,2026-08-23T15:30:00Z,2,2,1,90,0,0,0,2,0,0,0,0,0,3,0,7,17.8,0.0,0.0,1.8,1,0.00,0.00,0.00,1.58,2,6,0,0,55,302846,0,0,0,1
Mamardashvili,GK,Liverpool,351,9,17,0,False,2026-08-23T15:30:00Z,2,2,1,0,0,0,0,0,0,0,0,0,0,0,0,0,0.0,0.0,0.0,0.0,0,0.00,0.00,0.00,0.00,0,0,0,0,50,13503,0,0,0,1
Woodman,GK,Liverpool,352,9,17,0,False,2026-08-23T15:30:00Z,2,2,1,0,0,0,0,0,0,0,0,0,0,0,0,0,0.0,0.0,0.0,0.0,0,0.00,0.00,0.00,0.00,0,0,0,0,40,97477,0,0,0,1
Pecsi,GK,Liverpool,353,9,17,0,False,2026-08-23T15:30:00Z,2,2,1,0,0,0,0,0,0,0,0,0,0,0,0,0,0.0,0.0,0.0,0.0,0,0.00,0.00,0.00,0.00,0,0,0,0,40,2936,0,0,0,1
Jaros,GK,Liverpool,354,9,17,0,False,2026-08-23T15:30:00Z,2,2,1,0,0,0,0,0,0,0,0,0,0,0,0,0,0.0,0.0,0.0,0.0,0,0.00,0.00,0.00,0.00,0,0,0,0,40,1351,0,0,0,1
Davies,GK,Liverpool,355,9,17,0,False,2026-08-23T15:30:00Z,2,2,1,0,0,0,0,0,0,0,0,0,0,0,0,0,0.0,0.0,0.0,0.0,0,0.00,0.00,0.00,0.00,0,0,0,0,40,11845,0,0,0,1
Virgil,DEF,Liverpool,356,9,17,2,False,2026-08-23T15:30:00Z,2,2,1,90,0,0,0,2,0,0,0,1,0,0,0,8,25.6,1.6,24.0,5.1,1,0.25,0.01,0.26,1.58,9,6,2,11,65,1670280,0,0,0,1
Frimpong,DEF,Liverpool,357,9,17,0,False,2026-08-23T15:30:00Z,2,2,1,90,0,0,0,2,0,0,0,1,0,0,0,3,13.6,37.8,10.0,6.1,1,0.01,0.09,0.10,1.58,1,3,1,2,55,302241,0,0,0,1
Kerkez,DEF,Liverpool,358,9,17,0,False,2026-08-23T15:30:00Z,2,2,1,90,0,0,0,2,0,0,0,1,0,0,0,3,18.0,13.8,12.0,4.4,1,0.02,0.02,0.04,1.58,4,3,3,7,55,332539,0,0,0,1
Gomez,DEF,Liverpool,359,9,17,0,False,2026-08-23T15:30:00Z,2,2,1,0,0,0,0,0,0,0,0,0,0,0,0,0,0.0,0.0,0.0,0.0,0,0.00,0.00,0.00,0.00,0,0,0,0,50,1714,0,0,0,1
Bradley,DEF,Liverpool,360,9,17,0,False,2026-08-23T15:30:00Z,2,2,1,0,0,0,0,0,0,0,0,0,0,0,0,0,0.0,0.0,0.0,0.0,0,0.00,0.00,0.00,0.00,0,0,0,0,50,957,0,0,0,1
Lucky,DEF,Liverpool,361,9,17,0,False,2026-08-23T15:30:00Z,2,2,1,0,0,0,0,0,0,0,0,0,0,0,0,0,0.0,0.0,0.0,0.0,0,0.00,0.00,0.00,0.00,0,0,0,0,40,10838,0,0,0,1
Jacquet,DEF,Liverpool,362,9,17,1,False,2026-08-23T15:30:00Z,2,2,1,69,0,0,0,2,0,0,0,0,0,0,0,9,12.4,11.9,0.0,2.4,1,0.00,0.02,0.02,1.04,2,3,1,3,50,205604,0,0,0,1
Leoni,DEF,Liverpool,363,9,17,0,False,2026-08-23T15:30:00Z,2,2,1,0,0,0,0,0,0,0,0,0,0,0,0,0,0.0,0.0,0.0,0.0,0,0.00,0.00,0.00,0.00,0,0,0,0,40,4082,0,0,0,1
Tsimikas,DEF,Liverpool,364,9,17,0,False,2026-08-23T15:30:00Z,2,2,1,0,0,0,0,0,0,0,0,0,0,0,0,0,0.0,0.0,0.0,0.0,0,0.00,0.00,0.00,0.00,0,0,0,0,50,6683,0,0,0,1
Ramsay,DEF,Liverpool,365,9,17,0,False,2026-08-23T15:30:00Z,2,2,1,0,0,0,0,0,0,0,0,0,0,0,0,0,0.0,0.0,0.0,0.0,0,0.00,0.00,0.00,0.00,0,0,0,0,40,19328,0,0,0,1
Wirtz,MID,Liverpool,366,9,17,2,False,2026-08-23T15:30:00Z,2,2,1,62,0,0,0,2,0,0,0,0,0,0,0,16,9.8,17.9,29.0,5.7,1,0.26,0.04,0.30,0.51,0,4,1,5,75,1122658,0,0,0,1
Gakpo,MID,Liverpool,367,9,17,12,False,2026-08-23T15:30:00Z,2,2,1,90,1,0,0,2,0,0,0,0,0,0,3,33,44.0,34.0,37.0,11.5,1,0.30,0.15,0.45,1.58,4,5,3,12,70,310403,0,0,0,1
Szoboszlai,MID,Liverpool,368,9,17,8,False,2026-08-23T15:30:00Z,2,2,1,90,1,0,0,2,0,0,0,0,0,0,1,29,50.4,47.1,21.0,11.9,1,0.85,0.27,1.12,1.58,2,4,1,7,70,3733259,0,0,0,1
Ngumoha,MID,Liverpool,369,9,17,2,False,2026-08-23T15:30:00Z,2,2,1,62,0,0,0,2,0,0,0,0,0,0,0,9,2.4,6.0,5.0,1.3,1,0.04,0.02,0.06,0.51,0,2,1,3,60,104767,0,0,0,1
Chiesa,MID,Liverpool,370,9,17,0,False,2026-08-23T15:30:00Z,2,2,1,0,0,0,0,0,0,0,0,0,0,0,0,0,0.0,0.0,0.0,0.0,0,0.00,0.00,0.00,0.00,0,0,0,0,55,11756,0,0,0,1
Gravenberch,MID,Liverpool,371,9,17,5,False,2026-08-23T15:30:00Z,2,2,1,77,0,1,0,2,0,0,0,0,0,0,0,26,24.4,16.0,4.0,4.4,1,0.06,0.05,0.11,1.10,2,8,1,11,60,172067,0,0,0,1
Mac Allister,MID,Liverpool,372,9,17,1,False,2026-08-23T15:30:00Z,2,2,1,27,0,0,0,0,0,0,0,0,0,0,0,9,5.8,1.4,0.0,0.7,0,0.00,0.01,0.01,1.07,0,1,2,3,55,151941,0,0,0,1
C.Jones,MID,Liverpool,373,9,17,0,False,2026-08-23T15:30:00Z,2,2,1,0,0,0,0,0,0,0,0,0,0,0,0,0,0.0,0.0,0.0,0.0,0,0.00,0.00,0.00,0.00,0,0,0,0,55,4822,0,0,0,1
Endo,MID,Liverpool,374,9,17,0,False,2026-08-23T15:30:00Z,2,2,1,0,0,0,0,0,0,0,0,0,0,0,0,0,0.0,0.0,0.0,0.0,0,0.00,0.00,0.00,0.00,0,0,0,0,50,5090,0,0,0,1
Nyoni,MID,Liverpool,375,9,17,0,False,2026-08-23T15:30:00Z,2,2,1,0,0,0,0,0,0,0,0,0,0,0,0,0,0.0,0.0,0.0,0.0,0,0.00,0.00,0.00,0.00,0,0,0,0,50,3729,0,0,0,1
Bajcetic,MID,Liverpool,376,9,17,0,False,2026-08-23T15:30:00Z,2,2,1,0,0,0,0,0,0,0,0,0,0,0,0,0,0.0,0.0,0.0,0.0,0,0.00,0.00,0.00,0.00,0,0,0,0,50,157,0,0,0,1
Munoz,MID,Liverpool,377,9,17,4,False,2026-08-23T15:30:00Z,2,2,1,27,0,1,0,0,0,0,0,0,0,0,0,15,4.0,8.9,14.0,2.7,0,0.10,0.04,0.14,1.07,0,0,0,0,65,48042,0,0,0,1
McConnell,MID,Liverpool,378,9,17,0,False,2026-08-23T15:30:00Z,2,2,1,0,0,0,0,0,0,0,0,0,0,0,0,0,0.0,0.0,0.0,0.0,0,0.00,0.00,0.00,0.00,0,0,0,0,45,24189,0,0,0,1
Isak,FWD,Liverpool,379,9,17,2,False,2026-08-23T15:30:00Z,2,2,1,90,0,0,0,2,0,0,0,0,0,0,0,6,11.4,14.6,66.0,9.2,1,1.09,0.01,1.10,1.58,1,0,0,1,90,1493302,0,0,0,1
Ekitiké,FWD,Liverpool,380,9,17,0,False,2026-08-23T15:30:00Z,2,2,1,0,0,0,0,0,0,0,0,0,0,0,0,0,0.0,0.0,0.0,0.0,0,0.00,0.00,0.00,0.00,0,0,0,0,75,14410,0,0,0,1
Koumas,MID,Liverpool,381,9,17,1,False,2026-08-23T15:30:00Z,2,2,1,12,0,0,0,0,0,0,0,0,0,0,0,4,1.2,0.5,7.0,0.9,0,0.03,0.00,0.03,0.48,0,1,0,1,50,1626,0,0,0,1
Danns,FWD,Liverpool,382,9,17,0,False,2026-08-23T15:30:00Z,2,2,1,0,0,0,0,0,0,0,0,0,0,0,0,0,0.0,0.0,0.0,0.0,0,0.00,0.00,0.00,0.00,0,0,0,0,45,3221,0,0,0,1
Elliott,MID,Liverpool,383,9,17,0,False,2026-08-23T15:30:00Z,2,2,1,0,0,0,0,0,0,0,0,0,0,0,0,0,0.0,0.0,0.0,0.0,0,0.00,0.00,0.00,0.00,0,0,0,0,55,6399,0,0,0,1
Pope,GK,Newcastle,442,9,14,0,True,2026-08-23T15:30:00Z,2,2,1,0,0,0,0,0,0,0,0,0,0,0,0,0,0.0,0.0,0.0,0.0,0,0.00,0.00,0.00,0.00,0,0,0,0,50,113822,0,0,0,1
Gillespie,GK,Newcastle,443,9,14,0,True,2026-08-23T15:30:00Z,2,2,1,0,0,0,0,0,0,0,0,0,0,0,0,0,0.0,0.0,0.0,0.0,0,0.00,0.00,0.00,0.00,0,0,0,0,45,2989,0,0,0,1
Jaouen,GK,Newcastle,444,9,14,0,True,2026-08-23T15:30:00Z,2,2,1,0,0,0,0,0,0,0,0,0,0,0,0,0,0.0,0.0,0.0,0.0,0,0.00,0.00,0.00,0.00,0,0,0,0,45,2666,0,0,0,1
Thiaw,DEF,Newcastle,445,9,14,3,True,2026-08-23T15:30:00Z,2,2,1,90,0,0,0,2,0,0,0,0,0,0,0,0,37.8,0.2,0.0,3.8,1,0.00,0.00,0.00,2.98,15,2,0,15,50,146838,0,0,0,1
Schär,DEF,Newcastle,446,9,14,1,True,2026-08-23T15:30:00Z,2,2,1,1,0,0,0,1,0,0,0,0,0,0,0,-1,0.0,0.0,0.0,0.0,0,0.00,0.00,0.00,0.79,0,0,0,0,50,20496,0,0,0,1
Botman,DEF,Newcastle,447,9,14,3,True,2026-08-23T15:30:00Z,2,2,1,90,0,0,0,2,0,0,0,0,0,0,0,4,32.4,0.3,0.0,3.3,1,0.00,0.01,0.01,2.98,10,2,0,10,50,34765,0,0,0,1
Burn,DEF,Newcastle,448,9,14,0,True,2026-08-23T15:30:00Z,2,2,1,0,0,0,0,0,0,0,0,0,0,0,0,0,0.0,0.0,0.0,0.0,0,0.00,0.00,0.00,0.00,0,0,0,0,50,213973,0,0,0,1
Hall,DEF,Newcastle,449,9,14,3,True,2026-08-23T15:30:00Z,2,2,1,90,0,0,0,2,0,0,0,0,0,0,0,8,22.0,15.2,0.0,3.7,1,0.00,0.35,0.35,2.98,6,8,5,11,50,310247,0,0,0,1
Livramento,DEF,Newcastle,450,9,14,0,True,2026-08-23T15:30:00Z,2,2,1,0,0,0,0,0,0,0,0,0,0,0,0,0,0.0,0.0,0.0,0.0,0,0.00,0.00,0.00,0.00,0,0,0,0,50,4326,0,0,0,1
A.Murphy,DEF,Newcastle,451,9,14,0,True,2026-08-23T15:30:00Z,2,2,1,0,0,0,0,0,0,0,0,0,0,0,0,0,0.0,0.0,0.0,0.0,0,0.00,0.00,0.00,0.00,0,0,0,0,40,12873,0,0,0,1
Barnes,MID,Newcastle,453,9,14,2,True,2026-08-23T15:30:00Z,2,2,1,90,0,0,0,2,0,0,0,0,0,0,0,12,5.2,2.4,9.0,1.7,1,0.07,0.02,0.09,2.98,3,4,1,8,60,95531,0,0,0,1
Elanga,MID,Newcastle,454,9,14,9,True,2026-08-23T15:30:00Z,2,2,1,75,1,0,0,1,0,0,0,0,0,0,2,31,37.4,3.5,28.0,6.9,1,0.22,0.01,0.23,1.94,1,1,0,2,60,64591,0,0,0,1
J.Ramsey,MID,Newcastle,456,9,14,0,True,2026-08-23T15:30:00Z,2,2,1,34,0,0,0,1,0,0,0,1,0,0,0,1,7.8,1.3,4.0,1.3,0,0.06,0.01,0.07,1.50,3,1,2,6,50,34032,0,0,0,1
J.Murphy,MID,Newcastle,457,9,14,0,True,2026-08-23T15:30:00Z,2,2,1,14,0,0,0,1,0,0,0,1,0,0,0,-1,0.0,0.1,2.0,0.1,0,0.00,0.00,0.00,1.04,1,1,0,2,60,14816,0,0,0,1
Joelinton,MID,Newcastle,458,9,14,0,True,2026-08-23T15:30:00Z,2,2,1,0,0,0,0,0,0,0,0,0,0,0,0,0,0.0,0.0,0.0,0.0,0,0.00,0.00,0.00,0.00,0,0,0,0,55,3620,0,0,0,1
L.Miley,MID,Newcastle,459,9,14,3,True,2026-08-23T15:30:00Z,2,2,1,75,0,0,0,1,0,0,0,1,0,0,0,13,15.6,21.4,3.0,4.0,1,0.05,0.01,0.06,1.94,6,6,1,13,55,4093,0,0,0,1
Willock,MID,Newcastle,460,9,14,6,True,2026-08-23T15:30:00Z,2,2,1,34,1,0,0,1,0,0,0,0,0,0,0,28,38.4,13.9,9.0,6.1,0,0.09,0.17,0.26,1.50,0,1,2,3,50,10181,0,0,0,1
Touré,MID,Newcastle,461,9,14,0,True,2026-08-23T15:30:00Z,2,2,1,0,0,0,0,0,0,0,0,0,0,0,0,0,0.0,0.0,0.0,0.0,0,0.00,0.00,0.00,0.00,0,0,0,0,60,22780,0,0,0,1
Steur,MID,Newcastle,462,9,14,1,True,2026-08-23T15:30:00Z,2,2,1,55,0,0,0,1,0,0,0,0,0,0,0,3,0.4,1.2,0.0,0.2,1,0.00,0.00,0.00,1.48,0,2,0,2,50,9830,0,0,0,1
Woltemade,FWD,Newcastle,463,9,14,0,True,2026-08-23T15:30:00Z,2,2,1,0,0,0,0,0,0,0,0,0,0,0,0,0,0.0,0.0,0.0,0.0,0,0.00,0.00,0.00,0.00,0,0,0,0,60,151424,0,0,0,1
Wissa,FWD,Newcastle,464,9,14,4,True,2026-08-23T15:30:00Z,2,2,1,90,0,1,0,1,0,0,0,1,0,0,0,7,20.0,16.3,28.0,6.4,1,1.00,0.02,1.02,2.19,1,3,4,8,60,142989,0,0,0,1
Osula,FWD,Newcastle,465,9,14,4,True,2026-08-23T15:30:00Z,2,2,1,55,0,1,0,1,0,0,0,0,0,0,0,18,28.2,13.7,8.0,5.0,1,0.06,0.14,0.20,1.48,2,2,1,5,60,83021,0,0,0,1
Neave,FWD,Newcastle,466,9,14,0,True,2026-08-23T15:30:00Z,2,2,1,0,0,0,0,0,0,0,0,0,0,0,0,0,0.0,0.0,0.0,0.0,0,0.00,0.00,0.00,0.00,0,0,0,0,45,66588,0,0,0,1
Bamba,MID,Newcastle,559,9,14,1,True,2026-08-23T15:30:00Z,2,2,1,14,0,0,0,1,0,0,0,0,0,0,0,5,4.0,0.0,0.0,0.4,0,0.00,0.00,0.00,1.04,1,0,1,2,50,12608,0,0,0,1
Horníček,GK,Newcastle,567,9,14,1,True,2026-08-23T15:30:00Z,2,2,1,90,0,0,0,2,0,0,0,1,0,5,0,12,41.2,0.0,0.0,4.1,1,0.00,0.00,0.00,2.98,3,5,0,0,50,55382,0,0,0,1
Araujo,DEF,Liverpool,579,9,17,1,False,2026-08-23T15:30:00Z,2,2,1,20,0,0,0,0,0,0,0,0,0,0,0,3,13.2,1.2,0.0,1.4,0,0.00,0.03,0.03,0.54,3,1,1,4,55,211388,0,0,0,1
Dedić,DEF,Newcastle,593,9,14,1,True,2026-08-23T15:30:00Z,2,2,1,90,0,0,0,2,0,0,0,0,0,0,0,-1,16.4,1.2,5.0,2.3,1,0.03,0.00,0.03,2.98,7,2,2,9,45,20712,0,0,0,1
Shahar,DEF,Newcastle,609,9,14,0,True,2026-08-23T15:30:00Z,2,2,1,0,0,0,0,0,0,0,0,0,0,0,0,0,0.0,0.0,0.0,0.0,0,0.00,0.00,0.00,0.00,0,0,0,0,40,0,0,0,0,1
Rogers,MID,Chelsea,40,10,10,8,False,2026-08-24T19:00:00Z,2,3,1,81,1,0,0,2,0,0,0,0,0,0,1,37,48.8,53.5,29.0,13.1,1,0.96,0.10,1.06,1.24,0,5,2,7,75,2178086,0,0,0,1
Henderson,MID,Chelsea,101,10,10,0,False,2026-08-24T19:00:00Z,2,3,1,0,0,0,0,0,0,0,0,0,0,0,0,0,0.0,0.0,0.0,0.0,0,0.00,0.00,0.00,0.00,0,0,0,0,50,3629,0,0,0,1
Welbeck,FWD,Chelsea,136,10,10,0,False,2026-08-24T19:00:00Z,2,3,1,0,0,0,0,0,0,0,0,0,0,0,0,0,0.0,0.0,0.0,0.0,0,0.00,0.00,0.00,0.00,0,0,0,0,60,112037,0,0,0,1
Sánchez,GK,Chelsea,140,10,10,2,False,2026-08-24T19:00:00Z,2,3,1,90,0,0,0,2,0,0,0,0,0,4,0,6,21.4,0.0,0.0,2.1,1,0.00,0.01,0.01,1.33,1,5,0,0,50,207899,0,0,0,1
Jörgensen,GK,Chelsea,141,10,10,0,False,2026-08-24T19:00:00Z,2,3,1,0,0,0,0,0,0,0,0,0,0,0,0,0,0.0,0.0,0.0,0.0,0,0.00,0.00,0.00,0.00,0,0,0,0,50,1796,0,0,0,1
James,DEF,Chelsea,142,10,10,0,False,2026-08-24T19:00:00Z,2,3,1,90,0,0,0,2,0,0,0,1,0,0,0,5,23.4,16.8,19.0,5.9,1,0.10,0.07,0.17,1.33,6,4,0,6,55,879361,0,0,0,1
Chalobah,DEF,Chelsea,143,10,10,0,False,2026-08-24T19:00:00Z,2,3,1,0,0,0,0,0,0,0,0,0,0,0,0,0,0.0,0.0,0.0,0.0,0,0.00,0.00,0.00,0.00,0,0,0,0,55,21121,0,0,0,1
Gusto,DEF,Chelsea,144,10,10,1,False,2026-08-24T19:00:00Z,2,3,1,75,0,0,0,2,0,0,0,0,0,0,0,2,7.2,9.8,6.0,2.3,1,0.00,0.03,0.03,1.11,2,4,1,3,50,98423,0,0,0,1
Fofana,DEF,Chelsea,145,10,10,0,False,2026-08-24T19:00:00Z,2,3,1,0,0,0,0,0,0,0,0,0,0,0,0,0,0.0,0.0,0.0,0.0,0,0.00,0.00,0.00,0.00,0,0,0,0,50,1057,0,0,0,1
B.Badiashile,DEF,Chelsea,146,10,10,0,False,2026-08-24T19:00:00Z,2,3,1,0,0,0,0,0,0,0,0,0,0,0,0,0,0.0,0.0,0.0,0.0,0,0.00,0.00,0.00,0.00,0,0,0,0,45,2313,0,0,0,1
Tosin,DEF,Spurs,147,10,10,0,False,2026-08-24T19:00:00Z,2,3,1,0,0,0,0,0,0,0,0,0,0,0,0,0,0.0,0.0,0.0,0.0,0,0.00,0.00,0.00,0.00,0,0,0,0,45,18070,0,0,0,1
Hato,DEF,Chelsea,148,10,10,1,False,2026-08-24T19:00:00Z,2,3,1,64,0,0,0,2,0,0,0,0,0,0,0,5,8.4,12.3,11.0,3.2,1,0.01,0.03,0.04,1.05,1,2,2,3,45,40724,0,0,0,1
Colwill,DEF,Chelsea,149,10,10,0,False,2026-08-24T19:00:00Z,2,3,1,90,0,0,0,2,0,0,0,1,0,0,0,6,6.0,1.6,7.0,1.5,1,0.01,0.03,0.04,1.33,2,3,2,4,50,142918,0,0,0,1
M.Sarr,DEF,Chelsea,150,10,10,0,False,2026-08-24T19:00:00Z,2,3,1,0,0,0,0,0,0,0,0,0,0,0,0,0,0.0,0.0,0.0,0.0,0,0.00,0.00,0.00,0.00,0,0,0,0,45,6689,0,0,0,1
Acheampong,DEF,Chelsea,151,10,10,3,False,2026-08-24T19:00:00Z,2,3,1,90,0,0,0,2,0,0,0,0,0,0,0,13,33.2,2.2,2.0,3.7,1,0.00,0.01,0.01,1.33,10,6,5,15,45,24066,0,0,0,1
Palestra,DEF,Chelsea,152,10,10,0,False,2026-08-24T19:00:00Z,2,3,1,0,0,0,0,0,0,0,0,0,0,0,0,0,0.0,0.0,0.0,0.0,0,0.00,0.00,0.00,0.00,0,0,0,0,55,263643,0,0,0,1
Disasi,DEF,Crystal Palace,153,10,10,0,False,2026-08-24T19:00:00Z,2,3,1,0,0,0,0,0,0,0,0,0,0,0,0,0,0.0,0.0,0.0,0.0,0,0.00,0.00,0.00,0.00,0,0,0,0,45,5243,0,0,0,1
Palmer,MID,Chelsea,154,10,10,13,False,2026-08-24T19:00:00Z,2,3,1,82,1,1,0,2,0,0,0,0,0,0,3,60,65.2,41.3,54.0,16.1,1,0.28,0.19,0.47,1.24,0,7,2,9,95,919516,0,0,0,1
Enzo,MID,Man City,155,10,10,1,False,2026-08-24T19:00:00Z,2,3,1,25,0,0,0,0,0,0,0,0,0,0,0,6,3.4,12.0,0.0,1.5,0,0.00,0.02,0.02,0.28,0,3,0,3,70,442051,0,0,0,1
Neto,MID,Chelsea,156,10,10,1,False,2026-08-24T19:00:00Z,2,3,1,14,0,0,0,0,0,0,0,0,0,0,0,9,5.2,4.1,4.0,1.3,0,0.03,0.07,0.10,0.22,0,3,1,4,65,116795,0,0,0,1
Estêvão,MID,Chelsea,157,10,10,1,False,2026-08-24T19:00:00Z,2,3,1,7,0,0,0,0,0,0,0,0,0,0,0,3,0.2,0.4,0.0,0.1,0,0.00,0.00,0.00,0.09,0,1,0,1,65,109575,0,0,0,1
Gittens,MID,Chelsea,158,10,10,0,False,2026-08-24T19:00:00Z,2,3,1,0,0,0,0,0,0,0,0,0,0,0,0,0,0.0,0.0,0.0,0.0,0,0.00,0.00,0.00,0.00,0,0,0,0,60,3231,0,0,0,1
Caicedo,MID,Chelsea,159,10,10,0,False,2026-08-24T19:00:00Z,2,3,1,0,0,0,0,0,0,0,0,0,0,0,0,0,0.0,0.0,0.0,0.0,0,0.00,0.00,0.00,0.00,0,0,0,0,55,347122,0,0,0,1
Lavia,MID,Chelsea,161,10,10,1,False,2026-08-24T19:00:00Z,2,3,1,64,0,0,0,2,0,0,0,1,0,0,0,8,13.6,21.9,33.0,6.9,1,0.21,0.03,0.24,1.05,2,4,3,9,50,4654,0,0,0,1
D.Essugo,MID,Chelsea,163,10,10,0,False,2026-08-24T19:00:00Z,2,3,1,0,0,0,0,0,0,0,0,0,0,0,0,0,0.0,0.0,0.0,0.0,0,0.00,0.00,0.00,0.00,0,0,0,0,45,18298,0,0,0,1
Quenda,MID,Chelsea,164,10,10,1,False,2026-08-24T19:00:00Z,2,3,1,8,0,0,0,0,0,0,0,0,0,0,0,2,1.2,0.3,2.0,0.4,0,0.00,0.00,0.00,0.09,1,0,0,1,55,3758,0,0,0,1
João Pedro,FWD,Chelsea,165,10,10,11,False,2026-08-24T19:00:00Z,2,3,1,90,1,1,0,2,0,0,0,0,0,0,2,45,51.2,23.0,37.0,11.1,1,0.63,0.06,0.69,1.33,1,2,0,3,75,5764207,0,0,0,1
N.Jackson,FWD,Aston Villa,166,10,10,0,False,2026-08-24T19:00:00Z,2,3,1,0,0,0,0,0,0,0,0,0,0,0,0,0,0.0,0.0,0.0,0.0,0,0.00,0.00,0.00,0.00,0,0,0,0,65,29435,0,0,0,1
Delap,FWD,Nott'm Forest,167,10,10,0,False,2026-08-24T19:00:00Z,2,3,1,0,0,0,0,0,0,0,0,0,0,0,0,0,0.0,0.0,0.0,0.0,0,0.00,0.00,0.00,0.00,0,0,0,0,55,40156,0,0,0,1
Marc Guiu,FWD,Chelsea,168,10,10,0,False,2026-08-24T19:00:00Z,2,3,1,0,0,0,0,0,0,0,0,0,0,0,0,0,0.0,0.0,0.0,0.0,0,0.00,0.00,0.00,0.00,0,0,0,0,50,42801,0,0,0,1
Mheuka,FWD,Chelsea,169,10,10,0,False,2026-08-24T19:00:00Z,2,3,1,0,0,0,0,0,0,0,0,0,0,0,0,0,0.0,0.0,0.0,0.0,0,0.00,0.00,0.00,0.00,0,0,0,0,45,30422,0,0,0,1
Emegha,FWD,Chelsea,170,10,10,0,False,2026-08-24T19:00:00Z,2,3,1,0,0,0,0,0,0,0,0,0,0,0,0,0,0.0,0.0,0.0,0.0,0,0.00,0.00,0.00,0.00,0,0,0,0,50,11724,0,0,0,1
Lacroix,DEF,Chelsea,200,10,10,6,False,2026-08-24T19:00:00Z,2,3,1,90,0,1,0,2,0,0,0,0,0,0,0,25,44.2,11.2,2.0,5.7,1,0.00,0.20,0.20,1.33,7,2,5,12,60,792478,0,0,0,1
Leno,GK,Fulham,250,10,6,2,True,2026-08-24T19:00:00Z,2,3,1,90,0,0,0,3,0,0,0,0,0,3,0,11,29.6,0.0,0.0,3.0,1,0.00,0.00,0.00,2.24,1,9,0,0,45,272035,0,0,0,1
Lecomte,GK,Fulham,251,10,6,0,True,2026-08-24T19:00:00Z,2,3,1,0,0,0,0,0,0,0,0,0,0,0,0,0,0.0,0.0,0.0,0.0,0,0.00,0.00,0.00,0.00,0,0,0,0,40,107540,0,0,0,1
McNally,GK,Fulham,252,10,6,0,True,2026-08-24T19:00:00Z,2,3,1,0,0,0,0,0,0,0,0,0,0,0,0,0,0.0,0.0,0.0,0.0,0,0.00,0.00,0.00,0.00,0,0,0,0,40,13569,0,0,0,1
Andersen,DEF,Fulham,253,10,6,0,True,2026-08-24T19:00:00Z,2,3,1,0,0,0,0,0,0,0,0,0,0,0,0,0,0.0,0.0,0.0,0.0,0,0.00,0.00,0.00,0.00,0,0,0,0,50,3342,0,0,0,1
Robinson,DEF,Fulham,254,10,6,1,True,2026-08-24T19:00:00Z,2,3,1,81,0,0,0,3,0,0,0,0,0,0,0,4,21.6,25.2,3.0,5.0,1,0.13,0.04,0.17,2.21,4,5,3,7,45,148513,0,0,0,1
J.Cuenca,DEF,Fulham,255,10,6,3,True,2026-08-24T19:00:00Z,2,3,1,90,0,0,0,3,0,0,0,0,0,0,0,7,32.8,21.3,0.0,5.4,1,0.00,0.03,0.03,2.24,9,3,1,10,45,1787,0,0,0,1
Tete,DEF,Fulham,256,10,6,0,True,2026-08-24T19:00:00Z,2,3,1,0,0,0,0,0,0,0,0,0,0,0,0,0,0.0,0.0,0.0,0.0,0,0.00,0.00,0.00,0.00,0,0,0,0,45,24681,0,0,0,1
Bassey,DEF,Fulham,257,10,6,0,True,2026-08-24T19:00:00Z,2,3,1,90,0,0,0,3,0,0,0,1,0,0,0,1,13.8,3.8,2.0,2.0,1,0.02,0.02,0.04,2.24,3,4,1,4,45,64737,0,0,0,1
Castagne,DEF,Fulham,258,10,6,6,True,2026-08-24T19:00:00Z,2,3,1,90,0,2,0,3,0,0,0,1,0,0,0,21,38.0,27.8,23.0,8.9,1,0.09,0.18,0.27,2.24,5,4,1,6,45,26346,0,0,0,1
Iwobi,MID,Fulham,261,10,6,2,True,2026-08-24T19:00:00Z,2,3,1,90,0,0,0,3,0,0,0,0,0,0,0,17,12.4,11.3,0.0,2.4,1,0.00,0.04,0.04,2.24,3,6,1,10,55,88413,0,0,0,1
Smith Rowe,MID,Fulham,262,10,6,0,True,2026-08-24T19:00:00Z,2,3,1,0,0,0,0,0,0,0,0,0,0,0,0,0,0.0,0.0,0.0,0.0,0,0.00,0.00,0.00,0.00,0,0,0,0,55,35036,0,0,0,1
Kevin,MID,Fulham,263,10,6,1,True,2026-08-24T19:00:00Z,2,3,1,17,0,0,0,0,0,0,0,0,0,0,0,2,5.2,1.9,0.0,0.7,0,0.00,0.01,0.01,0.03,0,1,2,3,55,5144,0,0,0,1
Bobb,MID,Fulham,264,10,6,2,True,2026-08-24T19:00:00Z,2,3,1,66,0,0,0,3,0,0,0,0,0,0,0,10,9.8,13.8,6.0,3.0,1,0.00,0.26,0.26,2.21,1,2,3,6,55,26829,0,0,0,1
Berge,MID,Fulham,265,10,6,2,True,2026-08-24T19:00:00Z,2,3,1,72,0,0,0,3,0,0,0,0,0,0,0,14,13.6,23.1,7.0,4.4,1,0.03,0.03,0.06,2.21,1,2,1,4,50,38470,0,0,0,1
Cairney,MID,Fulham,266,10,6,0,True,2026-08-24T19:00:00Z,2,3,1,0,0,0,0,0,0,0,0,0,0,0,0,0,0.0,0.0,0.0,0.0,0,0.00,0.00,0.00,0.00,0,0,0,0,50,464,0,0,0,1
King,MID,Fulham,268,10,6,7,True,2026-08-24T19:00:00Z,2,3,1,90,1,0,0,3,0,0,0,0,0,0,0,34,41.6,15.6,41.0,9.8,1,0.17,0.04,0.21,2.24,2,4,2,8,55,14215,0,0,0,1
Sessegnon,DEF,Fulham,269,10,6,1,True,2026-08-24T19:00:00Z,2,3,1,17,0,0,0,0,0,0,0,0,0,0,0,7,6.6,0.5,19.0,2.6,0,0.03,0.00,0.03,0.03,1,1,0,1,45,39784,0,0,0,1
Reed,MID,Fulham,270,10,6,0,True,2026-08-24T19:00:00Z,2,3,1,0,0,0,0,0,0,0,0,0,0,0,0,0,0.0,0.0,0.0,0.0,0,0.00,0.00,0.00,0.00,0,0,0,0,45,139875,0,0,0,1
Muniz,FWD,Fulham,271,10,6,1,True,2026-08-24T19:00:00Z,2,3,1,8,0,0,0,0,0,0,0,0,0,0,0,6,6.0,11.5,7.0,2.5,0,0.02,0.00,0.02,0.03,1,0,0,1,55,52452,0,0,0,1
Kusi-Asare,FWD,Fulham,272,10,6,0,True,2026-08-24T19:00:00Z,2,3,1,0,0,0,0,0,0,0,0,0,0,0,0,0,0.0,0.0,0.0,0.0,0,0.00,0.00,0.00,0.00,0,0,0,0,45,669004,0,0,0,1
Penders,GK,Chelsea,560,10,10,0,False,2026-08-24T19:00:00Z,2,3,1,0,0,0,0,0,0,0,0,0,0,0,0,0,0.0,0.0,0.0,0.0,0,0.00,0.00,0.00,0.00,0,0,0,0,45,6087,0,0,0,1
Anselmino,DEF,Chelsea,561,10,10,0,False,2026-08-24T19:00:00Z,2,3,1,0,0,0,0,0,0,0,0,0,0,0,0,0,0.0,0.0,0.0,0.0,0,0.00,0.00,0.00,0.00,0,0,0,0,45,1770,0,0,0,1
Barco,MID,Chelsea,568,10,10,0,False,2026-08-24T19:00:00Z,2,3,1,0,0,0,0,0,0,0,0,0,0,0,0,0,0.0,0.0,0.0,0.0,0,0.00,0.00,0.00,0.00,0,0,0,0,55,12041,0,0,0,1
Gonzalo,FWD,Fulham,569,10,6,6,True,2026-08-24T19:00:00Z,2,3,1,90,1,0,0,3,0,0,0,0,0,0,0,33,37.2,4.3,40.0,8.2,1,0.73,0.01,0.74,2.24,0,1,1,2,60,180799,0,0,0,1
Palacios,MID,Fulham,570,10,6,2,True,2026-08-24T19:00:00Z,2,3,1,72,0,0,0,3,0,0,0,0,0,0,0,10,2.8,7.3,8.0,1.8,1,0.16,0.01,0.17,2.21,0,2,2,4,55,18267,0,0,0,1
Mudryk,MID,Spurs,578,10,10,0,False,2026-08-24T19:00:00Z,2,3,1,0,0,0,0,0,0,0,0,0,0,0,0,0,0.0,0.0,0.0,0.0,0,0.00,0.00,0.00,0.00,0,0,0,0,55,3847,0,0,0,1
Charles,MID,Fulham,580,10,6,1,True,2026-08-24T19:00:00Z,2,3,1,23,0,0,0,0,0,0,0,0,0,0,0,5,3.4,1.3,0.0,0.5,0,0.00,0.00,0.00,0.03,0,2,1,3,50,8110,0,0,0,1
Chavarria,DEF,Chelsea,583,10,10,1,False,2026-08-24T19:00:00Z,2,3,1,25,0,0,0,0,0,0,0,0,0,0,0,3,2.4,0.2,2.0,0.5,0,0.00,0.00,0.00,0.28,1,1,0,1,50,17073,0,0,0,1
De Fougerolles,DEF,Fulham,610,10,6,0,True,2026-08-24T19:00:00Z,2,3,1,0,0,0,0,0,0,0,0,0,0,0,0,0,0.0,0.0,0.0,0.0,0,0.00,0.00,0.00,0.00,0,0,0,0,40,0,0,0,0,1
Guessand,MID,Crystal Palace,42,11,15,1,True,2026-08-28T19:00:00Z,1,4,2,27,0,0,0,1,0,0,0,0,0,0,0,3,2.2,0.3,0.0,0.3,0,0.00,0.01,0.01,0.20,1,0,0,1,55,4594,-140,483,623,2
Disasi,DEF,Crystal Palace,153,11,15,1,True,2026-08-28T19:00:00Z,1,4,2,16,0,0,0,1,0,0,0,0,0,0,0,-2,1.2,0.0,0.0,0.1,0,0.00,0.00,0.00,0.20,0,1,1,1,45,6037,-323,525,848,2
Henderson,GK,Crystal Palace,198,11,15,1,True,2026-08-28T19:00:00Z,1,4,2,90,0,0,0,4,0,0,0,0,0,4,0,4,30.2,0.0,0.0,3.0,1,0.00,0.00,0.00,2.21,2,11,0,0,50,182716,-7870,5904,13774,2
Benitez,GK,Crystal Palace,199,11,15,0,True,2026-08-28T19:00:00Z,1,4,2,0,0,0,0,0,0,0,0,0,0,0,0,0,0.0,0.0,0.0,0.0,0,0.00,0.00,0.00,0.00,0,0,0,0,45,11403,-908,468,1376,2
Muñoz,DEF,Nott'm Forest,201,11,15,0,True,2026-08-28T19:00:00Z,1,4,2,0,0,0,0,0,0,0,0,0,0,0,0,0,0.0,0.0,0.0,0.0,0,0.00,0.00,0.00,0.00,0,0,0,0,55,815530,-109781,15645,125426,2
Richards,DEF,Crystal Palace,202,11,15,0,True,2026-08-28T19:00:00Z,1,4,2,90,0,0,0,4,0,0,0,0,0,0,0,-4,15.0,0.1,17.0,3.2,1,0.04,0.00,0.04,2.21,4,2,2,6,50,71981,-2246,4208,6454,2
Canvot,DEF,Crystal Palace,203,11,15,0,True,2026-08-28T19:00:00Z,1,4,2,90,0,0,0,4,0,0,0,0,0,0,0,-1,22.8,0.5,0.0,2.3,1,0.00,0.00,0.00,2.21,6,1,1,7,50,29914,-3200,821,4021,2
Mitchell,DEF,Crystal Palace,204,11,15,0,True,2026-08-28T19:00:00Z,1,4,2,90,0,0,0,4,0,0,0,0,0,0,0,-8,11.6,21.6,7.0,4.0,1,0.11,0.16,0.27,2.21,3,1,2,5,45,548942,-44374,5965,50339,2
Sosa,DEF,Crystal Palace,205,11,15,0,True,2026-08-28T19:00:00Z,1,4,2,0,0,0,0,0,0,0,0,0,0,0,0,0,0.0,0.0,0.0,0.0,0,0.00,0.00,0.00,0.00,0,0,0,0,45,3040,-226,126,352,2
Chadi Riad,DEF,Crystal Palace,206,11,15,0,True,2026-08-28T19:00:00Z,1,4,2,0,0,0,0,0,0,0,0,0,0,0,0,0,0.0,0.0,0.0,0.0,0,0.00,0.00,0.00,0.00,0,0,0,0,45,4410,-2523,320,2843,2
Mingueza,DEF,Crystal Palace,207,11,15,1,True,2026-08-28T19:00:00Z,1,4,2,15,0,0,0,1,0,0,0,0,0,0,0,1,2.2,0.1,0.0,0.2,0,0.00,0.00,0.00,0.20,0,0,1,1,45,7384,-1081,199,1280,2
Sarr,MID,Crystal Palace,208,11,15,0,True,2026-08-28T19:00:00Z,1,4,2,0,0,0,0,0,0,0,0,0,0,0,0,0,0.0,0.0,0.0,0.0,0,0.00,0.00,0.00,0.00,0,0,0,0,64,227391,-204476,2102,206578,2
Wharton,MID,Crystal Palace,210,11,15,2,True,2026-08-28T19:00:00Z,1,4,2,90,0,0,0,4,0,0,0,0,0,0,0,21,16.2,24.7,0.0,4.1,1,0.00,0.07,0.07,2.21,0,3,4,7,55,88998,-1090,6710,7800,2
Yeremy,MID,Crystal Palace,211,11,15,5,True,2026-08-28T19:00:00Z,1,4,2,67,0,1,0,3,0,0,0,0,0,0,0,27,10.8,34.2,9.0,5.4,1,0.05,0.07,0.12,2.01,2,6,2,10,55,18326,-2144,314,2458,2
Hughes,MID,Crystal Palace,212,11,15,0,True,2026-08-28T19:00:00Z,1,4,2,0,0,0,0,0,0,0,0,0,0,0,0,0,0.0,0.0,0.0,0.0,0,0.00,0.00,0.00,0.00,0,0,0,0,45,1064673,-69998,20182,90180,2
Lerma,MID,Crystal Palace,213,11,15,0,True,2026-08-28T19:00:00Z,1,4,2,0,0,0,0,0,0,0,0,0,0,0,0,0,0.0,0.0,0.0,0.0,0,0.00,0.00,0.00,0.00,0,0,0,0,50,10302,-1246,204,1450,2
Kamada,MID,Crystal Palace,214,11,15,2,True,2026-08-28T19:00:00Z,1,4,2,90,0,0,0,4,0,0,0,0,0,0,0,21,17.6,2.8,7.0,2.7,1,0.05,0.02,0.07,2.21,1,2,6,9,50,27191,-1150,1944,3094,2
Devenny,MID,Crystal Palace,215,11,15,0,True,2026-08-28T19:00:00Z,1,4,2,0,0,0,0,0,0,0,0,0,0,0,0,0,0.0,0.0,0.0,0.0,0,0.00,0.00,0.00,0.00,0,0,0,0,50,1141,-107,69,176,2
Esse,MID,Crystal Palace,216,11,15,0,True,2026-08-28T19:00:00Z,1,4,2,0,0,0,0,0,0,0,0,0,0,0,0,0,0.0,0.0,0.0,0.0,0,0.00,0.00,0.00,0.00,0,0,0,0,50,3956,-379,211,590,2
M.França,MID,Crystal Palace,217,11,15,0,True,2026-08-28T19:00:00Z,1,4,2,0,0,0,0,0,0,0,0,0,0,0,0,0,0.0,0.0,0.0,0.0,0,0.00,0.00,0.00,0.00,0,0,0,0,50,2546,-697,17,714,2
Doucouré,MID,Crystal Palace,218,11,15,0,True,2026-08-28T19:00:00Z,1,4,2,0,0,0,0,0,0,0,0,0,0,0,0,0,0.0,0.0,0.0,0.0,0,0.00,0.00,0.00,0.00,0,0,0,0,50,6115,-811,248,1059,2
J.Rak-Sakyi,MID,Crystal Palace,219,11,15,0,True,2026-08-28T19:00:00Z,1,4,2,0,0,0,0,0,0,0,0,0,0,0,0,0,0.0,0.0,0.0,0.0,0,0.00,0.00,0.00,0.00,0,0,0,0,50,578,-51,39,90,2
Cardines,DEF,Crystal Palace,220,11,15,0,True,2026-08-28T19:00:00Z,1,4,2,0,0,0,0,0,0,0,0,0,0,0,0,0,0.0,0.0,0.0,0.0,0,0.00,0.00,0.00,0.00,0,0,0,0,45,187,-65,0,65,2
Drakes-Thomas,MID,Crystal Palace,221,11,15,0,True,2026-08-28T19:00:00Z,1,4,2,0,0,0,0,0,0,0,0,0,0,0,0,0,0.0,0.0,0.0,0.0,0,0.00,0.00,0.00,0.00,0,0,0,0,45,8204,-589,399,988,2
Strand Larsen,FWD,Crystal Palace,222,11,15,2,True,2026-08-28T19:00:00Z,1,4,2,62,0,0,0,3,0,0,0,0,0,0,0,13,5.2,0.3,4.0,1.0,1,0.05,0.00,0.05,2.01,2,1,1,4,60,50504,-6261,1510,7771,2
Mateta,FWD,Crystal Palace,223,11,15,0,True,2026-08-28T19:00:00Z,1,4,2,0,0,0,0,0,0,0,0,0,0,0,0,0,0.0,0.0,0.0,0.0,0,0.00,0.00,0.00,0.00,0,0,0,0,65,510630,-48482,23951,72433,2
Nketiah,FWD,Crystal Palace,224,11,15,2,True,2026-08-28T19:00:00Z,1,4,2,67,0,0,0,3,0,0,0,0,0,0,0,8,2.6,10.6,8.0,2.1,1,0.36,0.00,0.36,2.01,1,3,2,6,55,47953,-2517,3263,5780,2
Uche,FWD,Crystal Palace,225,11,15,0,True,2026-08-28T19:00:00Z,1,4,2,0,0,0,0,0,0,0,0,0,0,0,0,0,0.0,0.0,0.0,0.0,0,0.00,0.00,0.00,0.00,0,0,0,0,50,0,0,0,0,2
Grealish,MID,Everton,238,11,8,0,False,2026-08-28T19:00:00Z,1,4,2,0,0,0,0,0,0,0,0,0,0,0,0,0,0.0,0.0,0.0,0.0,0,0.00,0.00,0.00,0.00,0,0,0,0,65,21085,-1201,1202,2403,2
McNeil,MID,Crystal Palace,241,11,15,1,True,2026-08-28T19:00:00Z,1,4,2,22,0,0,0,1,0,0,0,0,0,0,0,2,0.4,0.3,0.0,0.1,0,0.00,0.00,0.00,0.20,1,1,0,2,55,16698,-1356,472,1828,2
Donnarumma,GK,Man City,384,11,8,0,False,2026-08-28T19:00:00Z,1,4,2,90,0,0,0,1,1,0,0,0,0,1,0,5,6.8,0.0,0.0,0.7,1,0.00,0.00,0.00,0.66,0,8,0,0,55,828113,-10944,34008,44952,2
Bettinelli,GK,Man City,386,11,8,0,False,2026-08-28T19:00:00Z,1,4,2,0,0,0,0,0,0,0,0,0,0,0,0,0,0.0,0.0,0.0,0.0,0,0.00,0.00,0.00,0.00,0,0,0,0,45,2853,-101,135,236,2
O'Reilly,DEF,Man City,387,11,8,2,False,2026-08-28T19:00:00Z,1,4,2,88,0,0,0,1,0,0,0,0,0,0,0,11,3.6,7.8,5.0,1.6,1,0.02,0.02,0.04,0.66,0,2,1,1,65,2068744,-38546,68784,107330,2
Guéhi,DEF,Man City,388,11,8,2,False,2026-08-28T19:00:00Z,1,4,2,90,0,0,0,1,0,0,0,0,0,0,0,12,24.2,15.8,0.0,4.0,1,0.00,0.04,0.04,0.66,5,4,0,5,60,1952448,140987,182745,41758,2
Matheus N.,DEF,Man City,389,11,8,0,False,2026-08-28T19:00:00Z,1,4,2,0,0,0,0,0,0,0,0,0,0,0,0,0,0.0,0.0,0.0,0.0,0,0.00,0.00,0.00,0.00,0,0,0,0,60,142089,-14462,3031,17493,2
Rúben,DEF,Man City,390,11,8,2,False,2026-08-28T19:00:00Z,1,4,2,90,0,0,0,1,0,0,0,0,0,0,0,19,27.0,22.3,35.0,8.4,1,0.09,0.57,0.66,0.66,5,6,1,6,55,176387,-2699,9858,12557,2
Gvardiol,DEF,Man City,391,11,8,5,False,2026-08-28T19:00:00Z,1,4,2,74,0,1,0,1,0,0,0,0,0,0,0,18,27.6,30.8,2.0,6.0,1,0.00,0.04,0.04,0.66,1,0,1,2,55,1383738,193061,228418,35357,2
Aït-Nouri,DEF,Man City,392,11,8,0,False,2026-08-28T19:00:00Z,1,4,2,0,0,0,0,0,0,0,0,0,0,0,0,0,0.0,0.0,0.0,0.0,0,0.00,0.00,0.00,0.00,0,0,0,0,55,77633,-14163,2616,16779,2
Khusanov,DEF,Man City,393,11,8,2,False,2026-08-28T19:00:00Z,1,4,2,88,0,0,0,1,0,0,0,0,0,0,0,17,21.0,5.3,4.0,3.0,1,0.00,0.02,0.02,0.66,3,3,4,7,55,170855,-8451,6086,14537,2
Alleyne,DEF,Man City,394,11,8,0,False,2026-08-28T19:00:00Z,1,4,2,0,0,0,0,0,0,0,0,0,0,0,0,0,0.0,0.0,0.0,0.0,0,0.00,0.00,0.00,0.00,0,0,0,0,50,720,-357,0,357,2
Lewis,DEF,Man City,395,11,8,0,False,2026-08-28T19:00:00Z,1,4,2,0,0,0,0,0,0,0,0,0,0,0,0,0,0.0,0.0,0.0,0.0,0,0.00,0.00,0.00,0.00,0,0,0,0,45,25045,1097,3620,2523,2
Vitor Reis,DEF,Man City,396,11,8,1,False,2026-08-28T19:00:00Z,1,4,2,1,0,0,0,0,0,0,0,0,0,0,0,3,1.2,0.9,0.0,0.2,0,0.00,0.00,0.00,0.00,0,0,0,0,45,2034,-138,102,240,2
Semenyo,MID,Man City,397,11,8,5,False,2026-08-28T19:00:00Z,1,4,2,90,0,1,0,1,0,0,0,0,0,0,0,33,29.2,43.0,40.0,11.2,1,0.06,0.57,0.63,0.66,0,2,1,3,85,2377196,-124110,49100,173210,2
Foden,MID,Man City,398,11,8,9,False,2026-08-28T19:00:00Z,1,4,2,90,0,2,0,1,0,0,0,0,0,0,1,38,42.8,45.8,17.0,10.6,1,0.87,0.45,1.32,0.66,2,4,1,7,70,400716,-26374,20147,46521,2
Cherki,MID,Man City,399,11,8,14,False,2026-08-28T19:00:00Z,1,4,2,81,2,0,0,1,0,0,0,1,0,0,3,60,74.8,47.8,49.0,17.2,1,0.35,0.55,0.90,0.66,0,3,0,3,75,1073154,161916,203318,41402,2
Doku,MID,Man City,400,11,8,0,False,2026-08-28T19:00:00Z,1,4,2,0,0,0,0,0,0,0,0,0,0,0,0,0,0.0,0.0,0.0,0.0,0,0.00,0.00,0.00,0.00,0,0,0,0,75,122950,-69521,494,70015,2
Rodrigo,MID,Man City,402,11,8,0,False,2026-08-28T19:00:00Z,1,4,2,0,0,0,0,0,0,0,0,0,0,0,0,0,0.0,0.0,0.0,0.0,0,0.00,0.00,0.00,0.00,0,0,0,0,65,1526,-796,0,796,2
Reijnders,MID,Man City,404,11,8,0,False,2026-08-28T19:00:00Z,1,4,2,0,0,0,0,0,0,0,0,0,0,0,0,0,0.0,0.0,0.0,0.0,0,0.00,0.00,0.00,0.00,0,0,0,0,60,5966,-5624,0,5624,2
Kovačić,MID,Man City,406,11,8,1,False,2026-08-28T19:00:00Z,1,4,2,15,0,0,0,0,0,0,0,0,0,0,0,9,2.0,3.1,0.0,0.5,0,0.00,0.01,0.01,0.00,0,0,0,0,55,8589,-460,829,1289,2
Echeverri,MID,Man City,407,11,8,0,False,2026-08-28T19:00:00Z,1,4,2,0,0,0,0,0,0,0,0,0,0,0,0,0,0.0,0.0,0.0,0.0,0,0.00,0.00,0.00,0.00,0,0,0,0,50,1653,-204,93,297,2
Phillips,MID,Man City,408,11,8,0,False,2026-08-28T19:00:00Z,1,4,2,0,0,0,0,0,0,0,0,0,0,0,0,0,0.0,0.0,0.0,0.0,0,0.00,0.00,0.00,0.00,0,0,0,0,50,762,-305,0,305,2
Mukasa,MID,Man City,409,11,8,0,False,2026-08-28T19:00:00Z,1,4,2,0,0,0,0,0,0,0,0,0,0,0,0,0,0.0,0.0,0.0,0.0,0,0.00,0.00,0.00,0.00,0,0,0,0,45,17482,-1559,927,2486,2
Monga,MID,Man City,410,11,8,0,False,2026-08-28T19:00:00Z,1,4,2,0,0,0,0,0,0,0,0,0,0,0,0,0,0.0,0.0,0.0,0.0,0,0.00,0.00,0.00,0.00,0,0,0,0,50,1523,-207,76,283,2
Haaland,FWD,Man City,411,11,8,13,False,2026-08-28T19:00:00Z,1,4,2,90,2,0,0,1,0,0,0,0,0,0,3,60,69.0,0.1,51.0,12.0,1,0.66,0.00,0.66,0.66,3,2,0,5,155,6731685,-34247,69605,103852,2
Anderson,MID,Man City,481,11,8,3,False,2026-08-28T19:00:00Z,1,4,2,81,0,0,0,1,0,0,0,1,0,0,0,25,25.0,20.2,13.0,5.8,1,0.07,0.22,0.29,0.66,4,5,5,14,64,597491,-143069,10236,153305,2
Matthews,GK,Crystal Palace,555,11,15,0,True,2026-08-28T19:00:00Z,1,4,2,0,0,0,0,0,0,0,0,0,0,0,0,0,0.0,0.0,0.0,0.0,0,0.00,0.00,0.00,0.00,0,0,0,0,40,183203,-290,5945,6235,2
Tomiyasu,DEF,Crystal Palace,577,11,15,1,True,2026-08-28T19:00:00Z,1,4,2,73,0,0,0,3,0,0,0,0,0,0,0,-3,12.6,1.3,2.0,1.6,1,0.00,0.00,0.00,2.01,7,3,1,8,45,34647,-1838,829,2667,2
Rulli,GK,Man City,587,11,8,0,False,2026-08-28T19:00:00Z,1,4,2,0,0,0,0,0,0,0,0,0,0,0,0,0,0.0,0.0,0.0,0.0,0,0.00,0.00,0.00,0.00,0,0,0,0,50,2020,-130,94,224,2
Khalaili,DEF,Crystal Palace,588,11,15,2,True,2026-08-28T19:00:00Z,1,4,2,74,0,0,0,3,0,0,0,1,0,0,0,9,26.4,1.5,3.0,3.1,1,0.02,0.00,0.02,2.01,4,5,10,14,50,10199,-365,462,827,2
Gozo,MID,Crystal Palace,595,11,15,1,True,2026-08-28T19:00:00Z,1,4,2,22,0,0,0,1,0,0,0,0,0,0,0,3,1.4,1.3,0.0,0.3,0,0.00,0.00,0.00,0.20,0,0,1,1,50,1414,-72,101,173,2
Bouaddi,MID,Man City,616,11,8,1,False,2026-08-28T19:00:00Z,1,4,2,8,0,0,0,0,0,0,0,0,0,0,0,3,1.8,4.3,0.0,0.6,0,0.00,0.12,0.12,0.00,1,0,0,1,55,4327,2706,3055,349,2
McAidoo,MID,Man City,621,11,8,1,False,2026-08-28T19:00:00Z,1,4,2,8,0,0,0,0,0,0,0,0,0,0,0,3,0.0,0.5,1.0,0.1,0,0.10,0.00,0.10,0.00,0,0,0,0,45,0,0,0,0,2
Braithwaite,DEF,Man City,622,11,8,1,False,2026-08-28T19:00:00Z,1,4,2,1,0,0,0,0,0,0,0,0,0,0,0,3,0.6,0.8,0.0,0.1,0,0.00,0.00,0.00,0.00,0,1,0,0,40,0,0,0,0,2
Nørgaard,MID,Everton,21,12,3,0,False,2026-08-29T14:00:00Z,1,1,2,0,0,0,0,0,0,0,0,0,0,0,0,0,0.0,0.0,0.0,0.0,0,0.00,0.00,0.00,0.00,0,0,0,0,50,8315,-2764,102,2866,2
Petrović,GK,Bournemouth,57,12,9,3,True,2026-08-29T14:00:00Z,1,1,2,90,0,0,0,1,0,0,0,0,0,5,0,20,33.8,0.0,0.0,3.4,1,0.00,0.00,0.00,1.84,3,8,0,0,45,332768,11325,25378,14053,2
Forster,GK,Bournemouth,58,12,9,0,True,2026-08-29T14:00:00Z,1,1,2,0,0,0,0,0,0,0,0,0,0,0,0,0,0.0,0.0,0.0,0.0,0,0.00,0.00,0.00,0.00,0,0,0,0,40,317899,-1091,9562,10653,2
Dennis,GK,Bournemouth,59,12,9,0,True,2026-08-29T14:00:00Z,1,1,2,0,0,0,0,0,0,0,0,0,0,0,0,0,0.0,0.0,0.0,0.0,0,0.00,0.00,0.00,0.00,0,0,0,0,40,18847,-384,1133,1517,2
Hill,DEF,Bournemouth,60,12,9,4,True,2026-08-29T14:00:00Z,1,1,2,90,0,0,0,1,0,0,0,0,0,0,0,19,25.6,21.0,4.0,5.1,1,0.00,0.74,0.74,1.84,9,3,3,12,55,89428,2412,9153,6741,2
Truffert,DEF,Bournemouth,61,12,9,4,True,2026-08-29T14:00:00Z,1,1,2,90,0,0,0,1,0,0,0,0,0,0,2,27,27.8,23.7,4.0,5.6,1,0.00,0.07,0.07,1.84,7,6,2,9,55,417325,-5220,20601,25821,2
Diakité,DEF,Bournemouth,62,12,9,0,True,2026-08-29T14:00:00Z,1,1,2,0,0,0,0,0,0,0,0,0,0,0,0,0,0.0,0.0,0.0,0.0,0,0.00,0.00,0.00,0.00,0,0,0,0,50,19940,401,2722,2321,2
Milosavljević,DEF,Bournemouth,63,12,9,0,True,2026-08-29T14:00:00Z,1,1,2,0,0,0,0,0,0,0,0,0,0,0,0,0,0.0,0.0,0.0,0.0,0,0.00,0.00,0.00,0.00,0,0,0,0,50,1026,-222,74,296,2
Smith,DEF,Bournemouth,64,12,9,1,True,2026-08-29T14:00:00Z,1,1,2,90,0,0,0,1,0,0,0,1,0,0,0,5,15.6,15.7,0.0,3.1,1,0.00,0.02,0.02,1.84,4,0,2,6,45,13789,1827,2845,1018,2
J.Araujo,DEF,Bournemouth,65,12,9,0,True,2026-08-29T14:00:00Z,1,1,2,0,0,0,0,0,0,0,0,0,0,0,0,0,0.0,0.0,0.0,0.0,0,0.00,0.00,0.00,0.00,0,0,0,0,45,1571,-418,88,506,2
Soler,DEF,Bournemouth,66,12,9,0,True,2026-08-29T14:00:00Z,1,1,2,0,0,0,0,0,0,0,0,0,0,0,0,0,0.0,0.0,0.0,0.0,0,0.00,0.00,0.00,0.00,0,0,0,0,40,18565,-2011,416,2427,2
Rayan,MID,Bournemouth,67,12,9,2,True,2026-08-29T14:00:00Z,1,1,2,90,0,0,0,1,0,0,0,0,0,0,0,4,8.6,3.5,44.0,5.6,1,0.40,0.02,0.42,1.84,1,3,1,5,65,276541,1501,23680,22179,2
Tavernier,MID,Bournemouth,68,12,9,1,True,2026-08-29T14:00:00Z,1,1,2,90,0,0,0,1,0,0,0,1,0,0,0,20,15.0,38.3,11.0,6.4,1,0.09,0.21,0.30,1.84,1,6,4,11,60,254437,74776,87207,12431,2
Scott,MID,Bournemouth,69,12,9,12,True,2026-08-29T14:00:00Z,1,1,2,86,1,0,1,0,0,0,0,1,0,0,3,39,47.6,32.1,21.0,10.1,1,0.26,0.27,0.53,1.71,3,9,3,15,60,145926,-4366,8520,12886,2
Kluivert,MID,Bournemouth,70,12,9,3,True,2026-08-29T14:00:00Z,1,1,2,80,0,0,1,0,0,0,0,0,0,0,0,12,11.2,26.9,57.0,9.5,1,0.61,0.05,0.66,1.67,0,5,0,5,60,123176,6731,16321,9590,2
Cook,MID,Bournemouth,71,12,9,3,True,2026-08-29T14:00:00Z,1,1,2,68,0,0,1,0,0,0,0,0,0,0,0,13,3.8,12.8,0.0,1.7,1,0.00,0.01,0.01,1.67,0,2,0,2,50,18237,1552,3259,1707,2
Gannon-Doak,MID,Bournemouth,72,12,9,0,True,2026-08-29T14:00:00Z,1,1,2,0,0,0,0,0,0,0,0,0,0,0,0,0,0.0,0.0,0.0,0.0,0,0.00,0.00,0.00,0.00,0,0,0,0,50,8171,-468,365,833,2
Adams,MID,Bournemouth,73,12,9,1,True,2026-08-29T14:00:00Z,1,1,2,21,0,0,0,1,0,0,0,0,0,0,0,4,1.6,1.3,0.0,0.3,0,0.00,0.00,0.00,0.16,0,3,0,3,50,22708,177,3032,2855,2
Brooks,MID,Bournemouth,74,12,9,1,True,2026-08-29T14:00:00Z,1,1,2,9,0,0,0,1,0,0,0,0,0,0,0,3,0.0,1.6,0.0,0.1,0,0.00,0.01,0.01,0.16,0,0,0,0,50,5133,-93,602,695,2
Christie,MID,Bournemouth,75,12,9,1,True,2026-08-29T14:00:00Z,1,1,2,3,0,0,0,1,0,0,0,0,0,0,0,5,2.8,0.3,0.0,0.3,0,0.00,0.00,0.00,0.13,0,1,1,2,50,1962,364,560,196,2
Tóth.A,MID,Bournemouth,76,12,9,0,True,2026-08-29T14:00:00Z,1,1,2,0,0,0,0,0,0,0,0,0,0,0,0,0,0.0,0.0,0.0,0.0,0,0.00,0.00,0.00,0.00,0,0,0,0,50,1576,-46,100,146,2
Adli,MID,Bournemouth,77,12,9,0,True,2026-08-29T14:00:00Z,1,1,2,0,0,0,0,0,0,0,0,0,0,0,0,0,0.0,0.0,0.0,0.0,0,0.00,0.00,0.00,0.00,0,0,0,0,50,2226,-922,54,976,2
Kroupi.Jr,MID,Bournemouth,78,12,9,0,True,2026-08-29T14:00:00Z,1,1,2,0,0,0,0,0,0,0,0,0,0,0,0,0,0.0,0.0,0.0,0.0,0,0.00,0.00,0.00,0.00,0,0,0,0,75,30734,-12946,462,13408,2
Evanilson,FWD,Bournemouth,79,12,9,5,True,2026-08-29T14:00:00Z,1,1,2,80,0,1,1,0,0,0,0,0,0,0,0,11,15.0,22.2,22.0,5.9,1,0.58,0.04,0.62,1.67,1,2,0,3,60,300527,53599,72625,19026,2
Enes Ünal,FWD,Bournemouth,80,12,9,0,True,2026-08-29T14:00:00Z,1,1,2,0,0,0,0,0,0,0,0,0,0,0,0,0,0.0,0.0,0.0,0.0,0,0.00,0.00,0.00,0.00,0,0,0,0,55,2487,-1070,0,1070,2
Rodríguez,FWD,Bournemouth,81,12,9,1,True,2026-08-29T14:00:00Z,1,1,2,9,0,0,0,1,0,0,0,0,0,0,0,4,0.0,0.0,0.0,0.0,0,0.00,0.00,0.00,0.16,0,1,0,1,60,11569,-182,1000,1182,2
Johnson,MID,Everton,209,12,3,1,False,2026-08-29T14:00:00Z,1,1,2,28,0,0,0,0,0,0,0,0,0,0,0,1,1.2,0.0,0.0,0.1,0,0.00,0.00,0.00,1.58,0,1,1,2,60,15402,-1848,732,2580,2
Pickford,GK,Everton,226,12,3,3,False,2026-08-29T14:00:00Z,1,1,2,90,0,0,0,1,0,0,0,0,0,4,0,22,31.6,0.0,0.0,3.2,1,0.00,0.00,0.00,2.16,4,11,0,0,55,878157,35349,63539,28190,2
Travers,GK,Everton,227,12,3,0,False,2026-08-29T14:00:00Z,1,1,2,0,0,0,0,0,0,0,0,0,0,0,0,0,0.0,0.0,0.0,0.0,0,0.00,0.00,0.00,0.00,0,0,0,0,50,3593,-113,290,403,2
King,GK,Everton,228,12,3,0,False,2026-08-29T14:00:00Z,1,1,2,0,0,0,0,0,0,0,0,0,0,0,0,0,0.0,0.0,0.0,0.0,0,0.00,0.00,0.00,0.00,0,0,0,0,45,4235,-136,243,379,2
Tarkowski,DEF,Everton,229,12,3,12,False,2026-08-29T14:00:00Z,1,1,2,90,1,0,0,1,0,0,0,0,0,0,2,27,54.8,11.3,19.0,8.5,1,0.10,0.01,0.11,2.16,9,3,1,10,60,861719,5670,42736,37066,2
Branthwaite,DEF,Everton,230,12,3,4,False,2026-08-29T14:00:00Z,1,1,2,90,0,0,0,1,0,0,0,0,0,0,0,6,22.6,1.5,33.0,5.7,1,0.09,0.01,0.10,2.16,11,3,1,12,55,183710,10185,19103,8918,2
Keane,DEF,Everton,231,12,3,0,False,2026-08-29T14:00:00Z,1,1,2,0,0,0,0,0,0,0,0,0,0,0,0,0,0.0,0.0,0.0,0.0,0,0.00,0.00,0.00,0.00,0,0,0,0,50,136213,-21625,3260,24885,2
O'Brien,DEF,Everton,232,12,3,0,False,2026-08-29T14:00:00Z,1,1,2,0,0,0,0,0,0,0,0,0,0,0,0,0,0.0,0.0,0.0,0.0,0,0.00,0.00,0.00,0.00,0,0,0,0,50,42208,-6326,1403,7729,2
Mykolenko,DEF,Everton,233,12,3,4,False,2026-08-29T14:00:00Z,1,1,2,90,0,0,0,1,0,0,0,0,0,0,0,7,36.8,1.0,0.0,3.8,1,0.00,0.01,0.01,2.16,11,7,1,12,45,164056,12714,21784,9070,2
Patterson,DEF,Everton,234,12,3,0,False,2026-08-29T14:00:00Z,1,1,2,0,0,0,0,0,0,0,0,0,0,0,0,0,0.0,0.0,0.0,0.0,0,0.00,0.00,0.00,0.00,0,0,0,0,45,3302,-162,207,369,2
Aznou,DEF,Everton,235,12,3,0,False,2026-08-29T14:00:00Z,1,1,2,0,0,0,0,0,0,0,0,0,0,0,0,0,0.0,0.0,0.0,0.0,0,0.00,0.00,0.00,0.00,0,0,0,0,40,18113,-679,1009,1688,2
Dewsbury-Hall,MID,Everton,236,12,3,2,False,2026-08-29T14:00:00Z,1,1,2,90,0,0,0,1,0,0,0,0,0,0,0,24,19.4,52.3,9.0,8.1,1,0.06,0.16,0.22,2.16,0,7,3,10,65,473030,105696,132647,26951,2
Ndiaye,MID,Man City,237,12,3,4,False,2026-08-29T14:00:00Z,1,1,2,90,0,0,0,1,0,0,0,0,0,0,0,16,12.6,14.5,10.0,3.7,1,0.02,0.07,0.09,2.16,5,7,1,13,60,1595715,62668,122688,60020,2
Garner,MID,Everton,239,12,3,1,False,2026-08-29T14:00:00Z,1,1,2,61,0,0,0,1,0,0,0,1,0,0,0,9,3.4,1.1,0.0,0.5,1,0.00,0.00,0.00,0.58,0,7,3,10,60,13621,-116,1533,1649,2
Iroegbunam,MID,Hull City,240,12,3,1,False,2026-08-29T14:00:00Z,1,1,2,4,0,0,0,0,0,0,0,0,0,0,0,2,0.0,0.0,0.0,0.0,0,0.00,0.00,0.00,0.00,0,0,0,0,50,1093,-327,21,348,2
George,MID,Everton,242,12,3,2,False,2026-08-29T14:00:00Z,1,1,2,61,0,0,0,1,0,0,0,0,0,0,0,12,6.0,12.2,16.0,3.4,1,0.05,0.01,0.06,0.58,0,1,1,2,55,28043,-209,2273,2482,2
Alcaraz,MID,Everton,243,12,3,0,False,2026-08-29T14:00:00Z,1,1,2,4,0,0,0,0,0,0,0,1,0,0,0,-2,0.0,0.5,8.0,0.5,0,0.03,0.02,0.05,0.00,0,0,0,0,50,9333,-385,753,1138,2
Armstrong,MID,Everton,244,12,3,2,False,2026-08-29T14:00:00Z,1,1,2,86,0,0,0,1,0,0,0,0,0,0,0,12,11.2,12.3,0.0,2.4,1,0.00,0.03,0.03,2.16,3,3,3,9,50,24656,10319,12786,2467,2
Dibling,MID,Everton,245,12,3,0,False,2026-08-29T14:00:00Z,1,1,2,0,0,0,0,0,0,0,0,0,0,0,0,0,0.0,0.0,0.0,0.0,0,0.00,0.00,0.00,0.00,0,0,0,0,55,3529,-550,201,751,2
Röhl,MID,Everton,246,12,3,2,False,2026-08-29T14:00:00Z,1,1,2,85,0,0,0,1,0,0,0,0,0,0,0,13,8.4,2.3,0.0,1.1,1,0.00,0.01,0.01,2.16,2,4,3,9,50,5759,-118,518,636,2
Hackney,MID,Everton,247,12,3,1,False,2026-08-29T14:00:00Z,1,1,2,28,0,0,0,0,0,0,0,0,0,0,0,3,7.8,1.4,2.0,1.1,0,0.00,0.01,0.01,1.58,2,1,0,3,55,24628,-2358,844,3202,2
Beto,FWD,Everton,248,12,3,1,False,2026-08-29T14:00:00Z,1,1,2,20,0,0,0,0,0,0,0,0,0,0,0,2,3.0,0.3,3.0,0.6,0,0.04,0.00,0.04,1.58,1,0,0,1,55,227543,-35102,7709,42811,2
Barry,FWD,Everton,249,12,3,2,False,2026-08-29T14:00:00Z,1,1,2,69,0,0,0,1,0,0,0,0,0,0,0,6,10.0,11.7,58.0,8.0,1,1.48,0.00,1.48,0.58,2,1,0,3,55,352239,127837,150265,22428,2
Silva,DEF,Bournemouth,566,12,9,4,True,2026-08-29T14:00:00Z,1,1,2,90,0,0,0,1,0,0,0,0,0,0,0,11,18.6,1.8,13.0,3.3,1,0.25,0.03,0.28,1.84,8,4,2,10,50,36812,5175,7365,2190,2
Sanchez,DEF,Bournemouth,573,12,9,0,True,2026-08-29T14:00:00Z,1,1,2,0,0,0,0,0,0,0,0,0,0,0,0,0,0.0,0.0,0.0,0.0,0,0.00,0.00,0.00,0.00,0,0,0,0,45,21445,-1013,452,1465,2
Jebbison,FWD,Bournemouth,608,12,9,0,True,2026-08-29T14:00:00Z,1,1,2,0,0,0,0,0,0,0,0,0,0,0,0,0,0.0,0.0,0.0,0.0,0,0.00,0.00,0.00,0.00,0,0,0,0,50,4738,2056,2477,421,2
Di Gregorio,GK,Bournemouth,615,12,9,0,True,2026-08-29T14:00:00Z,1,1,2,0,0,0,0,0,0,0,0,0,0,0,0,0,0.0,0.0,0.0,0.0,0,0.00,0.00,0.00,0.00,0,0,0,0,45,593,214,241,27,2
Pinnock,DEF,Coventry City,91,13,11,1,True,2026-08-29T14:00:00Z,0,1,2,12,0,0,0,1,0,0,0,0,0,0,0,-1,3.8,0.7,0.0,0.5,0,0.00,0.00,0.00,0.54,2,0,0,2,45,7757,-397,574,971,2
Onyeka,MID,Coventry City,104,13,11,0,True,2026-08-29T14:00:00Z,0,1,2,0,0,0,0,0,0,0,0,0,0,0,0,0,0.0,0.0,0.0,0.0,0,0.00,0.00,0.00,0.00,0,0,0,0,50,16442,856,2456,1600,2
Rushworth,GK,Coventry City,110,13,11,2,True,2026-08-29T14:00:00Z,0,1,2,90,0,0,0,1,0,0,0,0,0,1,0,10,10.6,0.0,0.0,1.1,1,0.00,0.00,0.00,0.72,1,13,0,0,45,122624,7259,11931,4672,2
Dovin,GK,Coventry City,171,13,11,0,True,2026-08-29T14:00:00Z,0,1,2,0,0,0,0,0,0,0,0,0,0,0,0,0,0.0,0.0,0.0,0.0,0,0.00,0.00,0.00,0.00,0,0,0,0,40,152756,-3777,2634,6411,2
Wilson,GK,Coventry City,172,13,11,0,True,2026-08-29T14:00:00Z,0,1,2,0,0,0,0,0,0,0,0,0,0,0,0,0,0.0,0.0,0.0,0.0,0,0.00,0.00,0.00,0.00,0,0,0,0,45,45549,-3213,227,3440,2
Thomas,DEF,Coventry City,173,13,11,8,True,2026-08-29T14:00:00Z,0,1,2,77,0,0,1,0,0,0,0,0,0,0,2,28,17.0,0.7,0.0,1.8,1,0.00,0.01,0.01,0.18,9,6,0,9,40,791028,14221,38111,23890,2
Kitching,DEF,Coventry City,174,13,11,0,True,2026-08-29T14:00:00Z,0,1,2,0,0,0,0,0,0,0,0,0,0,0,0,0,0.0,0.0,0.0,0.0,0,0.00,0.00,0.00,0.00,0,0,0,0,40,64130,-4266,520,4786,2
van Ewijk,DEF,Coventry City,175,13,11,2,True,2026-08-29T14:00:00Z,0,1,2,90,0,0,0,1,0,0,0,0,0,0,0,15,15.4,33.9,6.0,5.5,1,0.00,0.19,0.19,0.72,1,3,1,2,40,1295672,-15407,34451,49858,2
Dasilva,DEF,Coventry City,176,13,11,2,True,2026-08-29T14:00:00Z,0,1,2,90,0,0,0,1,0,0,0,0,0,0,0,15,15.2,7.3,17.0,4.0,1,0.18,0.05,0.23,0.72,1,3,2,3,40,82832,-830,3224,4054,2
Kesler-Hayden,DEF,Coventry City,177,13,11,0,True,2026-08-29T14:00:00Z,0,1,2,0,0,0,0,0,0,0,0,0,0,0,0,0,0.0,0.0,0.0,0.0,0,0.00,0.00,0.00,0.00,0,0,0,0,40,5764,-582,168,750,2
Bidwell,DEF,Coventry City,178,13,11,0,True,2026-08-29T14:00:00Z,0,1,2,0,0,0,0,0,0,0,0,0,0,0,0,0,0.0,0.0,0.0,0.0,0,0.00,0.00,0.00,0.00,0,0,0,0,40,8500,-238,506,744,2
Latibeaudiere,DEF,Coventry City,179,13,11,0,True,2026-08-29T14:00:00Z,0,1,2,0,0,0,0,0,0,0,0,0,0,0,0,0,0.0,0.0,0.0,0.0,0,0.00,0.00,0.00,0.00,0,0,0,0,40,3984,-260,160,420,2
Woolfenden,DEF,Coventry City,180,13,11,0,True,2026-08-29T14:00:00Z,0,1,2,0,0,0,0,0,0,0,0,0,0,0,0,0,0.0,0.0,0.0,0.0,0,0.00,0.00,0.00,0.00,0,0,0,0,40,16943,-1282,946,2228,2
Brau,DEF,Coventry City,181,13,11,0,True,2026-08-29T14:00:00Z,0,1,2,0,0,0,0,0,0,0,0,0,0,0,0,0,0.0,0.0,0.0,0.0,0,0.00,0.00,0.00,0.00,0,0,0,0,40,4079,-82,256,338,2
Amenda,DEF,Coventry City,182,13,11,1,True,2026-08-29T14:00:00Z,0,1,2,90,0,0,0,1,0,0,0,1,0,0,0,4,11.4,2.1,5.0,1.9,1,0.02,0.04,0.06,0.72,4,1,0,4,40,84795,-1183,3328,4511,2
Rudoni,MID,Coventry City,183,13,11,3,True,2026-08-29T14:00:00Z,0,1,2,70,0,0,1,0,0,0,0,0,0,0,0,12,6.8,27.7,4.0,3.9,1,0.06,0.09,0.15,0.02,1,4,1,6,50,14191,-49,1250,1299,2
Grimes,MID,Coventry City,184,13,11,2,True,2026-08-29T14:00:00Z,0,1,2,90,0,0,0,1,0,0,0,0,0,0,0,14,14.2,20.9,2.0,3.7,1,0.01,0.04,0.05,0.72,1,9,0,10,50,20154,674,2290,1616,2
Sakamoto,MID,Coventry City,185,13,11,1,True,2026-08-29T14:00:00Z,0,1,2,31,0,0,0,1,0,0,0,0,0,0,0,8,6.2,5.9,7.0,1.9,0,0.02,0.02,0.04,0.69,0,2,2,4,50,9710,-1318,137,1455,2
Mason-Clark,MID,Coventry City,186,13,11,1,True,2026-08-29T14:00:00Z,0,1,2,57,0,0,0,0,0,0,0,0,0,0,0,4,4.2,16.0,0.0,2.0,1,0.00,0.06,0.06,0.02,2,2,0,4,55,12149,-1089,489,1578,2
Eccles,MID,Coventry City,187,13,11,0,True,2026-08-29T14:00:00Z,0,1,2,0,0,0,0,0,0,0,0,0,0,0,0,0,0.0,0.0,0.0,0.0,0,0.00,0.00,0.00,0.00,0,0,0,0,50,1391,-230,69,299,2
Torp,MID,Coventry City,188,13,11,1,True,2026-08-29T14:00:00Z,0,1,2,19,0,0,0,1,0,0,0,0,0,0,0,2,0.0,3.6,0.0,0.3,0,0.00,0.01,0.01,0.69,0,2,0,2,55,16221,-1275,549,1824,2
Shepherd,MID,Coventry City,189,13,11,0,True,2026-08-29T14:00:00Z,0,1,2,0,0,0,0,0,0,0,0,0,0,0,0,0,0.0,0.0,0.0,0.0,0,0.00,0.00,0.00,0.00,0,0,0,0,45,28459,-2158,1013,3171,2
Tchaouna,MID,Coventry City,190,13,11,1,True,2026-08-29T14:00:00Z,0,1,2,58,0,0,0,0,0,0,0,0,0,0,0,7,7.0,18.5,5.0,3.1,1,0.05,0.13,0.18,0.02,2,3,1,6,55,16325,1311,2762,1451,2
Borges Rodrigues,MID,Coventry City,191,13,11,0,True,2026-08-29T14:00:00Z,0,1,2,0,0,0,0,0,0,0,0,0,0,0,0,0,0.0,0.0,0.0,0.0,0,0.00,0.00,0.00,0.00,0,0,0,0,45,16655,-1193,680,1873,2
Andrews,MID,Coventry City,192,13,11,0,True,2026-08-29T14:00:00Z,0,1,2,0,0,0,0,0,0,0,0,0,0,0,0,0,0.0,0.0,0.0,0.0,0,0.00,0.00,0.00,0.00,0,0,0,0,45,62913,-4618,2576,7194,2
Wright,FWD,Coventry City,193,13,11,0,True,2026-08-29T14:00:00Z,0,1,2,0,0,0,0,0,0,0,0,0,0,0,0,0,0.0,0.0,0.0,0.0,0,0.00,0.00,0.00,0.00,0,0,0,0,55,13634,-5318,107,5425,2
Thomas-Asante,FWD,Coventry City,194,13,11,1,True,2026-08-29T14:00:00Z,0,1,2,32,0,0,0,1,0,0,0,0,0,0,0,5,1.2,2.0,2.0,0.5,0,0.00,0.00,0.00,0.69,0,2,0,2,50,83366,6706,14594,7888,2
Simms,FWD,Coventry City,195,13,11,0,True,2026-08-29T14:00:00Z,0,1,2,0,0,0,0,0,0,0,0,0,0,0,0,0,0.0,0.0,0.0,0.0,0,0.00,0.00,0.00,0.00,0,0,0,0,50,100916,10333,19936,9603,2
Markelo,FWD,Coventry City,196,13,11,0,True,2026-08-29T14:00:00Z,0,1,2,0,0,0,0,0,0,0,0,0,0,0,0,0,0.0,0.0,0.0,0.0,0,0.00,0.00,0.00,0.00,0,0,0,0,50,1206,-590,0,590,2
Bassette,FWD,Coventry City,197,13,11,0,True,2026-08-29T14:00:00Z,0,1,2,0,0,0,0,0,0,0,0,0,0,0,0,0,0.0,0.0,0.0,0.0,0,0.00,0.00,0.00,0.00,0,0,0,0,45,3783,-788,0,788,2
Phillips,GK,Hull City,273,13,7,0,False,2026-08-29T14:00:00Z,0,1,2,0,0,0,0,0,0,0,0,0,0,0,0,0,0.0,0.0,0.0,0.0,0,0.00,0.00,0.00,0.00,0,0,0,0,40,150763,-3979,3115,7094,2
Butland,GK,Hull City,274,13,7,0,False,2026-08-29T14:00:00Z,0,1,2,0,0,0,0,0,0,0,0,0,0,0,0,0,0.0,0.0,0.0,0.0,0,0.00,0.00,0.00,0.00,0,0,0,0,45,9646,-1614,124,1738,2
Cartwright,GK,Hull City,275,13,7,0,False,2026-08-29T14:00:00Z,0,1,2,0,0,0,0,0,0,0,0,0,0,0,0,0,0.0,0.0,0.0,0.0,0,0.00,0.00,0.00,0.00,0,0,0,0,40,909,-111,0,111,2
Lo-Tutala,GK,Hull City,276,13,7,0,False,2026-08-29T14:00:00Z,0,1,2,0,0,0,0,0,0,0,0,0,0,0,0,0,0.0,0.0,0.0,0.0,0,0.00,0.00,0.00,0.00,0,0,0,0,40,3116,-383,0,383,2
Egan,DEF,Hull City,277,13,7,9,False,2026-08-29T14:00:00Z,0,1,2,90,0,0,1,0,0,0,0,0,0,0,1,25,23.8,0.4,0.0,2.4,1,0.00,0.00,0.00,1.29,12,1,1,13,40,197783,31730,42937,11207,2
Hughes,DEF,Hull City,278,13,7,0,False,2026-08-29T14:00:00Z,0,1,2,0,0,0,0,0,0,0,0,0,0,0,0,0,0.0,0.0,0.0,0.0,0,0.00,0.00,0.00,0.00,0,0,0,0,40,10606,-2221,99,2320,2
Ajayi,DEF,Hull City,279,13,7,6,False,2026-08-29T14:00:00Z,0,1,2,90,0,0,1,0,0,0,0,0,0,0,0,24,15.6,0.8,0.0,1.6,1,0.00,0.00,0.00,1.29,5,5,2,7,40,200860,63813,79406,15593,2
Coyle,DEF,Hull City,280,13,7,0,False,2026-08-29T14:00:00Z,0,1,2,45,0,0,0,0,0,0,0,1,0,0,0,2,4.6,0.3,0.0,0.5,1,0.00,0.00,0.00,1.09,4,1,0,4,40,62770,-2458,2623,5081,2
Drameh,DEF,Hull City,281,13,7,1,False,2026-08-29T14:00:00Z,0,1,2,45,0,0,0,0,0,0,0,0,0,0,0,4,4.2,0.4,0.0,0.5,0,0.00,0.00,0.00,0.20,3,2,0,3,40,7175,695,1108,413,2
Giles,DEF,Hull City,282,13,7,6,False,2026-08-29T14:00:00Z,0,1,2,90,0,0,1,0,0,0,0,0,0,0,0,21,9.6,15.0,2.0,2.7,1,0.00,0.07,0.07,1.29,1,4,1,2,40,90479,8701,12892,4191,2
Jacob,DEF,Hull City,283,13,7,0,False,2026-08-29T14:00:00Z,0,1,2,0,0,0,0,0,0,0,0,0,0,0,0,0,0.0,0.0,0.0,0.0,0,0.00,0.00,0.00,0.00,0,0,0,0,40,1177,-171,57,228,2
McCarthy,DEF,Hull City,284,13,7,0,False,2026-08-29T14:00:00Z,0,1,2,0,0,0,0,0,0,0,0,0,0,0,0,0,0.0,0.0,0.0,0.0,0,0.00,0.00,0.00,0.00,0,0,0,0,40,8232,-284,675,959,2
McNair,DEF,Hull City,285,13,7,0,False,2026-08-29T14:00:00Z,0,1,2,0,0,0,0,0,0,0,0,0,0,0,0,0,0.0,0.0,0.0,0.0,0,0.00,0.00,0.00,0.00,0,0,0,0,40,13083,-44,646,690,2
Belloumi,MID,Hull City,286,13,7,6,False,2026-08-29T14:00:00Z,0,1,2,82,0,1,1,0,0,0,0,0,0,0,0,23,23.2,12.1,11.0,4.6,1,0.12,0.02,0.14,1.11,3,5,2,10,50,63814,9859,13890,4031,2
Millar,MID,Hull City,287,13,7,6,False,2026-08-29T14:00:00Z,0,1,2,31,1,0,0,0,0,0,0,0,0,0,0,24,34.0,0.8,13.0,4.8,0,0.58,0.00,0.58,0.20,1,0,0,1,50,6233,-682,305,987,2
Dowell,MID,Hull City,288,13,7,0,False,2026-08-29T14:00:00Z,0,1,2,0,0,0,0,0,0,0,0,0,0,0,0,0,0.0,0.0,0.0,0.0,0,0.00,0.00,0.00,0.00,0,0,0,0,45,35966,-2542,1716,4258,2
Crooks,MID,Hull City,289,13,7,0,False,2026-08-29T14:00:00Z,0,1,2,0,0,0,0,0,0,0,0,0,0,0,0,0,0.0,0.0,0.0,0.0,0,0.00,0.00,0.00,0.00,0,0,0,0,45,71261,4451,10141,5690,2
Slater,MID,Hull City,290,13,7,2,False,2026-08-29T14:00:00Z,0,1,2,90,0,0,1,0,0,0,0,1,0,0,0,6,9.8,2.8,2.0,1.5,1,0.00,0.01,0.01,1.29,2,4,4,10,45,391444,69997,92371,22374,2
Matazo,MID,Hull City,291,13,7,0,False,2026-08-29T14:00:00Z,0,1,2,0,0,0,0,0,0,0,0,0,0,0,0,0,0.0,0.0,0.0,0.0,0,0.00,0.00,0.00,0.00,0,0,0,0,45,625,-32,64,96,2
Ömür,MID,Hull City,292,13,7,0,False,2026-08-29T14:00:00Z,0,1,2,0,0,0,0,0,0,0,0,0,0,0,0,0,0.0,0.0,0.0,0.0,0,0.00,0.00,0.00,0.00,0,0,0,0,50,1668,-178,209,387,2
Kamara,MID,Hull City,293,13,7,0,False,2026-08-29T14:00:00Z,0,1,2,0,0,0,0,0,0,0,0,0,0,0,0,0,0.0,0.0,0.0,0.0,0,0.00,0.00,0.00,0.00,0,0,0,0,50,353,-197,0,197,2
Zambrano,MID,Hull City,294,13,7,0,False,2026-08-29T14:00:00Z,0,1,2,0,0,0,0,0,0,0,0,0,0,0,0,0,0.0,0.0,0.0,0.0,0,0.00,0.00,0.00,0.00,0,0,0,0,45,10090,-1658,491,2149,2
McBurnie,FWD,Hull City,295,13,7,1,False,2026-08-29T14:00:00Z,0,1,2,90,0,0,1,0,0,0,0,1,0,0,0,7,0.8,13.3,8.0,2.2,1,0.00,0.01,0.01,1.29,0,4,0,4,55,219548,66700,82641,15941,2
Akintola,MID,Hull City,296,13,7,0,False,2026-08-29T14:00:00Z,0,1,2,0,0,0,0,0,0,0,0,0,0,0,0,0,0.0,0.0,0.0,0.0,0,0.00,0.00,0.00,0.00,0,0,0,0,50,4113,-26,914,940,2
Gyabi,MID,Hull City,297,13,7,0,False,2026-08-29T14:00:00Z,0,1,2,0,0,0,0,0,0,0,0,0,0,0,0,0,0.0,0.0,0.0,0.0,0,0.00,0.00,0.00,0.00,0,0,0,0,45,2377,-462,64,526,2
Destan,FWD,Hull City,298,13,7,0,False,2026-08-29T14:00:00Z,0,1,2,0,0,0,0,0,0,0,0,0,0,0,0,0,0.0,0.0,0.0,0.0,0,0.00,0.00,0.00,0.00,0,0,0,0,45,31698,-8866,0,8866,2
Burstow,FWD,Hull City,299,13,7,0,False,2026-08-29T14:00:00Z,0,1,2,0,0,0,0,0,0,0,0,0,0,0,0,0,0.0,0.0,0.0,0.0,0,0.00,0.00,0.00,0.00,0,0,0,0,45,5122,-1210,0,1210,2
Gelhardt,MID,Hull City,340,13,7,0,False,2026-08-29T14:00:00Z,0,1,2,0,0,0,0,0,0,0,0,0,0,0,0,0,0.0,0.0,0.0,0.0,0,0.00,0.00,0.00,0.00,0,0,0,0,50,1160,-243,45,288,2
Awoniyi,FWD,Coventry City,492,13,11,2,True,2026-08-29T14:00:00Z,0,1,2,90,0,0,0,1,0,0,0,0,0,0,0,6,10.0,23.6,65.0,9.9,1,0.93,0.03,0.96,0.72,1,2,0,3,55,83094,-639,8654,9293,2
Targett,DEF,Hull City,556,13,7,0,False,2026-08-29T14:00:00Z,0,1,2,0,0,0,0,0,0,0,0,0,0,0,0,0,0.0,0.0,0.0,0.0,0,0.00,0.00,0.00,0.00,0,0,0,0,40,224749,-10048,5393,15441,2
Morita,MID,Hull City,563,13,7,1,False,2026-08-29T14:00:00Z,0,1,2,45,0,0,0,0,0,0,0,0,0,0,0,6,11.0,13.4,0.0,2.4,1,0.00,0.00,0.00,1.09,2,1,0,3,50,2129,-210,118,328,2
Tzolakis,GK,Hull City,572,13,7,10,False,2026-08-29T14:00:00Z,0,1,2,90,0,0,1,0,0,0,0,0,0,3,3,32,26.2,0.0,0.0,2.6,1,0.00,0.00,0.00,1.29,0,11,0,0,45,301344,89555,101970,12415,2
Hjertø-Dahl,MID,Hull City,574,13,7,0,False,2026-08-29T14:00:00Z,0,1,2,0,0,0,0,0,0,0,0,0,0,0,0,0,0.0,0.0,0.0,0.0,0,0.00,0.00,0.00,0.00,0,0,0,0,50,7716,-662,307,969,2
Yirenkyi,MID,Coventry City,575,13,11,3,True,2026-08-29T14:00:00Z,0,1,2,70,0,0,1,0,0,0,0,0,0,0,0,17,9.4,16.0,7.0,3.2,1,0.03,0.13,0.16,0.02,3,4,0,7,50,23711,-1578,997,2575,2
Stroud,MID,Hull City,576,13,7,0,False,2026-08-29T14:00:00Z,0,1,2,58,0,0,0,0,0,0,0,1,0,0,0,-2,0.0,4.3,7.0,0.9,1,0.01,0.01,0.02,1.09,2,5,0,7,50,9465,833,1430,597,2
Hamer,MID,Coventry City,584,13,11,1,True,2026-08-29T14:00:00Z,0,1,2,19,0,0,0,1,0,0,0,0,0,0,0,2,0.2,1.5,0.0,0.2,0,0.00,0.02,0.02,0.69,0,0,0,0,55,13996,-1042,386,1428,2
Herrington,DEF,Hull City,585,13,7,1,False,2026-08-29T14:00:00Z,0,1,2,31,0,0,0,0,0,0,0,0,0,0,0,3,3.0,0.2,0.0,0.3,0,0.00,0.00,0.00,0.20,1,0,0,1,40,63919,-831,2771,3602,2
Mendy,DEF,Hull City,586,13,7,1,False,2026-08-29T14:00:00Z,0,1,2,58,0,0,0,0,0,0,0,0,0,0,0,9,27.6,0.0,7.0,3.5,1,0.01,0.00,0.01,1.09,7,2,2,9,40,418634,160120,179580,19460,2
Gourna-Douath,MID,Hull City,589,13,7,1,False,2026-08-29T14:00:00Z,0,1,2,45,0,0,0,0,0,0,0,0,0,0,0,6,12.8,0.9,0.0,1.4,0,0.00,0.01,0.01,0.20,1,2,3,6,50,2781,-178,135,313,2
Cherif,FWD,Coventry City,599,13,11,0,True,2026-08-29T14:00:00Z,0,1,2,0,0,0,0,0,0,0,0,0,0,0,0,0,0.0,0.0,0.0,0.0,0,0.00,0.00,0.00,0.00,0,0,0,0,50,9736,330,1724,1394,2
Cho,MID,Hull City,617,13,7,1,False,2026-08-29T14:00:00Z,0,1,2,7,0,0,0,0,0,0,0,0,0,0,0,3,0.4,0.3,0.0,0.1,0,0.00,0.00,0.00,0.18,0,0,0,0,50,49,23,25,2,2
Bentley,GK,Coventry City,623,13,11,0,True,2026-08-29T14:00:00Z,0,1,2,0,0,0,0,0,0,0,0,0,0,0,0,0,0.0,0.0,0.0,0.0,0,0.00,0.00,0.00,0.00,0,0,0,0,40,0,0,0,0,2
Delap,FWD,Nott'm Forest,167,14,14,1,False,2026-08-29T11:30:00Z,2,2,2,24,0,0,0,1,0,0,0,0,0,0,0,9,4.0,10.1,7.0,2.1,0,0.07,0.00,0.07,0.33,0,0,0,0,55,48067,175,7740,7565,2
A.Becker,GK,Liverpool,350,14,18,0,True,2026-08-29T11:30:00Z,2,2,2,90,0,0,0,2,0,0,0,1,0,1,0,-5,7.6,0.0,0.0,0.8,1,0.00,0.00,0.00,2.30,2,4,0,0,55,377543,4084,25307,21223,2
Mamardashvili,GK,Liverpool,351,14,18,0,True,2026-08-29T11:30:00Z,2,2,2,0,0,0,0,0,0,0,0,0,0,0,0,0,0.0,0.0,0.0,0.0,0,0.00,0.00,0.00,0.00,0,0,0,0,50,15032,-1380,658,2038,2
Woodman,GK,Liverpool,352,14,18,0,True,2026-08-29T11:30:00Z,2,2,2,0,0,0,0,0,0,0,0,0,0,0,0,0,0.0,0.0,0.0,0.0,0,0.00,0.00,0.00,0.00,0,0,0,0,40,107195,-2260,3263,5523,2
Pecsi,GK,Liverpool,353,14,18,0,True,2026-08-29T11:30:00Z,2,2,2,0,0,0,0,0,0,0,0,0,0,0,0,0,0.0,0.0,0.0,0.0,0,0.00,0.00,0.00,0.00,0,0,0,0,40,2467,-448,0,448,2
Jaros,GK,Liverpool,354,14,18,0,True,2026-08-29T11:30:00Z,2,2,2,0,0,0,0,0,0,0,0,0,0,0,0,0,0.0,0.0,0.0,0.0,0,0.00,0.00,0.00,0.00,0,0,0,0,40,1453,-16,163,179,2
Davies,GK,Liverpool,355,14,18,0,True,2026-08-29T11:30:00Z,2,2,2,0,0,0,0,0,0,0,0,0,0,0,0,0,0.0,0.0,0.0,0.0,0,0.00,0.00,0.00,0.00,0,0,0,0,40,13945,-69,644,713,2
Virgil,DEF,Liverpool,356,14,18,1,True,2026-08-29T11:30:00Z,2,2,2,90,0,0,0,2,0,0,0,0,0,0,0,5,24.6,4.3,2.0,3.1,1,0.00,0.03,0.03,2.30,7,5,0,7,65,1939518,-4506,74614,79120,2
Frimpong,DEF,Liverpool,357,14,18,1,True,2026-08-29T11:30:00Z,2,2,2,70,0,0,0,2,0,0,0,0,0,0,0,9,12.8,13.8,4.0,3.1,1,0.00,0.02,0.02,2.23,4,3,2,6,55,339802,-9049,24520,33569,2
Kerkez,DEF,Liverpool,358,14,18,1,True,2026-08-29T11:30:00Z,2,2,2,70,0,0,0,2,0,0,0,0,0,0,0,9,24.0,12.8,0.0,3.7,1,0.00,0.01,0.01,2.23,7,4,1,8,55,347978,-18742,15645,34387,2
Gomez,DEF,Liverpool,359,14,18,0,True,2026-08-29T11:30:00Z,2,2,2,0,0,0,0,0,0,0,0,0,0,0,0,0,0.0,0.0,0.0,0.0,0,0.00,0.00,0.00,0.00,0,0,0,0,50,1606,-330,79,409,2
Bradley,DEF,Liverpool,360,14,18,0,True,2026-08-29T11:30:00Z,2,2,2,0,0,0,0,0,0,0,0,0,0,0,0,0,0.0,0.0,0.0,0.0,0,0.00,0.00,0.00,0.00,0,0,0,0,50,1023,-140,79,219,2
Lucky,DEF,Liverpool,361,14,18,0,True,2026-08-29T11:30:00Z,2,2,2,0,0,0,0,0,0,0,0,0,0,0,0,0,0.0,0.0,0.0,0.0,0,0.00,0.00,0.00,0.00,0,0,0,0,40,11947,-529,608,1137,2
Jacquet,DEF,Liverpool,362,14,18,3,True,2026-08-29T11:30:00Z,2,2,2,76,0,0,0,2,0,0,0,0,0,0,0,13,30.8,15.1,2.0,4.8,1,0.00,0.05,0.05,2.23,8,4,3,11,50,235410,4556,22712,18156,2
Leoni,DEF,Liverpool,363,14,18,0,True,2026-08-29T11:30:00Z,2,2,2,0,0,0,0,0,0,0,0,0,0,0,0,0,0.0,0.0,0.0,0.0,0,0.00,0.00,0.00,0.00,0,0,0,0,40,4039,-337,182,519,2
Tsimikas,DEF,Liverpool,364,14,18,1,True,2026-08-29T11:30:00Z,2,2,2,19,0,0,0,0,0,0,0,0,0,0,0,4,3.6,1.3,9.0,1.4,0,0.04,0.01,0.05,0.07,0,0,0,0,50,7352,-643,339,982,2
Ramsay,DEF,Liverpool,365,14,18,0,True,2026-08-29T11:30:00Z,2,2,2,0,0,0,0,0,0,0,0,0,0,0,0,0,0.0,0.0,0.0,0.0,0,0.00,0.00,0.00,0.00,0,0,0,0,40,18344,-3114,638,3752,2
Wirtz,MID,Liverpool,366,14,18,4,True,2026-08-29T11:30:00Z,2,2,2,90,0,1,0,2,0,0,0,1,0,0,0,23,27.8,24.3,22.0,7.4,1,0.23,0.20,0.43,2.30,0,7,3,10,75,1118328,-98339,24923,123262,2
Gakpo,MID,Liverpool,367,14,18,5,True,2026-08-29T11:30:00Z,2,2,2,70,0,1,0,2,0,0,0,0,0,0,0,21,23.2,27.8,6.0,5.7,1,0.00,0.65,0.65,2.23,1,2,0,3,70,653797,177953,205704,27751,2
Szoboszlai,MID,Liverpool,368,14,18,4,True,2026-08-29T11:30:00Z,2,2,2,90,0,0,0,2,0,0,0,0,0,0,0,24,21.4,40.7,4.0,6.6,1,0.16,0.17,0.33,2.30,3,7,3,13,70,4309636,177598,245003,67405,2
Ngumoha,MID,Liverpool,369,14,18,1,True,2026-08-29T11:30:00Z,2,2,2,19,0,0,0,0,0,0,0,0,0,0,0,5,2.0,1.3,2.0,0.5,0,0.00,0.03,0.03,0.07,0,0,0,0,60,106917,-9330,5547,14877,2
Chiesa,MID,Liverpool,370,14,18,0,True,2026-08-29T11:30:00Z,2,2,2,0,0,0,0,0,0,0,0,0,0,0,0,0,0.0,0.0,0.0,0.0,0,0.00,0.00,0.00,0.00,0,0,0,0,55,10863,-2965,585,3550,2
Gravenberch,MID,Liverpool,371,14,18,1,True,2026-08-29T11:30:00Z,2,2,2,19,0,0,0,0,0,0,0,0,0,0,0,7,4.4,12.1,0.0,1.7,0,0.00,0.01,0.01,0.07,0,0,1,1,60,196536,-178,15005,15183,2
Mac Allister,MID,Liverpool,372,14,18,2,True,2026-08-29T11:30:00Z,2,2,2,76,0,0,0,2,0,0,0,0,0,0,0,10,12.6,7.7,0.0,2.0,1,0.00,0.39,0.39,2.23,2,5,3,10,55,156781,-14941,6567,21508,2
C.Jones,MID,Liverpool,373,14,18,0,True,2026-08-29T11:30:00Z,2,2,2,0,0,0,0,0,0,0,0,0,0,0,0,0,0.0,0.0,0.0,0.0,0,0.00,0.00,0.00,0.00,0,0,0,0,55,3769,-1095,33,1128,2
Endo,MID,Liverpool,374,14,18,0,True,2026-08-29T11:30:00Z,2,2,2,0,0,0,0,0,0,0,0,0,0,0,0,0,0.0,0.0,0.0,0.0,0,0.00,0.00,0.00,0.00,0,0,0,0,50,6389,-500,485,985,2
Nyoni,MID,Liverpool,375,14,18,1,True,2026-08-29T11:30:00Z,2,2,2,13,0,0,0,0,0,0,0,0,0,0,0,3,6.4,2.2,0.0,0.9,0,0.00,0.00,0.00,0.07,1,2,2,5,50,3607,-534,139,673,2
Bajcetic,MID,Liverpool,376,14,18,0,True,2026-08-29T11:30:00Z,2,2,2,0,0,0,0,0,0,0,0,0,0,0,0,0,0.0,0.0,0.0,0.0,0,0.00,0.00,0.00,0.00,0,0,0,0,50,173,-21,8,29,2
Munoz,MID,Liverpool,377,14,18,6,True,2026-08-29T11:30:00Z,2,2,2,90,1,0,0,2,0,0,0,1,0,0,0,24,42.2,16.8,29.0,8.8,1,0.32,0.19,0.51,2.30,4,1,2,7,65,60184,573,6486,5913,2
McConnell,MID,Liverpool,378,14,18,0,True,2026-08-29T11:30:00Z,2,2,2,0,0,0,0,0,0,0,0,0,0,0,0,0,0.0,0.0,0.0,0.0,0,0.00,0.00,0.00,0.00,0,0,0,0,45,25168,-2017,883,2900,2
Isak,FWD,Liverpool,379,14,18,8,True,2026-08-29T11:30:00Z,2,2,2,90,1,0,0,2,0,0,0,0,0,0,2,30,34.0,10.3,48.0,9.2,1,0.99,0.00,0.99,2.30,0,0,1,1,90,1629014,-28097,73036,101133,2
Ekitiké,FWD,Liverpool,380,14,18,0,True,2026-08-29T11:30:00Z,2,2,2,0,0,0,0,0,0,0,0,0,0,0,0,0,0.0,0.0,0.0,0.0,0,0.00,0.00,0.00,0.00,0,0,0,0,75,14299,-3098,709,3807,2
Koumas,MID,Liverpool,381,14,18,0,True,2026-08-29T11:30:00Z,2,2,2,0,0,0,0,0,0,0,0,0,0,0,0,0,0.0,0.0,0.0,0.0,0,0.00,0.00,0.00,0.00,0,0,0,0,50,2137,-54,156,210,2
Danns,FWD,Liverpool,382,14,18,0,True,2026-08-29T11:30:00Z,2,2,2,0,0,0,0,0,0,0,0,0,0,0,0,0,0.0,0.0,0.0,0.0,0,0.00,0.00,0.00,0.00,0,0,0,0,45,3423,-253,309,562,2
Elliott,MID,Liverpool,383,14,18,0,True,2026-08-29T11:30:00Z,2,2,2,0,0,0,0,0,0,0,0,0,0,0,0,0,0.0,0.0,0.0,0.0,0,0.00,0.00,0.00,0.00,0,0,0,0,55,7117,-836,380,1216,2
Sels,GK,Nott'm Forest,467,14,14,1,False,2026-08-29T11:30:00Z,2,2,2,90,0,0,0,2,0,0,0,0,0,2,0,6,16.6,0.0,0.0,1.7,1,0.00,0.01,0.01,1.75,3,6,0,0,50,148147,-8396,3350,11746,2
John,GK,Nott'm Forest,468,14,14,0,False,2026-08-29T11:30:00Z,2,2,2,0,0,0,0,0,0,0,0,0,0,0,0,0,0.0,0.0,0.0,0.0,0,0.00,0.00,0.00,0.00,0,0,0,0,45,6338,-288,178,466,2
N.Williams,DEF,Nott'm Forest,469,14,14,6,False,2026-08-29T11:30:00Z,2,2,2,90,0,1,0,2,0,0,0,0,0,0,0,16,34.4,25.3,6.0,6.6,1,0.12,0.15,0.27,1.75,6,1,6,12,50,880209,-67984,14150,82134,2
Morato,DEF,Nott'm Forest,470,14,14,0,False,2026-08-29T11:30:00Z,2,2,2,0,0,0,0,0,0,0,0,0,0,0,0,0,0.0,0.0,0.0,0.0,0,0.00,0.00,0.00,0.00,0,0,0,0,50,4633,-437,230,667,2
Milenković,DEF,Nott'm Forest,471,14,14,3,False,2026-08-29T11:30:00Z,2,2,2,90,0,0,0,2,0,0,0,0,0,0,0,3,17.0,0.0,0.0,1.7,1,0.00,0.00,0.00,1.75,10,3,3,13,55,176049,-14450,2591,17041,2
Murillo,DEF,Nott'm Forest,472,14,14,1,False,2026-08-29T11:30:00Z,2,2,2,90,0,0,0,2,0,0,0,0,0,0,0,2,11.2,0.3,8.0,2.0,1,0.18,0.00,0.18,1.75,6,3,0,6,55,162661,-3257,8580,11837,2
Aina,DEF,Nott'm Forest,473,14,14,0,False,2026-08-29T11:30:00Z,2,2,2,85,0,0,0,2,0,0,0,1,0,0,0,2,11.8,15.5,4.0,3.1,1,0.00,0.35,0.35,1.75,3,4,2,5,45,345943,-5067,17770,22837,2
Jair Cunha,DEF,Nott'm Forest,474,14,14,1,False,2026-08-29T11:30:00Z,2,2,2,90,0,0,0,2,0,0,0,0,0,0,0,6,14.6,0.4,0.0,1.5,1,0.00,0.00,0.00,1.75,6,3,2,8,45,21029,-1300,259,1559,2
Savona,DEF,Nott'm Forest,475,14,14,0,False,2026-08-29T11:30:00Z,2,2,2,0,0,0,0,0,0,0,0,0,0,0,0,0,0.0,0.0,0.0,0.0,0,0.00,0.00,0.00,0.00,0,0,0,0,45,304,65,113,48,2
O.Richards,DEF,Nott'm Forest,476,14,14,0,False,2026-08-29T11:30:00Z,2,2,2,0,0,0,0,0,0,0,0,0,0,0,0,0,0.0,0.0,0.0,0.0,0,0.00,0.00,0.00,0.00,0,0,0,0,40,23167,-1513,495,2008,2
Abbott,DEF,Nott'm Forest,477,14,14,0,False,2026-08-29T11:30:00Z,2,2,2,0,0,0,0,0,0,0,0,0,0,0,0,0,0.0,0.0,0.0,0.0,0,0.00,0.00,0.00,0.00,0,0,0,0,40,24822,-1227,996,2223,2
Netz,DEF,Nott'm Forest,478,14,14,1,False,2026-08-29T11:30:00Z,2,2,2,4,0,0,0,0,0,0,0,0,0,0,0,5,2.0,0.0,0.0,0.2,0,0.00,0.00,0.00,0.00,0,0,1,1,45,3516,-176,112,288,2
Bindon,DEF,Nott'm Forest,479,14,14,0,False,2026-08-29T11:30:00Z,2,2,2,0,0,0,0,0,0,0,0,0,0,0,0,0,0.0,0.0,0.0,0.0,0,0.00,0.00,0.00,0.00,0,0,0,0,40,18138,-1052,365,1417,2
Gibbs-White,MID,Nott'm Forest,480,14,14,13,False,2026-08-29T11:30:00Z,2,2,2,90,1,1,0,2,0,0,0,0,0,0,3,36,56.4,12.5,17.0,8.6,1,0.79,0.04,0.83,1.75,1,2,2,5,80,815842,-274313,8780,283093,2
Hudson-Odoi,MID,Nott'm Forest,482,14,14,1,False,2026-08-29T11:30:00Z,2,2,2,1,0,0,0,0,0,0,0,0,0,0,0,2,0.0,0.3,0.0,0.0,0,0.00,0.00,0.00,0.00,0,0,0,0,60,21667,-4758,726,5484,2
Ndoye,MID,Nott'm Forest,483,14,14,9,False,2026-08-29T11:30:00Z,2,2,2,65,1,0,0,1,0,0,0,0,0,0,2,30,35.8,23.0,36.0,9.5,1,0.35,0.63,0.98,1.42,1,8,0,9,55,39501,-3771,1491,5262,2
Hutchinson,MID,Nott'm Forest,484,14,14,0,False,2026-08-29T11:30:00Z,2,2,2,0,0,0,0,0,0,0,0,0,0,0,0,0,0.0,0.0,0.0,0.0,0,0.00,0.00,0.00,0.00,0,0,0,0,55,15837,-2032,214,2246,2
Bakwa,MID,Nott'm Forest,485,14,14,0,False,2026-08-29T11:30:00Z,2,2,2,0,0,0,0,0,0,0,0,0,0,0,0,0,0.0,0.0,0.0,0.0,0,0.00,0.00,0.00,0.00,0,0,0,0,55,1297,-298,107,405,2
McAtee,MID,Nott'm Forest,486,14,14,2,False,2026-08-29T11:30:00Z,2,2,2,90,0,0,0,2,0,0,0,0,0,0,0,16,8.2,18.5,0.0,2.7,1,0.00,0.16,0.16,1.75,2,5,1,8,55,5218,199,674,475,2
Dominguez,MID,Nott'm Forest,487,14,14,1,False,2026-08-29T11:30:00Z,2,2,2,1,0,0,0,0,0,0,0,0,0,0,0,3,0.2,0.0,0.0,0.0,0,0.00,0.00,0.00,0.00,0,0,0,0,50,7613,-848,214,1062,2
I.Sangaré,MID,Nott'm Forest,488,14,14,0,False,2026-08-29T11:30:00Z,2,2,2,0,0,0,0,0,0,0,0,0,0,0,0,0,0.0,0.0,0.0,0.0,0,0.00,0.00,0.00,0.00,0,0,0,0,50,88298,-15127,2850,17977,2
Yates,MID,Nott'm Forest,489,14,14,0,False,2026-08-29T11:30:00Z,2,2,2,0,0,0,0,0,0,0,0,0,0,0,0,0,0.0,0.0,0.0,0.0,0,0.00,0.00,0.00,0.00,0,0,0,0,45,142945,-35340,1743,37083,2
Wood,FWD,Nott'm Forest,490,14,14,0,False,2026-08-29T11:30:00Z,2,2,2,0,0,0,0,0,0,0,0,0,0,0,0,0,0.0,0.0,0.0,0.0,0,0.00,0.00,0.00,0.00,0,0,0,0,60,152998,-24782,4569,29351,2
Igor Jesus,FWD,Nott'm Forest,491,14,14,1,False,2026-08-29T11:30:00Z,2,2,2,90,0,0,0,2,0,0,0,1,0,0,0,4,8.6,13.3,38.0,6.0,1,0.74,0.04,0.78,1.75,3,1,1,5,60,361702,-48313,10237,58550,2
Kalimuendo,FWD,Nott'm Forest,493,14,14,0,False,2026-08-29T11:30:00Z,2,2,2,0,0,0,0,0,0,0,0,0,0,0,0,0,0.0,0.0,0.0,0.0,0,0.00,0.00,0.00,0.00,0,0,0,0,55,5177,-418,339,757,2
Schlager,MID,Nott'm Forest,558,14,14,4,False,2026-08-29T11:30:00Z,2,2,2,90,0,0,0,2,0,0,0,0,0,0,0,15,21.2,0.7,7.0,2.9,1,0.05,0.00,0.05,1.75,3,7,5,15,50,9781,-986,158,1144,2
Araujo,DEF,Liverpool,579,14,18,0,True,2026-08-29T11:30:00Z,2,2,2,13,0,0,0,0,0,0,0,1,0,0,0,-1,5.8,2.3,0.0,0.8,0,0.00,0.01,0.01,0.07,1,2,0,1,55,267054,-9867,23907,33774,2
Diomande,DEF,Nott'm Forest,581,14,14,0,False,2026-08-29T11:30:00Z,2,2,2,0,0,0,0,0,0,0,0,0,0,0,0,0,0.0,0.0,0.0,0.0,0,0.00,0.00,0.00,0.00,0,0,0,0,55,71062,-8617,3484,12101,2
Benda,GK,Nott'm Forest,590,14,14,0,False,2026-08-29T11:30:00Z,2,2,2,0,0,0,0,0,0,0,0,0,0,0,0,0,0.0,0.0,0.0,0.0,0,0.00,0.00,0.00,0.00,0,0,0,0,45,6630,81,625,544,2
Van Hecke,DEF,Spurs,112,15,17,1,True,2026-08-29T16:30:00Z,0,2,2,90,0,0,0,2,0,0,0,0,0,0,0,9,26.6,13.7,33.0,7.3,1,0.11,0.03,0.14,0.72,6,4,2,8,50,945549,-62164,36604,98768,2
Marmoush,FWD,Spurs,401,15,17,2,True,2026-08-29T16:30:00Z,0,2,2,90,0,0,0,2,0,0,0,0,0,0,0,14,9.2,35.1,28.0,7.2,1,0.17,0.07,0.24,0.72,0,3,1,4,70,131884,20447,39808,19361,2
Sávio,MID,Spurs,403,15,17,0,True,2026-08-29T16:30:00Z,0,2,2,0,0,0,0,0,0,0,0,0,0,0,0,0,0.0,0.0,0.0,0.0,0,0.00,0.00,0.00,0.00,0,0,0,0,65,92925,48883,55747,6864,2
N.Gonzalez,MID,Newcastle,405,15,19,2,False,2026-08-29T16:30:00Z,0,2,2,70,0,0,1,0,0,0,0,1,0,0,0,9,7.2,29.5,0.0,3.7,1,0.00,0.20,0.20,0.74,2,2,0,4,55,15669,645,2387,1742,2
Pope,GK,Newcastle,442,15,19,0,False,2026-08-29T16:30:00Z,0,2,2,0,0,0,0,0,0,0,0,0,0,0,0,0,0.0,0.0,0.0,0.0,0,0.00,0.00,0.00,0.00,0,0,0,0,50,124934,-9598,2706,12304,2
Gillespie,GK,Newcastle,443,15,19,0,False,2026-08-29T16:30:00Z,0,2,2,0,0,0,0,0,0,0,0,0,0,0,0,0,0.0,0.0,0.0,0.0,0,0.00,0.00,0.00,0.00,0,0,0,0,45,3435,-69,162,231,2
Jaouen,GK,Newcastle,444,15,19,0,False,2026-08-29T16:30:00Z,0,2,2,0,0,0,0,0,0,0,0,0,0,0,0,0,0.0,0.0,0.0,0.0,0,0.00,0.00,0.00,0.00,0,0,0,0,45,2775,-224,124,348,2
Thiaw,DEF,Newcastle,445,15,19,6,False,2026-08-29T16:30:00Z,0,2,2,90,0,0,1,0,0,0,0,0,0,0,0,25,6.8,1.5,0.0,0.8,1,0.00,0.02,0.02,1.12,3,1,0,3,50,175248,8900,19798,10898,2
Schär,DEF,Newcastle,446,15,19,0,False,2026-08-29T16:30:00Z,0,2,2,0,0,0,0,0,0,0,0,0,0,0,0,0,0.0,0.0,0.0,0.0,0,0.00,0.00,0.00,0.00,0,0,0,0,50,26250,10,1895,1885,2
Botman,DEF,Newcastle,447,15,19,5,False,2026-08-29T16:30:00Z,0,2,2,90,0,0,1,0,0,0,0,1,0,0,0,22,11.2,1.8,2.0,1.5,1,0.01,0.00,0.01,1.12,4,4,1,5,50,52947,5603,8885,3282,2
Burn,DEF,Newcastle,448,15,19,0,False,2026-08-29T16:30:00Z,0,2,2,0,0,0,0,0,0,0,0,0,0,0,0,0,0.0,0.0,0.0,0.0,0,0.00,0.00,0.00,0.00,0,0,0,0,50,159459,-69064,6247,75311,2
Hall,DEF,Newcastle,449,15,19,11,False,2026-08-29T16:30:00Z,0,2,2,90,0,0,1,0,0,0,0,0,0,0,3,52,39.0,27.3,4.0,7.0,1,0.03,0.31,0.34,1.12,11,6,2,13,50,411061,33265,52701,19436,2
Livramento,DEF,Newcastle,450,15,19,0,False,2026-08-29T16:30:00Z,0,2,2,0,0,0,0,0,0,0,0,0,0,0,0,0,0.0,0.0,0.0,0.0,0,0.00,0.00,0.00,0.00,0,0,0,0,50,3475,-1137,91,1228,2
A.Murphy,DEF,Newcastle,451,15,19,0,False,2026-08-29T16:30:00Z,0,2,2,0,0,0,0,0,0,0,0,0,0,0,0,0,0.0,0.0,0.0,0.0,0,0.00,0.00,0.00,0.00,0,0,0,0,40,9468,-3276,0,3276,2
Barnes,MID,Newcastle,453,15,19,3,False,2026-08-29T16:30:00Z,0,2,2,90,0,0,1,0,0,0,0,0,0,0,0,9,7.2,22.1,7.0,3.6,1,0.04,0.01,0.05,1.12,2,0,2,4,60,113402,4665,14995,10330,2
Elanga,MID,Newcastle,454,15,19,8,False,2026-08-29T16:30:00Z,0,2,2,81,1,0,1,0,0,0,0,0,0,0,0,32,36.8,15.3,29.0,8.1,1,0.20,0.10,0.30,0.74,0,1,2,3,60,215548,83568,95441,11873,2
Tonali,MID,Spurs,455,15,17,2,True,2026-08-29T16:30:00Z,0,2,2,74,0,0,0,2,0,0,0,0,0,0,0,16,5.0,26.3,4.0,3.5,1,0.05,0.02,0.07,0.72,1,3,0,4,55,369291,-38097,14119,52216,2
J.Ramsey,MID,Newcastle,456,15,19,1,False,2026-08-29T16:30:00Z,0,2,2,8,0,0,0,0,0,0,0,0,0,0,0,3,0.2,4.2,0.0,0.4,0,0.00,0.13,0.13,0.38,0,1,0,1,50,34073,-3238,1442,4680,2
J.Murphy,MID,Newcastle,457,15,19,1,False,2026-08-29T16:30:00Z,0,2,2,8,0,0,0,0,0,0,0,0,0,0,0,3,2.2,3.1,2.0,0.7,0,0.00,0.20,0.20,0.38,0,2,1,3,60,15641,-1965,717,2682,2
Joelinton,MID,Newcastle,458,15,19,0,False,2026-08-29T16:30:00Z,0,2,2,0,0,0,0,0,0,0,0,0,0,0,0,0,0.0,0.0,0.0,0.0,0,0.00,0.00,0.00,0.00,0,0,0,0,55,2722,-1020,48,1068,2
L.Miley,MID,Newcastle,459,15,19,3,False,2026-08-29T16:30:00Z,0,2,2,90,0,0,1,0,0,0,0,0,0,0,0,16,11.2,14.7,0.0,2.6,1,0.00,0.04,0.04,1.12,3,6,0,9,55,6985,857,1391,534,2
Willock,MID,Newcastle,460,15,19,3,False,2026-08-29T16:30:00Z,0,2,2,70,0,0,1,0,0,0,0,0,0,0,0,0,0.0,4.3,8.0,0.5,1,0.07,0.02,0.09,0.74,1,1,0,2,50,24746,6831,8763,1932,2
Touré,MID,Newcastle,461,15,19,1,False,2026-08-29T16:30:00Z,0,2,2,1,0,0,0,0,0,0,0,0,0,0,0,3,0.0,0.0,0.0,0.0,0,0.00,0.00,0.00,0.00,0,0,0,0,60,20967,-3945,513,4458,2
Steur,MID,Newcastle,462,15,19,1,False,2026-08-29T16:30:00Z,0,2,2,19,0,0,0,0,0,0,0,0,0,0,0,4,5.0,0.0,0.0,0.5,0,0.00,0.00,0.00,0.38,3,0,0,3,50,10539,-238,762,1000,2
Woltemade,FWD,Newcastle,463,15,19,4,False,2026-08-29T16:30:00Z,0,2,2,19,0,1,0,0,0,0,0,0,0,0,0,18,18.2,10.5,11.0,4.0,0,0.02,0.01,0.03,0.38,0,0,0,0,60,150038,-23591,7193,30784,2
Wissa,FWD,Newcastle,464,15,19,8,False,2026-08-29T16:30:00Z,0,2,2,81,1,0,1,0,0,0,0,0,0,0,2,37,35.6,10.3,46.0,9.2,1,0.35,0.00,0.35,0.74,1,4,1,6,60,359321,134869,158957,24088,2
Osula,FWD,Newcastle,465,15,19,0,False,2026-08-29T16:30:00Z,0,2,2,0,0,0,0,0,0,0,0,0,0,0,0,0,0.0,0.0,0.0,0.0,0,0.00,0.00,0.00,0.00,0,0,0,0,60,90550,-6163,20344,26507,2
Neave,FWD,Newcastle,466,15,19,0,False,2026-08-29T16:30:00Z,0,2,2,0,0,0,0,0,0,0,0,0,0,0,0,0,0.0,0.0,0.0,0.0,0,0.00,0.00,0.00,0.00,0,0,0,0,45,75688,-1647,6478,8125,2
Vicario,GK,Spurs,494,15,17,0,True,2026-08-29T16:30:00Z,0,2,2,0,0,0,0,0,0,0,0,0,0,0,0,0,0.0,0.0,0.0,0.0,0,0.00,0.00,0.00,0.00,0,0,0,0,45,23872,-11437,0,11437,2
Austin,GK,Spurs,495,15,17,0,True,2026-08-29T16:30:00Z,0,2,2,0,0,0,0,0,0,0,0,0,0,0,0,0,0.0,0.0,0.0,0.0,0,0.00,0.00,0.00,0.00,0,0,0,0,40,88358,-490,3212,3702,2
Kinsky,GK,Spurs,496,15,17,1,True,2026-08-29T16:30:00Z,0,2,2,90,0,0,0,2,0,0,0,0,0,0,0,4,3.8,0.0,0.0,0.4,1,0.00,0.00,0.00,0.72,0,6,0,0,45,2247365,-41526,40625,82151,2
Dubravka,GK,Spurs,497,15,17,0,True,2026-08-29T16:30:00Z,0,2,2,0,0,0,0,0,0,0,0,0,0,0,0,0,0.0,0.0,0.0,0.0,0,0.00,0.00,0.00,0.00,0,0,0,0,40,1835588,-28731,35086,63817,2
Senesi,DEF,Spurs,498,15,17,0,True,2026-08-29T16:30:00Z,0,2,2,0,0,0,0,0,0,0,0,0,0,0,0,0,0.0,0.0,0.0,0.0,0,0.00,0.00,0.00,0.00,0,0,0,0,60,746751,-48293,15942,64235,2
Pedro Porro,DEF,Spurs,499,15,17,1,True,2026-08-29T16:30:00Z,0,2,2,90,0,0,0,2,0,0,0,0,0,0,0,1,9.4,7.9,21.0,3.8,1,0.33,0.10,0.43,0.72,3,2,1,4,55,1331308,-296944,20574,317518,2
Romero,DEF,Spurs,500,15,17,0,True,2026-08-29T16:30:00Z,0,2,2,0,0,0,0,0,0,0,0,0,0,0,0,0,0.0,0.0,0.0,0.0,0,0.00,0.00,0.00,0.00,0,0,0,0,50,14805,-10779,0,10779,2
Danso,DEF,Sunderland,501,15,17,0,True,2026-08-29T16:30:00Z,0,2,2,0,0,0,0,0,0,0,0,0,0,0,0,0,0.0,0.0,0.0,0.0,0,0.00,0.00,0.00,0.00,0,0,0,0,50,17484,-1412,1020,2432,2
Robertson,DEF,Spurs,502,15,17,2,True,2026-08-29T16:30:00Z,0,2,2,67,0,0,0,1,0,0,0,0,0,0,0,7,11.2,16.8,25.0,5.3,1,0.06,0.02,0.08,0.48,2,1,1,3,45,379457,-1127,22171,23298,2
Van de Ven,DEF,Spurs,503,15,17,0,True,2026-08-29T16:30:00Z,0,2,2,90,0,0,0,2,0,0,0,1,0,0,0,5,15.2,2.1,0.0,1.7,1,0.00,0.02,0.02,0.72,7,4,1,8,50,422798,-116329,8374,124703,2
Spence,DEF,Spurs,505,15,17,0,True,2026-08-29T16:30:00Z,0,2,2,0,0,0,0,0,0,0,0,0,0,0,0,0,0.0,0.0,0.0,0.0,0,0.00,0.00,0.00,0.00,0,0,0,0,45,46576,-45782,0,45782,2
Udogie,DEF,Spurs,506,15,17,1,True,2026-08-29T16:30:00Z,0,2,2,22,0,0,0,1,0,0,0,0,0,0,0,2,5.2,11.5,2.0,1.9,0,0.00,0.19,0.19,0.24,0,1,1,1,45,47523,-3007,1685,4692,2
Phillips,DEF,Spurs,507,15,17,0,True,2026-08-29T16:30:00Z,0,2,2,0,0,0,0,0,0,0,0,0,0,0,0,0,0.0,0.0,0.0,0.0,0,0.00,0.00,0.00,0.00,0,0,0,0,45,1903,-658,0,658,2
Davies,DEF,Spurs,508,15,17,0,True,2026-08-29T16:30:00Z,0,2,2,0,0,0,0,0,0,0,0,0,0,0,0,0,0.0,0.0,0.0,0.0,0,0.00,0.00,0.00,0.00,0,0,0,0,40,102932,-6106,2877,8983,2
Byfield,DEF,Spurs,509,15,17,0,True,2026-08-29T16:30:00Z,0,2,2,0,0,0,0,0,0,0,0,0,0,0,0,0,0.0,0.0,0.0,0.0,0,0.00,0.00,0.00,0.00,0,0,0,0,40,5341,-239,319,558,2
Rowswell,DEF,Spurs,510,15,17,0,True,2026-08-29T16:30:00Z,0,2,2,0,0,0,0,0,0,0,0,0,0,0,0,0,0.0,0.0,0.0,0.0,0,0.00,0.00,0.00,0.00,0,0,0,0,40,7895,-360,335,695,2
Souza,DEF,Spurs,511,15,17,0,True,2026-08-29T16:30:00Z,0,2,2,0,0,0,0,0,0,0,0,0,0,0,0,0,0.0,0.0,0.0,0.0,0,0.00,0.00,0.00,0.00,0,0,0,0,40,29162,-1501,1193,2694,2
Kudus,MID,Spurs,512,15,17,1,True,2026-08-29T16:30:00Z,0,2,2,22,0,0,0,1,0,0,0,0,0,0,0,4,1.2,3.3,11.0,1.6,0,0.04,0.01,0.05,0.24,0,2,0,2,65,6789,-2137,269,2406,2
Xavi,MID,Spurs,513,15,17,0,True,2026-08-29T16:30:00Z,0,2,2,0,0,0,0,0,0,0,0,0,0,0,0,0,0.0,0.0,0.0,0.0,0,0.00,0.00,0.00,0.00,0,0,0,0,60,1453,-279,77,356,2
Tel,MID,Spurs,514,15,17,2,True,2026-08-29T16:30:00Z,0,2,2,67,0,0,0,1,0,0,0,0,0,0,0,10,3.8,3.3,34.0,4.1,1,0.14,0.03,0.17,0.48,0,2,1,3,60,48495,-6287,4174,10461,2
Maddison,MID,Spurs,515,15,17,0,True,2026-08-29T16:30:00Z,0,2,2,0,0,0,0,0,0,0,0,0,0,0,0,0,0.0,0.0,0.0,0.0,0,0.00,0.00,0.00,0.00,0,0,0,0,65,96409,-34300,2686,36986,2
Bentancur,MID,Spurs,516,15,17,2,True,2026-08-29T16:30:00Z,0,2,2,90,0,0,0,2,0,0,0,0,0,0,0,17,15.4,7.1,0.0,2.3,1,0.00,0.02,0.02,0.72,3,6,2,11,55,18887,-1429,602,2031,2
Odobert,MID,Spurs,517,15,17,0,True,2026-08-29T16:30:00Z,0,2,2,0,0,0,0,0,0,0,0,0,0,0,0,0,0.0,0.0,0.0,0.0,0,0.00,0.00,0.00,0.00,0,0,0,0,55,121,-3,16,19,2
P.M.Sarr,MID,Spurs,518,15,17,0,True,2026-08-29T16:30:00Z,0,2,2,0,0,0,0,0,0,0,0,0,0,0,0,0,0.0,0.0,0.0,0.0,0,0.00,0.00,0.00,0.00,0,0,0,0,49,15118,-10351,113,10464,2
Gallagher,MID,Spurs,519,15,17,0,True,2026-08-29T16:30:00Z,0,2,2,0,0,0,0,0,0,0,0,0,0,0,0,0,0.0,0.0,0.0,0.0,0,0.00,0.00,0.00,0.00,0,0,0,0,55,27438,-3439,1208,4647,2
Bergvall,MID,Spurs,520,15,17,0,True,2026-08-29T16:30:00Z,0,2,2,0,0,0,0,0,0,0,0,0,0,0,0,0,0.0,0.0,0.0,0.0,0,0.00,0.00,0.00,0.00,0,0,0,0,55,20234,-1564,635,2199,2
Kulusevski,MID,Spurs,521,15,17,0,True,2026-08-29T16:30:00Z,0,2,2,0,0,0,0,0,0,0,0,0,0,0,0,0,0.0,0.0,0.0,0.0,0,0.00,0.00,0.00,0.00,0,0,0,0,65,939,-166,75,241,2
Gray,MID,Spurs,522,15,17,2,True,2026-08-29T16:30:00Z,0,2,2,67,0,0,0,1,0,0,0,0,0,0,0,9,1.8,1.5,0.0,0.3,1,0.00,0.00,0.00,0.48,3,3,0,6,50,22329,-833,1711,2544,2
Moore,MID,Spurs,523,15,17,1,True,2026-08-29T16:30:00Z,0,2,2,22,0,0,0,1,0,0,0,0,0,0,0,1,0.0,0.4,1.0,0.0,0,0.02,0.00,0.02,0.24,0,1,0,1,50,19021,-107,2419,2526,2
Olusesi,MID,Spurs,524,15,17,0,True,2026-08-29T16:30:00Z,0,2,2,0,0,0,0,0,0,0,0,0,0,0,0,0,0.0,0.0,0.0,0.0,0,0.00,0.00,0.00,0.00,0,0,0,0,45,79923,-7298,2014,9312,2
Fernandes,MID,Spurs,525,15,17,2,True,2026-08-29T16:30:00Z,0,2,2,90,0,0,0,2,0,0,0,0,0,0,0,18,14.0,46.3,1.0,6.1,1,0.01,0.17,0.18,0.72,0,5,3,8,60,160253,-26800,4529,31329,2
Solanke,FWD,Spurs,526,15,17,1,True,2026-08-29T16:30:00Z,0,2,2,15,0,0,0,0,0,0,0,0,0,0,0,6,3.2,0.3,6.0,1.0,0,0.20,0.00,0.20,0.00,0,0,0,0,60,131276,-12606,8212,20818,2
Richarlison,FWD,Spurs,527,15,17,0,True,2026-08-29T16:30:00Z,0,2,2,0,0,0,0,0,0,0,0,0,0,0,0,0,0.0,0.0,0.0,0.0,0,0.00,0.00,0.00,0.00,0,0,0,0,60,275481,-31748,14723,46471,2
Scarlett,FWD,Spurs,528,15,17,0,True,2026-08-29T16:30:00Z,0,2,2,0,0,0,0,0,0,0,0,0,0,0,0,0,0.0,0.0,0.0,0.0,0,0.00,0.00,0.00,0.00,0,0,0,0,45,172295,-3996,13184,17180,2
Bamba,MID,Newcastle,559,15,19,0,False,2026-08-29T16:30:00Z,0,2,2,0,0,0,0,0,0,0,0,0,0,0,0,0,0.0,0.0,0.0,0.0,0,0.00,0.00,0.00,0.00,0,0,0,0,50,13188,-977,690,1667,2
Horníček,GK,Newcastle,567,15,19,7,False,2026-08-29T16:30:00Z,0,2,2,90,0,0,1,0,0,0,0,0,0,4,0,32,34.6,0.0,0.0,3.5,1,0.00,0.00,0.00,1.12,2,4,0,0,50,70807,1279,5537,4258,2
Dedić,DEF,Newcastle,593,15,19,11,False,2026-08-29T16:30:00Z,0,2,2,90,0,1,1,0,0,0,0,0,0,0,2,37,42.6,30.4,0.0,7.3,1,0.00,0.06,0.06,1.12,5,5,3,8,45,36928,8203,10359,2156,2
Williams-Barnett,MID,Spurs,601,15,17,0,True,2026-08-29T16:30:00Z,0,2,2,0,0,0,0,0,0,0,0,0,0,0,0,0,0.0,0.0,0.0,0.0,0,0.00,0.00,0.00,0.00,0,0,0,0,45,7704,2052,2636,584,2
Shahar,DEF,Newcastle,609,15,19,0,False,2026-08-29T16:30:00Z,0,2,2,0,0,0,0,0,0,0,0,0,0,0,0,0,0.0,0.0,0.0,0.0,0,0.00,0.00,0.00,0.00,0,0,0,0,40,11777,3348,3993,645,2
Martinez,GK,Chelsea,28,16,5,2,True,2026-08-30T13:00:00Z,4,3,2,90,0,0,0,3,0,0,0,0,0,4,0,18,36.2,20.0,0.0,5.6,1,0.00,0.01,0.01,1.41,1,13,0,0,50,419555,-42289,14876,8115,2
Rogers,MID,Chelsea,40,16,5,5,True,2026-08-30T13:00:00Z,4,3,2,90,0,1,0,3,0,0,0,0,0,0,0,28,26.8,46.5,23.0,9.6,1,0.14,1.01,1.15,1.41,1,3,1,5,75,2607781,180102,251851,71749,2
Henderson,MID,Chelsea,101,16,5,0,True,2026-08-30T13:00:00Z,4,3,2,0,0,0,0,0,0,0,0,0,0,0,0,0,0.0,0.0,0.0,0.0,0,0.00,0.00,0.00,0.00,0,0,0,0,50,3715,-477,214,691,2
Verbruggen,GK,Brighton,109,16,6,0,False,2026-08-30T13:00:00Z,4,3,2,90,0,0,0,4,0,0,0,0,0,1,0,-1,10.2,0.0,0.0,1.0,1,0.00,0.00,0.00,2.93,0,14,0,0,45,2133814,39276,84756,45480,2
Steele,GK,Brighton,111,16,6,0,False,2026-08-30T13:00:00Z,4,3,2,0,0,0,0,0,0,0,0,0,0,0,0,0,0.0,0.0,0.0,0.0,0,0.00,0.00,0.00,0.00,0,0,0,0,40,398691,-3330,10714,14044,2
F.Kadıoğlu,DEF,Brighton,113,16,6,0,False,2026-08-30T13:00:00Z,4,3,2,90,0,0,0,4,0,0,0,0,0,0,0,-4,2.8,16.7,8.0,2.8,1,0.02,0.01,0.03,2.93,0,2,0,0,45,221172,-48824,2580,51404,2
Boscagli,DEF,Brighton,114,16,6,-1,False,2026-08-30T13:00:00Z,4,3,2,90,0,0,0,4,0,0,0,1,0,0,0,-2,16.8,26.6,11.0,5.4,1,0.05,0.11,0.16,2.93,3,2,0,3,45,26909,2544,4103,1559,2
De Cuyper,DEF,Brighton,115,16,6,0,False,2026-08-30T13:00:00Z,4,3,2,90,0,0,0,4,0,0,0,0,0,0,0,-2,8.8,23.7,5.0,3.8,1,0.03,0.05,0.08,2.93,2,3,0,2,46,847829,473840,494998,21158,2
Dunk,DEF,Brighton,116,16,6,-1,False,2026-08-30T13:00:00Z,4,3,2,90,0,0,0,4,0,0,0,1,0,0,0,-4,14.8,2.0,0.0,1.7,1,0.00,0.01,0.01,2.93,2,4,1,3,45,118436,8033,13343,5310,2
Coppola,DEF,Brighton,117,16,6,0,False,2026-08-30T13:00:00Z,4,3,2,0,0,0,0,0,0,0,0,0,0,0,0,0,0.0,0.0,0.0,0.0,0,0.00,0.00,0.00,0.00,0,0,0,0,45,1892,-33,191,224,2
Igor,DEF,Brighton,118,16,6,0,False,2026-08-30T13:00:00Z,4,3,2,0,0,0,0,0,0,0,0,0,0,0,0,0,0.0,0.0,0.0,0.0,0,0.00,0.00,0.00,0.00,0,0,0,0,45,8240,-404,471,875,2
Costinha,DEF,Brighton,119,16,6,0,False,2026-08-30T13:00:00Z,4,3,2,10,0,0,0,0,0,0,0,1,0,0,0,-1,0.0,0.3,0.0,0.0,0,0.00,0.00,0.00,0.04,0,0,0,0,45,3512,59,285,226,2
Svoboda,DEF,Brighton,120,16,6,0,False,2026-08-30T13:00:00Z,4,3,2,0,0,0,0,0,0,0,0,0,0,0,0,0,0.0,0.0,0.0,0.0,0,0.00,0.00,0.00,0.00,0,0,0,0,50,5185,84,768,684,2
Mitoma,MID,Brighton,121,16,6,0,False,2026-08-30T13:00:00Z,4,3,2,0,0,0,0,0,0,0,0,0,0,0,0,0,0.0,0.0,0.0,0.0,0,0.00,0.00,0.00,0.00,0,0,0,0,60,4114,-1078,159,1237,2
Minteh,MID,Brighton,122,16,6,0,False,2026-08-30T13:00:00Z,4,3,2,0,0,0,0,0,0,0,0,0,0,0,0,0,0.0,0.0,0.0,0.0,0,0.00,0.00,0.00,0.00,0,0,0,0,60,6199,-3381,140,3521,2
Hinshelwood,MID,Brighton,123,16,6,0,False,2026-08-30T13:00:00Z,4,3,2,0,0,0,0,0,0,0,0,0,0,0,0,0,0.0,0.0,0.0,0.0,0,0.00,0.00,0.00,0.00,0,0,0,0,60,230171,101743,139828,38085,2
Groß,MID,Brighton,124,16,6,13,False,2026-08-30T13:00:00Z,4,3,2,90,1,1,0,4,0,0,0,0,0,0,3,46,47.8,33.2,23.0,10.4,1,0.05,0.11,0.16,2.93,2,3,1,6,55,1268429,-81694,24179,105873,2
Georginio,FWD,Brighton,125,16,6,0,False,2026-08-30T13:00:00Z,4,3,2,0,0,0,0,0,0,0,0,0,0,0,0,0,0.0,0.0,0.0,0.0,0,0.00,0.00,0.00,0.00,0,0,0,0,55,98683,8880,23887,15007,2
O'Riley,MID,Brighton,126,16,6,0,False,2026-08-30T13:00:00Z,4,3,2,0,0,0,0,0,0,0,0,0,0,0,0,0,0.0,0.0,0.0,0.0,0,0.00,0.00,0.00,0.00,0,0,0,0,55,10143,-696,656,1352,2
Gomez,MID,Brighton,127,16,6,5,False,2026-08-30T13:00:00Z,4,3,2,90,0,1,0,4,0,0,0,0,0,0,0,15,4.6,20.3,42.0,6.7,1,0.38,0.17,0.55,2.93,1,2,2,5,50,380491,7080,23952,16872,2
Buonanotte,MID,Brighton,128,16,6,0,False,2026-08-30T13:00:00Z,4,3,2,0,0,0,0,0,0,0,0,0,0,0,0,0,0.0,0.0,0.0,0.0,0,0.00,0.00,0.00,0.00,0,0,0,0,50,346,-173,0,173,2
Ayari,MID,Brighton,129,16,6,0,False,2026-08-30T13:00:00Z,4,3,2,0,0,0,0,0,0,0,0,0,0,0,0,0,0.0,0.0,0.0,0.0,0,0.00,0.00,0.00,0.00,0,0,0,0,55,62632,-4277,3334,7611,2
Wieffer,DEF,Brighton,130,16,6,0,False,2026-08-30T13:00:00Z,4,3,2,79,0,0,0,4,0,0,0,0,0,0,0,6,20.4,9.2,4.0,3.4,1,0.03,0.08,0.11,2.89,7,4,0,7,50,43921,10371,13428,3057,2
Howell,MID,Brighton,132,16,6,0,False,2026-08-30T13:00:00Z,4,3,2,0,0,0,0,0,0,0,0,0,0,0,0,0,0.0,0.0,0.0,0.0,0,0.00,0.00,0.00,0.00,0,0,0,0,45,5161,-1532,0,1532,2
Watson,MID,Brighton,133,16,6,0,False,2026-08-30T13:00:00Z,4,3,2,0,0,0,0,0,0,0,0,0,0,0,0,0,0.0,0.0,0.0,0.0,0,0.00,0.00,0.00,0.00,0,0,0,0,50,182,-56,0,56,2
Oriola,MID,Brighton,134,16,6,0,False,2026-08-30T13:00:00Z,4,3,2,0,0,0,0,0,0,0,0,0,0,0,0,0,0.0,0.0,0.0,0.0,0,0.00,0.00,0.00,0.00,0,0,0,0,45,27277,-1072,1708,2780,2
Yohanna,MID,Brighton,135,16,6,0,False,2026-08-30T13:00:00Z,4,3,2,0,0,0,0,0,0,0,0,0,0,0,0,0,0.0,0.0,0.0,0.0,0,0.00,0.00,0.00,0.00,0,0,0,0,50,6909,-506,373,879,2
Welbeck,FWD,Chelsea,136,16,5,0,True,2026-08-30T13:00:00Z,4,3,2,0,0,0,0,0,0,0,0,0,0,0,0,0,0.0,0.0,0.0,0.0,0,0.00,0.00,0.00,0.00,0,0,0,0,60,96753,-19289,3136,22425,2
Tzimas,FWD,Brighton,137,16,6,0,False,2026-08-30T13:00:00Z,4,3,2,0,0,0,0,0,0,0,0,0,0,0,0,0,0.0,0.0,0.0,0.0,0,0.00,0.00,0.00,0.00,0,0,0,0,55,839,-168,84,252,2
Kostoulas,FWD,Brighton,138,16,6,5,False,2026-08-30T13:00:00Z,4,3,2,79,0,1,0,4,0,0,0,0,0,0,0,17,5.0,15.1,17.0,3.7,1,0.17,0.02,0.19,2.89,0,6,0,6,55,22097,-767,1384,2151,2
Ferguson,FWD,Brighton,139,16,6,0,False,2026-08-30T13:00:00Z,4,3,2,0,0,0,0,0,0,0,0,0,0,0,0,0,0.0,0.0,0.0,0.0,0,0.00,0.00,0.00,0.00,0,0,0,0,50,3163,-305,318,623,2
Sánchez,GK,Chelsea,140,16,5,0,True,2026-08-30T13:00:00Z,4,3,2,0,0,0,0,0,0,0,0,0,0,0,0,0,0.0,0.0,0.0,0.0,0,0.00,0.00,0.00,0.00,0,0,0,0,50,217448,-18267,8924,27191,2
Jörgensen,GK,Chelsea,141,16,5,0,True,2026-08-30T13:00:00Z,4,3,2,0,0,0,0,0,0,0,0,0,0,0,0,0,0.0,0.0,0.0,0.0,0,0.00,0.00,0.00,0.00,0,0,0,0,50,1280,-501,0,501,2
James,DEF,Chelsea,142,16,5,1,True,2026-08-30T13:00:00Z,4,3,2,22,0,0,0,1,0,0,0,0,0,0,0,-1,0.4,0.4,2.0,0.3,0,0.00,0.00,0.00,0.14,0,1,0,0,55,987947,-18793,62525,81318,2
Chalobah,DEF,Chelsea,143,16,5,0,True,2026-08-30T13:00:00Z,4,3,2,0,0,0,0,0,0,0,0,0,0,0,0,0,0.0,0.0,0.0,0.0,0,0.00,0.00,0.00,0.00,0,0,0,0,55,12877,-8058,0,8058,2
Gusto,DEF,Chelsea,144,16,5,1,True,2026-08-30T13:00:00Z,4,3,2,90,0,0,0,3,0,0,0,0,0,0,0,-1,7.8,0.7,0.0,0.9,1,0.00,0.01,0.01,1.41,4,3,1,5,50,122291,2378,13325,10947,2
Fofana,DEF,Chelsea,145,16,5,0,True,2026-08-30T13:00:00Z,4,3,2,67,0,0,0,2,0,0,0,1,0,0,0,-2,19.4,0.9,0.0,2.0,1,0.00,0.01,0.01,1.26,9,0,0,9,50,3489,552,813,261,2
B.Badiashile,DEF,Chelsea,146,16,5,0,True,2026-08-30T13:00:00Z,4,3,2,0,0,0,0,0,0,0,0,0,0,0,0,0,0.0,0.0,0.0,0.0,0,0.00,0.00,0.00,0.00,0,0,0,0,45,2126,-568,232,800,2
Tosin,DEF,Spurs,147,16,5,0,True,2026-08-30T13:00:00Z,4,3,2,0,0,0,0,0,0,0,0,0,0,0,0,0,0.0,0.0,0.0,0.0,0,0.00,0.00,0.00,0.00,0,0,0,0,45,19280,-1857,263,2120,2
Hato,DEF,Chelsea,148,16,5,4,True,2026-08-30T13:00:00Z,4,3,2,90,0,1,0,3,0,0,0,0,0,0,0,12,30.0,20.7,0.0,5.1,1,0.00,0.06,0.06,1.41,4,3,2,6,45,47286,-126,4358,4484,2
Colwill,DEF,Chelsea,149,16,5,1,True,2026-08-30T13:00:00Z,4,3,2,71,0,0,0,2,0,0,0,0,0,0,0,2,13.2,0.4,0.0,1.4,1,0.00,0.00,0.00,1.31,8,2,1,9,50,150119,-7208,10571,17779,2
M.Sarr,DEF,Chelsea,150,16,5,0,True,2026-08-30T13:00:00Z,4,3,2,0,0,0,0,0,0,0,0,0,0,0,0,0,0.0,0.0,0.0,0.0,0,0.00,0.00,0.00,0.00,0,0,0,0,45,7741,-544,405,949,2
Acheampong,DEF,Chelsea,151,16,5,1,True,2026-08-30T13:00:00Z,4,3,2,22,0,0,0,1,0,0,0,0,0,0,0,-1,6.2,0.1,0.0,0.6,0,0.00,0.00,0.00,0.14,2,0,1,3,45,37116,4931,8065,3134,2
Palestra,DEF,Chelsea,152,16,5,0,True,2026-08-30T13:00:00Z,4,3,2,0,0,0,0,0,0,0,0,0,0,0,0,0,0.0,0.0,0.0,0.0,0,0.00,0.00,0.00,0.00,0,0,0,0,55,209865,-64977,4960,69937,2
Palmer,MID,Chelsea,154,16,5,7,True,2026-08-30T13:00:00Z,4,3,2,90,1,0,0,3,0,0,0,0,0,0,0,28,40.8,25.3,26.0,9.2,1,0.66,0.13,0.79,1.41,2,4,2,8,95,1644351,344912,376872,31960,2
Enzo,MID,Man City,155,16,5,0,True,2026-08-30T13:00:00Z,4,3,2,0,0,0,0,0,0,0,0,0,0,0,0,0,0.0,0.0,0.0,0.0,0,0.00,0.00,0.00,0.00,0,0,0,0,70,430662,-74211,14954,89165,2
Neto,MID,Chelsea,156,16,5,7,True,2026-08-30T13:00:00Z,4,3,2,67,1,0,0,2,0,0,0,0,0,0,0,32,45.2,25.6,38.0,10.9,1,0.41,0.33,0.74,1.26,3,1,0,4,65,117566,-17727,5635,23362,2
Estêvão,MID,Chelsea,157,16,5,0,True,2026-08-30T13:00:00Z,4,3,2,0,0,0,0,0,0,0,0,0,0,0,0,0,0.0,0.0,0.0,0.0,0,0.00,0.00,0.00,0.00,0,0,0,0,65,111448,-18220,5564,23784,2
Gittens,MID,Chelsea,158,16,5,0,True,2026-08-30T13:00:00Z,4,3,2,0,0,0,0,0,0,0,0,0,0,0,0,0,0.0,0.0,0.0,0.0,0,0.00,0.00,0.00,0.00,0,0,0,0,60,3391,-502,271,773,2
Caicedo,MID,Chelsea,159,16,5,1,True,2026-08-30T13:00:00Z,4,3,2,13,0,0,0,0,0,0,0,0,0,0,0,3,0.0,0.1,0.0,0.0,0,0.00,0.00,0.00,0.07,0,0,0,0,55,282404,-88842,9481,98323,2
Lavia,MID,Chelsea,161,16,5,7,True,2026-08-30T13:00:00Z,4,3,2,67,1,0,0,2,0,0,0,0,0,0,0,32,39.0,0.8,33.0,7.3,1,0.54,0.00,0.54,1.26,3,3,1,7,50,6337,254,1173,919,2
D.Essugo,MID,Chelsea,163,16,5,0,True,2026-08-30T13:00:00Z,4,3,2,0,0,0,0,0,0,0,0,0,0,0,0,0,0.0,0.0,0.0,0.0,0,0.00,0.00,0.00,0.00,0,0,0,0,45,18847,-1635,1252,2887,2
Quenda,MID,Chelsea,164,16,5,0,True,2026-08-30T13:00:00Z,4,3,2,0,0,0,0,0,0,0,0,0,0,0,0,0,0.0,0.0,0.0,0.0,0,0.00,0.00,0.00,0.00,0,0,0,0,55,4061,-589,231,820,2
João Pedro,FWD,Chelsea,165,16,5,9,True,2026-08-30T13:00:00Z,4,3,2,90,1,1,0,3,1,0,0,0,0,0,2,44,52.8,22.5,46.0,12.1,1,1.23,0.04,1.27,1.41,0,2,1,3,76,6802308,377023,405188,28165,2
Marc Guiu,FWD,Chelsea,168,16,5,0,True,2026-08-30T13:00:00Z,4,3,2,0,0,0,0,0,0,0,0,0,0,0,0,0,0.0,0.0,0.0,0.0,0,0.00,0.00,0.00,0.00,0,0,0,0,50,43955,-3968,2178,6146,2
Mheuka,FWD,Chelsea,169,16,5,0,True,2026-08-30T13:00:00Z,4,3,2,0,0,0,0,0,0,0,0,0,0,0,0,0,0.0,0.0,0.0,0.0,0,0.00,0.00,0.00,0.00,0,0,0,0,45,34265,-1480,2929,4409,2
Emegha,FWD,Chelsea,170,16,5,0,True,2026-08-30T13:00:00Z,4,3,2,0,0,0,0,0,0,0,0,0,0,0,0,0,0.0,0.0,0.0,0.0,0,0.00,0.00,0.00,0.00,0,0,0,0,50,14647,-884,1450,2334,2
Lacroix,DEF,Chelsea,200,16,5,1,True,2026-08-30T13:00:00Z,4,3,2,90,0,0,0,3,0,0,0,0,0,0,0,-3,13.0,0.1,6.0,1.9,1,0.02,0.00,0.02,1.41,8,1,1,9,60,946023,18715,63522,44807,2
Struijk,DEF,Brighton,328,16,6,0,False,2026-08-30T13:00:00Z,4,3,2,0,0,0,0,0,0,0,0,0,0,0,0,0,0.0,0.0,0.0,0.0,0,0.00,0.00,0.00,0.00,0,0,0,0,50,22519,-1138,1416,2554,2
Vuskovic,DEF,Brighton,504,16,6,0,False,2026-08-30T13:00:00Z,4,3,2,90,0,0,0,4,0,0,0,0,0,0,0,-2,22.8,8.3,5.0,3.6,1,0.03,0.02,0.05,2.93,7,3,1,8,50,250629,8839,21186,12347,2
Penders,GK,Chelsea,560,16,5,0,True,2026-08-30T13:00:00Z,4,3,2,0,0,0,0,0,0,0,0,0,0,0,0,0,0.0,0.0,0.0,0.0,0,0.00,0.00,0.00,0.00,0,0,0,0,45,7073,-370,395,765,2
Anselmino,DEF,Chelsea,561,16,5,0,True,2026-08-30T13:00:00Z,4,3,2,0,0,0,0,0,0,0,0,0,0,0,0,0,0.0,0.0,0.0,0.0,0,0.00,0.00,0.00,0.00,0,0,0,0,45,1737,-324,122,446,2
Barco,MID,Chelsea,568,16,5,1,True,2026-08-30T13:00:00Z,4,3,2,8,0,0,0,1,0,0,0,0,0,0,0,1,0.0,0.0,4.0,0.2,0,0.04,0.00,0.04,0.07,1,0,0,1,55,13561,-1133,528,1661,2
Mudryk,MID,Spurs,578,16,5,0,True,2026-08-30T13:00:00Z,4,3,2,0,0,0,0,0,0,0,0,0,0,0,0,0,0.0,0.0,0.0,0.0,0,0.00,0.00,0.00,0.00,0,0,0,0,55,4222,-742,234,976,2
Chavarria,DEF,Chelsea,583,16,5,1,True,2026-08-30T13:00:00Z,4,3,2,18,0,0,0,1,0,0,0,0,0,0,0,1,6.4,0.3,0.0,0.7,0,0.00,0.02,0.02,0.09,2,1,1,3,50,19574,-1477,1081,2558,2
David,FWD,Brighton,594,16,6,1,False,2026-08-30T13:00:00Z,4,3,2,10,0,0,0,0,0,0,0,0,0,0,0,3,0.0,3.7,0.0,0.4,0,0.00,0.00,0.00,0.04,0,0,0,0,60,25435,-1622,2519,4141,2
Osman,MID,Brighton,600,16,6,1,False,2026-08-30T13:00:00Z,4,3,2,16,0,0,0,1,0,0,0,0,0,0,0,6,3.0,1.3,2.0,0.6,0,0.00,0.01,0.01,0.10,0,0,1,1,50,1521,75,218,143,2
Yalcouyé,MID,Brighton,605,16,6,8,False,2026-08-30T13:00:00Z,4,3,2,73,1,0,0,3,0,0,0,0,0,0,1,39,50.8,20.1,42.0,11.3,1,0.70,0.16,0.86,2.83,2,2,3,7,45,9806,3387,4339,952,2
Hadjam,DEF,Brighton,614,16,6,0,False,2026-08-30T13:00:00Z,4,3,2,0,0,0,0,0,0,0,0,0,0,0,0,0,0.0,0.0,0.0,0.0,0,0.00,0.00,0.00,0.00,0,0,0,0,45,1839,952,1006,54,2
Cozier-Duberry,MID,Brighton,624,16,6,0,False,2026-08-30T13:00:00Z,4,3,2,0,0,0,0,0,0,0,0,0,0,0,0,0,0.0,0.0,0.0,0.0,0,0.00,0.00,0.00,0.00,0,0,0,0,50,0,0,0,0,2
Kelleher,GK,Brentford,82,17,13,2,False,2026-08-30T13:00:00Z,1,1,2,90,0,0,0,1,0,0,0,0,0,1,0,7,9.4,0.0,0.0,0.9,1,0.00,0.00,0.00,1.46,2,4,0,0,50,649790,54510,74434,19924,2
Valdimarsson,GK,Brentford,83,17,13,0,False,2026-08-30T13:00:00Z,1,1,2,0,0,0,0,0,0,0,0,0,0,0,0,0,0.0,0.0,0.0,0.0,0,0.00,0.00,0.00,0.00,0,0,0,0,45,10896,-248,642,890,2
Collins,DEF,Brentford,84,17,13,3,False,2026-08-30T13:00:00Z,1,1,2,90,0,0,0,1,0,0,0,1,0,0,0,14,28.0,0.9,34.0,6.3,1,0.17,0.01,0.18,1.46,11,8,2,13,55,207535,15716,25089,9373,2
Van den Berg,DEF,Brentford,85,17,13,0,False,2026-08-30T13:00:00Z,1,1,2,0,0,0,0,0,0,0,0,0,0,0,0,0,0.0,0.0,0.0,0.0,0,0.00,0.00,0.00,0.00,0,0,0,0,50,10710,-3978,145,4123,2
Lewis-Potter,MID,Brentford,86,17,13,6,False,2026-08-30T13:00:00Z,1,1,2,87,0,1,0,1,0,0,0,0,0,0,1,29,38.4,31.6,2.0,7.2,1,0.02,0.13,0.15,1.46,3,6,2,11,55,116486,45826,52542,6716,2
Ajer,DEF,Brentford,87,17,13,3,False,2026-08-30T13:00:00Z,1,1,2,90,0,0,0,1,0,0,0,1,0,0,0,7,37.8,21.0,2.0,6.1,1,0.00,0.01,0.01,1.46,17,2,0,17,45,412431,56076,69978,13902,2
Kayode,DEF,Brentford,88,17,13,2,False,2026-08-30T13:00:00Z,1,1,2,87,0,0,0,1,0,0,0,0,0,0,0,9,14.4,16.0,8.0,3.8,1,0.02,0.21,0.23,1.46,3,4,1,4,46,778776,289643,310803,21160,2
Henry,DEF,Brentford,89,17,13,1,False,2026-08-30T13:00:00Z,1,1,2,2,0,0,0,0,0,0,0,0,0,0,0,3,0.0,0.0,0.0,0.0,0,0.00,0.00,0.00,0.00,0,0,0,0,45,24226,-1602,544,2146,2
Hickey,DEF,Brentford,90,17,13,1,False,2026-08-30T13:00:00Z,1,1,2,2,0,0,0,0,0,0,0,0,0,0,0,6,4.0,4.1,0.0,0.8,0,0.00,0.02,0.02,0.00,0,0,1,1,45,7643,83,623,540,2
Ji-soo,DEF,Brentford,92,17,13,0,False,2026-08-30T13:00:00Z,1,1,2,0,0,0,0,0,0,0,0,0,0,0,0,0,0.0,0.0,0.0,0.0,0,0.00,0.00,0.00,0.00,0,0,0,0,45,1940,-86,112,198,2
Schuster,DEF,Brentford,93,17,13,0,False,2026-08-30T13:00:00Z,1,1,2,0,0,0,0,0,0,0,0,0,0,0,0,0,0.0,0.0,0.0,0.0,0,0.00,0.00,0.00,0.00,0,0,0,0,45,16511,-1064,142,1206,2
Schade,MID,Brentford,94,17,13,10,False,2026-08-30T13:00:00Z,1,1,2,87,1,0,0,1,0,0,0,0,0,0,3,34,45.6,11.1,34.0,9.1,1,0.25,0.02,0.27,1.46,3,4,2,9,60,344201,-791,24998,25789,2
O.Dango,MID,Brentford,95,17,13,1,False,2026-08-30T13:00:00Z,1,1,2,29,0,0,0,1,0,0,0,0,0,0,0,16,15.4,15.5,2.0,3.3,0,0.02,0.08,0.10,1.36,3,3,1,7,65,110686,-3604,7348,10952,2
Damsgaard,MID,Brentford,96,17,13,3,False,2026-08-30T13:00:00Z,1,1,2,68,0,0,1,0,0,0,0,0,0,0,0,20,16.6,32.4,25.0,7.4,1,0.03,0.13,0.16,0.13,2,5,2,9,55,52568,-5226,2318,7544,2
Jensen,MID,Brentford,97,17,13,0,False,2026-08-30T13:00:00Z,1,1,2,0,0,0,0,0,0,0,0,0,0,0,0,0,0.0,0.0,0.0,0.0,0,0.00,0.00,0.00,0.00,0,0,0,0,55,22961,2521,3858,1337,2
Janelt,MID,Brentford,98,17,13,1,False,2026-08-30T13:00:00Z,1,1,2,90,0,0,0,1,0,0,0,1,0,0,0,11,16.4,35.4,4.0,5.6,1,0.00,0.14,0.14,1.46,5,2,3,10,50,49684,29474,33759,4285,2
Milambo,MID,Brentford,99,17,13,0,False,2026-08-30T13:00:00Z,1,1,2,0,0,0,0,0,0,0,0,0,0,0,0,0,0.0,0.0,0.0,0.0,0,0.00,0.00,0.00,0.00,0,0,0,0,50,190,-17,28,45,2
Carvalho,MID,Brentford,100,17,13,0,False,2026-08-30T13:00:00Z,1,1,2,0,0,0,0,0,0,0,0,0,0,0,0,0,0.0,0.0,0.0,0.0,0,0.00,0.00,0.00,0.00,0,0,0,0,50,1624,-91,155,246,2
Yarmoliuk,MID,Brentford,102,17,13,1,False,2026-08-30T13:00:00Z,1,1,2,21,0,0,0,1,0,0,0,0,0,0,0,4,3.0,12.5,4.0,2.0,0,0.00,0.01,0.01,1.32,0,0,0,0,50,112295,-12434,745,13179,2
Dasilva,MID,Brentford,103,17,13,0,False,2026-08-30T13:00:00Z,1,1,2,0,0,0,0,0,0,0,0,0,0,0,0,0,0.0,0.0,0.0,0.0,0,0.00,0.00,0.00,0.00,0,0,0,0,50,2549,-189,164,353,2
Anthony,MID,Brentford,105,17,13,2,False,2026-08-30T13:00:00Z,1,1,2,60,0,0,1,0,0,0,0,1,0,0,0,4,3.2,25.9,15.0,4.4,1,0.11,0.06,0.17,0.09,0,1,0,1,60,16949,-433,1958,2391,2
Thiago,FWD,Brentford,106,17,13,2,False,2026-08-30T13:00:00Z,1,1,2,90,0,0,0,1,0,0,0,0,0,0,0,2,2.4,6.2,55.0,6.4,1,0.80,0.01,0.81,1.46,0,3,1,4,80,1635017,-49395,91772,141167,2
Furo,FWD,Brentford,107,17,13,0,False,2026-08-30T13:00:00Z,1,1,2,0,0,0,0,0,0,0,0,0,0,0,0,0,0.0,0.0,0.0,0.0,0,0.00,0.00,0.00,0.00,0,0,0,0,45,89302,-252,8191,8443,2
Wilson,FWD,Brentford,108,17,13,1,False,2026-08-30T13:00:00Z,1,1,2,2,0,0,0,0,0,0,0,0,0,0,0,3,0.0,0.1,7.0,0.7,0,0.04,0.00,0.04,0.00,0,1,0,1,55,37634,-457,4351,4808,2
Wilson,MID,Leeds,260,17,4,1,True,2026-08-30T13:00:00Z,1,1,2,45,0,0,0,0,0,0,0,0,0,0,0,7,8.4,12.1,6.0,2.7,0,0.01,0.04,0.05,1.13,2,3,1,6,65,557212,-42839,14929,57768,2
Perri,GK,Leeds,326,17,4,0,True,2026-08-30T13:00:00Z,1,1,2,0,0,0,0,0,0,0,0,0,0,0,0,0,0.0,0.0,0.0,0.0,0,0.00,0.00,0.00,0.00,0,0,0,0,45,54468,-5031,328,5359,2
Bijol,DEF,Leeds,327,17,4,1,True,2026-08-30T13:00:00Z,1,1,2,45,0,0,0,1,0,0,0,0,0,0,0,0,8.4,0.2,0.0,0.9,1,0.00,0.00,0.00,0.55,5,2,0,5,50,96315,37035,45219,8184,2
Rodon,DEF,Leeds,329,17,4,1,True,2026-08-30T13:00:00Z,1,1,2,33,0,0,0,0,0,0,0,0,0,0,0,4,8.6,0.3,2.0,1.1,1,0.00,0.00,0.00,0.35,4,1,0,4,45,358288,9026,21600,12574,2
Bogle,DEF,Leeds,330,17,4,2,True,2026-08-30T13:00:00Z,1,1,2,67,0,0,0,1,0,0,0,0,0,0,0,9,18.6,11.3,4.0,3.4,1,0.00,0.01,0.01,0.74,5,5,2,7,45,54809,2801,5925,3124,2
Gudmundsson,DEF,Leeds,331,17,4,0,True,2026-08-30T13:00:00Z,1,1,2,0,0,0,0,0,0,0,0,0,0,0,0,0,0.0,0.0,0.0,0.0,0,0.00,0.00,0.00,0.00,0,0,0,0,45,4329,-926,66,992,2
Justin,DEF,Leeds,332,17,4,2,True,2026-08-30T13:00:00Z,1,1,2,90,0,0,0,1,0,0,0,0,0,0,0,12,24.6,11.8,9.0,4.5,1,0.03,0.01,0.04,1.67,6,3,2,8,45,121554,34143,43534,9391,2
Bornauw,DEF,Leeds,333,17,4,0,True,2026-08-30T13:00:00Z,1,1,2,0,0,0,0,0,0,0,0,0,0,0,0,0,0.0,0.0,0.0,0.0,0,0.00,0.00,0.00,0.00,0,0,0,0,45,335,-170,0,170,2
Muharemović,DEF,Leeds,334,17,4,4,True,2026-08-30T13:00:00Z,1,1,2,90,0,0,0,1,0,0,0,0,0,0,0,17,51.6,0.8,2.0,5.4,1,0.00,0.01,0.01,1.67,17,3,2,19,50,336009,9697,21539,11842,2
Stach,MID,Leeds,335,17,4,4,True,2026-08-30T13:00:00Z,1,1,2,90,0,0,0,1,0,0,0,0,0,0,0,13,24.6,17.0,4.0,4.6,1,0.07,0.01,0.08,1.67,8,4,4,16,60,255319,67665,81344,13679,2
Okafor,MID,Leeds,336,17,4,2,True,2026-08-30T13:00:00Z,1,1,2,68,0,0,0,1,0,0,0,0,0,0,0,11,6.4,7.5,10.0,2.4,1,0.08,0.01,0.09,0.74,1,0,1,2,60,40559,-7813,1355,9168,2
Aaronson,MID,Leeds,337,17,4,1,True,2026-08-30T13:00:00Z,1,1,2,45,0,0,0,1,0,0,0,0,0,0,0,6,2.2,0.6,0.0,0.3,1,0.00,0.01,0.01,0.55,1,1,1,3,55,85405,-5840,2593,8433,2
Ampadu,MID,Leeds,338,17,4,2,True,2026-08-30T13:00:00Z,1,1,2,90,0,0,0,1,0,0,0,0,0,0,0,12,19.6,16.6,1.0,3.7,1,0.01,0.09,0.10,1.67,5,3,2,10,55,133624,-4850,4591,9441,2
Longstaff,MID,Leeds,339,17,4,0,True,2026-08-30T13:00:00Z,1,1,2,0,0,0,0,0,0,0,0,0,0,0,0,0,0.0,0.0,0.0,0.0,0,0.00,0.00,0.00,0.00,0,0,0,0,50,12723,-1056,575,1631,2
Gnonto,MID,Leeds,341,17,4,0,True,2026-08-30T13:00:00Z,1,1,2,0,0,0,0,0,0,0,0,0,0,0,0,0,0.0,0.0,0.0,0.0,0,0.00,0.00,0.00,0.00,0,0,0,0,50,1522,-678,18,696,2
Harrison,MID,Leeds,342,17,4,0,True,2026-08-30T13:00:00Z,1,1,2,0,0,0,0,0,0,0,0,0,0,0,0,0,0.0,0.0,0.0,0.0,0,0.00,0.00,0.00,0.00,0,0,0,0,50,98,-36,0,36,2
James,MID,Leeds,343,17,4,1,True,2026-08-30T13:00:00Z,1,1,2,22,0,0,0,0,0,0,0,0,0,0,0,2,0.0,1.1,12.0,1.1,0,0.24,0.01,0.25,0.93,0,2,0,2,50,11703,-873,863,1736,2
Gruev,MID,Leeds,344,17,4,0,True,2026-08-30T13:00:00Z,1,1,2,0,0,0,0,0,0,0,0,0,0,0,0,0,0.0,0.0,0.0,0.0,0,0.00,0.00,0.00,0.00,0,0,0,0,50,362,-120,9,129,2
Tanaka,MID,Leeds,345,17,4,1,True,2026-08-30T13:00:00Z,1,1,2,45,0,0,0,0,0,0,0,0,0,0,0,6,20.0,1.8,0.0,2.2,0,0.00,0.01,0.01,1.13,5,3,3,11,50,21386,-3334,899,4233,2
Calvert-Lewin,FWD,Leeds,346,17,4,8,True,2026-08-30T13:00:00Z,1,1,2,90,1,0,0,1,0,0,0,0,0,0,2,31,38.4,4.0,35.0,7.7,1,0.92,0.02,0.94,1.67,3,1,0,4,60,2823193,-104622,84314,188936,2
Nmecha,FWD,Leeds,347,17,4,4,True,2026-08-30T13:00:00Z,1,1,2,21,0,1,0,0,0,0,0,0,0,0,0,18,18.2,20.3,6.0,4.5,0,0.10,0.00,0.10,0.93,0,1,0,1,55,51231,-7627,1917,9544,2
Piroe,FWD,Leeds,348,17,4,0,True,2026-08-30T13:00:00Z,1,1,2,0,0,0,0,0,0,0,0,0,0,0,0,0,0.0,0.0,0.0,0.0,0,0.00,0.00,0.00,0.00,0,0,0,0,50,11733,-5351,0,5351,2
Mateo Joseph,FWD,Leeds,349,17,4,0,True,2026-08-30T13:00:00Z,1,1,2,0,0,0,0,0,0,0,0,0,0,0,0,0,0.0,0.0,0.0,0.0,0,0.00,0.00,0.00,0.00,0,0,0,0,45,5489,-726,325,1051,2
Trafford,GK,Leeds,385,17,4,3,True,2026-08-30T13:00:00Z,1,1,2,90,0,0,0,1,0,0,0,0,0,4,0,20,37.6,0.0,0.0,3.8,1,0.00,0.00,0.00,1.67,0,11,0,0,50,437245,48690,63794,15104,2
M.Sangaré,MID,Brentford,565,17,13,4,False,2026-08-30T13:00:00Z,1,1,2,90,0,0,0,1,0,0,0,0,0,0,0,16,24.4,25.3,11.0,6.1,1,0.21,0.03,0.24,1.46,5,5,4,14,56,902725,420422,443762,23340,2
Elvedi,DEF,Leeds,598,17,4,1,True,2026-08-30T13:00:00Z,1,1,2,56,0,0,0,1,0,0,0,0,0,0,0,9,16.0,1.1,6.0,2.3,0,0.00,0.00,0.00,1.32,5,4,1,6,45,2511,75,354,279,2
Lienou,DEF,Leeds,603,17,4,0,True,2026-08-30T13:00:00Z,1,1,2,0,0,0,0,0,0,0,0,0,0,0,0,0,0.0,0.0,0.0,0.0,0,0.00,0.00,0.00,0.00,0,0,0,0,40,7187,1169,1488,319,2
Cresswell,MID,Leeds,604,17,4,0,True,2026-08-30T13:00:00Z,1,1,2,0,0,0,0,0,0,0,0,0,0,0,0,0,0.0,0.0,0.0,0.0,0,0.00,0.00,0.00,0.00,0,0,0,0,45,7215,2319,3029,710,2
Diouf,DEF,Brentford,620,17,13,0,False,2026-08-30T13:00:00Z,1,1,2,0,0,0,0,0,0,0,0,0,0,0,0,0,0.0,0.0,0.0,0.0,0,0.00,0.00,0.00,0.00,0,0,0,0,45,817,563,600,37,2
Cairns,GK,Leeds,625,17,4,0,True,2026-08-30T13:00:00Z,1,1,2,0,0,0,0,0,0,0,0,0,0,0,0,0,0.0,0.0,0.0,0.0,0,0.00,0.00,0.00,0.00,0,0,0,0,40,0,0,0,0,2
Tielemans,MID,Man Utd,43,18,12,4,True,2026-08-30T15:30:00Z,5,2,2,90,0,0,0,2,0,0,0,0,0,0,0,26,33.2,46.3,20.0,10.0,1,0.47,0.11,0.58,2.06,4,7,2,13,60,232262,-23073,12631,35704,2
Baleba,MID,Man Utd,131,18,12,0,True,2026-08-30T15:30:00Z,5,2,2,0,0,0,0,0,0,0,0,0,0,0,0,0,0.0,0.0,0.0,0.0,0,0.00,0.00,0.00,0.00,0,0,0,0,50,17743,-2097,2324,4421,2
Andrey Santos,MID,Man Utd,162,18,12,1,True,2026-08-30T15:30:00Z,5,2,2,10,0,0,0,1,0,0,0,0,0,0,0,2,6.2,0.7,0.0,0.7,0,0.00,0.00,0.00,1.00,0,2,3,5,50,96490,-7693,7456,15149,2
Diop,DEF,Ipswich Town,259,18,16,2,False,2026-08-30T15:30:00Z,5,2,2,90,0,0,0,5,0,0,0,0,0,0,0,7,40.8,0.3,0.0,4.1,1,0.00,0.00,0.00,4.77,12,4,0,12,40,1683238,-44411,26513,70924,2
Lukić,MID,Ipswich Town,267,18,16,1,False,2026-08-30T15:30:00Z,5,2,2,72,0,0,0,4,0,0,0,1,0,0,0,11,17.4,11.9,2.0,3.1,1,0.02,0.02,0.04,3.91,7,1,3,11,50,12592,-167,1178,1345,2
Walton,GK,Ipswich Town,300,18,16,0,False,2026-08-30T15:30:00Z,5,2,2,0,0,0,0,0,0,0,0,0,0,0,0,0,0.0,0.0,0.0,0.0,0,0.00,0.00,0.00,0.00,0,0,0,0,45,48759,-4363,209,4572,2
Palmer,GK,Ipswich Town,301,18,16,0,False,2026-08-30T15:30:00Z,5,2,2,0,0,0,0,0,0,0,0,0,0,0,0,0,0.0,0.0,0.0,0.0,0,0.00,0.00,0.00,0.00,0,0,0,0,40,442454,-9662,7686,17348,2
Button,GK,Ipswich Town,302,18,16,0,False,2026-08-30T15:30:00Z,5,2,2,0,0,0,0,0,0,0,0,0,0,0,0,0,0.0,0.0,0.0,0.0,0,0.00,0.00,0.00,0.00,0,0,0,0,40,44640,140,1959,1819,2
Kipré,DEF,Ipswich Town,303,18,16,0,False,2026-08-30T15:30:00Z,5,2,2,0,0,0,0,0,0,0,0,0,0,0,0,0,0.0,0.0,0.0,0.0,0,0.00,0.00,0.00,0.00,0,0,0,0,40,60443,-4615,332,4947,2
O'Shea,DEF,Ipswich Town,304,18,16,0,False,2026-08-30T15:30:00Z,5,2,2,90,0,0,0,5,0,0,0,0,0,0,0,-14,0.0,0.8,9.0,0.9,1,0.07,0.01,0.08,4.77,1,2,0,1,40,338381,1655,15639,13984,2
Davis,DEF,Ipswich Town,305,18,16,6,False,2026-08-30T15:30:00Z,5,2,2,90,1,0,0,5,0,0,0,0,0,0,0,1,47.0,14.7,50.0,11.2,1,0.54,0.12,0.66,4.77,4,1,0,4,40,482824,-13968,7322,21290,2
Greaves,DEF,Ipswich Town,306,18,16,-1,False,2026-08-30T15:30:00Z,5,2,2,90,0,0,0,5,1,0,0,1,0,0,0,-13,18.4,1.3,0.0,2.0,1,0.00,0.01,0.01,4.77,9,4,1,10,40,141835,-4475,1636,6111,2
Johnson,DEF,Ipswich Town,307,18,16,0,False,2026-08-30T15:30:00Z,5,2,2,0,0,0,0,0,0,0,0,0,0,0,0,0,0.0,0.0,0.0,0.0,0,0.00,0.00,0.00,0.00,0,0,0,0,40,10501,-595,427,1022,2
Furlong,DEF,Ipswich Town,308,18,16,1,False,2026-08-30T15:30:00Z,5,2,2,17,0,0,0,1,0,0,0,0,0,0,0,-1,5.0,0.5,0.0,0.6,0,0.00,0.00,0.00,0.86,2,0,1,3,40,59266,-4147,269,4416,2
Núñez,MID,Ipswich Town,309,18,16,2,False,2026-08-30T15:30:00Z,5,2,2,61,0,0,0,3,0,0,0,0,0,0,0,6,11.6,12.1,2.0,2.6,1,0.00,0.02,0.02,2.85,4,4,1,9,50,14039,-196,1197,1393,2
Matusiwa,MID,Ipswich Town,310,18,16,0,False,2026-08-30T15:30:00Z,5,2,2,0,0,0,0,0,0,0,0,0,0,0,0,0,0.0,0.0,0.0,0.0,0,0.00,0.00,0.00,0.00,0,0,0,0,50,328,-104,8,112,2
Burns,MID,Ipswich Town,311,18,16,0,False,2026-08-30T15:30:00Z,5,2,2,0,0,0,0,0,0,0,0,0,0,0,0,0,0.0,0.0,0.0,0.0,0,0.00,0.00,0.00,0.00,0,0,0,0,50,366,-191,0,191,2
Taylor,MID,Ipswich Town,312,18,16,0,False,2026-08-30T15:30:00Z,5,2,2,0,0,0,0,0,0,0,0,0,0,0,0,0,0.0,0.0,0.0,0.0,0,0.00,0.00,0.00,0.00,0,0,0,0,45,3887,-772,111,883,2
Clarke,MID,Ipswich Town,313,18,16,0,False,2026-08-30T15:30:00Z,5,2,2,0,0,0,0,0,0,0,0,0,0,0,0,0,0.0,0.0,0.0,0.0,0,0.00,0.00,0.00,0.00,0,0,0,0,55,29170,759,3202,2443,2
Ogbene,MID,Ipswich Town,314,18,16,0,False,2026-08-30T15:30:00Z,5,2,2,0,0,0,0,0,0,0,0,0,0,0,0,0,0.0,0.0,0.0,0.0,0,0.00,0.00,0.00,0.00,0,0,0,0,50,1468,-206,37,243,2
Fatawu,MID,Ipswich Town,315,18,16,4,False,2026-08-30T15:30:00Z,5,2,2,82,0,1,0,5,0,0,0,1,0,0,0,25,26.6,42.3,2.0,7.1,1,0.00,0.22,0.22,4.59,1,2,1,4,55,21573,-2198,570,2768,2
Emersonn,FWD,Ipswich Town,316,18,16,1,False,2026-08-30T15:30:00Z,5,2,2,45,0,0,0,1,0,0,0,0,0,0,0,7,1.0,11.1,2.0,1.4,1,0.00,0.00,0.00,0.77,1,0,0,1,55,182058,59997,76807,16810,2
Hirst,FWD,Ipswich Town,317,18,16,0,False,2026-08-30T15:30:00Z,5,2,2,0,0,0,0,0,0,0,0,0,0,0,0,0,0.0,0.0,0.0,0.0,0,0.00,0.00,0.00,0.00,0,0,0,0,50,16241,-8695,0,8695,2
Philogene,MID,Ipswich Town,318,18,16,0,False,2026-08-30T15:30:00Z,5,2,2,0,0,0,0,0,0,0,0,0,0,0,0,0,0.0,0.0,0.0,0.0,0,0.00,0.00,0.00,0.00,0,0,0,0,55,12592,-3822,106,3928,2
Szmodics,MID,Ipswich Town,319,18,16,0,False,2026-08-30T15:30:00Z,5,2,2,0,0,0,0,0,0,0,0,0,0,0,0,0,0.0,0.0,0.0,0.0,0,0.00,0.00,0.00,0.00,0,0,0,0,50,615,-409,0,409,2
Akpom,FWD,Ipswich Town,320,18,16,5,False,2026-08-30T15:30:00Z,5,2,2,45,1,0,0,4,0,0,0,0,0,0,0,30,33.2,1.7,17.0,5.2,0,0.97,0.00,0.97,4.01,0,0,0,0,50,52422,-1625,4625,6250,2
Walle Egeli,FWD,Ipswich Town,321,18,16,0,False,2026-08-30T15:30:00Z,5,2,2,0,0,0,0,0,0,0,0,0,0,0,0,0,0.0,0.0,0.0,0.0,0,0.00,0.00,0.00,0.00,0,0,0,0,45,247770,17271,40712,23441,2
Al-Hamadi,FWD,Ipswich Town,322,18,16,0,False,2026-08-30T15:30:00Z,5,2,2,0,0,0,0,0,0,0,0,0,0,0,0,0,0.0,0.0,0.0,0.0,0,0.00,0.00,0.00,0.00,0,0,0,0,50,12213,-2247,755,3002,2
McAteer,MID,Ipswich Town,323,18,16,1,False,2026-08-30T15:30:00Z,5,2,2,7,0,0,0,0,0,0,0,0,0,0,0,3,0.2,0.0,0.0,0.0,0,0.00,0.00,0.00,0.18,0,1,0,1,45,133761,-5950,5615,11565,2
Mehmeti,MID,Ipswich Town,324,18,16,0,False,2026-08-30T15:30:00Z,5,2,2,0,0,0,0,0,0,0,0,0,0,0,0,0,0.0,0.0,0.0,0.0,0,0.00,0.00,0.00,0.00,0,0,0,0,50,4692,-639,47,686,2
Darlow,GK,Man Utd,325,18,12,0,True,2026-08-30T15:30:00Z,5,2,2,0,0,0,0,0,0,0,0,0,0,0,0,0,0.0,0.0,0.0,0.0,0,0.00,0.00,0.00,0.00,0,0,0,0,45,3863,-15,242,257,2
Lammens,GK,Man Utd,412,18,12,2,True,2026-08-30T15:30:00Z,5,2,2,90,0,0,0,2,0,0,0,0,0,3,0,11,27.0,0.0,0.0,2.7,1,0.00,0.00,0.00,2.06,1,6,0,0,50,1543070,-53896,34714,88610,2
Bayindir,GK,Man Utd,413,18,12,0,True,2026-08-30T15:30:00Z,5,2,2,0,0,0,0,0,0,0,0,0,0,0,0,0,0.0,0.0,0.0,0.0,0,0.00,0.00,0.00,0.00,0,0,0,0,45,1739,-588,0,588,2
Heaton,GK,Man Utd,414,18,12,0,True,2026-08-30T15:30:00Z,5,2,2,0,0,0,0,0,0,0,0,0,0,0,0,0,0.0,0.0,0.0,0.0,0,0.00,0.00,0.00,0.00,0,0,0,0,40,8703,-790,215,1005,2
Dorgu,MID,Man Utd,415,18,12,1,True,2026-08-30T15:30:00Z,5,2,2,10,0,0,0,1,0,0,0,0,0,0,0,4,7.0,11.7,39.0,5.8,0,0.18,0.01,0.19,1.00,1,0,1,2,60,107542,-23853,4808,28661,2
De Ligt,DEF,Man Utd,416,18,12,0,True,2026-08-30T15:30:00Z,5,2,2,0,0,0,0,0,0,0,0,0,0,0,0,0,0.0,0.0,0.0,0.0,0,0.00,0.00,0.00,0.00,0,0,0,0,50,2498,-381,117,498,2
Dalot,DEF,Man Utd,417,18,12,2,True,2026-08-30T15:30:00Z,5,2,2,73,0,0,0,1,0,0,0,0,0,0,0,12,16.4,42.2,33.0,9.2,1,0.15,0.12,0.27,1.06,4,1,0,4,50,242125,-25442,8190,33632,2
Maguire,DEF,Man Utd,418,18,12,4,True,2026-08-30T15:30:00Z,5,2,2,90,0,1,0,2,0,0,0,0,0,0,0,13,7.2,1.5,6.0,1.5,1,0.03,0.01,0.04,2.06,4,4,1,5,50,1686850,-53358,52953,106311,2
Martinez,DEF,Man Utd,419,18,12,1,True,2026-08-30T15:30:00Z,5,2,2,90,0,0,0,2,0,0,0,0,0,0,0,2,4.8,1.8,3.0,1.0,1,0.03,0.06,0.09,2.06,0,6,0,0,50,127444,-12800,6775,19575,2
Yoro,DEF,Man Utd,420,18,12,1,True,2026-08-30T15:30:00Z,5,2,2,16,0,0,0,1,0,0,0,0,0,0,0,-2,1.8,1.8,0.0,0.4,0,0.00,0.01,0.01,1.00,2,1,0,2,50,62806,-9208,1536,10744,2
Heaven,DEF,Man Utd,421,18,12,0,True,2026-08-30T15:30:00Z,5,2,2,0,0,0,0,0,0,0,0,0,0,0,0,0,0.0,0.0,0.0,0.0,0,0.00,0.00,0.00,0.00,0,0,0,0,45,40184,-1103,3088,4191,2
Mazraoui,DEF,Man Utd,422,18,12,1,True,2026-08-30T15:30:00Z,5,2,2,17,0,0,0,1,0,0,0,0,0,0,0,-1,1.4,1.3,0.0,0.3,0,0.00,0.00,0.00,1.00,0,0,0,0,45,70057,-238,5854,6092,2
Shaw,DEF,Man Utd,423,18,12,2,True,2026-08-30T15:30:00Z,5,2,2,72,0,0,0,1,0,0,0,0,0,0,0,12,18.4,1.6,4.0,2.4,1,0.00,0.02,0.02,1.06,4,2,4,8,45,1935721,-74162,42927,117089,2
Amass,DEF,Man Utd,424,18,12,0,True,2026-08-30T15:30:00Z,5,2,2,0,0,0,0,0,0,0,0,0,0,0,0,0,0.0,0.0,0.0,0.0,0,0.00,0.00,0.00,0.00,0,0,0,0,40,19337,-1093,888,1981,2
Fredricson,DEF,Man Utd,425,18,12,0,True,2026-08-30T15:30:00Z,5,2,2,0,0,0,0,0,0,0,0,0,0,0,0,0,0.0,0.0,0.0,0.0,0,0.00,0.00,0.00,0.00,0,0,0,0,40,1885,-680,0,680,2
B.Fernandes,MID,Man Utd,426,18,12,23,True,2026-08-30T15:30:00Z,5,2,2,90,3,1,0,2,0,0,0,0,0,0,3,87,132.4,62.5,66.0,26.1,1,2.02,0.48,2.50,2.06,1,5,2,8,120,4770471,-180062,48518,228580,2
Mbeumo,MID,Man Utd,427,18,12,11,True,2026-08-30T15:30:00Z,5,2,2,90,1,1,0,2,0,0,0,1,0,0,2,37,45.6,43.3,35.0,12.4,1,1.76,0.21,1.97,2.06,0,2,3,5,80,3537164,-137963,82225,220188,2
Cunha,MID,Man Utd,428,18,12,9,True,2026-08-30T15:30:00Z,5,2,2,79,0,2,0,1,0,0,0,0,0,0,1,31,20.0,27.6,28.0,7.6,1,0.11,0.15,0.26,1.06,0,2,0,2,80,924196,-66103,26854,92957,2
Rashford,MID,Man Utd,429,18,12,2,True,2026-08-30T15:30:00Z,5,2,2,79,0,0,0,1,0,0,0,0,0,0,0,17,16.0,34.3,58.0,10.8,1,0.26,0.05,0.31,1.06,0,3,3,6,70,165554,-7014,15064,22078,2
Mount,MID,Man Utd,430,18,12,0,True,2026-08-30T15:30:00Z,5,2,2,0,0,0,0,0,0,0,0,0,0,0,0,0,0.0,0.0,0.0,0.0,0,0.00,0.00,0.00,0.00,0,0,0,0,55,2752,-660,35,695,2
Amad,MID,Man Utd,431,18,12,0,True,2026-08-30T15:30:00Z,5,2,2,0,0,0,0,0,0,0,0,0,0,0,0,0,0.0,0.0,0.0,0.0,0,0.00,0.00,0.00,0.00,0,0,0,0,59,91945,-57883,1576,59459,2
Mainoo,MID,Man Utd,432,18,12,4,True,2026-08-30T15:30:00Z,5,2,2,79,0,0,0,1,0,0,0,0,0,0,0,25,15.2,7.2,9.0,3.1,1,0.14,0.27,0.41,1.06,2,10,3,15,55,93316,-10233,3460,13693,2
Ugarte,MID,Man Utd,433,18,12,0,True,2026-08-30T15:30:00Z,5,2,2,0,0,0,0,0,0,0,0,0,0,0,0,0,0.0,0.0,0.0,0.0,0,0.00,0.00,0.00,0.00,0,0,0,0,50,348,-64,24,88,2
J.Fletcher,MID,Man Utd,434,18,12,0,True,2026-08-30T15:30:00Z,5,2,2,0,0,0,0,0,0,0,0,0,0,0,0,0,0.0,0.0,0.0,0.0,0,0.00,0.00,0.00,0.00,0,0,0,0,50,1094,-128,41,169,2
Lacey,MID,Man Utd,435,18,12,0,True,2026-08-30T15:30:00Z,5,2,2,0,0,0,0,0,0,0,0,0,0,0,0,0,0.0,0.0,0.0,0.0,0,0.00,0.00,0.00,0.00,0,0,0,0,50,4851,-263,327,590,2
Collyer,MID,Man Utd,436,18,12,0,True,2026-08-30T15:30:00Z,5,2,2,0,0,0,0,0,0,0,0,0,0,0,0,0,0.0,0.0,0.0,0.0,0,0.00,0.00,0.00,0.00,0,0,0,0,50,1667,-174,60,234,2
Bendito Mantato,MID,Man Utd,437,18,12,0,True,2026-08-30T15:30:00Z,5,2,2,0,0,0,0,0,0,0,0,0,0,0,0,0,0.0,0.0,0.0,0.0,0,0.00,0.00,0.00,0.00,0,0,0,0,45,17670,-1410,961,2371,2
Fletcher,MID,Man Utd,438,18,12,0,True,2026-08-30T15:30:00Z,5,2,2,0,0,0,0,0,0,0,0,0,0,0,0,0,0.0,0.0,0.0,0.0,0,0.00,0.00,0.00,0.00,0,0,0,0,45,32667,-2656,1328,3984,2
Šeško,FWD,Man Utd,439,18,12,1,True,2026-08-30T15:30:00Z,5,2,2,10,0,0,0,1,0,0,0,0,0,0,0,5,2.2,10.5,2.0,1.5,0,0.00,0.01,0.01,1.00,0,3,0,3,70,181866,15428,30554,15126,2
Zirkzee,FWD,Man Utd,440,18,12,0,True,2026-08-30T15:30:00Z,5,2,2,0,0,0,0,0,0,0,0,0,0,0,0,0,0.0,0.0,0.0,0.0,0,0.00,0.00,0.00,0.00,0,0,0,0,55,51589,-11086,2045,13131,2
Obi,FWD,Man Utd,441,18,12,0,True,2026-08-30T15:30:00Z,5,2,2,0,0,0,0,0,0,0,0,0,0,0,0,0,0.0,0.0,0.0,0.0,0,0.00,0.00,0.00,0.00,0,0,0,0,45,109991,-5253,6316,11569,2
Van Oevelen,GK,Ipswich Town,554,18,16,0,False,2026-08-30T15:30:00Z,5,2,2,0,0,0,0,0,0,0,0,0,0,0,0,0,0.0,0.0,0.0,0.0,0,0.00,0.00,0.00,0.00,0,0,0,0,45,3085,-583,54,637,2
Maeda,MID,Ipswich Town,562,18,16,2,False,2026-08-30T15:30:00Z,5,2,2,72,0,0,0,4,0,0,0,0,0,0,0,10,8.0,1.4,19.0,2.8,1,0.06,0.01,0.07,3.91,3,1,1,5,55,37115,-3302,740,4042,2
Scherpen,GK,Ipswich Town,564,18,16,2,False,2026-08-30T15:30:00Z,5,2,2,90,0,0,0,5,0,0,0,0,0,6,0,9,46.4,0.0,0.0,4.6,1,0.00,0.01,0.01,4.77,4,13,0,0,45,62701,-2247,1329,3576,2
Florentino,MID,Ipswich Town,571,18,16,0,False,2026-08-30T15:30:00Z,5,2,2,0,0,0,0,0,0,0,0,0,0,0,0,0,0.0,0.0,0.0,0.0,0,0.00,0.00,0.00,0.00,0,0,0,0,50,11870,-1993,214,2207,2
Enciso,MID,Ipswich Town,591,18,16,5,False,2026-08-30T15:30:00Z,5,2,2,90,0,1,0,5,0,0,0,0,0,0,0,25,21.8,12.4,21.0,5.5,1,0.40,0.31,0.71,4.77,0,7,1,8,55,48266,13215,17669,4454,2
Ouattara,DEF,Ipswich Town,592,18,16,1,False,2026-08-30T15:30:00Z,5,2,2,17,0,0,0,1,0,0,0,0,0,0,0,-1,0.6,0.6,0.0,0.1,0,0.00,0.00,0.00,0.86,0,1,0,0,40,99458,-3097,2769,5866,2
Humphreys,MID,Ipswich Town,602,18,16,0,False,2026-08-30T15:30:00Z,5,2,2,0,0,0,0,0,0,0,0,0,0,0,0,0,0.0,0.0,0.0,0.0,0,0.00,0.00,0.00,0.00,0,0,0,0,45,3086,942,1275,333,2
Palacios,MID,Ipswich Town,619,18,16,1,False,2026-08-30T15:30:00Z,5,2,2,28,0,0,0,2,0,0,0,0,0,0,0,11,7.2,12.0,2.0,2.1,0,0.00,0.01,0.01,1.92,2,3,1,6,50,127,84,89,5,2
Leno,GK,Fulham,250,19,20,3,False,2026-08-30T13:00:00Z,1,0,2,90,0,0,0,1,0,0,0,0,0,3,0,11,19.2,0.0,0.0,1.9,1,0.00,0.00,0.00,2.02,2,8,0,0,45,300981,645,12174,11529,2
Lecomte,GK,Fulham,251,19,20,0,False,2026-08-30T13:00:00Z,1,0,2,0,0,0,0,0,0,0,0,0,0,0,0,0,0.0,0.0,0.0,0.0,0,0.00,0.00,0.00,0.00,0,0,0,0,40,117798,-2636,1492,4128,2
McNally,GK,Fulham,252,19,20,0,False,2026-08-30T13:00:00Z,1,0,2,0,0,0,0,0,0,0,0,0,0,0,0,0,0.0,0.0,0.0,0.0,0,0.00,0.00,0.00,0.00,0,0,0,0,40,15794,185,805,620,2
Andersen,DEF,Fulham,253,19,20,1,False,2026-08-30T13:00:00Z,1,0,2,90,0,0,0,1,0,0,0,1,0,0,0,4,17.8,12.9,2.0,3.3,1,0.00,0.04,0.04,2.02,8,2,0,8,50,7735,1684,2314,630,2
Robinson,DEF,Fulham,254,19,20,2,False,2026-08-30T13:00:00Z,1,0,2,90,0,0,0,1,0,0,0,0,0,0,0,10,9.8,4.6,0.0,1.4,1,0.00,0.02,0.02,2.02,0,2,3,3,45,165662,1752,11181,9429,2
J.Cuenca,DEF,Fulham,255,19,20,0,False,2026-08-30T13:00:00Z,1,0,2,0,0,0,0,0,0,0,0,0,0,0,0,0,0.0,0.0,0.0,0.0,0,0.00,0.00,0.00,0.00,0,0,0,0,45,3423,522,781,259,2
Tete,DEF,Fulham,256,19,20,0,False,2026-08-30T13:00:00Z,1,0,2,0,0,0,0,0,0,0,0,0,0,0,0,0,0.0,0.0,0.0,0.0,0,0.00,0.00,0.00,0.00,0,0,0,0,45,25956,-1723,338,2061,2
Bassey,DEF,Fulham,257,19,20,2,False,2026-08-30T13:00:00Z,1,0,2,90,0,0,0,1,0,0,0,0,0,0,0,13,19.4,2.6,0.0,2.2,1,0.00,0.01,0.01,2.02,6,6,1,7,45,75885,821,6863,6042,2
Castagne,DEF,Fulham,258,19,20,6,False,2026-08-30T13:00:00Z,1,0,2,67,0,0,1,0,0,0,0,0,0,0,0,18,0.0,0.7,0.0,0.0,1,0.00,0.00,0.00,0.26,1,2,1,2,45,45933,9481,12096,2615,2
Iwobi,MID,Fulham,261,19,20,2,False,2026-08-30T13:00:00Z,1,0,2,90,0,0,0,1,0,0,0,0,0,0,0,20,12.0,35.5,2.0,5.0,1,0.01,0.40,0.41,2.02,1,2,1,4,55,95898,-3301,6095,9396,2
Smith Rowe,MID,Fulham,262,19,20,1,False,2026-08-30T13:00:00Z,1,0,2,14,0,0,0,0,0,0,0,0,0,0,0,5,5.2,22.8,7.0,3.5,0,0.06,0.02,0.08,0.41,0,1,0,1,55,36765,-3334,1414,4748,2
Kevin,MID,Fulham,263,19,20,1,False,2026-08-30T13:00:00Z,1,0,2,7,0,0,0,0,0,0,0,0,0,0,0,2,0.0,1.5,0.0,0.1,0,0.00,0.04,0.04,0.17,0,0,0,0,55,5495,-443,419,862,2
Bobb,MID,Fulham,264,19,20,3,False,2026-08-30T13:00:00Z,1,0,2,67,0,0,1,0,0,0,0,0,0,0,0,8,7.0,12.4,6.0,2.5,1,0.00,0.01,0.01,0.26,1,2,2,5,55,33606,1523,4520,2997,2
Berge,MID,Fulham,265,19,20,2,False,2026-08-30T13:00:00Z,1,0,2,82,0,0,0,1,0,0,0,0,0,0,0,14,6.0,27.9,2.0,3.6,1,0.00,0.20,0.20,1.85,0,2,0,2,50,38868,-1868,1465,3333,2
Cairney,MID,Fulham,266,19,20,0,False,2026-08-30T13:00:00Z,1,0,2,0,0,0,0,0,0,0,0,0,0,0,0,0,0.0,0.0,0.0,0.0,0,0.00,0.00,0.00,0.00,0,0,0,0,50,379,-103,12,115,2
King,MID,Fulham,268,19,20,2,False,2026-08-30T13:00:00Z,1,0,2,90,0,0,0,1,0,0,0,0,0,0,0,8,10.6,4.5,21.0,3.6,1,0.47,0.03,0.50,2.02,1,1,2,4,55,59498,30519,34683,4164,2
Sessegnon,DEF,Fulham,269,19,20,1,False,2026-08-30T13:00:00Z,1,0,2,22,0,0,0,1,0,0,0,0,0,0,0,3,8.6,11.0,8.0,2.8,0,0.02,0.12,0.14,1.77,0,1,1,1,45,41879,-2055,959,3014,2
Reed,MID,Fulham,270,19,20,0,False,2026-08-30T13:00:00Z,1,0,2,0,0,0,0,0,0,0,0,0,0,0,0,0,0.0,0.0,0.0,0.0,0,0.00,0.00,0.00,0.00,0,0,0,0,45,141446,-8921,5582,14503,2
Muniz,FWD,Fulham,271,19,20,0,False,2026-08-30T13:00:00Z,1,0,2,0,0,0,0,0,0,0,0,0,0,0,0,0,0.0,0.0,0.0,0.0,0,0.00,0.00,0.00,0.00,0,0,0,0,55,54718,-4078,2812,6890,2
Kusi-Asare,FWD,Fulham,272,19,20,0,False,2026-08-30T13:00:00Z,1,0,2,0,0,0,0,0,0,0,0,0,0,0,0,0,0.0,0.0,0.0,0.0,0,0.00,0.00,0.00,0.00,0,0,0,0,45,685336,-20589,23688,44277,2
Roefs,GK,Sunderland,529,19,10,6,True,2026-08-30T13:00:00Z,1,0,2,90,0,0,1,0,0,0,0,0,0,0,0,22,4.0,0.0,0.0,0.4,1,0.00,0.00,0.00,0.95,2,7,0,0,50,389022,-25568,4766,30334,2
Patterson,GK,Sunderland,530,19,10,0,True,2026-08-30T13:00:00Z,1,0,2,0,0,0,0,0,0,0,0,0,0,0,0,0,0.0,0.0,0.0,0.0,0,0.00,0.00,0.00,0.00,0,0,0,0,40,16075,-2307,0,2307,2
Ellborg,GK,Sunderland,531,19,10,0,True,2026-08-30T13:00:00Z,1,0,2,0,0,0,0,0,0,0,0,0,0,0,0,0,0.0,0.0,0.0,0.0,0,0.00,0.00,0.00,0.00,0,0,0,0,45,8877,-645,209,854,2
Ballard,DEF,Sunderland,532,19,10,8,True,2026-08-30T13:00:00Z,1,0,2,90,0,0,1,0,0,0,0,0,0,0,0,27,23.6,1.2,7.0,3.2,1,0.03,0.00,0.03,0.95,9,1,1,10,50,495946,-36906,12798,49704,2
Mukiele,DEF,Sunderland,533,19,10,9,True,2026-08-30T13:00:00Z,1,0,2,90,0,0,1,0,0,0,0,0,0,0,1,28,42.6,8.0,2.0,5.3,1,0.00,0.01,0.01,0.95,17,4,2,19,55,244003,-32999,5588,38587,2
Hume,DEF,Sunderland,534,19,10,6,True,2026-08-30T13:00:00Z,1,0,2,90,0,0,1,0,0,0,0,0,0,0,0,24,18.6,19.1,2.0,4.0,1,0.00,0.01,0.01,0.95,2,4,4,6,45,631620,-23752,13619,37371,2
Alderete,DEF,Sunderland,535,19,10,0,True,2026-08-30T13:00:00Z,1,0,2,0,0,0,0,0,0,0,0,0,0,0,0,0,0.0,0.0,0.0,0.0,0,0.00,0.00,0.00,0.00,0,0,0,0,50,43620,-2667,2597,5264,2
Reinildo,DEF,Sunderland,536,19,10,6,True,2026-08-30T13:00:00Z,1,0,2,90,0,0,1,0,0,0,0,0,0,0,0,26,16.4,6.0,2.0,2.4,1,0.00,0.01,0.01,0.95,6,3,1,7,45,44204,-2603,975,3578,2
Seelt,DEF,Sunderland,537,19,10,0,True,2026-08-30T13:00:00Z,1,0,2,0,0,0,0,0,0,0,0,0,0,0,0,0,0.0,0.0,0.0,0.0,0,0.00,0.00,0.00,0.00,0,0,0,0,45,1055,-69,58,127,2
Hjelde,DEF,Sunderland,538,19,10,0,True,2026-08-30T13:00:00Z,1,0,2,0,0,0,0,0,0,0,0,0,0,0,0,0,0.0,0.0,0.0,0.0,0,0.00,0.00,0.00,0.00,0,0,0,0,40,5174,-990,0,990,2
O'Nien,DEF,Sunderland,539,19,10,0,True,2026-08-30T13:00:00Z,1,0,2,0,0,0,0,0,0,0,0,0,0,0,0,0,0.0,0.0,0.0,0.0,0,0.00,0.00,0.00,0.00,0,0,0,0,40,338160,-12937,4602,17539,2
Masuaku,DEF,Sunderland,540,19,10,0,True,2026-08-30T13:00:00Z,1,0,2,0,0,0,0,0,0,0,0,0,0,0,0,0,0.0,0.0,0.0,0.0,0,0.00,0.00,0.00,0.00,0,0,0,0,40,20421,-4868,0,4868,2
Meunier,DEF,Sunderland,541,19,10,6,True,2026-08-30T13:00:00Z,1,0,2,90,0,0,1,0,0,0,0,0,0,0,0,27,22.6,20.0,9.0,5.2,1,0.02,0.05,0.07,0.95,8,5,0,8,45,29834,-708,1010,1718,2
E.Le Fée,MID,Sunderland,542,19,10,3,True,2026-08-30T13:00:00Z,1,0,2,89,0,0,1,0,0,0,0,0,0,0,0,13,3.4,21.2,30.0,5.5,1,0.37,0.17,0.54,0.86,1,4,1,6,60,853085,-103724,11386,115110,2
Diarra,MID,Sunderland,543,19,10,4,True,2026-08-30T13:00:00Z,1,0,2,18,0,1,0,0,0,0,0,0,0,0,0,15,15.2,10.3,0.0,2.6,0,0.00,0.16,0.16,0.02,0,0,0,0,55,6801,-842,335,1177,2
Xhaka,MID,Sunderland,544,19,10,6,True,2026-08-30T13:00:00Z,1,0,2,90,0,0,1,0,0,0,0,0,0,0,3,29,20.4,57.9,0.0,7.8,1,0.00,0.36,0.36,0.95,1,6,0,7,55,464299,24566,42781,18215,2
Sadiki,MID,Sunderland,545,19,10,3,True,2026-08-30T13:00:00Z,1,0,2,90,0,0,1,0,0,0,0,0,0,0,0,21,18.4,7.8,6.0,3.2,1,0.02,0.02,0.04,0.95,6,2,3,11,50,32341,-2332,1165,3497,2
Adingra,MID,Sunderland,546,19,10,0,True,2026-08-30T13:00:00Z,1,0,2,0,0,0,0,0,0,0,0,0,0,0,0,0,0.0,0.0,0.0,0.0,0,0.00,0.00,0.00,0.00,0,0,0,0,50,6042,-3506,53,3559,2
Mundle,MID,Sunderland,547,19,10,1,True,2026-08-30T13:00:00Z,1,0,2,1,0,0,0,0,0,0,0,0,0,0,0,2,8.0,0.1,17.0,2.5,0,0.17,0.00,0.17,0.09,1,0,0,1,50,822,-110,40,150,2
Rigg,MID,Sunderland,548,19,10,1,True,2026-08-30T13:00:00Z,1,0,2,7,0,0,0,0,0,0,0,0,0,0,0,3,0.0,0.0,0.0,0.0,0,0.00,0.00,0.00,0.34,0,0,0,0,50,6409,-521,99,620,2
Talbi,MID,Sunderland,549,19,10,0,True,2026-08-30T13:00:00Z,1,0,2,0,0,0,0,0,0,0,0,0,0,0,0,0,0.0,0.0,0.0,0.0,0,0.00,0.00,0.00,0.00,0,0,0,0,55,20684,-2560,284,2844,2
Jocelin.T,MID,Sunderland,550,19,10,0,True,2026-08-30T13:00:00Z,1,0,2,0,0,0,0,0,0,0,0,0,0,0,0,0,0.0,0.0,0.0,0.0,0,0.00,0.00,0.00,0.00,0,0,0,0,50,569,-50,51,101,2
N.Angulo,MID,Sunderland,551,19,10,3,True,2026-08-30T13:00:00Z,1,0,2,64,0,0,1,0,0,0,0,0,0,0,0,13,7.2,16.7,0.0,2.4,1,0.00,0.04,0.04,0.58,0,4,1,5,50,13112,3964,5343,1379,2
Brobbey,FWD,Sunderland,552,19,10,2,True,2026-08-30T13:00:00Z,1,0,2,63,0,0,1,0,0,0,0,0,0,0,0,5,0.0,2.8,6.0,0.7,1,0.03,0.00,0.03,0.58,1,3,0,4,60,1261093,-81358,38269,119627,2
Isidor,FWD,Sunderland,553,19,10,8,True,2026-08-30T13:00:00Z,1,0,2,26,1,0,0,0,0,0,0,0,0,0,3,29,29.2,0.1,25.0,5.4,0,1.39,0.00,1.39,0.37,0,0,0,0,55,85703,-10451,2470,12921,2
Gonzalo,FWD,Fulham,569,19,20,2,False,2026-08-30T13:00:00Z,1,0,2,90,0,0,0,1,0,0,0,0,0,0,0,2,5.6,2.8,24.0,3.2,1,0.27,0.01,0.28,2.02,2,2,0,4,60,399587,135011,152218,17207,2
Palacios,MID,Fulham,570,19,20,1,False,2026-08-30T13:00:00Z,1,0,2,75,0,0,0,1,0,0,0,1,0,0,0,6,3.0,1.3,3.0,0.7,1,0.02,0.00,0.02,1.62,3,6,0,9,55,20418,-874,910,1784,2
Charles,MID,Fulham,580,19,20,1,False,2026-08-30T13:00:00Z,1,0,2,22,0,0,0,1,0,0,0,0,0,0,0,2,0.6,2.8,6.0,0.9,0,0.09,0.03,0.12,1.77,1,1,0,2,50,8645,-449,359,808,2
De Fougerolles,DEF,Fulham,610,19,20,0,False,2026-08-30T13:00:00Z,1,0,2,0,0,0,0,0,0,0,0,0,0,0,0,0,0.0,0.0,0.0,0.0,0,0.00,0.00,0.00,0.00,0,0,0,0,40,7950,2577,3051,474,2
Methalie,DEF,Sunderland,612,19,10,0,True,2026-08-30T13:00:00Z,1,0,2,0,0,0,0,0,0,0,0,0,0,0,0,0,0.0,0.0,0.0,0.0,0,0.00,0.00,0.00,0.00,0,0,0,0,45,156,68,95,27,2
Ahoka,MID,Sunderland,613,19,10,0,True,2026-08-30T13:00:00Z,1,0,2,0,0,0,0,0,0,0,0,0,0,0,0,0,0.0,0.0,0.0,0.0,0,0.00,0.00,0.00,0.00,0,0,0,0,45,6052,2077,2475,398,2
Zepa,MID,Fulham,626,19,20,0,False,2026-08-30T13:00:00Z,1,0,2,0,0,0,0,0,0,0,0,0,0,0,0,0,0.0,0.0,0.0,0.0,0,0.00,0.00,0.00,0.00,0,0,0,0,45,0,0,0,0,2
Raya,GK,Arsenal,1,20,2,6,False,2026-08-31T19:00:00Z,0,1,2,90,0,0,1,0,0,0,0,0,0,0,0,21,5.6,0.0,0.0,0.6,1,0.00,0.00,0.00,0.33,1,11,0,0,60,3801300,24756,106734,81978,2
Arrizabalaga,GK,Arsenal,2,20,2,0,False,2026-08-31T19:00:00Z,0,1,2,0,0,0,0,0,0,0,0,0,0,0,0,0,0.0,0.0,0.0,0.0,0,0.00,0.00,0.00,0.00,0,0,0,0,50,7844,-1067,322,1389,2
Meslier,GK,Arsenal,3,20,2,0,False,2026-08-31T19:00:00Z,0,1,2,0,0,0,0,0,0,0,0,0,0,0,0,0,0.0,0.0,0.0,0.0,0,0.00,0.00,0.00,0.00,0,0,0,0,50,3125,-391,101,492,2
Gabriel,DEF,Arsenal,4,20,2,8,False,2026-08-31T19:00:00Z,0,1,2,90,0,0,1,0,0,0,0,0,0,0,0,23,18.2,3.2,6.0,2.7,1,0.13,0.02,0.15,0.33,8,5,2,10,80,2878770,-65343,58765,124108,2
J.Timber,DEF,Arsenal,5,20,2,0,False,2026-08-31T19:00:00Z,0,1,2,0,0,0,0,0,0,0,0,0,0,0,0,0,0.0,0.0,0.0,0.0,0,0.00,0.00,0.00,0.00,0,0,0,0,65,9810,-2703,401,3104,2
Saliba,DEF,Arsenal,6,20,2,0,False,2026-08-31T19:00:00Z,0,1,2,0,0,0,0,0,0,0,0,0,0,0,0,0,0.0,0.0,0.0,0.0,0,0.00,0.00,0.00,0.00,0,0,0,0,60,25581,-5970,846,6816,2
Lewis-Skelly,MID,Arsenal,7,20,2,3,False,2026-08-31T19:00:00Z,0,1,2,70,0,0,1,0,0,0,0,0,0,0,0,15,10.6,3.2,5.0,1.9,1,0.07,0.02,0.09,0.33,4,1,0,5,55,70615,642,9693,9051,2
Calafiori,DEF,Arsenal,8,20,2,11,False,2026-08-31T19:00:00Z,0,1,2,90,0,1,1,0,0,0,0,0,0,0,2,30,21.2,11.9,9.0,4.2,1,0.11,0.46,0.57,0.33,2,4,1,3,56,4150694,268472,310105,41633,2
Hincapie,DEF,Arsenal,9,20,2,0,False,2026-08-31T19:00:00Z,0,1,2,0,0,0,0,0,0,0,0,0,0,0,0,0,0.0,0.0,0.0,0.0,0,0.00,0.00,0.00,0.00,0,0,0,0,54,145234,-37136,3910,41046,2
White,DEF,Arsenal,10,20,2,7,False,2026-08-31T19:00:00Z,0,1,2,90,0,0,1,0,0,0,0,0,0,0,1,26,16.4,20.3,0.0,3.7,1,0.00,0.05,0.05,0.33,3,2,1,4,55,683136,119886,144941,25055,2
Mosquera,DEF,Arsenal,11,20,2,6,False,2026-08-31T19:00:00Z,0,1,2,78,0,0,1,0,0,0,0,0,0,0,0,25,10.2,1.4,0.0,1.2,1,0.00,0.01,0.01,0.33,4,0,0,4,55,566006,-30539,15410,45949,2
Saka,MID,Arsenal,12,20,2,11,False,2026-08-31T19:00:00Z,0,1,2,90,1,0,1,0,0,0,0,0,0,0,3,46,41.0,8.0,44.0,9.3,1,0.63,0.04,0.67,0.33,3,6,2,11,95,1039189,53683,88913,35230,2
Rice,MID,Arsenal,13,20,2,5,False,2026-08-31T19:00:00Z,0,1,2,84,0,0,1,0,0,0,0,0,0,0,0,19,24.0,27.6,0.0,5.2,1,0.00,0.10,0.10,0.33,2,7,3,12,75,1662633,-122235,35487,157722,2
Eze,MID,Arsenal,14,20,2,1,False,2026-08-31T19:00:00Z,0,1,2,45,0,0,0,0,0,0,0,0,0,0,0,6,1.6,2.0,2.0,0.6,0,0.00,0.07,0.07,0.24,0,3,0,3,65,169814,-38776,5716,44492,2
Ødegaard,MID,Arsenal,15,20,2,3,False,2026-08-31T19:00:00Z,0,1,2,70,0,0,1,0,0,0,0,0,0,0,0,13,6.8,6.8,5.0,1.9,1,0.08,0.07,0.15,0.33,2,1,2,5,66,1174125,252699,289559,36860,2
Madueke,MID,Arsenal,16,20,2,0,False,2026-08-31T19:00:00Z,0,1,2,0,0,0,0,0,0,0,0,0,0,0,0,0,0.0,0.0,0.0,0.0,0,0.00,0.00,0.00,0.00,0,0,0,0,64,29476,-6819,1412,8231,2
Merino,MID,Arsenal,17,20,2,1,False,2026-08-31T19:00:00Z,0,1,2,19,0,0,0,0,0,0,0,0,0,0,0,7,2.8,1.0,0.0,0.4,0,0.00,0.00,0.00,0.00,0,4,0,4,60,58253,-12835,2422,15257,2
Martinelli,MID,Arsenal,18,20,2,0,False,2026-08-31T19:00:00Z,0,1,2,0,0,0,0,0,0,0,0,0,0,0,0,0,0.0,0.0,0.0,0.0,0,0.00,0.00,0.00,0.00,0,0,0,0,64,19331,-5718,1318,7036,2
Zubimendi,MID,Arsenal,19,20,2,1,False,2026-08-31T19:00:00Z,0,1,2,5,0,0,0,0,0,0,0,0,0,0,0,5,4.8,0.9,0.0,0.6,0,0.00,0.00,0.00,0.00,0,0,2,2,55,94430,-19013,1579,20592,2
Dowman,MID,Arsenal,20,20,2,0,False,2026-08-31T19:00:00Z,0,1,2,0,0,0,0,0,0,0,0,0,0,0,0,0,0.0,0.0,0.0,0.0,0,0.00,0.00,0.00,0.00,0,0,0,0,54,8233,-1857,473,2330,2
Nwaneri,MID,Arsenal,22,20,2,0,False,2026-08-31T19:00:00Z,0,1,2,0,0,0,0,0,0,0,0,0,0,0,0,0,0.0,0.0,0.0,0.0,0,0.00,0.00,0.00,0.00,0,0,0,0,55,1254,-248,76,324,2
Fábio Vieira,MID,Arsenal,23,20,2,0,False,2026-08-31T19:00:00Z,0,1,2,0,0,0,0,0,0,0,0,0,0,0,0,0,0.0,0.0,0.0,0.0,0,0.00,0.00,0.00,0.00,0,0,0,0,55,979,-135,80,215,2
Nelson,MID,Arsenal,24,20,2,0,False,2026-08-31T19:00:00Z,0,1,2,0,0,0,0,0,0,0,0,0,0,0,0,0,0.0,0.0,0.0,0.0,0,0.00,0.00,0.00,0.00,0,0,0,0,55,966,-108,64,172,2
Gyökeres,FWD,Arsenal,25,20,2,0,False,2026-08-31T19:00:00Z,0,1,2,0,0,0,0,0,0,0,0,0,0,0,0,0,0.0,0.0,0.0,0.0,0,0.00,0.00,0.00,0.00,0,0,0,0,74,650596,-229353,8776,238129,2
Havertz,FWD,Arsenal,26,20,2,2,False,2026-08-31T19:00:00Z,0,1,2,90,0,0,1,0,0,0,0,0,0,0,0,5,2.4,3.4,23.0,2.9,1,0.02,0.03,0.05,0.33,0,5,0,5,75,752082,148783,187608,38825,2
G.Jesus,FWD,Arsenal,27,20,2,0,False,2026-08-31T19:00:00Z,0,1,2,0,0,0,0,0,0,0,0,0,0,0,0,0,0.0,0.0,0.0,0.0,0,0.00,0.00,0.00,0.00,0,0,0,0,60,32779,-5264,1914,7178,2
M.Bizot,GK,Aston Villa,29,20,1,0,True,2026-08-31T19:00:00Z,0,1,2,0,0,0,0,0,0,0,0,0,0,0,0,0,0.0,0.0,0.0,0.0,0,0.00,0.00,0.00,0.00,0,0,0,0,45,13320,-36,845,881,2
Digne,DEF,Aston Villa,30,20,1,0,True,2026-08-31T19:00:00Z,0,1,2,0,0,0,0,0,0,0,0,0,0,0,0,0,0.0,0.0,0.0,0.0,0,0.00,0.00,0.00,0.00,0,0,0,0,45,8690,-4977,0,4977,2
Konsa,DEF,Arsenal,31,20,2,1,False,2026-08-31T19:00:00Z,0,1,2,11,0,0,0,0,0,0,0,0,0,0,0,3,3.2,0.1,0.0,0.3,0,0.00,0.00,0.00,0.00,1,0,0,1,45,1061562,-179766,49821,229587,2
Cash,DEF,Aston Villa,32,20,1,2,True,2026-08-31T19:00:00Z,0,1,2,77,0,0,0,1,0,0,0,0,0,0,0,8,14.0,1.8,7.0,2.3,1,0.15,0.01,0.16,1.04,2,1,4,6,45,749133,-79349,26978,106327,2
Mings,DEF,Aston Villa,33,20,1,0,True,2026-08-31T19:00:00Z,0,1,2,0,0,0,0,0,0,0,0,0,0,0,0,0,0.0,0.0,0.0,0.0,0,0.00,0.00,0.00,0.00,0,0,0,0,45,38144,-254,3253,3507,2
Pau,DEF,Aston Villa,34,20,1,2,True,2026-08-31T19:00:00Z,0,1,2,90,0,0,0,1,0,0,0,0,0,0,0,6,11.0,0.8,0.0,1.2,1,0.00,0.01,0.01,1.04,3,8,1,4,45,41549,-3229,1831,5060,2
Bogarde,MID,Aston Villa,35,20,1,0,True,2026-08-31T19:00:00Z,0,1,2,0,0,0,0,0,0,0,0,0,0,0,0,0,0.0,0.0,0.0,0.0,0,0.00,0.00,0.00,0.00,0,0,0,0,50,6973,-349,636,985,2
Maatsen,DEF,Aston Villa,36,20,1,1,True,2026-08-31T19:00:00Z,0,1,2,90,0,0,0,1,0,0,0,1,0,0,0,-5,4.8,0.5,12.0,1.7,1,0.07,0.00,0.07,1.04,5,2,3,8,45,72655,-6312,2546,8858,2
Lindelöf,DEF,Aston Villa,37,20,1,2,True,2026-08-31T19:00:00Z,0,1,2,90,0,0,0,1,0,0,0,0,0,0,0,10,15.0,1.2,0.0,1.6,1,0.00,0.08,0.08,1.04,6,1,1,7,45,27172,-2236,1775,4011,2
A.García,DEF,Aston Villa,38,20,1,0,True,2026-08-31T19:00:00Z,0,1,2,0,0,0,0,0,0,0,0,0,0,0,0,0,0.0,0.0,0.0,0.0,0,0.00,0.00,0.00,0.00,0,0,0,0,40,167046,-6584,7339,13923,2
Nedeljkovic,DEF,Aston Villa,39,20,1,0,True,2026-08-31T19:00:00Z,0,1,2,0,0,0,0,0,0,0,0,0,0,0,0,0,0.0,0.0,0.0,0.0,0,0.00,0.00,0.00,0.00,0,0,0,0,40,21591,-7238,0,7238,2
Buendía,MID,Aston Villa,41,20,1,2,True,2026-08-31T19:00:00Z,0,1,2,90,0,0,0,1,0,0,0,0,0,0,0,9,5.0,13.2,9.0,2.7,1,0.04,0.02,0.06,1.04,0,4,1,5,60,114718,-16866,5020,21886,2
Bailey,MID,Aston Villa,44,20,1,0,True,2026-08-31T19:00:00Z,0,1,2,0,0,0,0,0,0,0,0,0,0,0,0,0,0.0,0.0,0.0,0.0,0,0.00,0.00,0.00,0.00,0,0,0,0,55,14192,-1655,1002,2657,2
McGinn,MID,Aston Villa,45,20,1,1,True,2026-08-31T19:00:00Z,0,1,2,90,0,0,0,1,0,0,0,1,0,0,0,2,0.0,12.0,10.0,1.7,1,0.05,0.05,0.10,1.04,1,2,1,4,55,274653,-37047,7606,44653,2
Barkley,MID,Aston Villa,46,20,1,2,True,2026-08-31T19:00:00Z,0,1,2,77,0,0,0,1,0,0,0,0,0,0,0,23,12.8,23.3,2.0,3.8,1,0.03,0.02,0.05,1.04,1,6,3,10,50,23246,-841,1875,2716,2
Kamara,MID,Aston Villa,47,20,1,2,True,2026-08-31T19:00:00Z,0,1,2,90,0,0,0,1,0,0,0,0,0,0,0,13,10.6,14.2,0.0,2.5,1,0.00,0.03,0.03,1.04,3,4,1,8,50,33591,-2250,2489,4739,2
Onana,MID,Aston Villa,48,20,1,0,True,2026-08-31T19:00:00Z,0,1,2,0,0,0,0,0,0,0,0,0,0,0,0,0,0.0,0.0,0.0,0.0,0,0.00,0.00,0.00,0.00,0,0,0,0,50,2156,-372,157,529,2
Iling Jr,MID,Aston Villa,49,20,1,0,True,2026-08-31T19:00:00Z,0,1,2,0,0,0,0,0,0,0,0,0,0,0,0,0,0.0,0.0,0.0,0.0,0,0.00,0.00,0.00,0.00,0,0,0,0,50,271,-120,0,120,2
Burrowes,MID,Aston Villa,50,20,1,0,True,2026-08-31T19:00:00Z,0,1,2,0,0,0,0,0,0,0,0,0,0,0,0,0,0.0,0.0,0.0,0.0,0,0.00,0.00,0.00,0.00,0,0,0,0,45,64781,-3255,3513,6768,2
George Hemmings,MID,Aston Villa,51,20,1,2,True,2026-08-31T19:00:00Z,0,1,2,70,0,0,0,1,0,0,0,0,0,0,0,5,1.8,4.3,0.0,0.6,1,0.00,0.01,0.01,1.01,0,4,2,6,45,72550,3259,8743,5484,2
Alysson,MID,Aston Villa,52,20,1,0,True,2026-08-31T19:00:00Z,0,1,2,19,0,0,0,0,0,0,0,1,0,0,0,2,1.2,0.8,2.0,0.4,0,0.00,0.00,0.00,0.02,0,1,1,2,50,4426,-253,343,596,2
Manzambi,MID,Aston Villa,53,20,1,0,True,2026-08-31T19:00:00Z,0,1,2,0,0,0,0,0,0,0,0,0,0,0,0,0,0.0,0.0,0.0,0.0,0,0.00,0.00,0.00,0.00,0,0,0,0,60,18618,-8558,232,8790,2
Gomes,MID,Aston Villa,54,20,1,0,True,2026-08-31T19:00:00Z,0,1,2,0,0,0,0,0,0,0,0,0,0,0,0,0,0.0,0.0,0.0,0.0,0,0.00,0.00,0.00,0.00,0,0,0,0,55,5096,-1729,154,1883,2
Watkins,FWD,Aston Villa,55,20,1,0,True,2026-08-31T19:00:00Z,0,1,2,0,0,0,0,0,0,0,0,0,0,0,0,0,0.0,0.0,0.0,0.0,0,0.00,0.00,0.00,0.00,0,0,0,0,79,734872,-265828,10632,276460,2
Abraham,FWD,Aston Villa,56,20,1,1,True,2026-08-31T19:00:00Z,0,1,2,19,0,0,0,0,0,0,0,0,0,0,0,3,0.0,1.3,0.0,0.1,0,0.00,0.00,0.00,0.02,0,0,0,0,55,10592,-2086,597,2683,2
Garnacho,MID,Aston Villa,160,20,1,1,True,2026-08-31T19:00:00Z,0,1,2,12,0,0,0,0,0,0,0,0,0,0,0,3,0.2,2.0,0.0,0.2,0,0.00,0.00,0.00,0.00,0,2,0,2,60,53506,-8554,2021,10575,2
N.Jackson,FWD,Aston Villa,166,20,1,2,True,2026-08-31T19:00:00Z,0,1,2,70,0,0,0,1,0,0,0,0,0,0,0,11,4.2,5.9,2.0,1.2,1,0.00,0.10,0.10,1.01,0,3,0,3,65,63340,-2878,26989,5175,2
Bruno G.,MID,Arsenal,452,20,2,1,False,2026-08-31T19:00:00Z,0,1,2,19,0,0,0,0,0,0,0,0,0,0,0,4,1.4,0.8,2.0,0.4,0,0.00,0.01,0.01,0.00,0,3,0,3,69,265263,-125705,850,126555,2
Tzolis,MID,Arsenal,557,20,2,0,False,2026-08-31T19:00:00Z,0,1,2,45,0,0,0,0,0,0,0,1,0,0,0,1,0.0,11.8,4.0,1.6,1,0.00,0.01,0.01,0.10,1,2,0,3,65,2597617,180987,236687,55700,2
Madjo,FWD,Aston Villa,582,20,1,0,True,2026-08-31T19:00:00Z,0,1,2,0,0,0,0,0,0,0,0,0,0,0,0,0,0.0,0.0,0.0,0.0,0,0.00,0.00,0.00,0.00,0,0,0,0,55,40291,-7757,1166,8923,2
Ruggeri,DEF,Aston Villa,596,20,1,0,True,2026-08-31T19:00:00Z,0,1,2,0,0,0,0,0,0,0,0,0,0,0,0,0,0.0,0.0,0.0,0.0,0,0.00,0.00,0.00,0.00,0,0,0,0,45,10673,-243,856,1099,2
Suzuki,GK,Aston Villa,597,20,1,2,True,2026-08-31T19:00:00Z,0,1,2,90,0,0,0,1,0,0,0,0,0,1,0,8,13.6,0.0,0.0,1.4,1,0.00,0.00,0.00,1.04,2,9,0,0,50,82325,-2542,4229,6771,2
Rowe,DEF,Aston Villa,606,20,1,0,True,2026-08-31T19:00:00Z,0,1,2,0,0,0,0,0,0,0,0,0,0,0,0,0,0.0,0.0,0.0,0.0,0,0.00,0.00,0.00,0.00,0,0,0,0,40,5947,1314,1560,246,2
Lynch,MID,Aston Villa,607,20,1,0,True,2026-08-31T19:00:00Z,0,1,2,0,0,0,0,0,0,0,0,0,0,0,0,0,0.0,0.0,0.0,0.0,0,0.00,0.00,0.00,0.00,0,0,0,0,45,8874,2771,3603,832,2
Wan-Bissaka,DEF,Aston Villa,611,20,1,1,True,2026-08-31T19:00:00Z,0,1,2,12,0,0,0,0,0,0,0,0,0,0,0,4,3.6,0.8,0.0,0.4,0,0.00,0.00,0.00,0.00,0,0,2,2,45,4588,1383,1549,166,2
Goretzka,MID,Aston Villa,618,20,1,0,True,2026-08-31T19:00:00Z,0,1,2,0,0,0,0,0,0,0,0,0,0,0,0,0,0.0,0.0,0.0,0.0,0,0.00,0.00,0.00,0.00,0,0,0,0,60,386,205,212,7,2
Diop,DEF,Ipswich Town,259,21,14,3,True,2026-09-04T19:00:00Z,0,2,3,90,0,0,0,2,0,0,0,0,0,0,0,10,27.2,10.8,0.0,3.8,1,0.00,0.01,0.01,0.69,9,2,2,11,40,1603991,-81636,43514,125150,3
Lukić,MID,Ipswich Town,267,21,14,2,True,2026-09-04T19:00:00Z,0,2,3,90,0,0,0,2,0,0,0,0,0,0,0,13,10.4,14.2,0.0,2.5,1,0.00,0.02,0.02,0.69,1,2,1,4,50,11933,-997,809,1806,3
Walton,GK,Ipswich Town,300,21,14,0,True,2026-09-04T19:00:00Z,0,2,3,0,0,0,0,0,0,0,0,0,0,0,0,0,0.0,0.0,0.0,0.0,0,0.00,0.00,0.00,0.00,0,0,0,0,45,44862,-4114,350,4464,3
Palmer,GK,Ipswich Town,301,21,14,0,True,2026-09-04T19:00:00Z,0,2,3,0,0,0,0,0,0,0,0,0,0,0,0,0,0.0,0.0,0.0,0.0,0,0.00,0.00,0.00,0.00,0,0,0,0,40,452044,-1187,29680,30867,3
Button,GK,Ipswich Town,302,21,14,0,True,2026-09-04T19:00:00Z,0,2,3,0,0,0,0,0,0,0,0,0,0,0,0,0,0.0,0.0,0.0,0.0,0,0.00,0.00,0.00,0.00,0,0,0,0,40,51311,3716,7597,3881,3
Kipré,DEF,Ipswich Town,303,21,14,0,True,2026-09-04T19:00:00Z,0,2,3,0,0,0,0,0,0,0,0,0,0,0,0,0,0.0,0.0,0.0,0.0,0,0.00,0.00,0.00,0.00,0,0,0,0,40,56159,-4792,632,5424,3
O'Shea,DEF,Ipswich Town,304,21,14,3,True,2026-09-04T19:00:00Z,0,2,3,90,0,0,0,2,0,0,0,0,0,0,0,5,23.8,4.4,4.0,3.2,1,0.00,0.01,0.01,0.69,8,3,3,11,40,330000,-15021,22172,37193,3
Davis,DEF,Ipswich Town,305,21,14,1,True,2026-09-04T19:00:00Z,0,2,3,90,0,0,0,2,0,0,0,0,0,0,0,4,17.4,21.5,19.0,5.8,1,0.11,0.12,0.23,0.69,4,3,2,6,40,540194,22917,62873,39956,3
Greaves,DEF,Ipswich Town,306,21,14,1,True,2026-09-04T19:00:00Z,0,2,3,90,0,0,0,2,0,0,0,0,0,0,0,6,15.0,12.3,4.0,3.1,1,0.00,0.04,0.04,0.69,6,3,1,7,40,134162,-8595,2678,11273,3
Johnson,DEF,Ipswich Town,307,21,14,0,True,2026-09-04T19:00:00Z,0,2,3,0,0,0,0,0,0,0,0,0,0,0,0,0,0.0,0.0,0.0,0.0,0,0.00,0.00,0.00,0.00,0,0,0,0,40,10397,-658,710,1368,3
Furlong,DEF,Ipswich Town,308,21,14,0,True,2026-09-04T19:00:00Z,0,2,3,0,0,0,0,0,0,0,0,0,0,0,0,0,0.0,0.0,0.0,0.0,0,0.00,0.00,0.00,0.00,0,0,0,0,40,55806,-3936,612,4548,3
Núñez,MID,Ipswich Town,309,21,14,0,True,2026-09-04T19:00:00Z,0,2,3,0,0,0,0,0,0,0,0,0,0,0,0,0,0.0,0.0,0.0,0.0,0,0.00,0.00,0.00,0.00,0,0,0,0,50,13914,-879,1106,1985,3
Matusiwa,MID,Ipswich Town,310,21,14,0,True,2026-09-04T19:00:00Z,0,2,3,0,0,0,0,0,0,0,0,0,0,0,0,0,0.0,0.0,0.0,0.0,0,0.00,0.00,0.00,0.00,0,0,0,0,50,278,-55,12,67,3
Burns,MID,Ipswich Town,311,21,14,0,True,2026-09-04T19:00:00Z,0,2,3,0,0,0,0,0,0,0,0,0,0,0,0,0,0.0,0.0,0.0,0.0,0,0.00,0.00,0.00,0.00,0,0,0,0,50,278,-88,0,88,3
Taylor,MID,Ipswich Town,312,21,14,0,True,2026-09-04T19:00:00Z,0,2,3,0,0,0,0,0,0,0,0,0,0,0,0,0,0.0,0.0,0.0,0.0,0,0.00,0.00,0.00,0.00,0,0,0,0,45,3500,-505,190,695,3
Clarke,MID,Ipswich Town,313,21,14,1,True,2026-09-04T19:00:00Z,0,2,3,24,0,0,0,0,0,0,0,0,0,0,0,3,3.4,11.7,4.0,1.9,0,0.05,0.02,0.07,0.06,1,1,0,2,55,24744,-4559,1167,5726,3
Ogbene,MID,Ipswich Town,314,21,14,0,True,2026-09-04T19:00:00Z,0,2,3,0,0,0,0,0,0,0,0,0,0,0,0,0,0.0,0.0,0.0,0.0,0,0.00,0.00,0.00,0.00,0,0,0,0,49,1159,-351,67,418,3
Fatawu,MID,Ipswich Town,315,21,14,2,True,2026-09-04T19:00:00Z,0,2,3,78,0,0,0,2,0,0,0,0,0,0,0,14,10.2,32.9,4.0,4.7,1,0.03,0.15,0.18,0.69,2,2,2,6,55,21660,-849,2126,2975,3
Emersonn,FWD,Ipswich Town,316,21,14,2,True,2026-09-04T19:00:00Z,0,2,3,65,0,0,0,2,0,0,0,0,0,0,0,8,3.2,0.0,8.0,1.1,1,0.22,0.00,0.22,0.62,1,1,1,3,55,167319,-30504,20740,51244,3
Hirst,FWD,Ipswich Town,317,21,14,0,True,2026-09-04T19:00:00Z,0,2,3,0,0,0,0,0,0,0,0,0,0,0,0,0,0.0,0.0,0.0,0.0,0,0.00,0.00,0.00,0.00,0,0,0,0,50,11907,-4365,0,4365,3
Philogene,MID,Ipswich Town,318,21,14,0,True,2026-09-04T19:00:00Z,0,2,3,0,0,0,0,0,0,0,0,0,0,0,0,0,0.0,0.0,0.0,0.0,0,0.00,0.00,0.00,0.00,0,0,0,0,54,9209,-3409,41,3450,3
Szmodics,MID,Ipswich Town,319,21,14,0,True,2026-09-04T19:00:00Z,0,2,3,0,0,0,0,0,0,0,0,0,0,0,0,0,0.0,0.0,0.0,0.0,0,0.00,0.00,0.00,0.00,0,0,0,0,50,427,-191,0,191,3
Akpom,FWD,Ipswich Town,320,21,14,0,True,2026-09-04T19:00:00Z,0,2,3,0,0,0,0,0,0,0,0,0,0,0,0,0,0.0,0.0,0.0,0.0,0,0.00,0.00,0.00,0.00,0,0,0,0,50,114005,45434,62654,17220,3
Walle Egeli,FWD,Ipswich Town,321,21,14,0,True,2026-09-04T19:00:00Z,0,2,3,0,0,0,0,0,0,0,0,0,0,0,0,0,0.0,0.0,0.0,0.0,0,0.00,0.00,0.00,0.00,0,0,0,0,45,367243,73544,127698,54154,3
Al-Hamadi,FWD,Ipswich Town,322,21,14,0,True,2026-09-04T19:00:00Z,0,2,3,0,0,0,0,0,0,0,0,0,0,0,0,0,0.0,0.0,0.0,0.0,0,0.00,0.00,0.00,0.00,0,0,0,0,50,8170,-3877,0,3877,3
McAteer,MID,Ipswich Town,323,21,14,1,True,2026-09-04T19:00:00Z,0,2,3,11,0,0,0,0,0,0,0,0,0,0,0,5,3.2,0.5,7.0,1.1,0,0.05,0.00,0.05,0.00,0,1,0,1,45,133131,-4340,11626,15966,3
Mehmeti,MID,Ipswich Town,324,21,14,0,True,2026-09-04T19:00:00Z,0,2,3,0,0,0,0,0,0,0,0,0,0,0,0,0,0.0,0.0,0.0,0.0,0,0.00,0.00,0.00,0.00,0,0,0,0,49,4120,-648,109,757,3
A.Becker,GK,Liverpool,350,21,12,8,False,2026-09-04T19:00:00Z,0,2,3,90,0,0,1,0,0,0,0,0,0,5,1,35,30.4,0.0,0.0,3.0,1,0.00,0.00,0.00,0.75,2,14,0,0,55,402518,-15469,42521,57990,3
Mamardashvili,GK,Liverpool,351,21,12,0,False,2026-09-04T19:00:00Z,0,2,3,0,0,0,0,0,0,0,0,0,0,0,0,0,0.0,0.0,0.0,0.0,0,0.00,0.00,0.00,0.00,0,0,0,0,49,14432,-1838,1002,2840,3
Woodman,GK,Liverpool,352,21,12,0,False,2026-09-04T19:00:00Z,0,2,3,0,0,0,0,0,0,0,0,0,0,0,0,0,0.0,0.0,0.0,0.0,0,0.00,0.00,0.00,0.00,0,0,0,0,40,114962,280,8227,7947,3
Pecsi,GK,Liverpool,353,21,12,0,False,2026-09-04T19:00:00Z,0,2,3,0,0,0,0,0,0,0,0,0,0,0,0,0,0.0,0.0,0.0,0.0,0,0.00,0.00,0.00,0.00,0,0,0,0,40,2180,-284,0,284,3
Jaros,GK,Liverpool,354,21,12,0,False,2026-09-04T19:00:00Z,0,2,3,0,0,0,0,0,0,0,0,0,0,0,0,0,0.0,0.0,0.0,0.0,0,0.00,0.00,0.00,0.00,0,0,0,0,40,1744,213,549,336,3
Davies,GK,Liverpool,355,21,12,0,False,2026-09-04T19:00:00Z,0,2,3,0,0,0,0,0,0,0,0,0,0,0,0,0,0.0,0.0,0.0,0.0,0,0.00,0.00,0.00,0.00,0,0,0,0,40,16191,578,1717,1139,3
Virgil,DEF,Liverpool,356,21,12,6,False,2026-09-04T19:00:00Z,0,2,3,90,0,0,1,0,0,0,0,0,0,0,0,32,23.2,1.8,0.0,2.5,1,0.00,0.02,0.02,0.75,4,4,3,7,65,1837428,-205785,67650,273435,3
Frimpong,DEF,Liverpool,357,21,12,0,False,2026-09-04T19:00:00Z,0,2,3,0,0,0,0,0,0,0,0,0,0,0,0,0,0.0,0.0,0.0,0.0,0,0.00,0.00,0.00,0.00,0,0,0,0,55,309643,-45306,25094,70400,3
Kerkez,DEF,Liverpool,358,21,12,5,False,2026-09-04T19:00:00Z,0,2,3,90,0,0,1,0,0,0,0,1,0,0,0,23,13.8,11.3,0.0,2.5,1,0.00,0.03,0.03,0.75,3,1,2,5,55,302995,-51052,13999,65051,3
Gomez,DEF,Liverpool,359,21,12,0,False,2026-09-04T19:00:00Z,0,2,3,0,0,0,0,0,0,0,0,0,0,0,0,0,0.0,0.0,0.0,0.0,0,0.00,0.00,0.00,0.00,0,0,0,0,50,1465,-255,70,325,3
Bradley,DEF,Liverpool,360,21,12,0,False,2026-09-04T19:00:00Z,0,2,3,0,0,0,0,0,0,0,0,0,0,0,0,0,0.0,0.0,0.0,0.0,0,0.00,0.00,0.00,0.00,0,0,0,0,50,1036,-104,114,218,3
Lucky,DEF,Liverpool,361,21,12,0,False,2026-09-04T19:00:00Z,0,2,3,0,0,0,0,0,0,0,0,0,0,0,0,0,0.0,0.0,0.0,0.0,0,0.00,0.00,0.00,0.00,0,0,0,0,40,13766,-8,1420,1428,3
Jacquet,DEF,Liverpool,362,21,12,5,False,2026-09-04T19:00:00Z,0,2,3,90,0,0,1,0,0,0,0,1,0,0,0,28,22.8,12.5,2.0,3.7,1,0.00,0.03,0.03,0.75,6,3,3,9,50,277052,16306,56823,40517,3
Leoni,DEF,Liverpool,363,21,12,0,False,2026-09-04T19:00:00Z,0,2,3,0,0,0,0,0,0,0,0,0,0,0,0,0,0.0,0.0,0.0,0.0,0,0.00,0.00,0.00,0.00,0,0,0,0,40,3887,-285,332,617,3
Tsimikas,DEF,Liverpool,364,21,12,0,False,2026-09-04T19:00:00Z,0,2,3,0,0,0,0,0,0,0,0,0,0,0,0,0,0.0,0.0,0.0,0.0,0,0.00,0.00,0.00,0.00,0,0,0,0,50,7858,-600,487,1087,3
Ramsay,DEF,Liverpool,365,21,12,0,False,2026-09-04T19:00:00Z,0,2,3,0,0,0,0,0,0,0,0,0,0,0,0,0,0.0,0.0,0.0,0.0,0,0.00,0.00,0.00,0.00,0,0,0,0,40,12989,-5215,0,5215,3
Wirtz,MID,Liverpool,366,21,12,3,False,2026-09-04T19:00:00Z,0,2,3,90,0,0,1,0,0,0,0,0,0,0,0,14,6.6,34.0,22.0,6.3,1,0.18,0.05,0.23,0.65,0,4,0,4,75,1044657,-121349,69030,190379,3
Gakpo,MID,Liverpool,367,21,12,11,False,2026-09-04T19:00:00Z,0,2,3,90,0,2,1,0,0,0,0,0,0,0,2,43,49.6,42.7,13.0,10.5,1,0.06,0.40,0.46,0.75,2,5,3,10,71,933667,103812,234993,131181,3
Szoboszlai,MID,Liverpool,368,21,12,3,False,2026-09-04T19:00:00Z,0,2,3,90,0,0,1,0,0,0,0,0,0,0,0,20,19.4,29.9,21.0,7.0,1,0.16,0.08,0.24,0.75,3,6,0,9,70,4313411,-105407,281021,386428,3
Ngumoha,MID,Liverpool,369,21,12,0,False,2026-09-04T19:00:00Z,0,2,3,0,0,0,0,0,0,0,0,0,0,0,0,0,0.0,0.0,0.0,0.0,0,0.00,0.00,0.00,0.00,0,0,0,0,59,77015,-31936,3473,35409,3
Chiesa,MID,Liverpool,370,21,12,0,False,2026-09-04T19:00:00Z,0,2,3,0,0,0,0,0,0,0,0,0,0,0,0,0,0.0,0.0,0.0,0.0,0,0.00,0.00,0.00,0.00,0,0,0,0,54,6728,-4196,50,4246,3
Gravenberch,MID,Liverpool,371,21,12,1,False,2026-09-04T19:00:00Z,0,2,3,26,0,0,0,0,0,0,0,0,0,0,0,2,2.2,1.7,0.0,0.4,0,0.00,0.00,0.00,0.17,1,1,0,2,60,168420,-34196,10774,44970,3
Mac Allister,MID,Liverpool,372,21,12,2,False,2026-09-04T19:00:00Z,0,2,3,83,0,0,1,0,0,0,0,1,0,0,0,14,16.6,12.8,18.0,4.7,1,0.08,0.02,0.10,0.60,3,5,3,11,55,147584,-17436,10622,28058,3
C.Jones,MID,Liverpool,373,21,12,0,False,2026-09-04T19:00:00Z,0,2,3,0,0,0,0,0,0,0,0,0,0,0,0,0,0.0,0.0,0.0,0.0,0,0.00,0.00,0.00,0.00,0,0,0,0,55,2874,-929,1,930,3
Endo,MID,Liverpool,374,21,12,0,False,2026-09-04T19:00:00Z,0,2,3,0,0,0,0,0,0,0,0,0,0,0,0,0,0.0,0.0,0.0,0.0,0,0.00,0.00,0.00,0.00,0,0,0,0,50,6810,-648,798,1446,3
Nyoni,MID,Liverpool,375,21,12,1,False,2026-09-04T19:00:00Z,0,2,3,6,0,0,0,0,0,0,0,0,0,0,0,3,0.2,0.1,0.0,0.0,0,0.00,0.00,0.00,0.15,0,0,0,0,50,3899,-319,503,822,3
Bajcetic,MID,Liverpool,376,21,12,0,False,2026-09-04T19:00:00Z,0,2,3,0,0,0,0,0,0,0,0,0,0,0,0,0,0.0,0.0,0.0,0.0,0,0.00,0.00,0.00,0.00,0,0,0,0,50,148,-32,11,43,3
Munoz,MID,Liverpool,377,21,12,3,False,2026-09-04T19:00:00Z,0,2,3,63,0,0,1,0,0,0,0,0,0,0,0,9,0.8,4.3,6.0,1.1,1,0.00,0.02,0.02,0.58,0,4,0,4,65,147326,60010,83211,23201,3
McConnell,MID,Liverpool,378,21,12,0,False,2026-09-04T19:00:00Z,0,2,3,0,0,0,0,0,0,0,0,0,0,0,0,0,0.0,0.0,0.0,0.0,0,0.00,0.00,0.00,0.00,0,0,0,0,45,24779,-1919,1404,3323,3
Isak,FWD,Liverpool,379,21,12,13,False,2026-09-04T19:00:00Z,0,2,3,63,2,0,1,0,0,0,0,0,0,0,3,61,67.0,6.4,34.0,10.7,1,0.21,0.05,0.26,0.58,1,2,0,3,90,1811350,-25262,181587,206849,3
Ekitiké,FWD,Liverpool,380,21,12,0,False,2026-09-04T19:00:00Z,0,2,3,0,0,0,0,0,0,0,0,0,0,0,0,0,0.0,0.0,0.0,0.0,0,0.00,0.00,0.00,0.00,0,0,0,0,75,12739,-2736,696,3432,3
Koumas,MID,Liverpool,381,21,12,1,False,2026-09-04T19:00:00Z,0,2,3,1,0,0,0,0,0,0,0,0,0,0,0,3,0.0,0.0,0.0,0.0,0,0.00,0.00,0.00,0.10,0,0,0,0,50,2473,-217,161,378,3
Danns,FWD,Liverpool,382,21,12,0,False,2026-09-04T19:00:00Z,0,2,3,0,0,0,0,0,0,0,0,0,0,0,0,0,0.0,0.0,0.0,0.0,0,0.00,0.00,0.00,0.00,0,0,0,0,45,7591,1969,2915,946,3
Elliott,MID,Liverpool,383,21,12,0,False,2026-09-04T19:00:00Z,0,2,3,0,0,0,0,0,0,0,0,0,0,0,0,0,0.0,0.0,0.0,0.0,0,0.00,0.00,0.00,0.00,0,0,0,0,54,5742,-1929,527,2456,3
Van Oevelen,GK,Ipswich Town,554,21,14,0,True,2026-09-04T19:00:00Z,0,2,3,0,0,0,0,0,0,0,0,0,0,0,0,0,0.0,0.0,0.0,0.0,0,0.00,0.00,0.00,0.00,0,0,0,0,45,2365,-698,0,698,3
Maeda,MID,Ipswich Town,562,21,14,2,True,2026-09-04T19:00:00Z,0,2,3,65,0,0,0,2,0,0,0,0,0,0,0,9,8.2,0.1,17.0,2.5,1,0.04,0.00,0.04,0.62,2,1,2,5,55,32352,-4936,903,5839,3
Scherpen,GK,Ipswich Town,564,21,14,2,True,2026-09-04T19:00:00Z,0,2,3,90,0,0,0,2,0,0,0,0,0,5,0,13,27.8,0.0,0.0,2.8,1,0.00,0.00,0.00,0.69,0,7,0,0,45,58738,-2758,4399,7157,3
Florentino,MID,Ipswich Town,571,21,14,0,True,2026-09-04T19:00:00Z,0,2,3,0,0,0,0,0,0,0,0,0,0,0,0,0,0.0,0.0,0.0,0.0,0,0.00,0.00,0.00,0.00,0,0,0,0,49,9821,-2128,223,2351,3
Araujo,DEF,Liverpool,579,21,12,8,False,2026-09-04T19:00:00Z,0,2,3,90,0,0,1,0,0,0,0,0,0,0,0,27,20.0,2.4,2.0,2.4,1,0.00,0.01,0.01,0.75,9,1,1,10,54,212525,-69165,11375,80540,3
Enciso,MID,Ipswich Town,591,21,14,1,True,2026-09-04T19:00:00Z,0,2,3,90,0,0,0,2,0,0,0,1,0,0,0,16,10.2,22.5,23.0,5.6,1,0.24,0.02,0.26,0.69,2,3,0,5,55,82553,25086,35897,10811,3
Ouattara,DEF,Ipswich Town,592,21,14,1,True,2026-09-04T19:00:00Z,0,2,3,12,0,0,0,0,0,0,0,0,0,0,0,4,3.6,14.0,0.0,1.8,0,0.00,0.02,0.02,0.00,0,2,0,0,40,100578,-2760,4401,7161,3
Humphreys,MID,Ipswich Town,602,21,14,0,True,2026-09-04T19:00:00Z,0,2,3,0,0,0,0,0,0,0,0,0,0,0,0,0,0.0,0.0,0.0,0.0,0,0.00,0.00,0.00,0.00,0,0,0,0,45,4148,382,1586,1204,3
Palacios,MID,Ipswich Town,619,21,14,4,True,2026-09-04T19:00:00Z,0,2,3,77,0,0,0,2,0,0,0,0,0,0,0,24,20.2,22.5,0.0,4.3,1,0.00,0.02,0.02,0.69,3,12,4,19,50,1551,979,1326,347,3
Barcola,MID,Liverpool,627,21,12,1,False,2026-09-04T19:00:00Z,0,2,3,26,0,0,0,0,0,0,0,0,0,0,0,5,3.0,10.5,2.0,1.6,0,0.00,0.07,0.07,0.17,0,0,0,0,80,145340,116172,135788,19616,3
Flemming,FWD,Ipswich Town,640,21,14,1,True,2026-09-04T19:00:00Z,0,2,3,24,0,0,0,0,0,0,0,0,0,0,0,4,3.2,0.5,7.0,1.1,0,0.02,0.01,0.03,0.06,0,0,0,0,55,1904,1528,1761,233,3
Kelleher,GK,Brentford,82,22,20,2,True,2026-09-05T14:00:00Z,1,1,3,90,0,0,0,1,0,0,0,0,0,2,0,10,16.8,0.0,0.0,1.7,1,0.00,0.00,0.00,1.71,2,6,0,0,50,832099,54758,113703,58945,3
Valdimarsson,GK,Brentford,83,22,20,0,True,2026-09-05T14:00:00Z,1,1,3,0,0,0,0,0,0,0,0,0,0,0,0,0,0.0,0.0,0.0,0.0,0,0.00,0.00,0.00,0.00,0,0,0,0,45,11246,-432,975,1407,3
Collins,DEF,Brentford,84,22,20,1,True,2026-09-05T14:00:00Z,1,1,3,16,0,0,0,0,0,0,0,0,0,0,0,4,1.0,0.0,0.0,0.1,1,0.00,0.00,0.00,0.10,1,0,0,1,55,271484,11591,32175,20584,3
Van den Berg,DEF,Brentford,85,22,20,0,True,2026-09-05T14:00:00Z,1,1,3,0,0,0,0,0,0,0,0,0,0,0,0,0,0.0,0.0,0.0,0.0,0,0.00,0.00,0.00,0.00,0,0,0,0,49,8510,-2342,121,2463,3
Lewis-Potter,MID,Brentford,86,22,20,2,True,2026-09-05T14:00:00Z,1,1,3,90,0,0,0,1,0,0,0,0,0,0,0,4,8.2,45.1,22.0,7.5,1,0.24,0.40,0.64,1.71,4,1,1,6,55,235201,74882,101209,26327,3
Ajer,DEF,Brentford,87,22,20,2,True,2026-09-05T14:00:00Z,1,1,3,90,0,0,0,1,0,0,0,0,0,0,0,8,11.8,0.3,0.0,1.2,1,0.00,0.00,0.00,1.71,5,2,0,5,45,610187,112523,174453,61930,3
Kayode,DEF,Brentford,88,22,20,1,True,2026-09-05T14:00:00Z,1,1,3,45,0,0,0,0,0,0,0,0,0,0,0,2,7.6,0.3,2.0,1.0,1,0.03,0.00,0.03,0.35,5,2,0,5,46,1044649,121903,201513,79610,3
Henry,DEF,Brentford,89,22,20,0,True,2026-09-05T14:00:00Z,1,1,3,0,0,0,0,0,0,0,0,0,0,0,0,0,0.0,0.0,0.0,0.0,0,0.00,0.00,0.00,0.00,0,0,0,0,45,22909,-1641,561,2202,3
Hickey,DEF,Brentford,90,22,20,1,True,2026-09-05T14:00:00Z,1,1,3,45,0,0,0,1,0,0,0,0,0,0,0,0,7.6,1.0,0.0,0.9,0,0.00,0.00,0.00,1.36,4,2,1,5,45,7835,-239,653,892,3
Ji-soo,DEF,Brentford,92,22,20,0,True,2026-09-05T14:00:00Z,1,1,3,0,0,0,0,0,0,0,0,0,0,0,0,0,0.0,0.0,0.0,0.0,0,0.00,0.00,0.00,0.00,0,0,0,0,45,1937,-133,151,284,3
Schuster,DEF,Brentford,93,22,20,4,True,2026-09-05T14:00:00Z,1,1,3,73,0,0,0,1,0,0,0,0,0,0,0,11,17.2,0.2,4.0,2.1,0,0.10,0.01,0.11,1.61,10,0,0,10,45,15267,-1306,166,1472,3
Schade,MID,Brentford,94,22,20,2,True,2026-09-05T14:00:00Z,1,1,3,90,0,0,0,1,0,0,0,0,0,0,0,11,4.0,13.3,8.0,2.5,1,0.00,0.17,0.17,1.71,0,5,0,5,60,492340,92782,140288,47506,3
O.Dango,MID,Brentford,95,22,20,1,True,2026-09-05T14:00:00Z,1,1,3,45,0,0,0,0,0,0,0,0,0,0,0,6,6.8,11.3,0.0,1.8,1,0.00,0.01,0.01,0.35,3,7,1,11,65,85265,-24974,4607,29581,3
Damsgaard,MID,Brentford,96,22,20,8,True,2026-09-05T14:00:00Z,1,1,3,85,0,1,0,1,0,0,0,0,0,0,3,30,10.0,28.5,6.0,4.5,1,0.00,0.21,0.21,1.63,1,3,0,4,55,49863,-3734,3933,7667,3
Jensen,MID,Brentford,97,22,20,0,True,2026-09-05T14:00:00Z,1,1,3,0,0,0,0,0,0,0,0,0,0,0,0,0,0.0,0.0,0.0,0.0,0,0.00,0.00,0.00,0.00,0,0,0,0,55,16413,-6340,569,6909,3
Janelt,MID,Brentford,98,22,20,11,True,2026-09-05T14:00:00Z,1,1,3,90,1,0,0,1,0,0,0,1,0,0,3,30,48.0,3.1,17.0,6.8,1,0.11,0.01,0.12,1.71,3,5,4,12,50,69448,16015,29605,13590,3
Milambo,MID,Brentford,99,22,20,0,True,2026-09-05T14:00:00Z,1,1,3,0,0,0,0,0,0,0,0,0,0,0,0,0,0.0,0.0,0.0,0.0,0,0.00,0.00,0.00,0.00,0,0,0,0,50,190,-8,34,42,3
Carvalho,MID,Brentford,100,22,20,0,True,2026-09-05T14:00:00Z,1,1,3,0,0,0,0,0,0,0,0,0,0,0,0,0,0.0,0.0,0.0,0.0,0,0.00,0.00,0.00,0.00,0,0,0,0,50,2107,185,543,358,3
Yarmoliuk,MID,Brentford,102,22,20,0,True,2026-09-05T14:00:00Z,1,1,3,45,0,0,0,1,0,0,0,1,0,0,0,1,2.4,3.4,2.0,0.8,0,0.03,0.02,0.05,1.36,1,3,1,5,49,93335,-18230,1076,19306,3
Dasilva,MID,Brentford,103,22,20,0,True,2026-09-05T14:00:00Z,1,1,3,0,0,0,0,0,0,0,0,0,0,0,0,0,0.0,0.0,0.0,0.0,0,0.00,0.00,0.00,0.00,0,0,0,0,50,2280,-369,180,549,3
Anthony,MID,Brentford,105,22,20,1,True,2026-09-05T14:00:00Z,1,1,3,45,0,0,0,1,0,0,0,0,0,0,0,3,0.0,2.2,3.0,0.4,0,0.05,0.01,0.06,1.36,0,4,0,4,60,16152,-1707,1644,3351,3
Thiago,FWD,Brentford,106,22,20,2,True,2026-09-05T14:00:00Z,1,1,3,90,0,0,0,1,0,0,0,0,0,0,0,9,16.0,1.4,43.0,6.0,1,0.50,0.01,0.51,1.71,3,2,1,6,80,1462107,-240730,72058,312788,3
Furo,FWD,Brentford,107,22,20,0,True,2026-09-05T14:00:00Z,1,1,3,0,0,0,0,0,0,0,0,0,0,0,0,0,0.0,0.0,0.0,0.0,0,0.00,0.00,0.00,0.00,0,0,0,0,45,116698,13495,27280,13785,3
Wilson,FWD,Brentford,108,22,20,1,True,2026-09-05T14:00:00Z,1,1,3,4,0,0,0,0,0,0,0,0,0,0,0,2,1.0,0.0,0.0,0.1,0,0.00,0.00,0.00,0.08,1,0,0,1,55,38790,-1724,5560,7284,3
Danso,DEF,Sunderland,501,22,4,2,False,2026-09-05T14:00:00Z,1,1,3,90,0,0,0,1,0,0,0,0,0,0,0,9,20.8,10.9,0.0,3.2,1,0.00,0.08,0.08,1.21,7,3,1,8,50,16199,-2005,1307,3312,3
Roefs,GK,Sunderland,529,22,4,2,False,2026-09-05T14:00:00Z,1,1,3,90,0,0,0,1,0,0,0,0,0,1,0,11,12.6,0.0,0.0,1.3,1,0.00,0.00,0.00,1.21,1,13,0,0,50,342137,-38987,10237,49224,3
Patterson,GK,Sunderland,530,22,4,0,False,2026-09-05T14:00:00Z,1,1,3,0,0,0,0,0,0,0,0,0,0,0,0,0,0.0,0.0,0.0,0.0,0,0.00,0.00,0.00,0.00,0,0,0,0,40,14484,-1616,0,1616,3
Ellborg,GK,Sunderland,531,22,4,0,False,2026-09-05T14:00:00Z,1,1,3,0,0,0,0,0,0,0,0,0,0,0,0,0,0.0,0.0,0.0,0.0,0,0.00,0.00,0.00,0.00,0,0,0,0,45,8803,-546,405,951,3
Ballard,DEF,Sunderland,532,22,4,4,False,2026-09-05T14:00:00Z,1,1,3,90,0,0,0,1,0,0,0,0,0,0,0,12,25.0,10.3,8.0,4.3,1,0.06,0.14,0.20,1.21,8,5,2,10,50,398900,-79167,15628,94795,3
Mukiele,DEF,Sunderland,533,22,4,4,False,2026-09-05T14:00:00Z,1,1,3,90,0,0,0,1,0,0,0,0,0,0,0,16,32.4,5.0,0.0,3.7,1,0.00,0.02,0.02,1.21,10,6,4,14,55,247977,-3387,21418,24805,3
Hume,DEF,Sunderland,534,22,4,1,False,2026-09-05T14:00:00Z,1,1,3,26,0,0,0,0,0,0,0,0,0,0,0,8,3.8,0.1,0.0,0.4,0,0.00,0.00,0.00,0.45,0,2,2,2,45,528010,-68992,17561,86553,3
Alderete,DEF,Sunderland,535,22,4,0,False,2026-09-05T14:00:00Z,1,1,3,0,0,0,0,0,0,0,0,0,0,0,0,0,0.0,0.0,0.0,0.0,0,0.00,0.00,0.00,0.00,0,0,0,0,50,35107,-8564,1476,10040,3
Reinildo,DEF,Sunderland,536,22,4,2,False,2026-09-05T14:00:00Z,1,1,3,90,0,0,0,1,0,0,0,0,0,0,0,14,14.4,1.5,0.0,1.6,1,0.00,0.01,0.01,1.21,4,7,3,7,45,41923,-2351,1972,4323,3
Seelt,DEF,Sunderland,537,22,4,0,False,2026-09-05T14:00:00Z,1,1,3,0,0,0,0,0,0,0,0,0,0,0,0,0,0.0,0.0,0.0,0.0,0,0.00,0.00,0.00,0.00,0,0,0,0,45,701,-357,3,360,3
Hjelde,DEF,Sunderland,538,22,4,0,False,2026-09-05T14:00:00Z,1,1,3,0,0,0,0,0,0,0,0,0,0,0,0,0,0.0,0.0,0.0,0.0,0,0.00,0.00,0.00,0.00,0,0,0,0,40,4484,-680,0,680,3
O'Nien,DEF,Sunderland,539,22,4,0,False,2026-09-05T14:00:00Z,1,1,3,0,0,0,0,0,0,0,0,0,0,0,0,0,0.0,0.0,0.0,0.0,0,0.00,0.00,0.00,0.00,0,0,0,0,40,310001,-27829,5301,33130,3
Masuaku,DEF,Sunderland,540,22,4,0,False,2026-09-05T14:00:00Z,1,1,3,0,0,0,0,0,0,0,0,0,0,0,0,0,0.0,0.0,0.0,0.0,0,0.00,0.00,0.00,0.00,0,0,0,0,40,17428,-3070,0,3070,3
Meunier,DEF,Sunderland,541,22,4,2,False,2026-09-05T14:00:00Z,1,1,3,63,0,0,0,1,0,0,0,0,0,0,0,0,5.2,1.5,6.0,1.3,1,0.11,0.00,0.11,0.76,2,0,0,2,45,30963,301,2639,2338,3
E.Le Fée,MID,Sunderland,542,22,4,8,False,2026-09-05T14:00:00Z,1,1,3,90,1,0,0,1,0,0,0,0,0,0,1,25,40.0,3.7,24.0,6.8,1,0.84,0.03,0.87,1.21,0,2,4,6,59,564317,-256530,7320,263850,3
Diarra,MID,Sunderland,543,22,4,0,False,2026-09-05T14:00:00Z,1,1,3,0,0,0,0,0,0,0,0,0,0,0,0,0,0.0,0.0,0.0,0.0,0,0.00,0.00,0.00,0.00,0,0,0,0,55,4664,-2142,164,2306,3
Xhaka,MID,Sunderland,544,22,4,3,False,2026-09-05T14:00:00Z,1,1,3,90,0,0,0,1,0,0,0,1,0,0,0,12,15.2,20.5,3.0,3.9,1,0.06,0.12,0.18,1.21,4,9,2,15,55,475519,-1951,45125,47076,3
Sadiki,MID,Sunderland,545,22,4,1,False,2026-09-05T14:00:00Z,1,1,3,73,0,0,0,1,0,0,0,1,0,0,0,16,8.8,15.0,48.0,7.2,1,0.28,0.18,0.46,0.82,0,3,0,3,50,29609,-3063,1887,4950,3
Adingra,MID,Sunderland,546,22,4,0,False,2026-09-05T14:00:00Z,1,1,3,0,0,0,0,0,0,0,0,0,0,0,0,0,0.0,0.0,0.0,0.0,0,0.00,0.00,0.00,0.00,0,0,0,0,49,4340,-1749,187,1936,3
Mundle,MID,Sunderland,547,22,4,0,False,2026-09-05T14:00:00Z,1,1,3,0,0,0,0,0,0,0,0,0,0,0,0,0,0.0,0.0,0.0,0.0,0,0.00,0.00,0.00,0.00,0,0,0,0,50,810,-51,83,134,3
Rigg,MID,Sunderland,548,22,4,0,False,2026-09-05T14:00:00Z,1,1,3,0,0,0,0,0,0,0,0,0,0,0,0,0,0.0,0.0,0.0,0.0,0,0.00,0.00,0.00,0.00,0,0,0,0,50,5751,-719,143,862,3
Talbi,MID,Sunderland,549,22,4,0,False,2026-09-05T14:00:00Z,1,1,3,0,0,0,0,0,0,0,0,0,0,0,0,0,0.0,0.0,0.0,0.0,0,0.00,0.00,0.00,0.00,0,0,0,0,54,17189,-3700,427,4127,3
Jocelin.T,MID,Sunderland,550,22,4,0,False,2026-09-05T14:00:00Z,1,1,3,0,0,0,0,0,0,0,0,0,0,0,0,0,0.0,0.0,0.0,0.0,0,0.00,0.00,0.00,0.00,0,0,0,0,50,602,-21,80,101,3
N.Angulo,MID,Sunderland,551,22,4,2,False,2026-09-05T14:00:00Z,1,1,3,63,0,0,0,1,0,0,0,0,0,0,0,11,8.6,5.7,16.0,3.0,1,0.00,0.07,0.07,0.76,1,3,1,5,50,15646,1656,4768,3112,3
Brobbey,FWD,Sunderland,552,22,4,2,False,2026-09-05T14:00:00Z,1,1,3,90,0,0,0,1,0,0,0,0,0,0,0,11,4.4,37.1,29.0,7.1,1,0.26,0.06,0.32,1.21,0,3,0,3,59,912046,-321733,27284,349017,3
Isidor,FWD,Sunderland,553,22,4,4,False,2026-09-05T14:00:00Z,1,1,3,26,0,1,0,0,0,0,0,0,0,0,0,15,0.2,0.3,10.0,1.1,0,0.10,0.01,0.11,0.45,0,2,0,2,55,116229,21273,35830,14557,3
M.Sangaré,MID,Brentford,565,22,20,0,True,2026-09-05T14:00:00Z,1,1,3,45,0,0,0,0,0,0,0,1,0,0,0,0,0.0,1.3,8.0,0.6,1,0.15,0.01,0.16,0.35,1,3,1,5,57,1631469,509396,639468,130072,3
Methalie,DEF,Sunderland,612,22,4,0,False,2026-09-05T14:00:00Z,1,1,3,0,0,0,0,0,0,0,0,0,0,0,0,0,0.0,0.0,0.0,0.0,0,0.00,0.00,0.00,0.00,0,0,0,0,45,632,262,362,100,3
Ahoka,MID,Sunderland,613,22,4,0,False,2026-09-05T14:00:00Z,1,1,3,0,0,0,0,0,0,0,0,0,0,0,0,0,0.0,0.0,0.0,0.0,0,0.00,0.00,0.00,0.00,0,0,0,0,45,27345,8884,13182,4298,3
Diouf,DEF,Brentford,620,22,20,0,True,2026-09-05T14:00:00Z,1,1,3,0,0,0,0,0,0,0,0,0,0,0,0,0,0.0,0.0,0.0,0.0,0,0.00,0.00,0.00,0.00,0,0,0,0,45,10083,6560,9542,2982,3
Fofana,MID,Sunderland,646,22,4,1,False,2026-09-05T14:00:00Z,1,1,3,16,0,0,0,0,0,0,0,0,0,0,0,3,0.0,0.5,0.0,0.1,0,0.00,0.00,0.00,0.39,0,0,0,0,55,2246,1832,2071,239,3
J.Angulo,FWD,Sunderland,651,22,4,0,False,2026-09-05T14:00:00Z,1,1,3,0,0,0,0,0,0,0,0,0,0,0,0,0,0.0,0.0,0.0,0.0,0,0.00,0.00,0.00,0.00,0,0,0,0,45,27023,14103,15939,1836,3
Verbruggen,GK,Brighton,109,23,13,3,True,2026-09-05T14:00:00Z,1,1,3,90,0,0,0,1,0,0,0,0,0,3,0,17,29.2,3.0,0.0,3.2,1,0.00,0.20,0.20,2.49,0,5,0,0,45,2293721,114050,270948,156898,3
Steele,GK,Brighton,111,23,13,0,True,2026-09-05T14:00:00Z,1,1,3,0,0,0,0,0,0,0,0,0,0,0,0,0,0.0,0.0,0.0,0.0,0,0.00,0.00,0.00,0.00,0,0,0,0,40,459848,27834,62093,34259,3
F.Kadıoğlu,DEF,Brighton,113,23,13,2,True,2026-09-05T14:00:00Z,1,1,3,77,0,0,0,1,0,0,0,0,0,0,0,8,12.6,12.5,19.0,4.4,1,0.06,0.01,0.07,2.40,4,2,1,5,44,203285,-19909,12724,32633,3
Boscagli,DEF,Brighton,114,23,13,2,True,2026-09-05T14:00:00Z,1,1,3,90,0,0,0,1,0,0,0,0,0,0,0,17,20.6,62.3,0.0,8.3,1,0.00,0.33,0.33,2.49,4,4,0,4,45,31479,2298,6293,3995,3
De Cuyper,DEF,Brighton,115,23,13,4,True,2026-09-05T14:00:00Z,1,1,3,76,0,1,0,1,0,0,0,1,0,0,0,17,19.6,22.1,2.0,4.4,1,0.00,0.14,0.14,2.40,1,4,1,2,47,1978466,762031,871841,109810,3
Dunk,DEF,Brighton,116,23,13,5,True,2026-09-05T14:00:00Z,1,1,3,90,0,0,0,1,0,0,0,0,0,0,1,20,30.8,1.9,4.0,3.7,1,0.00,0.01,0.01,2.49,12,5,0,12,45,133493,6568,20326,13758,3
Coppola,DEF,Brighton,117,23,13,0,True,2026-09-05T14:00:00Z,1,1,3,0,0,0,0,0,0,0,0,0,0,0,0,0,0.0,0.0,0.0,0.0,0,0.00,0.00,0.00,0.00,0,0,0,0,45,2029,-35,261,296,3
Igor,DEF,Brighton,118,23,13,0,True,2026-09-05T14:00:00Z,1,1,3,0,0,0,0,0,0,0,0,0,0,0,0,0,0.0,0.0,0.0,0.0,0,0.00,0.00,0.00,0.00,0,0,0,0,45,7052,-1451,444,1895,3
Costinha,DEF,Brighton,119,23,13,1,True,2026-09-05T14:00:00Z,1,1,3,12,0,0,0,0,0,0,0,0,0,0,0,7,5.8,14.5,0.0,2.0,0,0.00,0.16,0.16,0.10,1,0,0,1,45,3762,-72,400,472,3
Svoboda,DEF,Brighton,120,23,13,0,True,2026-09-05T14:00:00Z,1,1,3,0,0,0,0,0,0,0,0,0,0,0,0,0,0.0,0.0,0.0,0.0,0,0.00,0.00,0.00,0.00,0,0,0,0,50,5613,-124,863,987,3
Mitoma,MID,Brighton,121,23,13,0,True,2026-09-05T14:00:00Z,1,1,3,0,0,0,0,0,0,0,0,0,0,0,0,0,0.0,0.0,0.0,0.0,0,0.00,0.00,0.00,0.00,0,0,0,0,60,3542,-821,130,951,3
Minteh,MID,Brighton,122,23,13,0,True,2026-09-05T14:00:00Z,1,1,3,0,0,0,0,0,0,0,0,0,0,0,0,0,0.0,0.0,0.0,0.0,0,0.00,0.00,0.00,0.00,0,0,0,0,59,4472,-1839,87,1926,3
Hinshelwood,MID,Brighton,123,23,13,0,True,2026-09-05T14:00:00Z,1,1,3,0,0,0,0,0,0,0,0,0,0,0,0,0,0.0,0.0,0.0,0.0,0,0.00,0.00,0.00,0.00,0,0,0,0,60,129183,-92072,6623,98695,3
Groß,MID,Brighton,124,23,13,1,True,2026-09-05T14:00:00Z,1,1,3,90,0,0,0,1,0,0,0,1,0,0,0,-1,0.0,16.5,19.0,3.2,1,0.79,0.04,0.83,2.49,2,2,0,4,55,1691790,341111,448315,107204,3
Georginio,FWD,Brighton,125,23,13,0,True,2026-09-05T14:00:00Z,1,1,3,0,0,0,0,0,0,0,0,0,0,0,0,0,0.0,0.0,0.0,0.0,0,0.00,0.00,0.00,0.00,0,0,0,0,55,74079,-21930,4546,26476,3
O'Riley,MID,Brighton,126,23,13,0,True,2026-09-05T14:00:00Z,1,1,3,0,0,0,0,0,0,0,0,0,0,0,0,0,0.0,0.0,0.0,0.0,0,0.00,0.00,0.00,0.00,0,0,0,0,55,10276,-909,1040,1949,3
Gomez,MID,Brighton,127,23,13,2,True,2026-09-05T14:00:00Z,1,1,3,90,0,0,0,1,0,0,0,0,0,0,0,13,15.2,26.4,30.0,7.2,1,0.09,0.05,0.14,2.49,2,4,3,9,50,525464,117389,177501,60112,3
Buonanotte,MID,Brighton,128,23,13,0,True,2026-09-05T14:00:00Z,1,1,3,0,0,0,0,0,0,0,0,0,0,0,0,0,0.0,0.0,0.0,0.0,0,0.00,0.00,0.00,0.00,0,0,0,0,50,257,-94,0,94,3
Ayari,MID,Brighton,129,23,13,2,True,2026-09-05T14:00:00Z,1,1,3,90,0,0,0,1,0,0,0,0,0,0,0,18,11.4,14.8,18.0,4.4,1,0.17,0.04,0.21,2.49,1,2,0,3,54,42114,-19892,1443,21335,3
Wieffer,DEF,Brighton,130,23,13,0,True,2026-09-05T14:00:00Z,1,1,3,0,0,0,0,0,0,0,0,0,0,0,0,0,0.0,0.0,0.0,0.0,0,0.00,0.00,0.00,0.00,0,0,0,0,50,46414,-473,12362,12835,3
Howell,MID,Brighton,132,23,13,0,True,2026-09-05T14:00:00Z,1,1,3,0,0,0,0,0,0,0,0,0,0,0,0,0,0.0,0.0,0.0,0.0,0,0.00,0.00,0.00,0.00,0,0,0,0,45,4183,-976,0,976,3
Watson,MID,Brighton,133,23,13,0,True,2026-09-05T14:00:00Z,1,1,3,0,0,0,0,0,0,0,0,0,0,0,0,0,0.0,0.0,0.0,0.0,0,0.00,0.00,0.00,0.00,0,0,0,0,50,139,-46,0,46,3
Oriola,MID,Brighton,134,23,13,0,True,2026-09-05T14:00:00Z,1,1,3,0,0,0,0,0,0,0,0,0,0,0,0,0,0.0,0.0,0.0,0.0,0,0.00,0.00,0.00,0.00,0,0,0,0,45,29432,-147,3612,3759,3
Yohanna,MID,Brighton,135,23,13,0,True,2026-09-05T14:00:00Z,1,1,3,0,0,0,0,0,0,0,0,0,0,0,0,0,0.0,0.0,0.0,0.0,0,0.00,0.00,0.00,0.00,0,0,0,0,50,6108,-1062,517,1579,3
Tzimas,FWD,Brighton,137,23,13,0,True,2026-09-05T14:00:00Z,1,1,3,0,0,0,0,0,0,0,0,0,0,0,0,0,0.0,0.0,0.0,0.0,0,0.00,0.00,0.00,0.00,0,0,0,0,55,754,-130,80,210,3
Kostoulas,FWD,Brighton,138,23,13,2,True,2026-09-05T14:00:00Z,1,1,3,90,0,0,0,1,0,0,0,0,0,0,0,9,9.6,5.3,24.0,3.9,1,0.43,0.02,0.45,2.49,3,4,1,8,55,52785,23615,29733,6118,3
Ferguson,FWD,Brighton,139,23,13,0,True,2026-09-05T14:00:00Z,1,1,3,0,0,0,0,0,0,0,0,0,0,0,0,0,0.0,0.0,0.0,0.0,0,0.00,0.00,0.00,0.00,0,0,0,0,50,3252,-173,545,718,3
Wilson,MID,Leeds,260,23,5,0,False,2026-09-05T14:00:00Z,1,1,3,17,0,0,0,0,0,0,0,1,0,0,0,0,1.4,20.3,2.0,2.4,0,0.00,0.00,0.00,1.32,0,1,0,1,64,401861,-148278,7327,155605,3
Perri,GK,Leeds,326,23,5,0,False,2026-09-05T14:00:00Z,1,1,3,0,0,0,0,0,0,0,0,0,0,0,0,0,0.0,0.0,0.0,0.0,0,0.00,0.00,0.00,0.00,0,0,0,0,45,45033,-9253,204,9457,3
Bijol,DEF,Leeds,327,23,5,1,False,2026-09-05T14:00:00Z,1,1,3,29,0,0,0,1,0,0,0,0,0,0,0,1,6.2,0.0,0.0,0.6,0,0.00,0.00,0.00,1.95,2,0,2,4,50,95603,-2619,14908,17527,3
Struijk,DEF,Brighton,328,23,13,1,True,2026-09-05T14:00:00Z,1,1,3,1,0,0,0,0,0,0,0,0,0,0,0,3,0.2,0.1,0.0,0.0,0,0.00,0.00,0.00,0.00,0,0,0,0,50,21218,-2128,1548,3676,3
Rodon,DEF,Leeds,329,23,5,0,False,2026-09-05T14:00:00Z,1,1,3,0,0,0,0,0,0,0,0,0,0,0,0,0,0.0,0.0,0.0,0.0,0,0.00,0.00,0.00,0.00,0,0,0,0,45,220934,-122557,5070,127627,3
Bogle,DEF,Leeds,330,23,5,14,False,2026-09-05T14:00:00Z,1,1,3,60,1,0,1,0,0,0,0,1,0,0,3,30,35.4,1.7,33.0,7.0,1,0.90,0.02,0.92,0.24,2,0,0,2,45,54984,-432,5089,5521,3
Gudmundsson,DEF,Leeds,331,23,5,2,False,2026-09-05T14:00:00Z,1,1,3,90,0,0,0,1,0,0,0,0,0,0,0,9,12.6,1.2,2.0,1.6,1,0.00,0.00,0.00,2.19,2,9,3,5,45,4932,253,644,391,3
Justin,DEF,Leeds,332,23,5,4,False,2026-09-05T14:00:00Z,1,1,3,90,0,0,0,1,0,0,0,0,0,0,0,9,16.8,1.5,21.0,3.9,1,0.14,0.00,0.14,2.19,7,4,3,10,45,150950,14204,35632,21428,3
Bornauw,DEF,Leeds,333,23,5,0,False,2026-09-05T14:00:00Z,1,1,3,0,0,0,0,0,0,0,0,0,0,0,0,0,0.0,0.0,0.0,0.0,0,0.00,0.00,0.00,0.00,0,0,0,0,45,276,-63,0,63,3
Muharemović,DEF,Leeds,334,23,5,4,False,2026-09-05T14:00:00Z,1,1,3,90,0,0,0,1,0,0,0,0,0,0,0,10,29.2,0.8,2.0,3.2,1,0.00,0.01,0.01,2.19,12,2,1,13,50,326555,-2089,40504,42593,3
Stach,MID,Leeds,335,23,5,2,False,2026-09-05T14:00:00Z,1,1,3,90,0,0,0,1,0,0,0,0,0,0,0,7,15.4,16.5,19.0,5.1,1,0.32,0.10,0.42,2.19,2,2,2,6,60,303711,12619,62176,49557,3
Okafor,MID,Leeds,336,23,5,3,False,2026-09-05T14:00:00Z,1,1,3,61,0,0,1,0,0,0,0,0,0,0,0,9,1.4,0.6,2.0,0.4,1,0.00,0.01,0.01,0.24,0,0,0,0,59,32691,-8372,2519,10891,3
Aaronson,MID,Leeds,337,23,5,1,False,2026-09-05T14:00:00Z,1,1,3,28,0,0,0,1,0,0,0,0,0,0,0,5,0.0,1.0,0.0,0.1,0,0.00,0.00,0.00,1.95,0,0,0,0,55,70876,-14068,2026,16094,3
Ampadu,MID,Leeds,338,23,5,2,False,2026-09-05T14:00:00Z,1,1,3,90,0,0,0,1,0,0,0,0,0,0,0,13,23.6,1.3,0.0,2.5,1,0.00,0.01,0.01,2.19,6,1,4,11,55,117203,-15707,3562,19269,3
Longstaff,MID,Leeds,339,23,5,0,False,2026-09-05T14:00:00Z,1,1,3,0,0,0,0,0,0,0,0,0,0,0,0,0,0.0,0.0,0.0,0.0,0,0.00,0.00,0.00,0.00,0,0,0,0,50,10952,-1965,639,2604,3
Gnonto,MID,Leeds,341,23,5,0,False,2026-09-05T14:00:00Z,1,1,3,0,0,0,0,0,0,0,0,0,0,0,0,0,0.0,0.0,0.0,0.0,0,0.00,0.00,0.00,0.00,0,0,0,0,50,1395,-222,226,448,3
Harrison,MID,Leeds,342,23,5,0,False,2026-09-05T14:00:00Z,1,1,3,0,0,0,0,0,0,0,0,0,0,0,0,0,0.0,0.0,0.0,0.0,0,0.00,0.00,0.00,0.00,0,0,0,0,50,81,-17,0,17,3
James,MID,Leeds,343,23,5,0,False,2026-09-05T14:00:00Z,1,1,3,0,0,0,0,0,0,0,0,0,0,0,0,0,0.0,0.0,0.0,0.0,0,0.00,0.00,0.00,0.00,0,0,0,0,50,11657,-692,1599,2291,3
Gruev,MID,Leeds,344,23,5,0,False,2026-09-05T14:00:00Z,1,1,3,0,0,0,0,0,0,0,0,0,0,0,0,0,0.0,0.0,0.0,0.0,0,0.00,0.00,0.00,0.00,0,0,0,0,50,350,-38,33,71,3
Tanaka,MID,Leeds,345,23,5,5,False,2026-09-05T14:00:00Z,1,1,3,72,0,1,0,1,0,0,0,0,0,0,0,18,20.8,12.2,13.0,4.6,1,0.53,0.01,0.54,0.87,3,3,2,8,49,21765,-1035,3466,4501,3
Calvert-Lewin,FWD,Leeds,346,23,5,1,False,2026-09-05T14:00:00Z,1,1,3,72,0,0,0,1,0,0,0,1,0,0,0,0,4.4,11.3,21.0,3.7,1,0.56,0.06,0.62,0.87,1,2,0,3,60,2612462,-144642,198586,343228,3
Nmecha,FWD,Leeds,347,23,5,1,False,2026-09-05T14:00:00Z,1,1,3,17,0,0,0,0,0,0,0,0,0,0,0,2,0.0,1.8,9.0,0.9,0,0.17,0.14,0.31,1.32,0,0,0,0,55,50649,-3112,5427,8539,3
Piroe,FWD,Leeds,348,23,5,0,False,2026-09-05T14:00:00Z,1,1,3,0,0,0,0,0,0,0,0,0,0,0,0,0,0.0,0.0,0.0,0.0,0,0.00,0.00,0.00,0.00,0,0,0,0,50,8831,-2945,0,2945,3
Mateo Joseph,FWD,Leeds,349,23,5,0,False,2026-09-05T14:00:00Z,1,1,3,0,0,0,0,0,0,0,0,0,0,0,0,0,0.0,0.0,0.0,0.0,0,0.00,0.00,0.00,0.00,0,0,0,0,45,5679,-135,947,1082,3
Trafford,GK,Leeds,385,23,5,3,False,2026-09-05T14:00:00Z,1,1,3,90,0,0,0,1,0,0,0,0,0,4,0,18,34.8,0.0,0.0,3.5,1,0.00,0.00,0.00,2.19,2,11,0,0,50,532682,32677,81497,48820,3
Vuskovic,DEF,Brighton,504,23,13,12,True,2026-09-05T14:00:00Z,1,1,3,90,1,0,0,1,0,0,0,0,0,0,2,27,56.2,1.8,40.0,9.8,1,0.19,0.01,0.20,2.49,8,4,2,10,50,244648,-9735,22843,32578,3
David,FWD,Brighton,594,23,13,0,True,2026-09-05T14:00:00Z,1,1,3,13,0,0,0,0,0,0,0,1,0,0,0,-7,0.0,0.0,4.0,0.0,0,0.42,0.00,0.42,0.10,0,0,0,0,60,25799,-1278,4444,5722,3
Elvedi,DEF,Leeds,598,23,5,4,False,2026-09-05T14:00:00Z,1,1,3,90,0,0,0,1,0,0,0,0,0,0,0,12,27.6,21.1,6.0,5.5,1,0.00,0.57,0.57,2.19,10,0,0,10,45,2951,201,729,528,3
Osman,MID,Brighton,600,23,13,0,True,2026-09-05T14:00:00Z,1,1,3,0,0,0,0,0,0,0,0,0,0,0,0,0,0.0,0.0,0.0,0.0,0,0.00,0.00,0.00,0.00,0,0,0,0,50,1841,30,312,282,3
Lienou,DEF,Leeds,603,23,5,0,False,2026-09-05T14:00:00Z,1,1,3,0,0,0,0,0,0,0,0,0,0,0,0,0,0.0,0.0,0.0,0.0,0,0.00,0.00,0.00,0.00,0,0,0,0,40,11399,1400,2536,1136,3
Cresswell,MID,Leeds,604,23,5,0,False,2026-09-05T14:00:00Z,1,1,3,0,0,0,0,0,0,0,0,0,0,0,0,0,0.0,0.0,0.0,0.0,0,0.00,0.00,0.00,0.00,0,0,0,0,45,14318,3728,5922,2194,3
Yalcouyé,MID,Brighton,605,23,13,2,True,2026-09-05T14:00:00Z,1,1,3,90,0,0,0,1,0,0,0,0,0,0,0,16,8.2,24.4,20.0,5.3,1,0.05,0.09,0.14,2.49,2,3,0,5,45,252653,174780,208413,33633,3
Hadjam,DEF,Brighton,614,23,13,0,True,2026-09-05T14:00:00Z,1,1,3,0,0,0,0,0,0,0,0,0,0,0,0,0,0.0,0.0,0.0,0.0,0,0.00,0.00,0.00,0.00,0,0,0,0,45,4150,1310,1795,485,3
Cozier-Duberry,MID,Brighton,624,23,13,0,True,2026-09-05T14:00:00Z,1,1,3,0,0,0,0,0,0,0,0,0,0,0,0,0,0.0,0.0,0.0,0.0,0,0.00,0.00,0.00,0.00,0,0,0,0,50,111,61,117,56,3
Cairns,GK,Leeds,625,23,5,0,False,2026-09-05T14:00:00Z,1,1,3,0,0,0,0,0,0,0,0,0,0,0,0,0,0.0,0.0,0.0,0.0,0,0.00,0.00,0.00,0.00,0,0,0,0,40,19774,8041,9425,1384,3
Zetterer,GK,Leeds,629,23,5,0,False,2026-09-05T14:00:00Z,1,1,3,0,0,0,0,0,0,0,0,0,0,0,0,0,0.0,0.0,0.0,0.0,0,0.00,0.00,0.00,0.00,0,0,0,0,40,37143,11967,13274,1307,3
Andrés,MID,Brighton,639,23,13,0,True,2026-09-05T14:00:00Z,1,1,3,0,0,0,0,0,0,0,0,0,0,0,0,0,0.0,0.0,0.0,0.0,0,0.00,0.00,0.00,0.00,0,0,0,0,55,345,219,261,42,3
Bard,DEF,Leeds,641,23,5,0,False,2026-09-05T14:00:00Z,1,1,3,0,0,0,0,0,0,0,0,0,0,0,0,0,0.0,0.0,0.0,0.0,0,0.00,0.00,0.00,0.00,0,0,0,0,45,242,149,177,28,3
Bahoya,MID,Leeds,648,23,5,0,False,2026-09-05T14:00:00Z,1,1,3,0,0,0,0,0,0,0,0,0,0,0,0,0,0.0,0.0,0.0,0.0,0,0.00,0.00,0.00,0.00,0,0,0,0,50,1030,819,1015,196,3
Azeez,MID,Brighton,652,23,13,0,True,2026-09-05T14:00:00Z,1,1,3,0,0,0,0,0,0,0,0,0,0,0,0,0,0.0,0.0,0.0,0.0,0,0.00,0.00,0.00,0.00,0,0,0,0,55,256,214,248,34,3
Guessand,MID,Crystal Palace,42,24,10,0,False,2026-09-05T14:00:00Z,2,3,3,0,0,0,0,0,0,0,0,0,0,0,0,0,0.0,0.0,0.0,0.0,0,0.00,0.00,0.00,0.00,0,0,0,0,55,4367,-422,556,978,3
Disasi,DEF,Crystal Palace,153,24,10,3,False,2026-09-05T14:00:00Z,2,3,3,90,0,0,0,2,0,0,0,0,0,0,0,14,31.4,13.3,2.0,4.7,1,0.00,0.04,0.04,3.14,9,8,4,13,45,7480,503,1511,1008,3
Henderson,GK,Crystal Palace,198,24,10,2,False,2026-09-05T14:00:00Z,2,3,3,90,0,0,0,2,0,0,0,0,0,5,0,19,38.4,0.0,0.0,3.8,1,0.00,0.00,0.00,3.14,1,7,0,0,50,188350,-3328,15007,18335,3
Benitez,GK,Crystal Palace,199,24,10,0,False,2026-09-05T14:00:00Z,2,3,3,0,0,0,0,0,0,0,0,0,0,0,0,0,0.0,0.0,0.0,0.0,0,0.00,0.00,0.00,0.00,0,0,0,0,45,11282,-646,648,1294,3
Richards,DEF,Crystal Palace,202,24,10,1,False,2026-09-05T14:00:00Z,2,3,3,90,0,0,0,2,0,0,0,0,0,0,0,8,28.8,0.5,7.0,3.6,1,0.04,0.00,0.04,3.14,8,4,1,9,50,68124,-5426,5745,11171,3
Canvot,DEF,Crystal Palace,203,24,10,1,False,2026-09-05T14:00:00Z,2,3,3,90,0,0,0,2,0,0,0,0,0,0,0,4,13.0,1.9,0.0,1.5,1,0.00,0.00,0.00,3.14,7,2,2,9,49,25628,-4057,1708,5765,3
Mitchell,DEF,Crystal Palace,204,24,10,15,False,2026-09-05T14:00:00Z,2,3,3,73,2,0,0,2,0,0,0,0,0,0,2,31,78.0,10.7,47.0,13.6,1,0.66,0.01,0.67,2.57,4,2,2,6,45,476563,-68532,9051,77583,3
Sosa,DEF,Crystal Palace,205,24,10,0,False,2026-09-05T14:00:00Z,2,3,3,0,0,0,0,0,0,0,0,0,0,0,0,0,0.0,0.0,0.0,0.0,0,0.00,0.00,0.00,0.00,0,0,0,0,45,2568,-594,110,704,3
Chadi Riad,DEF,Crystal Palace,206,24,10,0,False,2026-09-05T14:00:00Z,2,3,3,0,0,0,0,0,0,0,0,0,0,0,0,0,0.0,0.0,0.0,0.0,0,0.00,0.00,0.00,0.00,0,0,0,0,44,3064,-1423,193,1616,3
Mingueza,DEF,Crystal Palace,207,24,10,1,False,2026-09-05T14:00:00Z,2,3,3,1,0,0,0,0,0,0,0,0,0,0,0,4,1.0,0.3,0.0,0.1,0,0.00,0.00,0.00,0.13,0,1,1,1,44,7148,-541,770,1311,3
Sarr,MID,Crystal Palace,208,24,10,0,False,2026-09-05T14:00:00Z,2,3,3,0,0,0,0,0,0,0,0,0,0,0,0,0,0.0,0.0,0.0,0.0,0,0.00,0.00,0.00,0.00,0,0,0,0,63,109790,-118099,330,118429,3
Wharton,MID,Crystal Palace,210,24,10,2,False,2026-09-05T14:00:00Z,2,3,3,90,0,0,0,2,0,0,0,0,0,0,0,10,14.8,2.8,2.0,2.0,1,0.00,0.01,0.01,3.14,7,0,1,8,55,89835,-3644,10076,13720,3
Yeremy,MID,Crystal Palace,211,24,10,5,False,2026-09-05T14:00:00Z,2,3,3,88,0,1,0,2,0,0,0,0,0,0,0,25,8.0,42.6,6.0,5.7,1,0.25,0.30,0.55,3.01,1,3,1,5,55,22762,2869,5451,2582,3
Hughes,MID,Crystal Palace,212,24,10,1,False,2026-09-05T14:00:00Z,2,3,3,16,0,0,0,0,0,0,0,0,0,0,0,3,2.4,0.3,0.0,0.3,0,0.00,0.00,0.00,0.57,2,1,0,3,45,969611,-96023,37588,133611,3
Lerma,MID,Crystal Palace,213,24,10,0,False,2026-09-05T14:00:00Z,2,3,3,0,0,0,0,0,0,0,0,0,0,0,0,0,0.0,0.0,0.0,0.0,0,0.00,0.00,0.00,0.00,0,0,0,0,49,9259,-1246,496,1742,3
Kamada,MID,Crystal Palace,214,24,10,5,False,2026-09-05T14:00:00Z,2,3,3,88,0,1,0,2,0,0,0,0,0,0,0,21,19.6,23.2,6.0,4.9,1,0.00,0.01,0.01,3.01,0,4,0,4,50,28293,-259,4293,4552,3
Devenny,MID,Crystal Palace,215,24,10,0,False,2026-09-05T14:00:00Z,2,3,3,0,0,0,0,0,0,0,0,0,0,0,0,0,0.0,0.0,0.0,0.0,0,0.00,0.00,0.00,0.00,0,0,0,0,50,914,-275,63,338,3
Esse,MID,Crystal Palace,216,24,10,0,False,2026-09-05T14:00:00Z,2,3,3,0,0,0,0,0,0,0,0,0,0,0,0,0,0.0,0.0,0.0,0.0,0,0.00,0.00,0.00,0.00,0,0,0,0,50,3105,-965,188,1153,3
M.França,MID,Crystal Palace,217,24,10,0,False,2026-09-05T14:00:00Z,2,3,3,0,0,0,0,0,0,0,0,0,0,0,0,0,0.0,0.0,0.0,0.0,0,0.00,0.00,0.00,0.00,0,0,0,0,49,2633,-173,933,1106,3
Doucouré,MID,Crystal Palace,218,24,10,0,False,2026-09-05T14:00:00Z,2,3,3,0,0,0,0,0,0,0,0,0,0,0,0,0,0.0,0.0,0.0,0.0,0,0.00,0.00,0.00,0.00,0,0,0,0,49,6155,-336,984,1320,3
J.Rak-Sakyi,MID,Crystal Palace,219,24,10,0,False,2026-09-05T14:00:00Z,2,3,3,0,0,0,0,0,0,0,0,0,0,0,0,0,0.0,0.0,0.0,0.0,0,0.00,0.00,0.00,0.00,0,0,0,0,50,553,-60,51,111,3
Cardines,DEF,Crystal Palace,220,24,10,0,False,2026-09-05T14:00:00Z,2,3,3,0,0,0,0,0,0,0,0,0,0,0,0,0,0.0,0.0,0.0,0.0,0,0.00,0.00,0.00,0.00,0,0,0,0,45,151,-39,0,39,3
Drakes-Thomas,MID,Crystal Palace,221,24,10,0,False,2026-09-05T14:00:00Z,2,3,3,0,0,0,0,0,0,0,0,0,0,0,0,0,0.0,0.0,0.0,0.0,0,0.00,0.00,0.00,0.00,0,0,0,0,45,8457,-252,939,1191,3
Strand Larsen,FWD,Crystal Palace,222,24,10,1,False,2026-09-05T14:00:00Z,2,3,3,45,0,0,0,0,0,0,0,0,0,0,0,4,2.4,0.8,0.0,0.3,0,0.00,0.00,0.00,1.54,1,3,0,4,60,51335,-981,7524,8505,3
Mateta,FWD,Crystal Palace,223,24,10,0,False,2026-09-05T14:00:00Z,2,3,3,0,0,0,0,0,0,0,0,0,0,0,0,0,0.0,0.0,0.0,0.0,0,0.00,0.00,0.00,0.00,0,0,0,0,64,236661,-269301,1227,270528,3
Nketiah,FWD,Crystal Palace,224,24,10,4,False,2026-09-05T14:00:00Z,2,3,3,45,0,1,0,2,0,0,0,0,0,0,0,16,21.2,10.7,19.0,5.1,1,0.14,0.00,0.14,1.60,0,1,1,2,55,55843,3590,11874,8284,3
Uche,FWD,Crystal Palace,225,24,10,0,False,2026-09-05T14:00:00Z,2,3,3,0,0,0,0,0,0,0,0,0,0,0,0,0,0.0,0.0,0.0,0.0,0,0.00,0.00,0.00,0.00,0,0,0,0,50,0,0,0,0,3
McNeil,MID,Crystal Palace,241,24,10,0,False,2026-09-05T14:00:00Z,2,3,3,0,0,0,0,0,0,0,0,0,0,0,0,0,0.0,0.0,0.0,0.0,0,0.00,0.00,0.00,0.00,0,0,0,0,55,14863,-1942,540,2482,3
Leno,GK,Fulham,250,24,8,1,True,2026-09-05T14:00:00Z,2,3,3,90,0,0,0,3,0,0,0,0,0,2,0,8,18.8,0.0,0.0,1.9,1,0.00,0.00,0.00,1.97,0,8,0,0,45,339301,14483,41560,27077,3
Lecomte,GK,Fulham,251,24,8,0,True,2026-09-05T14:00:00Z,2,3,3,0,0,0,0,0,0,0,0,0,0,0,0,0,0.0,0.0,0.0,0.0,0,0.00,0.00,0.00,0.00,0,0,0,0,40,123475,1599,9450,7851,3
McNally,GK,Fulham,252,24,8,0,True,2026-09-05T14:00:00Z,2,3,3,0,0,0,0,0,0,0,0,0,0,0,0,0,0.0,0.0,0.0,0.0,0,0.00,0.00,0.00,0.00,0,0,0,0,40,15288,-805,1784,2589,3
Andersen,DEF,Fulham,253,24,8,1,True,2026-09-05T14:00:00Z,2,3,3,90,0,0,0,3,0,0,0,0,0,0,0,8,24.4,22.9,6.0,5.3,1,0.00,0.06,0.06,1.97,5,7,2,7,50,15474,3704,5842,2138,3
Robinson,DEF,Fulham,254,24,8,1,True,2026-09-05T14:00:00Z,2,3,3,78,0,0,0,3,0,0,0,0,0,0,0,7,14.6,24.8,9.0,4.8,1,0.08,0.10,0.18,1.97,3,5,2,5,45,173615,-2176,15006,17182,3
J.Cuenca,DEF,Fulham,255,24,8,0,True,2026-09-05T14:00:00Z,2,3,3,0,0,0,0,0,0,0,0,0,0,0,0,0,0.0,0.0,0.0,0.0,0,0.00,0.00,0.00,0.00,0,0,0,0,45,3459,-183,506,689,3
Tete,DEF,Fulham,256,24,8,0,True,2026-09-05T14:00:00Z,2,3,3,0,0,0,0,0,0,0,0,0,0,0,0,0,0.0,0.0,0.0,0.0,0,0.00,0.00,0.00,0.00,0,0,0,0,45,23617,-2586,430,3016,3
Bassey,DEF,Fulham,257,24,8,1,True,2026-09-05T14:00:00Z,2,3,3,90,0,0,0,3,0,0,0,0,0,0,0,2,13.8,6.4,0.0,2.0,1,0.00,0.04,0.04,1.97,1,2,1,2,45,79648,224,8199,7975,3
Castagne,DEF,Fulham,258,24,8,1,True,2026-09-05T14:00:00Z,2,3,3,90,0,0,0,3,0,0,0,0,0,0,0,-1,20.6,24.1,30.0,7.5,1,0.58,0.19,0.77,1.97,5,5,2,7,45,105919,33375,44214,10839,3
Iwobi,MID,Fulham,261,24,8,2,True,2026-09-05T14:00:00Z,2,3,3,82,0,0,0,3,0,0,0,0,0,0,0,15,7.6,23.7,11.0,4.2,1,0.04,0.26,0.30,1.97,0,3,1,4,55,88922,-9517,7354,16871,3
Smith Rowe,MID,Fulham,262,24,8,1,True,2026-09-05T14:00:00Z,2,3,3,11,0,0,0,0,0,0,0,0,0,0,0,3,0.2,0.5,2.0,0.3,0,0.00,0.00,0.00,0.00,0,0,0,0,55,32334,-5101,1425,6526,3
Kevin,MID,Fulham,263,24,8,0,True,2026-09-05T14:00:00Z,2,3,3,0,0,0,0,0,0,0,0,0,0,0,0,0,0.0,0.0,0.0,0.0,0,0.00,0.00,0.00,0.00,0,0,0,0,54,4945,-789,553,1342,3
Bobb,MID,Fulham,264,24,8,2,True,2026-09-05T14:00:00Z,2,3,3,78,0,0,0,3,0,0,0,0,0,0,0,17,11.2,58.8,53.0,12.3,1,0.32,0.65,0.97,1.97,0,4,0,4,55,34364,-1360,4635,5995,3
Berge,MID,Fulham,265,24,8,1,True,2026-09-05T14:00:00Z,2,3,3,29,0,0,0,1,0,0,0,0,0,0,0,9,3.2,2.9,0.0,0.6,0,0.00,0.10,0.10,0.84,0,2,0,2,50,36133,-3309,1875,5184,3
Cairney,MID,Fulham,266,24,8,0,True,2026-09-05T14:00:00Z,2,3,3,0,0,0,0,0,0,0,0,0,0,0,0,0,0.0,0.0,0.0,0.0,0,0.00,0.00,0.00,0.00,0,0,0,0,50,335,-58,24,82,3
King,MID,Fulham,268,24,8,10,True,2026-09-05T14:00:00Z,2,3,3,90,1,0,0,3,0,0,0,0,0,0,3,38,44.6,26.0,34.0,10.5,1,0.31,0.27,0.58,1.97,1,5,1,7,55,76528,9662,23134,13472,3
Sessegnon,DEF,Fulham,269,24,8,1,True,2026-09-05T14:00:00Z,2,3,3,11,0,0,0,0,0,0,0,0,0,0,0,3,2.0,14.8,4.0,2.1,0,0.08,0.32,0.40,0.00,1,1,0,1,45,37980,-3956,887,4843,3
Reed,MID,Fulham,270,24,8,0,True,2026-09-05T14:00:00Z,2,3,3,0,0,0,0,0,0,0,0,0,0,0,0,0,0.0,0.0,0.0,0.0,0,0.00,0.00,0.00,0.00,0,0,0,0,45,132811,-11001,8075,19076,3
Muniz,FWD,Fulham,271,24,8,1,True,2026-09-05T14:00:00Z,2,3,3,7,0,0,0,0,0,0,0,0,0,0,0,5,3.2,10.1,27.0,4.0,0,0.38,0.00,0.38,0.00,0,0,0,0,55,49384,-6919,4409,11328,3
Kusi-Asare,FWD,Fulham,272,24,8,0,True,2026-09-05T14:00:00Z,2,3,3,0,0,0,0,0,0,0,0,0,0,0,0,0,0.0,0.0,0.0,0.0,0,0.00,0.00,0.00,0.00,0,0,0,0,45,689011,-11359,60586,71945,3
Matthews,GK,Crystal Palace,555,24,10,0,False,2026-09-05T14:00:00Z,2,3,3,0,0,0,0,0,0,0,0,0,0,0,0,0,0.0,0.0,0.0,0.0,0,0.00,0.00,0.00,0.00,0,0,0,0,40,188559,-1097,7566,8663,3
Gonzalo,FWD,Fulham,569,24,8,2,True,2026-09-05T14:00:00Z,2,3,3,90,0,0,0,3,0,0,0,0,0,0,0,10,5.8,14.0,39.0,5.9,1,0.44,0.20,0.64,1.97,3,3,1,7,60,490355,49426,128611,79185,3
Palacios,MID,Fulham,570,24,8,8,True,2026-09-05T14:00:00Z,2,3,3,60,1,0,0,2,0,0,0,0,0,0,1,27,33.8,13.7,51.0,9.9,1,0.80,0.02,0.82,1.14,0,0,0,0,55,18435,-2344,1012,3356,3
Tomiyasu,DEF,Crystal Palace,577,24,10,0,False,2026-09-05T14:00:00Z,2,3,3,0,0,0,0,0,0,0,0,0,0,0,0,0,0.0,0.0,0.0,0.0,0,0.00,0.00,0.00,0.00,0,0,0,0,45,33461,-2052,1378,3430,3
Charles,MID,Fulham,580,24,8,2,True,2026-09-05T14:00:00Z,2,3,3,78,0,0,0,3,0,0,0,0,0,0,0,18,12.4,35.2,8.0,5.6,1,0.00,0.09,0.09,1.97,3,8,0,11,50,7900,-910,334,1244,3
Khalaili,DEF,Crystal Palace,588,24,10,3,False,2026-09-05T14:00:00Z,2,3,3,90,0,0,0,2,0,0,0,0,0,0,0,6,21.6,2.3,8.0,3.2,1,0.72,0.01,0.73,3.14,7,3,3,10,50,13924,2499,4048,1549,3
Gozo,MID,Crystal Palace,595,24,10,0,False,2026-09-05T14:00:00Z,2,3,3,0,0,0,0,0,0,0,0,0,0,0,0,0,0.0,0.0,0.0,0.0,0,0.00,0.00,0.00,0.00,0,0,0,0,50,1444,-66,158,224,3
De Fougerolles,DEF,Fulham,610,24,8,0,True,2026-09-05T14:00:00Z,2,3,3,0,0,0,0,0,0,0,0,0,0,0,0,0,0.0,0.0,0.0,0.0,0,0.00,0.00,0.00,0.00,0,0,0,0,40,11771,382,2221,1839,3
Zepa,MID,Fulham,626,24,8,0,True,2026-09-05T14:00:00Z,2,3,3,0,0,0,0,0,0,0,0,0,0,0,0,0,0.0,0.0,0.0,0.0,0,0.00,0.00,0.00,0.00,0,0,0,0,45,40392,17179,22010,4831,3
Ahanor,DEF,Crystal Palace,633,24,10,0,False,2026-09-05T14:00:00Z,2,3,3,0,0,0,0,0,0,0,0,0,0,0,0,0,0.0,0.0,0.0,0.0,0,0.00,0.00,0.00,0.00,0,0,0,0,45,296,185,217,32,3
Larsson,MID,Fulham,635,24,8,1,True,2026-09-05T14:00:00Z,2,3,3,11,0,0,0,0,0,0,0,0,0,0,0,3,3.6,1.3,9.0,1.4,0,0.13,0.22,0.35,0.00,0,0,1,1,50,322,261,288,27,3
Ángel,MID,Fulham,636,24,8,0,True,2026-09-05T14:00:00Z,2,3,3,0,0,0,0,0,0,0,0,0,0,0,0,0,0.0,0.0,0.0,0.0,0,0.00,0.00,0.00,0.00,0,0,0,0,50,151,106,120,14,3
Chilwell,DEF,Crystal Palace,643,24,10,7,False,2026-09-05T14:00:00Z,2,3,3,16,1,0,0,0,0,0,0,0,0,0,0,20,33.2,0.7,17.0,5.1,0,0.15,0.00,0.15,0.57,0,0,0,0,45,984,679,763,84,3
Timber,MID,Crystal Palace,644,24,10,2,False,2026-09-05T14:00:00Z,2,3,3,73,0,0,0,2,0,0,0,0,0,0,0,8,4.2,0.2,1.0,0.5,1,0.02,0.00,0.02,2.57,2,3,1,6,50,782,556,656,100,3
Osorio,MID,Crystal Palace,647,24,10,1,False,2026-09-05T14:00:00Z,2,3,3,1,0,0,0,0,0,0,0,0,0,0,0,2,2.0,0.3,0.0,0.2,0,0.00,0.00,0.00,0.13,0,0,1,1,55,535,411,461,50,3
Affengruber,DEF,Fulham,650,24,8,0,True,2026-09-05T14:00:00Z,2,3,3,0,0,0,0,0,0,0,0,0,0,0,0,0,0.0,0.0,0.0,0.0,0,0.00,0.00,0.00,0.00,0,0,0,0,45,317,177,204,27,3
M.Bizot,GK,Aston Villa,29,25,11,0,False,2026-09-05T16:30:00Z,0,0,3,0,0,0,0,0,0,0,0,0,0,0,0,0,0.0,0.0,0.0,0.0,0,0.00,0.00,0.00,0.00,0,0,0,0,45,14920,-69,2306,2375,3
Digne,DEF,Aston Villa,30,25,11,0,False,2026-09-05T16:30:00Z,0,0,3,0,0,0,0,0,0,0,0,0,0,0,0,0,0.0,0.0,0.0,0.0,0,0.00,0.00,0.00,0.00,0,0,0,0,45,6725,-2071,0,2071,3
Cash,DEF,Aston Villa,32,25,11,6,False,2026-09-05T16:30:00Z,0,0,3,84,0,0,1,0,0,0,0,0,0,0,0,23,6.4,16.3,6.0,2.9,1,0.00,0.03,0.03,0.22,1,1,0,1,45,731987,-35679,41628,77307,3
Mings,DEF,Aston Villa,33,25,11,6,False,2026-09-05T16:30:00Z,0,0,3,90,0,0,1,0,0,0,0,0,0,0,0,28,14.8,4.4,13.0,3.2,1,0.11,0.02,0.13,0.57,4,2,1,5,45,38099,-2214,2622,4836,3
Pau,DEF,Aston Villa,34,25,11,0,False,2026-09-05T16:30:00Z,0,0,3,0,0,0,0,0,0,0,0,0,0,0,0,0,0.0,0.0,0.0,0.0,0,0.00,0.00,0.00,0.00,0,0,0,0,45,46943,919,5255,4336,3
Bogarde,MID,Aston Villa,35,25,11,0,False,2026-09-05T16:30:00Z,0,0,3,0,0,0,0,0,0,0,0,0,0,0,0,0,0.0,0.0,0.0,0.0,0,0.00,0.00,0.00,0.00,0,0,0,0,50,7284,-311,945,1256,3
Maatsen,DEF,Aston Villa,36,25,11,7,False,2026-09-05T16:30:00Z,0,0,3,74,0,0,1,0,0,0,0,0,0,0,1,29,10.6,19.8,4.0,3.4,1,0.00,0.42,0.42,0.22,2,0,1,3,45,83194,2667,11292,8625,3
Lindelöf,DEF,Aston Villa,37,25,11,6,False,2026-09-05T16:30:00Z,0,0,3,90,0,0,1,0,0,0,0,0,0,0,0,28,22.4,24.9,2.0,4.9,1,0.00,0.08,0.08,0.57,4,3,0,4,45,29725,216,3211,2995,3
A.García,DEF,Aston Villa,38,25,11,0,False,2026-09-05T16:30:00Z,0,0,3,0,0,0,0,0,0,0,0,0,0,0,0,0,0.0,0.0,0.0,0.0,0,0.00,0.00,0.00,0.00,0,0,0,0,40,187661,-506,16171,16677,3
Nedeljkovic,DEF,Aston Villa,39,25,11,0,False,2026-09-05T16:30:00Z,0,0,3,0,0,0,0,0,0,0,0,0,0,0,0,0,0.0,0.0,0.0,0.0,0,0.00,0.00,0.00,0.00,0,0,0,0,40,17687,-3988,0,3988,3
Buendía,MID,Aston Villa,41,25,11,3,False,2026-09-05T16:30:00Z,0,0,3,74,0,0,1,0,0,0,0,0,0,0,0,2,0.0,10.8,7.0,1.4,1,0.61,0.05,0.66,0.22,0,2,0,2,60,128636,-3519,20598,24117,3
Bailey,MID,Aston Villa,44,25,11,0,False,2026-09-05T16:30:00Z,0,0,3,0,0,0,0,0,0,0,0,0,0,0,0,0,0.0,0.0,0.0,0.0,0,0.00,0.00,0.00,0.00,0,0,0,0,54,12237,-2630,1094,3724,3
McGinn,MID,Aston Villa,45,25,11,3,False,2026-09-05T16:30:00Z,0,0,3,90,0,0,1,0,0,0,0,0,0,0,0,6,1.4,5.6,4.0,1.1,1,0.68,0.03,0.71,0.57,1,2,2,5,54,252885,-27591,16891,44482,3
Barkley,MID,Aston Villa,46,25,11,3,False,2026-09-05T16:30:00Z,0,0,3,90,0,0,1,0,0,0,0,0,0,0,0,15,13.6,34.1,15.0,6.3,1,0.22,0.09,0.31,0.57,2,4,0,6,50,27497,1735,5744,4009,3
Kamara,MID,Aston Villa,47,25,11,3,False,2026-09-05T16:30:00Z,0,0,3,90,0,0,1,0,0,0,0,0,0,0,0,20,13.6,26.2,0.0,4.0,1,0.00,0.07,0.07,0.57,3,6,1,10,50,35132,-720,5061,5781,3
Onana,MID,Aston Villa,48,25,11,0,False,2026-09-05T16:30:00Z,0,0,3,0,0,0,0,0,0,0,0,0,0,0,0,0,0.0,0.0,0.0,0.0,0,0.00,0.00,0.00,0.00,0,0,0,0,50,1852,-430,140,570,3
Iling Jr,MID,Aston Villa,49,25,11,0,False,2026-09-05T16:30:00Z,0,0,3,0,0,0,0,0,0,0,0,0,0,0,0,0,0.0,0.0,0.0,0.0,0,0.00,0.00,0.00,0.00,0,0,0,0,50,211,-63,0,63,3
Burrowes,MID,Aston Villa,50,25,11,0,False,2026-09-05T16:30:00Z,0,0,3,0,0,0,0,0,0,0,0,0,0,0,0,0,0.0,0.0,0.0,0.0,0,0.00,0.00,0.00,0.00,0,0,0,0,45,72806,-408,8705,9113,3
George Hemmings,MID,Aston Villa,51,25,11,3,False,2026-09-05T16:30:00Z,0,0,3,74,0,0,1,0,0,0,0,0,0,0,0,12,10.8,13.5,21.0,4.5,1,0.07,0.14,0.21,0.22,2,4,1,7,45,110782,21970,36405,14435,3
Alysson,MID,Aston Villa,52,25,11,1,False,2026-09-05T16:30:00Z,0,0,3,15,0,0,0,0,0,0,0,0,0,0,0,3,0.2,1.8,0.0,0.2,0,0.00,0.00,0.00,0.35,0,1,0,1,50,4733,-102,827,929,3
Manzambi,MID,Aston Villa,53,25,11,0,False,2026-09-05T16:30:00Z,0,0,3,0,0,0,0,0,0,0,0,0,0,0,0,0,0.0,0.0,0.0,0.0,0,0.00,0.00,0.00,0.00,0,0,0,0,59,14230,-4708,341,5049,3
Gomes,MID,Aston Villa,54,25,11,0,False,2026-09-05T16:30:00Z,0,0,3,0,0,0,0,0,0,0,0,0,0,0,0,0,0.0,0.0,0.0,0.0,0,0.00,0.00,0.00,0.00,0,0,0,0,55,4112,-1095,90,1185,3
Watkins,FWD,Aston Villa,55,25,11,0,False,2026-09-05T16:30:00Z,0,0,3,0,0,0,0,0,0,0,0,0,0,0,0,0,0.0,0.0,0.0,0.0,0,0.00,0.00,0.00,0.00,0,0,0,0,78,433685,-305129,4250,309379,3
Abraham,FWD,Aston Villa,56,25,11,1,False,2026-09-05T16:30:00Z,0,0,3,5,0,0,0,0,0,0,0,0,0,0,0,3,2.0,1.0,0.0,0.3,0,0.00,0.00,0.00,0.35,0,0,1,1,55,14917,2174,4925,2751,3
Garnacho,MID,Aston Villa,160,25,11,1,False,2026-09-05T16:30:00Z,0,0,3,15,0,0,0,0,0,0,0,0,0,0,0,4,1.0,1.6,0.0,0.3,0,0.00,0.00,0.00,0.35,0,0,0,0,59,46064,-9524,2557,12081,3
N.Jackson,FWD,Aston Villa,166,25,11,2,False,2026-09-05T16:30:00Z,0,0,3,84,0,0,1,0,0,0,0,0,0,0,0,10,1.2,17.5,20.0,3.9,1,0.24,0.44,0.68,0.22,0,2,0,2,65,115958,37834,46877,9043,3
Iroegbunam,MID,Hull City,240,25,2,0,True,2026-09-05T16:30:00Z,0,0,3,0,0,0,0,0,0,0,0,0,0,0,0,0,0.0,0.0,0.0,0.0,0,0.00,0.00,0.00,0.00,0,0,0,0,50,1385,122,309,187,3
Phillips,GK,Hull City,273,25,2,0,True,2026-09-05T16:30:00Z,0,0,3,0,0,0,0,0,0,0,0,0,0,0,0,0,0.0,0.0,0.0,0.0,0,0.00,0.00,0.00,0.00,0,0,0,0,40,154754,-1922,9318,11240,3
Butland,GK,Hull City,274,25,2,0,True,2026-09-05T16:30:00Z,0,0,3,0,0,0,0,0,0,0,0,0,0,0,0,0,0.0,0.0,0.0,0.0,0,0.00,0.00,0.00,0.00,0,0,0,0,45,8463,-1301,166,1467,3
Cartwright,GK,Hull City,275,25,2,0,True,2026-09-05T16:30:00Z,0,0,3,0,0,0,0,0,0,0,0,0,0,0,0,0,0.0,0.0,0.0,0.0,0,0.00,0.00,0.00,0.00,0,0,0,0,40,816,-83,0,83,3
Lo-Tutala,GK,Hull City,276,25,2,0,True,2026-09-05T16:30:00Z,0,0,3,0,0,0,0,0,0,0,0,0,0,0,0,0,0.0,0.0,0.0,0.0,0,0.00,0.00,0.00,0.00,0,0,0,0,40,2831,-272,0,272,3
Egan,DEF,Hull City,277,25,2,6,True,2026-09-05T16:30:00Z,0,0,3,90,0,0,1,0,0,0,0,0,0,0,0,18,15.4,0.1,0.0,1.6,1,0.00,0.00,0.00,1.93,4,1,3,7,40,623541,278040,335706,57666,3
Hughes,DEF,Hull City,278,25,2,0,True,2026-09-05T16:30:00Z,0,0,3,0,0,0,0,0,0,0,0,0,0,0,0,0,0.0,0.0,0.0,0.0,0,0.00,0.00,0.00,0.00,0,0,0,0,40,9038,-1682,138,1820,3
Ajayi,DEF,Hull City,279,25,2,5,True,2026-09-05T16:30:00Z,0,0,3,90,0,0,1,0,0,0,0,1,0,0,0,17,11.0,0.7,0.0,1.2,1,0.00,0.00,0.00,1.93,5,1,1,6,41,1055220,562671,631920,69249,3
Coyle,DEF,Hull City,280,25,2,6,True,2026-09-05T16:30:00Z,0,0,3,63,0,0,1,0,0,0,0,0,0,0,0,19,1.4,4.6,0.0,0.6,1,0.00,0.01,0.01,1.81,0,0,0,0,40,54378,-8654,1532,10186,3
Drameh,DEF,Hull City,281,25,2,0,True,2026-09-05T16:30:00Z,0,0,3,0,0,0,0,0,0,0,0,0,0,0,0,0,0.0,0.0,0.0,0.0,0,0.00,0.00,0.00,0.00,0,0,0,0,40,6824,-663,1010,1673,3
Giles,DEF,Hull City,282,25,2,8,True,2026-09-05T16:30:00Z,0,0,3,90,0,0,1,0,0,0,0,0,0,0,2,30,14.8,26.4,0.0,4.1,1,0.00,0.04,0.04,1.93,3,5,1,4,40,123114,18469,26812,8343,3
Jacob,DEF,Hull City,283,25,2,0,True,2026-09-05T16:30:00Z,0,0,3,0,0,0,0,0,0,0,0,0,0,0,0,0,0.0,0.0,0.0,0.0,0,0.00,0.00,0.00,0.00,0,0,0,0,40,1068,-153,57,210,3
McCarthy,DEF,Hull City,284,25,2,0,True,2026-09-05T16:30:00Z,0,0,3,0,0,0,0,0,0,0,0,0,0,0,0,0,0.0,0.0,0.0,0.0,0,0.00,0.00,0.00,0.00,0,0,0,0,40,9409,295,1507,1212,3
McNair,DEF,Hull City,285,25,2,0,True,2026-09-05T16:30:00Z,0,0,3,0,0,0,0,0,0,0,0,0,0,0,0,0,0.0,0.0,0.0,0.0,0,0.00,0.00,0.00,0.00,0,0,0,0,40,13231,-491,1008,1499,3
Belloumi,MID,Hull City,286,25,2,5,True,2026-09-05T16:30:00Z,0,0,3,81,0,0,1,0,0,0,0,0,0,0,0,15,22.8,12.4,10.0,4.5,1,0.03,0.01,0.04,1.93,8,1,3,12,50,88726,16123,26562,10439,3
Millar,MID,Hull City,287,25,2,0,True,2026-09-05T16:30:00Z,0,0,3,0,0,0,0,0,0,0,0,0,0,0,0,0,0.0,0.0,0.0,0.0,0,0.00,0.00,0.00,0.00,0,0,0,0,50,6931,140,2873,2733,3
Dowell,MID,Hull City,288,25,2,0,True,2026-09-05T16:30:00Z,0,0,3,0,0,0,0,0,0,0,0,0,0,0,0,0,0.0,0.0,0.0,0.0,0,0.00,0.00,0.00,0.00,0,0,0,0,45,37923,-165,5767,5932,3
Crooks,MID,Hull City,289,25,2,0,True,2026-09-05T16:30:00Z,0,0,3,0,0,0,0,0,0,0,0,0,0,0,0,0,0.0,0.0,0.0,0.0,0,0.00,0.00,0.00,0.00,0,0,0,0,45,57596,-12365,2885,15250,3
Slater,MID,Hull City,290,25,2,3,True,2026-09-05T16:30:00Z,0,0,3,90,0,0,1,0,0,0,0,0,0,0,0,10,10.6,12.3,8.0,3.1,1,0.04,0.01,0.05,1.93,3,2,1,6,45,523606,91326,157568,66242,3
Matazo,MID,Hull City,291,25,2,0,True,2026-09-05T16:30:00Z,0,0,3,0,0,0,0,0,0,0,0,0,0,0,0,0,0.0,0.0,0.0,0.0,0,0.00,0.00,0.00,0.00,0,0,0,0,45,637,-33,103,136,3
Ömür,MID,Hull City,292,25,2,0,True,2026-09-05T16:30:00Z,0,0,3,0,0,0,0,0,0,0,0,0,0,0,0,0,0.0,0.0,0.0,0.0,0,0.00,0.00,0.00,0.00,0,0,0,0,49,1697,-131,323,454,3
Kamara,MID,Hull City,293,25,2,0,True,2026-09-05T16:30:00Z,0,0,3,0,0,0,0,0,0,0,0,0,0,0,0,0,0.0,0.0,0.0,0.0,0,0.00,0.00,0.00,0.00,0,0,0,0,50,258,-96,0,96,3
Zambrano,MID,Hull City,294,25,2,0,True,2026-09-05T16:30:00Z,0,0,3,0,0,0,0,0,0,0,0,0,0,0,0,0,0.0,0.0,0.0,0.0,0,0.00,0.00,0.00,0.00,0,0,0,0,45,9216,-1263,645,1908,3
McBurnie,FWD,Hull City,295,25,2,2,True,2026-09-05T16:30:00Z,0,0,3,90,0,0,1,0,0,0,0,0,0,0,0,2,2.6,11.3,15.0,2.9,1,0.38,0.05,0.43,1.93,1,0,2,3,55,211366,-9368,40632,50000,3
Akintola,MID,Hull City,296,25,2,0,True,2026-09-05T16:30:00Z,0,0,3,0,0,0,0,0,0,0,0,0,0,0,0,0,0.0,0.0,0.0,0.0,0,0.00,0.00,0.00,0.00,0,0,0,0,50,4439,-67,1268,1335,3
Gyabi,MID,Hull City,297,25,2,0,True,2026-09-05T16:30:00Z,0,0,3,0,0,0,0,0,0,0,0,0,0,0,0,0,0.0,0.0,0.0,0.0,0,0.00,0.00,0.00,0.00,0,0,0,0,45,2158,-302,141,443,3
Destan,FWD,Hull City,298,25,2,0,True,2026-09-05T16:30:00Z,0,0,3,0,0,0,0,0,0,0,0,0,0,0,0,0,0.0,0.0,0.0,0.0,0,0.00,0.00,0.00,0.00,0,0,0,0,45,26020,-5574,0,5574,3
Burstow,FWD,Hull City,299,25,2,0,True,2026-09-05T16:30:00Z,0,0,3,0,0,0,0,0,0,0,0,0,0,0,0,0,0.0,0.0,0.0,0.0,0,0.00,0.00,0.00,0.00,0,0,0,0,45,4321,-778,0,778,3
Gelhardt,MID,Hull City,340,25,2,0,True,2026-09-05T16:30:00Z,0,0,3,0,0,0,0,0,0,0,0,0,0,0,0,0,0.0,0.0,0.0,0.0,0,0.00,0.00,0.00,0.00,0,0,0,0,50,1068,-124,99,223,3
Targett,DEF,Hull City,556,25,2,0,True,2026-09-05T16:30:00Z,0,0,3,0,0,0,0,0,0,0,0,0,0,0,0,0,0.0,0.0,0.0,0.0,0,0.00,0.00,0.00,0.00,0,0,0,0,40,218007,-12694,10419,23113,3
Morita,MID,Hull City,563,25,2,0,True,2026-09-05T16:30:00Z,0,0,3,0,0,0,0,0,0,0,0,0,0,0,0,0,0.0,0.0,0.0,0.0,0,0.00,0.00,0.00,0.00,0,0,0,0,50,2482,104,421,317,3
Tzolakis,GK,Hull City,572,25,2,6,True,2026-09-05T16:30:00Z,0,0,3,90,0,0,1,0,0,0,0,0,0,1,0,25,11.6,0.0,0.0,1.2,1,0.00,0.00,0.00,1.93,0,10,0,0,46,857252,306909,367782,60873,3
Hjertø-Dahl,MID,Hull City,574,25,2,1,True,2026-09-05T16:30:00Z,0,0,3,8,0,0,0,0,0,0,0,0,0,0,0,4,0.0,0.0,0.0,0.0,0,0.00,0.00,0.00,0.00,0,1,0,1,50,6691,-1139,321,1460,3
Stroud,MID,Hull City,576,25,2,3,True,2026-09-05T16:30:00Z,0,0,3,62,0,0,1,0,0,0,0,0,0,0,0,5,0.0,11.8,4.0,1.4,1,0.04,0.01,0.05,1.81,0,2,0,2,50,8900,-916,770,1686,3
Madjo,FWD,Aston Villa,582,25,11,0,False,2026-09-05T16:30:00Z,0,0,3,0,0,0,0,0,0,0,0,0,0,0,0,0,0.0,0.0,0.0,0.0,0,0.00,0.00,0.00,0.00,0,0,0,0,55,31743,-8463,894,9357,3
Herrington,DEF,Hull City,585,25,2,1,True,2026-09-05T16:30:00Z,0,0,3,19,0,0,0,0,0,0,0,0,0,0,0,2,6.6,0.1,0.0,0.7,0,0.00,0.00,0.00,0.12,1,1,1,2,40,64658,-1665,3434,5099,3
Mendy,DEF,Hull City,586,25,2,8,True,2026-09-05T16:30:00Z,0,0,3,70,0,0,1,0,0,0,0,0,0,0,0,22,16.2,0.6,14.0,3.1,1,0.03,0.00,0.03,1.81,7,2,3,10,40,619201,98035,166798,68763,3
Gourna-Douath,MID,Hull City,589,25,2,2,True,2026-09-05T16:30:00Z,0,0,3,81,0,0,1,0,0,0,0,1,0,0,0,7,13.4,21.6,0.0,3.5,1,0.00,0.01,0.01,1.93,4,5,1,10,50,2738,-134,213,347,3
Ruggeri,DEF,Aston Villa,596,25,11,1,False,2026-09-05T16:30:00Z,0,0,3,15,0,0,0,0,0,0,0,0,0,0,0,3,2.6,2.6,0.0,0.5,0,0.00,0.01,0.01,0.35,1,2,0,1,45,10240,-990,736,1726,3
Suzuki,GK,Aston Villa,597,25,11,10,False,2026-09-05T16:30:00Z,0,0,3,90,0,0,1,0,0,0,0,0,0,4,3,38,27.2,0.0,0.0,2.7,1,0.00,0.00,0.00,0.57,1,13,0,0,50,144003,21820,33094,11274,3
Rowe,DEF,Aston Villa,606,25,11,0,False,2026-09-05T16:30:00Z,0,0,3,0,0,0,0,0,0,0,0,0,0,0,0,0,0.0,0.0,0.0,0.0,0,0.00,0.00,0.00,0.00,0,0,0,0,40,18767,4717,6400,1683,3
Lynch,MID,Aston Villa,607,25,11,0,False,2026-09-05T16:30:00Z,0,0,3,0,0,0,0,0,0,0,0,0,0,0,0,0,0.0,0.0,0.0,0.0,0,0.00,0.00,0.00,0.00,0,0,0,0,45,12683,1177,3500,2323,3
Wan-Bissaka,DEF,Aston Villa,611,25,11,1,False,2026-09-05T16:30:00Z,0,0,3,5,0,0,0,0,0,0,0,0,0,0,0,3,2.8,0.9,0.0,0.4,0,0.00,0.00,0.00,0.35,1,0,0,1,45,15829,5012,6633,1621,3
Cho,MID,Hull City,617,25,2,1,True,2026-09-05T16:30:00Z,0,0,3,8,0,0,0,0,0,0,0,0,0,0,0,5,3.0,0.0,17.0,2.0,0,0.05,0.00,0.05,0.00,0,0,0,0,50,871,482,671,189,3
Goretzka,MID,Aston Villa,618,25,11,0,False,2026-09-05T16:30:00Z,0,0,3,0,0,0,0,0,0,0,0,0,0,0,0,0,0.0,0.0,0.0,0.0,0,0.00,0.00,0.00,0.00,0,0,0,0,60,5084,2608,3449,841,3
Harwood-Bellis,DEF,Aston Villa,630,25,11,0,False,2026-09-05T16:30:00Z,0,0,3,0,0,0,0,0,0,0,0,0,0,0,0,0,0.0,0.0,0.0,0.0,0,0.00,0.00,0.00,0.00,0,0,0,0,45,1010,755,945,190,3
Mbaye,MID,Aston Villa,631,25,11,0,False,2026-09-05T16:30:00Z,0,0,3,0,0,0,0,0,0,0,0,0,0,0,0,0,0.0,0.0,0.0,0.0,0,0.00,0.00,0.00,0.00,0,0,0,0,60,4421,3426,4056,630,3
Ansah,FWD,Hull City,632,25,2,0,True,2026-09-05T16:30:00Z,0,0,3,0,0,0,0,0,0,0,0,0,0,0,0,0,0.0,0.0,0.0,0.0,0,0.00,0.00,0.00,0.00,0,0,0,0,50,2839,2012,2222,210,3
Vaz,FWD,Hull City,637,25,2,0,True,2026-09-05T16:30:00Z,0,0,3,0,0,0,0,0,0,0,0,0,0,0,0,0,0.0,0.0,0.0,0.0,0,0.00,0.00,0.00,0.00,0,0,0,0,50,2077,1405,1607,202,3
Norton-Cuffy,DEF,Hull City,638,25,2,1,True,2026-09-05T16:30:00Z,0,0,3,26,0,0,0,0,0,0,0,0,0,0,0,3,2.2,0.3,2.0,0.5,0,0.00,0.00,0.00,0.12,1,2,0,1,40,17629,5681,6454,773,3
Thomas,MID,Hull City,642,25,2,1,True,2026-09-05T16:30:00Z,0,0,3,27,0,0,0,0,0,0,0,0,0,0,0,5,3.2,10.8,0.0,1.4,0,0.00,0.04,0.04,0.12,0,1,0,1,55,569,388,446,58,3
Mouzakitis,MID,Hull City,645,25,2,0,True,2026-09-05T16:30:00Z,0,0,3,0,0,0,0,0,0,0,0,0,0,0,0,0,0.0,0.0,0.0,0.0,0,0.00,0.00,0.00,0.00,0,0,0,0,50,288,186,210,24,3
Pinnock,DEF,Coventry City,91,26,15,3,False,2026-09-05T14:00:00Z,1,0,3,90,0,0,0,1,0,0,0,1,0,0,0,3,18.2,0.0,6.0,2.4,1,0.11,0.00,0.11,2.12,12,2,1,13,45,7182,-811,505,1316,3
Onyeka,MID,Coventry City,104,26,15,2,False,2026-09-05T14:00:00Z,1,0,3,62,0,0,0,1,0,0,0,0,0,0,0,5,0.4,0.4,0.0,0.1,1,0.00,0.00,0.00,1.17,0,2,1,3,50,12452,-3826,379,4205,3
Rushworth,GK,Coventry City,110,26,15,2,False,2026-09-05T14:00:00Z,1,0,3,90,0,0,0,1,0,0,0,0,0,2,0,13,18.8,0.0,0.0,1.9,1,0.00,0.00,0.00,2.12,1,9,0,0,45,95482,-16015,2938,18953,3
Enzo,MID,Man City,155,26,7,3,True,2026-09-05T14:00:00Z,1,0,3,75,0,0,1,0,0,0,0,0,0,0,0,17,10.2,18.9,18.0,4.7,1,0.13,0.12,0.25,1.00,1,1,1,3,69,341334,-101968,30968,132936,3
Dovin,GK,Coventry City,171,26,15,0,False,2026-09-05T14:00:00Z,1,0,3,0,0,0,0,0,0,0,0,0,0,0,0,0,0.0,0.0,0.0,0.0,0,0.00,0.00,0.00,0.00,0,0,0,0,40,141466,-12005,6290,18295,3
Wilson,GK,Coventry City,172,26,15,0,False,2026-09-05T14:00:00Z,1,0,3,0,0,0,0,0,0,0,0,0,0,0,0,0,0.0,0.0,0.0,0.0,0,0.00,0.00,0.00,0.00,0,0,0,0,45,41782,-3942,265,4207,3
Thomas,DEF,Coventry City,173,26,15,4,False,2026-09-05T14:00:00Z,1,0,3,90,0,0,0,1,0,0,0,0,0,0,0,19,20.6,20.8,24.0,6.5,1,0.22,0.17,0.39,2.12,11,3,1,12,40,883716,44441,114108,69667,3
Kitching,DEF,Coventry City,174,26,15,0,False,2026-09-05T14:00:00Z,1,0,3,0,0,0,0,0,0,0,0,0,0,0,0,0,0.0,0.0,0.0,0.0,0,0.00,0.00,0.00,0.00,0,0,0,0,40,53997,-9976,461,10437,3
van Ewijk,DEF,Coventry City,175,26,15,3,False,2026-09-05T14:00:00Z,1,0,3,90,0,0,0,1,0,0,0,1,0,0,0,5,16.8,5.2,2.0,2.4,1,0.00,0.06,0.06,2.12,8,4,3,11,40,1209039,-80255,41712,121967,3
Dasilva,DEF,Coventry City,176,26,15,2,False,2026-09-05T14:00:00Z,1,0,3,84,0,0,0,1,0,0,0,0,0,0,0,10,21.8,14.9,0.0,3.7,1,0.00,0.08,0.08,2.12,5,3,2,7,40,79293,-4522,2664,7186,3
Kesler-Hayden,DEF,Coventry City,177,26,15,0,False,2026-09-05T14:00:00Z,1,0,3,0,0,0,0,0,0,0,0,0,0,0,0,0,0.0,0.0,0.0,0.0,0,0.00,0.00,0.00,0.00,0,0,0,0,40,4676,-1131,131,1262,3
Bidwell,DEF,Coventry City,178,26,15,0,False,2026-09-05T14:00:00Z,1,0,3,0,0,0,0,0,0,0,0,0,0,0,0,0,0.0,0.0,0.0,0.0,0,0.00,0.00,0.00,0.00,0,0,0,0,40,8763,-315,663,978,3
Latibeaudiere,DEF,Coventry City,179,26,15,0,False,2026-09-05T14:00:00Z,1,0,3,0,0,0,0,0,0,0,0,0,0,0,0,0,0.0,0.0,0.0,0.0,0,0.00,0.00,0.00,0.00,0,0,0,0,40,4150,-161,319,480,3
Woolfenden,DEF,Coventry City,180,26,15,0,False,2026-09-05T14:00:00Z,1,0,3,0,0,0,0,0,0,0,0,0,0,0,0,0,0.0,0.0,0.0,0.0,0,0.00,0.00,0.00,0.00,0,0,0,0,40,15091,-2522,659,3181,3
Brau,DEF,Coventry City,181,26,15,0,False,2026-09-05T14:00:00Z,1,0,3,0,0,0,0,0,0,0,0,0,0,0,0,0,0.0,0.0,0.0,0.0,0,0.00,0.00,0.00,0.00,0,0,0,0,40,3074,-956,19,975,3
Amenda,DEF,Coventry City,182,26,15,2,False,2026-09-05T14:00:00Z,1,0,3,90,0,0,0,1,0,0,0,0,0,0,0,4,4.4,1.3,6.0,1.2,1,0.00,0.34,0.34,2.12,2,6,1,3,40,81029,-4953,3124,8077,3
Rudoni,MID,Coventry City,183,26,15,2,False,2026-09-05T14:00:00Z,1,0,3,62,0,0,0,1,0,0,0,0,0,0,0,9,14.4,28.5,33.0,7.6,1,0.29,0.09,0.38,1.17,2,2,1,5,50,12234,-1863,706,2569,3
Grimes,MID,Coventry City,184,26,15,2,False,2026-09-05T14:00:00Z,1,0,3,90,0,0,0,1,0,0,0,0,0,0,0,8,18.6,2.3,1.0,2.2,1,0.04,0.00,0.04,2.12,3,0,5,8,50,16127,-3443,481,3924,3
Sakamoto,MID,Coventry City,185,26,15,0,False,2026-09-05T14:00:00Z,1,0,3,0,0,0,0,0,0,0,0,0,0,0,0,0,0.0,0.0,0.0,0.0,0,0.00,0.00,0.00,0.00,0,0,0,0,49,8559,-1339,404,1743,3
Mason-Clark,MID,Coventry City,186,26,15,2,False,2026-09-05T14:00:00Z,1,0,3,70,0,0,0,1,0,0,0,0,0,0,0,4,0.0,0.8,2.0,0.1,1,0.00,0.00,0.00,1.17,2,3,0,5,54,10318,-1860,228,2088,3
Eccles,MID,Coventry City,187,26,15,0,False,2026-09-05T14:00:00Z,1,0,3,0,0,0,0,0,0,0,0,0,0,0,0,0,0.0,0.0,0.0,0.0,0,0.00,0.00,0.00,0.00,0,0,0,0,49,1547,30,434,404,3
Torp,MID,Coventry City,188,26,15,0,False,2026-09-05T14:00:00Z,1,0,3,0,0,0,0,0,0,0,0,0,0,0,0,0,0.0,0.0,0.0,0.0,0,0.00,0.00,0.00,0.00,0,0,0,0,54,13303,-2872,100,2972,3
Shepherd,MID,Coventry City,189,26,15,0,False,2026-09-05T14:00:00Z,1,0,3,0,0,0,0,0,0,0,0,0,0,0,0,0,0.0,0.0,0.0,0.0,0,0.00,0.00,0.00,0.00,0,0,0,0,45,27151,-2042,1697,3739,3
Tchaouna,MID,Coventry City,190,26,15,1,False,2026-09-05T14:00:00Z,1,0,3,27,0,0,0,0,0,0,0,0,0,0,0,9,8.2,24.8,21.0,5.4,0,0.10,0.03,0.13,0.95,0,1,0,1,55,12425,-3624,128,3752,3
Borges Rodrigues,MID,Coventry City,191,26,15,0,False,2026-09-05T14:00:00Z,1,0,3,0,0,0,0,0,0,0,0,0,0,0,0,0,0.0,0.0,0.0,0.0,0,0.00,0.00,0.00,0.00,0,0,0,0,45,14534,-2425,1263,3688,3
Andrews,MID,Coventry City,192,26,15,0,False,2026-09-05T14:00:00Z,1,0,3,0,0,0,0,0,0,0,0,0,0,0,0,0,0.0,0.0,0.0,0.0,0,0.00,0.00,0.00,0.00,0,0,0,0,45,44026,-17623,142,17765,3
Wright,FWD,Coventry City,193,26,15,0,False,2026-09-05T14:00:00Z,1,0,3,0,0,0,0,0,0,0,0,0,0,0,0,0,0.0,0.0,0.0,0.0,0,0.00,0.00,0.00,0.00,0,0,0,0,54,10607,-3102,246,3348,3
Thomas-Asante,FWD,Coventry City,194,26,15,1,False,2026-09-05T14:00:00Z,1,0,3,19,0,0,0,0,0,0,0,0,0,0,0,6,2.2,0.3,2.0,0.5,0,0.00,0.00,0.00,0.95,1,2,0,3,50,84492,-1110,16389,17499,3
Simms,FWD,Coventry City,195,26,15,1,False,2026-09-05T14:00:00Z,1,0,3,19,0,0,0,0,0,0,0,0,0,0,0,3,5.0,10.0,35.0,5.0,0,0.30,0.00,0.30,0.95,0,0,0,0,50,88094,-11944,10057,22001,3
Markelo,FWD,Coventry City,196,26,15,0,False,2026-09-05T14:00:00Z,1,0,3,0,0,0,0,0,0,0,0,0,0,0,0,0,0.0,0.0,0.0,0.0,0,0.00,0.00,0.00,0.00,0,0,0,0,50,929,-296,0,296,3
Bassette,FWD,Coventry City,197,26,15,0,False,2026-09-05T14:00:00Z,1,0,3,0,0,0,0,0,0,0,0,0,0,0,0,0,0.0,0.0,0.0,0.0,0,0.00,0.00,0.00,0.00,0,0,0,0,45,3200,-548,0,548,3
Ndiaye,MID,Man City,237,26,7,3,True,2026-09-05T14:00:00Z,1,0,3,86,0,0,1,0,0,0,0,0,0,0,0,12,7.0,17.9,10.0,3.5,1,0.02,0.04,0.06,1.35,1,2,2,5,60,1152171,-391471,81681,473152,3
Donnarumma,GK,Man City,384,26,7,7,True,2026-09-05T14:00:00Z,1,0,3,90,0,0,1,0,0,0,0,0,0,3,0,29,26.8,0.0,0.0,2.7,1,0.00,0.00,0.00,1.37,1,2,0,0,55,836587,-48925,71140,120065,3
Bettinelli,GK,Man City,386,26,7,0,True,2026-09-05T14:00:00Z,1,0,3,0,0,0,0,0,0,0,0,0,0,0,0,0,0.0,0.0,0.0,0.0,0,0.00,0.00,0.00,0.00,0,0,0,0,45,2867,-201,172,373,3
O'Reilly,DEF,Man City,387,26,7,0,True,2026-09-05T14:00:00Z,1,0,3,0,0,0,0,0,0,0,0,0,0,0,0,0,0.0,0.0,0.0,0.0,0,0.00,0.00,0.00,0.00,0,0,0,0,65,1933486,-193787,97243,291030,3
Guéhi,DEF,Man City,388,26,7,8,True,2026-09-05T14:00:00Z,1,0,3,90,0,0,1,0,0,0,0,0,0,0,2,31,28.8,9.6,2.0,4.0,1,0.00,0.02,0.02,1.37,9,6,0,9,60,1945720,-59173,122887,182060,3
Matheus N.,DEF,Man City,389,26,7,0,True,2026-09-05T14:00:00Z,1,0,3,0,0,0,0,0,0,0,0,0,0,0,0,0,0.0,0.0,0.0,0.0,0,0.00,0.00,0.00,0.00,0,0,0,0,59,103772,-37940,479,38419,3
Rúben,DEF,Man City,390,26,7,6,True,2026-09-05T14:00:00Z,1,0,3,90,0,0,1,0,0,0,0,0,0,0,0,25,20.6,6.6,0.0,2.7,1,0.00,0.03,0.03,1.37,3,0,0,3,55,186055,-3537,20417,23954,3
Gvardiol,DEF,Man City,391,26,7,8,True,2026-09-05T14:00:00Z,1,0,3,90,0,0,1,0,0,0,0,0,0,0,2,31,18.8,6.9,7.0,3.3,1,0.01,0.02,0.03,1.37,4,7,4,8,56,2019409,427408,548352,120944,3
Aït-Nouri,DEF,Man City,392,26,7,0,True,2026-09-05T14:00:00Z,1,0,3,0,0,0,0,0,0,0,0,0,0,0,0,0,0.0,0.0,0.0,0.0,0,0.00,0.00,0.00,0.00,0,0,0,0,54,56252,-23051,2020,25071,3
Khusanov,DEF,Man City,393,26,7,5,True,2026-09-05T14:00:00Z,1,0,3,90,0,0,1,0,0,0,0,1,0,0,0,22,13.6,3.9,0.0,1.8,1,0.00,0.02,0.02,1.37,4,4,2,6,55,166742,-14491,9792,24283,3
Alleyne,DEF,Man City,394,26,7,0,True,2026-09-05T14:00:00Z,1,0,3,0,0,0,0,0,0,0,0,0,0,0,0,0,0.0,0.0,0.0,0.0,0,0.00,0.00,0.00,0.00,0,0,0,0,50,589,-142,0,142,3
Lewis,DEF,Man City,395,26,7,0,True,2026-09-05T14:00:00Z,1,0,3,0,0,0,0,0,0,0,0,0,0,0,0,0,0.0,0.0,0.0,0.0,0,0.00,0.00,0.00,0.00,0,0,0,0,45,23634,-3581,2152,5733,3
Vitor Reis,DEF,Man City,396,26,7,0,True,2026-09-05T14:00:00Z,1,0,3,0,0,0,0,0,0,0,0,0,0,0,0,0,0.0,0.0,0.0,0.0,0,0.00,0.00,0.00,0.00,0,0,0,0,45,2767,-130,132,262,3
Semenyo,MID,Man City,397,26,7,6,True,2026-09-05T14:00:00Z,1,0,3,90,0,1,1,0,0,0,0,0,0,0,0,26,22.6,45.9,11.0,8.0,1,0.05,0.34,0.39,1.37,0,3,1,4,85,2009104,-362493,68628,431121,3
Foden,MID,Man City,398,26,7,1,True,2026-09-05T14:00:00Z,1,0,3,24,0,0,0,0,0,0,0,0,0,0,0,3,4.4,14.8,7.0,2.6,0,0.62,0.01,0.63,0.50,0,1,0,1,70,687362,187857,262736,74879,3
Cherki,MID,Man City,399,26,7,3,True,2026-09-05T14:00:00Z,1,0,3,65,0,0,1,0,0,0,0,0,0,0,0,23,7.4,52.2,24.0,8.4,1,0.21,0.30,0.51,0.86,0,3,0,3,77,3431400,1783948,1865890,81942,3
Doku,MID,Man City,400,26,7,0,True,2026-09-05T14:00:00Z,1,0,3,0,0,0,0,0,0,0,0,0,0,0,0,0,0.0,0.0,0.0,0.0,0,0.00,0.00,0.00,0.00,0,0,0,0,74,90983,-33918,453,34371,3
Rodrigo,MID,Man City,402,26,7,0,True,2026-09-05T14:00:00Z,1,0,3,0,0,0,0,0,0,0,0,0,0,0,0,0,0.0,0.0,0.0,0.0,0,0.00,0.00,0.00,0.00,0,0,0,0,65,1283,-269,0,269,3
Reijnders,MID,Man City,404,26,7,0,True,2026-09-05T14:00:00Z,1,0,3,0,0,0,0,0,0,0,0,0,0,0,0,0,0.0,0.0,0.0,0.0,0,0.00,0.00,0.00,0.00,0,0,0,0,60,4425,-1696,0,1696,3
Kovačić,MID,Man City,406,26,7,0,True,2026-09-05T14:00:00Z,1,0,3,0,0,0,0,0,0,0,0,0,0,0,0,0,0.0,0.0,0.0,0.0,0,0.00,0.00,0.00,0.00,0,0,0,0,55,8577,-1500,647,2147,3
Echeverri,MID,Man City,407,26,7,0,True,2026-09-05T14:00:00Z,1,0,3,0,0,0,0,0,0,0,0,0,0,0,0,0,0.0,0.0,0.0,0.0,0,0.00,0.00,0.00,0.00,0,0,0,0,49,1429,-349,157,506,3
Phillips,MID,Man City,408,26,7,0,True,2026-09-05T14:00:00Z,1,0,3,0,0,0,0,0,0,0,0,0,0,0,0,0,0.0,0.0,0.0,0.0,0,0.00,0.00,0.00,0.00,0,0,0,0,50,608,-156,0,156,3
Mukasa,MID,Man City,409,26,7,0,True,2026-09-05T14:00:00Z,1,0,3,0,0,0,0,0,0,0,0,0,0,0,0,0,0.0,0.0,0.0,0.0,0,0.00,0.00,0.00,0.00,0,0,0,0,45,14465,-3281,694,3975,3
Monga,MID,Man City,410,26,7,0,True,2026-09-05T14:00:00Z,1,0,3,0,0,0,0,0,0,0,0,0,0,0,0,0,0.0,0.0,0.0,0.0,0,0.00,0.00,0.00,0.00,0,0,0,0,49,1321,-309,143,452,3
Haaland,FWD,Man City,411,26,7,9,True,2026-09-05T14:00:00Z,1,0,3,90,1,0,1,0,0,0,0,0,0,0,3,40,48.8,13.6,63.0,12.5,1,1.06,0.48,1.54,1.37,5,2,0,7,155,7594638,360063,400573,40510,3
Anderson,MID,Man City,481,26,7,3,True,2026-09-05T14:00:00Z,1,0,3,90,0,0,1,0,0,0,0,0,0,0,0,23,26.6,28.1,5.0,6.0,1,0.02,0.17,0.19,1.37,4,6,1,11,64,514714,-91799,41120,132919,3
Awoniyi,FWD,Coventry City,492,26,15,2,False,2026-09-05T14:00:00Z,1,0,3,70,0,0,0,1,0,0,0,0,0,0,0,6,3.6,10.3,3.0,1.7,1,0.31,0.00,0.31,1.17,2,3,0,5,55,69494,-13314,4842,18156,3
Yirenkyi,MID,Coventry City,575,26,15,1,False,2026-09-05T14:00:00Z,1,0,3,27,0,0,0,0,0,0,0,0,0,0,0,4,1.0,0.3,0.0,0.1,0,0.00,0.00,0.00,0.95,2,4,0,6,50,20321,-3438,778,4216,3
Hamer,MID,Coventry City,584,26,15,1,False,2026-09-05T14:00:00Z,1,0,3,5,0,0,0,0,0,0,0,0,0,0,0,1,0.0,0.0,0.0,0.0,0,0.00,0.00,0.00,0.00,0,1,1,2,55,11896,-2126,153,2279,3
Rulli,GK,Man City,587,26,7,0,True,2026-09-05T14:00:00Z,1,0,3,0,0,0,0,0,0,0,0,0,0,0,0,0,0.0,0.0,0.0,0.0,0,0.00,0.00,0.00,0.00,0,0,0,0,50,2050,-193,147,340,3
Cherif,FWD,Coventry City,599,26,15,0,False,2026-09-05T14:00:00Z,1,0,3,0,0,0,0,0,0,0,0,0,0,0,0,0,0.0,0.0,0.0,0.0,0,0.00,0.00,0.00,0.00,0,0,0,0,50,10406,-134,2227,2361,3
Bouaddi,MID,Man City,616,26,7,1,True,2026-09-05T14:00:00Z,1,0,3,14,0,0,0,0,0,0,0,0,0,0,0,5,11.2,0.5,0.0,1.2,0,0.00,0.00,0.00,0.37,2,3,0,5,55,15546,6041,9299,3258,3
McAidoo,MID,Man City,621,26,7,1,True,2026-09-05T14:00:00Z,1,0,3,3,0,0,0,0,0,0,0,0,0,0,0,5,5.2,0.0,2.0,0.7,0,0.00,0.00,0.00,0.02,0,2,2,4,45,9526,4752,6678,1926,3
Braithwaite,DEF,Man City,622,26,7,0,True,2026-09-05T14:00:00Z,1,0,3,0,0,0,0,0,0,0,0,0,0,0,0,0,0.0,0.0,0.0,0.0,0,0.00,0.00,0.00,0.00,0,0,0,0,40,14144,7079,9284,2205,3
Bentley,GK,Coventry City,623,26,15,0,False,2026-09-05T14:00:00Z,1,0,3,0,0,0,0,0,0,0,0,0,0,0,0,0,0.0,0.0,0.0,0.0,0,0.00,0.00,0.00,0.00,0,0,0,0,40,29804,17253,20080,2827,3
Allan,MID,Man City,628,26,7,0,True,2026-09-05T14:00:00Z,1,0,3,0,0,0,0,0,0,0,0,0,0,0,0,0,0.0,0.0,0.0,0.0,0,0.00,0.00,0.00,0.00,0,0,0,0,60,365,213,300,87,3
Samba,MID,Man City,653,26,7,0,True,2026-09-05T14:00:00Z,1,0,3,0,0,0,0,0,0,0,0,0,0,0,0,0,0.0,0.0,0.0,0.0,0,0.00,0.00,0.00,0.00,0,0,0,0,45,0,0,0,0,3
Petrović,GK,Bournemouth,57,27,17,1,False,2026-09-05T11:30:00Z,2,2,3,90,0,0,0,2,0,0,0,0,0,0,0,0,3.4,0.0,0.0,0.3,1,0.00,0.00,0.00,0.71,1,8,0,0,45,349425,11030,45982,34952,3
Forster,GK,Bournemouth,58,27,17,0,False,2026-09-05T11:30:00Z,2,2,3,0,0,0,0,0,0,0,0,0,0,0,0,0,0.0,0.0,0.0,0.0,0,0.00,0.00,0.00,0.00,0,0,0,0,40,371559,17023,38348,21325,3
Dennis,GK,Bournemouth,59,27,17,0,False,2026-09-05T11:30:00Z,2,2,3,0,0,0,0,0,0,0,0,0,0,0,0,0,0.0,0.0,0.0,0.0,0,0.00,0.00,0.00,0.00,0,0,0,0,40,15695,-2784,0,2784,3
Hill,DEF,Bournemouth,60,27,17,1,False,2026-09-05T11:30:00Z,2,2,3,90,0,0,0,2,0,0,0,0,0,0,0,4,16.8,31.5,2.0,5.0,1,0.00,0.02,0.02,0.71,6,1,0,6,55,87381,-4574,7094,11668,3
Truffert,DEF,Bournemouth,61,27,17,0,False,2026-09-05T11:30:00Z,2,2,3,90,0,0,0,2,0,0,0,1,0,0,0,-3,10.2,15.7,2.0,2.8,1,0.01,0.06,0.07,0.71,3,5,3,6,55,387734,-30205,11879,42084,3
Diakité,DEF,Bournemouth,62,27,17,0,False,2026-09-05T11:30:00Z,2,2,3,0,0,0,0,0,0,0,0,0,0,0,0,0,0.0,0.0,0.0,0.0,0,0.00,0.00,0.00,0.00,0,0,0,0,50,18773,-2153,1710,3863,3
Milosavljević,DEF,Bournemouth,63,27,17,0,False,2026-09-05T11:30:00Z,2,2,3,0,0,0,0,0,0,0,0,0,0,0,0,0,0.0,0.0,0.0,0.0,0,0.00,0.00,0.00,0.00,0,0,0,0,50,919,-154,88,242,3
Smith,DEF,Bournemouth,64,27,17,0,False,2026-09-05T11:30:00Z,2,2,3,90,0,0,0,2,0,0,0,1,0,0,0,3,9.6,25.3,4.0,3.9,1,0.01,0.04,0.05,0.71,3,6,1,4,45,13869,-461,1630,2091,3
J.Araujo,DEF,Bournemouth,65,27,17,0,False,2026-09-05T11:30:00Z,2,2,3,0,0,0,0,0,0,0,0,0,0,0,0,0,0.0,0.0,0.0,0.0,0,0.00,0.00,0.00,0.00,0,0,0,0,45,1391,-270,96,366,3
Soler,DEF,Bournemouth,66,27,17,0,False,2026-09-05T11:30:00Z,2,2,3,0,0,0,0,0,0,0,0,0,0,0,0,0,0.0,0.0,0.0,0.0,0,0.00,0.00,0.00,0.00,0,0,0,0,40,30657,3691,6046,2355,3
Rayan,MID,Bournemouth,67,27,17,2,False,2026-09-05T11:30:00Z,2,2,3,88,0,0,0,2,0,0,0,0,0,0,0,8,1.6,0.9,10.0,1.3,1,0.04,0.01,0.05,0.66,1,0,1,2,65,230133,-48316,11708,60024,3
Tavernier,MID,Bournemouth,68,27,17,10,False,2026-09-05T11:30:00Z,2,2,3,88,1,0,0,2,0,0,0,0,0,0,3,43,46.6,13.2,77.0,13.7,1,1.01,0.05,1.06,0.66,0,8,1,9,60,230783,-21585,28263,49848,3
Scott,MID,Bournemouth,69,27,17,10,False,2026-09-05T11:30:00Z,2,2,3,90,0,2,0,2,0,0,0,0,0,0,2,37,13.4,22.9,12.0,4.8,1,0.07,0.02,0.09,0.71,5,6,0,11,60,210299,39114,56885,17771,3
Kluivert,MID,Bournemouth,70,27,17,1,False,2026-09-05T11:30:00Z,2,2,3,75,0,0,0,1,0,0,0,1,0,0,0,6,0.0,2.0,3.0,0.2,1,0.06,0.01,0.07,0.48,0,3,1,4,60,113173,-12692,10830,23522,3
Cook,MID,Bournemouth,71,27,17,1,False,2026-09-05T11:30:00Z,2,2,3,14,0,0,0,1,0,0,0,0,0,0,0,2,0.0,0.3,0.0,0.0,0,0.00,0.00,0.00,0.23,1,0,0,1,50,23118,2757,6600,3843,3
Gannon-Doak,MID,Bournemouth,72,27,17,1,False,2026-09-05T11:30:00Z,2,2,3,1,0,0,0,0,0,0,0,0,0,0,0,3,2.0,0.5,5.0,0.8,0,0.02,0.00,0.02,0.05,0,1,1,2,50,7170,-1165,384,1549,3
Adams,MID,Bournemouth,73,27,17,4,False,2026-09-05T11:30:00Z,2,2,3,75,0,0,0,1,0,0,0,0,0,0,0,15,12.2,11.5,0.0,2.4,1,0.00,0.01,0.01,0.48,1,8,3,12,50,26019,897,5588,4691,3
Brooks,MID,Bournemouth,74,27,17,1,False,2026-09-05T11:30:00Z,2,2,3,14,0,0,0,1,0,0,0,0,0,0,0,2,0.0,0.0,0.0,0.0,0,0.00,0.00,0.00,0.23,0,0,0,0,50,5938,292,1296,1004,3
Christie,MID,Bournemouth,75,27,17,1,False,2026-09-05T11:30:00Z,2,2,3,1,0,0,0,0,0,0,0,0,0,0,0,3,0.0,0.0,0.0,0.0,0,0.00,0.00,0.00,0.00,0,0,0,0,50,2833,522,1038,516,3
Tóth.A,MID,Bournemouth,76,27,17,0,False,2026-09-05T11:30:00Z,2,2,3,0,0,0,0,0,0,0,0,0,0,0,0,0,0.0,0.0,0.0,0.0,0,0.00,0.00,0.00,0.00,0,0,0,0,50,1563,-108,123,231,3
Adli,MID,Bournemouth,77,27,17,0,False,2026-09-05T11:30:00Z,2,2,3,0,0,0,0,0,0,0,0,0,0,0,0,0,0.0,0.0,0.0,0.0,0,0.00,0.00,0.00,0.00,0,0,0,0,49,1803,-491,136,627,3
Kroupi.Jr,MID,Bournemouth,78,27,17,0,False,2026-09-05T11:30:00Z,2,2,3,0,0,0,0,0,0,0,0,0,0,0,0,0,0.0,0.0,0.0,0.0,0,0.00,0.00,0.00,0.00,0,0,0,0,74,23655,-7714,246,7960,3
Evanilson,FWD,Bournemouth,79,27,17,2,False,2026-09-05T11:30:00Z,2,2,3,90,0,0,0,2,0,0,0,0,0,0,0,4,3.2,5.1,21.0,2.9,1,0.13,0.01,0.14,0.71,4,3,0,7,60,336364,26119,69571,43452,3
Enes Ünal,FWD,Bournemouth,80,27,17,0,False,2026-09-05T11:30:00Z,2,2,3,0,0,0,0,0,0,0,0,0,0,0,0,0,0.0,0.0,0.0,0.0,0,0.00,0.00,0.00,0.00,0,0,0,0,55,1977,-522,0,522,3
Rodríguez,FWD,Bournemouth,81,27,17,0,False,2026-09-05T11:30:00Z,2,2,3,0,0,0,0,0,0,0,0,0,0,0,0,0,0.0,0.0,0.0,0.0,0,0.00,0.00,0.00,0.00,0,0,0,0,60,12281,-398,1521,1919,3
N.Gonzalez,MID,Newcastle,405,27,3,2,True,2026-09-05T11:30:00Z,2,2,3,76,0,0,0,2,0,0,0,0,0,0,0,11,6.2,12.4,2.0,2.1,1,0.00,0.01,0.01,1.33,1,6,0,7,55,26047,7163,10136,2973,3
Pope,GK,Newcastle,442,27,3,0,True,2026-09-05T11:30:00Z,2,2,3,0,0,0,0,0,0,0,0,0,0,0,0,0,0.0,0.0,0.0,0.0,0,0.00,0.00,0.00,0.00,0,0,0,0,50,115196,-14257,4952,19209,3
Gillespie,GK,Newcastle,443,27,3,0,True,2026-09-05T11:30:00Z,2,2,3,0,0,0,0,0,0,0,0,0,0,0,0,0,0.0,0.0,0.0,0.0,0,0.00,0.00,0.00,0.00,0,0,0,0,45,3576,-143,239,382,3
Jaouen,GK,Newcastle,444,27,3,0,True,2026-09-05T11:30:00Z,2,2,3,0,0,0,0,0,0,0,0,0,0,0,0,0,0.0,0.0,0.0,0.0,0,0.00,0.00,0.00,0.00,0,0,0,0,45,2647,-279,182,461,3
Thiaw,DEF,Newcastle,445,27,3,-1,True,2026-09-05T11:30:00Z,2,2,3,90,0,0,0,2,1,0,0,0,0,0,0,0,7.6,12.3,2.0,2.2,1,0.00,0.05,0.05,1.37,3,3,0,3,50,238054,40274,72237,31963,3
Schär,DEF,Newcastle,446,27,3,0,True,2026-09-05T11:30:00Z,2,2,3,0,0,0,0,0,0,0,0,0,0,0,0,0,0.0,0.0,0.0,0.0,0,0.00,0.00,0.00,0.00,0,0,0,0,50,24845,-2838,2055,4893,3
Botman,DEF,Newcastle,447,27,3,1,True,2026-09-05T11:30:00Z,2,2,3,90,0,0,0,2,0,0,0,0,0,0,0,3,26.0,0.9,4.0,3.1,1,0.00,0.16,0.16,1.37,8,3,1,9,50,69972,8611,15452,6841,3
Burn,DEF,Newcastle,448,27,3,0,True,2026-09-05T11:30:00Z,2,2,3,0,0,0,0,0,0,0,0,0,0,0,0,0,0.0,0.0,0.0,0.0,0,0.00,0.00,0.00,0.00,0,0,0,0,49,114109,-46419,549,46968,3
Hall,DEF,Newcastle,449,27,3,4,True,2026-09-05T11:30:00Z,2,2,3,89,0,1,0,2,0,0,0,0,0,0,0,20,28.0,13.4,3.0,4.4,1,0.01,0.01,0.02,1.35,5,13,1,6,51,1101917,496570,576636,80066,3
Livramento,DEF,Newcastle,450,27,3,1,True,2026-09-05T11:30:00Z,2,2,3,1,0,0,0,0,0,0,0,0,0,0,0,3,0.2,0.0,0.0,0.0,0,0.00,0.00,0.00,0.02,0,0,0,0,49,2841,-745,115,860,3
A.Murphy,DEF,Newcastle,451,27,3,0,True,2026-09-05T11:30:00Z,2,2,3,0,0,0,0,0,0,0,0,0,0,0,0,0,0.0,0.0,0.0,0.0,0,0.00,0.00,0.00,0.00,0,0,0,0,40,7660,-1826,0,1826,3
Barnes,MID,Newcastle,453,27,3,12,True,2026-09-05T11:30:00Z,2,2,3,90,1,1,0,2,0,0,0,0,0,0,2,37,33.0,2.8,23.0,5.9,1,0.11,0.03,0.14,1.37,2,4,0,6,60,122479,2446,25187,22741,3
Elanga,MID,Newcastle,454,27,3,1,True,2026-09-05T11:30:00Z,2,2,3,76,0,0,0,2,0,0,0,1,0,0,0,8,8.4,31.8,4.0,4.4,1,0.00,0.23,0.23,1.33,1,1,2,4,61,1142637,716203,810672,94469,3
J.Ramsey,MID,Newcastle,456,27,3,6,True,2026-09-05T11:30:00Z,2,2,3,27,1,0,0,0,0,0,0,0,0,0,0,22,32.4,0.8,17.0,5.0,0,0.11,0.02,0.13,0.04,0,4,0,4,50,30127,-4753,1799,6552,3
J.Murphy,MID,Newcastle,457,27,3,1,True,2026-09-05T11:30:00Z,2,2,3,13,0,0,0,0,0,0,0,0,0,0,0,5,0.2,0.3,0.0,0.1,0,0.00,0.00,0.00,0.04,0,1,0,1,59,14114,-2357,1115,3472,3
Joelinton,MID,Newcastle,458,27,3,0,True,2026-09-05T11:30:00Z,2,2,3,0,0,0,0,0,0,0,0,0,0,0,0,0,0.0,0.0,0.0,0.0,0,0.00,0.00,0.00,0.00,0,0,0,0,54,2235,-546,86,632,3
L.Miley,MID,Newcastle,459,27,3,2,True,2026-09-05T11:30:00Z,2,2,3,62,0,0,0,2,0,0,0,0,0,0,0,11,3.2,1.1,2.0,0.6,1,0.00,0.02,0.02,1.33,1,3,0,4,55,8538,629,2211,1582,3
Willock,MID,Newcastle,460,27,3,2,True,2026-09-05T11:30:00Z,2,2,3,62,0,0,0,2,0,0,0,0,0,0,0,6,6.0,2.2,11.0,1.9,1,0.36,0.01,0.37,1.33,1,1,1,3,50,45043,14485,22227,7742,3
Touré,MID,Newcastle,461,27,3,0,True,2026-09-05T11:30:00Z,2,2,3,0,0,0,0,0,0,0,0,0,0,0,0,0,0.0,0.0,0.0,0.0,0,0.00,0.00,0.00,0.00,0,0,0,0,59,15932,-5573,657,6230,3
Steur,MID,Newcastle,462,27,3,1,True,2026-09-05T11:30:00Z,2,2,3,13,0,0,0,0,0,0,0,0,0,0,0,3,2.0,0.5,0.0,0.3,0,0.00,0.00,0.00,0.04,1,1,0,2,50,8925,-1763,584,2347,3
Woltemade,FWD,Newcastle,463,27,3,0,True,2026-09-05T11:30:00Z,2,2,3,0,0,0,0,0,0,0,0,0,0,0,0,0,0.0,0.0,0.0,0.0,0,0.00,0.00,0.00,0.00,0,0,0,0,59,103336,-49449,7327,56776,3
Wissa,FWD,Newcastle,464,27,3,1,True,2026-09-05T11:30:00Z,2,2,3,90,0,0,0,2,0,0,0,1,0,0,0,7,0.0,7.3,0.0,0.7,1,0.00,0.03,0.03,1.37,0,3,0,3,61,1697200,1029731,1119139,89408,3
Osula,FWD,Newcastle,465,27,3,0,True,2026-09-05T11:30:00Z,2,2,3,0,0,0,0,0,0,0,0,0,0,0,0,0,0.0,0.0,0.0,0.0,0,0.00,0.00,0.00,0.00,0,0,0,0,59,51608,-37692,557,38249,3
Neave,FWD,Newcastle,466,27,3,0,True,2026-09-05T11:30:00Z,2,2,3,0,0,0,0,0,0,0,0,0,0,0,0,0,0.0,0.0,0.0,0.0,0,0.00,0.00,0.00,0.00,0,0,0,0,45,87795,3928,17327,13399,3
Bamba,MID,Newcastle,559,27,3,0,True,2026-09-05T11:30:00Z,2,2,3,0,0,0,0,0,0,0,0,0,0,0,0,0,0.0,0.0,0.0,0.0,0,0.00,0.00,0.00,0.00,0,0,0,0,50,11930,-1788,834,2622,3
Silva,DEF,Bournemouth,566,27,17,1,False,2026-09-05T11:30:00Z,2,2,3,90,0,0,0,2,0,0,0,0,0,0,0,8,23.8,1.2,17.0,4.2,1,0.02,0.01,0.03,0.71,7,2,1,8,50,43269,3048,9722,6674,3
Horníček,GK,Newcastle,567,27,3,2,True,2026-09-05T11:30:00Z,2,2,3,90,0,0,0,2,0,0,0,0,0,4,0,12,33.4,0.0,0.0,3.3,1,0.00,0.00,0.00,1.37,0,6,0,0,50,125893,39154,58261,19107,3
Sanchez,DEF,Bournemouth,573,27,17,0,False,2026-09-05T11:30:00Z,2,2,3,0,0,0,0,0,0,0,0,0,0,0,0,0,0.0,0.0,0.0,0.0,0,0.00,0.00,0.00,0.00,0,0,0,0,45,19900,-1920,369,2289,3
Dedić,DEF,Newcastle,593,27,3,1,True,2026-09-05T11:30:00Z,2,2,3,90,0,0,0,2,0,0,0,0,0,0,0,3,0.6,6.4,10.0,1.7,1,0.11,0.02,0.13,1.37,1,4,0,1,45,365061,269442,318645,49203,3
Jebbison,FWD,Bournemouth,608,27,17,1,False,2026-09-05T11:30:00Z,2,2,3,1,0,0,0,0,0,0,0,0,0,0,0,4,0.0,0.0,0.0,0.0,0,0.00,0.00,0.00,0.05,0,0,0,0,50,9237,2512,4510,1998,3
Shahar,DEF,Newcastle,609,27,3,0,True,2026-09-05T11:30:00Z,2,2,3,0,0,0,0,0,0,0,0,0,0,0,0,0,0.0,0.0,0.0,0.0,0,0.00,0.00,0.00,0.00,0,0,0,0,40,31239,7555,10871,3316,3
Di Gregorio,GK,Bournemouth,615,27,17,0,False,2026-09-05T11:30:00Z,2,2,3,0,0,0,0,0,0,0,0,0,0,0,0,0,0.0,0.0,0.0,0.0,0,0.00,0.00,0.00,0.00,0,0,0,0,45,2932,949,1404,455,3
Fernandez-Pardo,FWD,Newcastle,634,27,3,1,True,2026-09-05T11:30:00Z,2,2,3,27,0,0,0,0,0,0,0,0,0,0,0,4,0.0,0.8,6.0,0.7,0,0.00,0.00,0.00,0.04,0,1,0,1,60,5694,4798,5384,586,3
Van Hecke,DEF,Spurs,112,28,18,8,False,2026-09-05T14:00:00Z,0,0,3,90,0,0,1,0,0,0,0,0,0,0,2,29,16.6,12.8,11.0,4.0,1,0.09,0.01,0.10,0.92,3,4,1,4,49,733037,-198387,21192,219579,3
Tosin,DEF,Spurs,147,28,18,0,False,2026-09-05T14:00:00Z,0,0,3,0,0,0,0,0,0,0,0,0,0,0,0,0,0.0,0.0,0.0,0.0,0,0.00,0.00,0.00,0.00,0,0,0,0,45,17692,-2004,553,2557,3
Delap,FWD,Nott'm Forest,167,28,19,2,True,2026-09-05T14:00:00Z,0,0,3,73,0,0,1,0,0,0,0,0,0,0,0,6,2.4,20.8,5.0,2.8,1,0.06,0.06,0.12,0.89,2,3,0,5,55,83350,24969,36946,11977,3
Muñoz,DEF,Nott'm Forest,201,28,19,1,True,2026-09-05T14:00:00Z,0,0,3,31,0,0,0,0,0,0,0,0,0,0,0,5,2.4,0.8,4.0,0.7,0,0.03,0.00,0.03,0.26,0,0,1,1,54,658550,-158458,23260,181718,3
Marmoush,FWD,Spurs,401,28,18,2,False,2026-09-05T14:00:00Z,0,0,3,83,0,0,1,0,0,0,0,0,0,0,0,6,0.0,2.4,10.0,1.0,1,0.17,0.01,0.18,0.88,0,0,0,0,70,232425,64907,100495,35588,3
Sávio,MID,Spurs,403,28,18,3,False,2026-09-05T14:00:00Z,0,0,3,60,0,0,1,0,0,0,0,0,0,0,0,15,6.2,17.3,15.0,3.9,1,0.02,0.27,0.29,0.49,0,0,0,0,65,68277,-23670,15136,38806,3
Tonali,MID,Spurs,455,28,18,5,False,2026-09-05T14:00:00Z,0,0,3,90,0,0,1,0,0,0,0,0,0,0,0,22,22.8,8.0,0.0,3.1,1,0.00,0.01,0.01,0.92,4,4,4,12,54,288825,-83285,14031,97316,3
Sels,GK,Nott'm Forest,467,28,19,6,True,2026-09-05T14:00:00Z,0,0,3,90,0,0,1,0,0,0,0,0,0,0,0,21,2.4,0.0,0.0,0.2,1,0.00,0.00,0.00,1.06,1,11,0,0,50,143042,-9819,8404,18223,3
John,GK,Nott'm Forest,468,28,19,0,True,2026-09-05T14:00:00Z,0,0,3,0,0,0,0,0,0,0,0,0,0,0,0,0,0.0,0.0,0.0,0.0,0,0.00,0.00,0.00,0.00,0,0,0,0,45,6270,-392,259,651,3
N.Williams,DEF,Nott'm Forest,469,28,19,7,True,2026-09-05T14:00:00Z,0,0,3,90,0,0,1,0,0,0,0,0,0,0,1,28,11.4,10.9,4.0,2.6,1,0.00,0.07,0.07,1.06,3,8,3,6,50,851007,-35180,53518,88698,3
Morato,DEF,Nott'm Forest,470,28,19,0,True,2026-09-05T14:00:00Z,0,0,3,0,0,0,0,0,0,0,0,0,0,0,0,0,0.0,0.0,0.0,0.0,0,0.00,0.00,0.00,0.00,0,0,0,0,50,3599,-1172,194,1366,3
Milenković,DEF,Nott'm Forest,471,28,19,7,True,2026-09-05T14:00:00Z,0,0,3,90,0,0,1,0,0,0,0,1,0,0,0,27,28.6,0.8,2.0,3.1,1,0.00,0.01,0.01,1.06,9,3,2,11,55,168090,-12221,5627,17848,3
Murillo,DEF,Nott'm Forest,472,28,19,8,True,2026-09-05T14:00:00Z,0,0,3,89,0,0,1,0,0,0,0,0,0,0,0,25,17.8,1.2,10.0,2.9,1,0.17,0.00,0.17,1.06,6,4,4,10,55,160118,-10492,9660,20152,3
Aina,DEF,Nott'm Forest,473,28,19,1,True,2026-09-05T14:00:00Z,0,0,3,58,0,0,0,0,0,0,0,0,0,0,0,8,13.0,0.5,0.0,1.4,1,0.00,0.00,0.00,0.81,2,4,5,7,45,313105,-30402,20608,51010,3
Jair Cunha,DEF,Nott'm Forest,474,28,19,8,True,2026-09-05T14:00:00Z,0,0,3,90,0,0,1,0,0,0,0,0,0,0,0,24,20.0,0.7,1.0,2.2,1,0.03,0.01,0.04,1.06,10,2,2,12,45,20256,-1070,924,1994,3
Savona,DEF,Nott'm Forest,475,28,19,0,True,2026-09-05T14:00:00Z,0,0,3,0,0,0,0,0,0,0,0,0,0,0,0,0,0.0,0.0,0.0,0.0,0,0.00,0.00,0.00,0.00,0,0,0,0,45,221,-97,34,131,3
O.Richards,DEF,Nott'm Forest,476,28,19,0,True,2026-09-05T14:00:00Z,0,0,3,0,0,0,0,0,0,0,0,0,0,0,0,0,0.0,0.0,0.0,0.0,0,0.00,0.00,0.00,0.00,0,0,0,0,40,23523,-858,1258,2116,3
Abbott,DEF,Nott'm Forest,477,28,19,0,True,2026-09-05T14:00:00Z,0,0,3,0,0,0,0,0,0,0,0,0,0,0,0,0,0.0,0.0,0.0,0.0,0,0.00,0.00,0.00,0.00,0,0,0,0,40,22912,-2802,1463,4265,3
Netz,DEF,Nott'm Forest,478,28,19,0,True,2026-09-05T14:00:00Z,0,0,3,0,0,0,0,0,0,0,0,0,0,0,0,0,0.0,0.0,0.0,0.0,0,0.00,0.00,0.00,0.00,0,0,0,0,45,3401,-304,168,472,3
Bindon,DEF,Nott'm Forest,479,28,19,0,True,2026-09-05T14:00:00Z,0,0,3,0,0,0,0,0,0,0,0,0,0,0,0,0,0.0,0.0,0.0,0.0,0,0.00,0.00,0.00,0.00,0,0,0,0,40,15742,-2507,434,2941,3
Gibbs-White,MID,Nott'm Forest,480,28,19,3,True,2026-09-05T14:00:00Z,0,0,3,90,0,0,1,0,0,0,0,0,0,0,0,3,5.6,3.0,13.0,2.2,1,0.48,0.01,0.49,1.06,0,5,2,7,79,1065969,102526,215196,112670,3
Hudson-Odoi,MID,Nott'm Forest,482,28,19,0,True,2026-09-05T14:00:00Z,0,0,3,0,0,0,0,0,0,0,0,0,0,0,0,0,0.0,0.0,0.0,0.0,0,0.00,0.00,0.00,0.00,0,0,0,0,59,19189,-3315,1609,4924,3
Ndoye,MID,Nott'm Forest,483,28,19,1,True,2026-09-05T14:00:00Z,0,0,3,58,0,0,0,0,0,0,0,0,0,0,0,5,0.4,0.3,0.0,0.1,1,0.00,0.00,0.00,0.81,0,4,1,5,55,73790,22451,33732,11281,3
Hutchinson,MID,Nott'm Forest,484,28,19,0,True,2026-09-05T14:00:00Z,0,0,3,0,0,0,0,0,0,0,0,0,0,0,0,0,0.0,0.0,0.0,0.0,0,0.00,0.00,0.00,0.00,0,0,0,0,54,11458,-4400,213,4613,3
Bakwa,MID,Nott'm Forest,485,28,19,0,True,2026-09-05T14:00:00Z,0,0,3,0,0,0,0,0,0,0,0,0,0,0,0,0,0.0,0.0,0.0,0.0,0,0.00,0.00,0.00,0.00,0,0,0,0,55,761,-532,0,532,3
McAtee,MID,Nott'm Forest,486,28,19,2,True,2026-09-05T14:00:00Z,0,0,3,90,0,0,1,0,0,0,0,1,0,0,0,22,14.2,59.5,10.0,8.4,1,0.13,0.22,0.35,1.06,0,4,3,7,55,8416,1865,3393,1528,3
Dominguez,MID,Nott'm Forest,487,28,19,0,True,2026-09-05T14:00:00Z,0,0,3,0,0,0,0,0,0,0,0,0,0,0,0,0,0.0,0.0,0.0,0.0,0,0.00,0.00,0.00,0.00,0,0,0,0,50,7052,-788,358,1146,3
I.Sangaré,MID,Nott'm Forest,488,28,19,0,True,2026-09-05T14:00:00Z,0,0,3,0,0,0,0,0,0,0,0,0,0,0,0,0,0.0,0.0,0.0,0.0,0,0.00,0.00,0.00,0.00,0,0,0,0,49,60777,-26662,1817,28479,3
Yates,MID,Nott'm Forest,489,28,19,0,True,2026-09-05T14:00:00Z,0,0,3,0,0,0,0,0,0,0,0,0,0,0,0,0,0.0,0.0,0.0,0.0,0,0.00,0.00,0.00,0.00,0,0,0,0,45,152628,-864,17319,18183,3
Wood,FWD,Nott'm Forest,490,28,19,1,True,2026-09-05T14:00:00Z,0,0,3,16,0,0,0,0,0,0,0,0,0,0,0,3,0.2,0.1,0.0,0.0,0,0.00,0.00,0.00,0.18,0,0,0,0,59,121647,-35128,7780,42908,3
Igor Jesus,FWD,Nott'm Forest,491,28,19,1,True,2026-09-05T14:00:00Z,0,0,3,31,0,0,0,0,0,0,0,0,0,0,0,3,1.2,0.4,0.0,0.2,0,0.00,0.00,0.00,0.26,0,0,1,1,59,307784,-56312,25411,81723,3
Kalimuendo,FWD,Nott'm Forest,493,28,19,0,True,2026-09-05T14:00:00Z,0,0,3,0,0,0,0,0,0,0,0,0,0,0,0,0,0.0,0.0,0.0,0.0,0,0.00,0.00,0.00,0.00,0,0,0,0,54,5117,-411,838,1249,3
Vicario,GK,Spurs,494,28,18,0,False,2026-09-05T14:00:00Z,0,0,3,0,0,0,0,0,0,0,0,0,0,0,0,0,0.0,0.0,0.0,0.0,0,0.00,0.00,0.00,0.00,0,0,0,0,45,18205,-5759,0,5759,3
Austin,GK,Spurs,495,28,18,0,False,2026-09-05T14:00:00Z,0,0,3,0,0,0,0,0,0,0,0,0,0,0,0,0,0.0,0.0,0.0,0.0,0,0.00,0.00,0.00,0.00,0,0,0,0,40,104639,3899,9717,5818,3
Kinsky,GK,Spurs,496,28,18,6,False,2026-09-05T14:00:00Z,0,0,3,90,0,0,1,0,0,0,0,0,0,1,0,24,10.4,10.0,0.0,2.0,1,0.00,0.00,0.00,0.92,2,8,0,0,45,1949396,-225719,46420,272139,3
Dubravka,GK,Spurs,497,28,18,0,False,2026-09-05T14:00:00Z,0,0,3,0,0,0,0,0,0,0,0,0,0,0,0,0,0.0,0.0,0.0,0.0,0,0.00,0.00,0.00,0.00,0,0,0,0,40,1908726,12181,131012,118831,3
Senesi,DEF,Spurs,498,28,18,0,False,2026-09-05T14:00:00Z,0,0,3,0,0,0,0,0,0,0,0,0,0,0,0,0,0.0,0.0,0.0,0.0,0,0.00,0.00,0.00,0.00,0,0,0,0,59,558130,-185202,5382,190584,3
Pedro Porro,DEF,Spurs,499,28,18,7,False,2026-09-05T14:00:00Z,0,0,3,90,0,0,1,0,0,0,0,0,0,0,1,28,13.2,35.8,6.0,5.5,1,0.03,0.06,0.09,0.92,3,3,1,4,55,1176909,-179795,48390,228185,3
Romero,DEF,Spurs,500,28,18,0,False,2026-09-05T14:00:00Z,0,0,3,0,0,0,0,0,0,0,0,0,0,0,0,0,0.0,0.0,0.0,0.0,0,0.00,0.00,0.00,0.00,0,0,0,0,50,11327,-3763,0,3763,3
Robertson,DEF,Spurs,502,28,18,1,False,2026-09-05T14:00:00Z,0,0,3,29,0,0,0,0,0,0,0,0,0,0,0,3,6.0,0.3,0.0,0.6,0,0.00,0.00,0.00,0.43,1,1,0,1,45,328965,-47646,13705,61351,3
Van de Ven,DEF,Spurs,503,28,18,9,False,2026-09-05T14:00:00Z,0,0,3,90,0,0,1,0,0,0,0,0,0,0,3,30,21.4,1.2,14.0,3.7,1,0.57,0.00,0.57,0.92,6,4,3,9,50,380320,-61459,16557,78016,3
Spence,DEF,Spurs,505,28,18,0,False,2026-09-05T14:00:00Z,0,0,3,0,0,0,0,0,0,0,0,0,0,0,0,0,0.0,0.0,0.0,0.0,0,0.00,0.00,0.00,0.00,0,0,0,0,45,33138,-14294,0,14294,3
Udogie,DEF,Spurs,506,28,18,5,False,2026-09-05T14:00:00Z,0,0,3,60,0,0,1,0,0,0,0,1,0,0,0,16,4.6,1.3,2.0,0.8,1,0.00,0.02,0.02,0.49,3,1,0,3,45,43060,-5660,1127,6787,3
Phillips,DEF,Spurs,507,28,18,0,False,2026-09-05T14:00:00Z,0,0,3,0,0,0,0,0,0,0,0,0,0,0,0,0,0.0,0.0,0.0,0.0,0,0.00,0.00,0.00,0.00,0,0,0,0,45,1605,-312,0,312,3
Davies,DEF,Spurs,508,28,18,0,False,2026-09-05T14:00:00Z,0,0,3,0,0,0,0,0,0,0,0,0,0,0,0,0,0.0,0.0,0.0,0.0,0,0.00,0.00,0.00,0.00,0,0,0,0,40,98874,-7462,4305,11767,3
Byfield,DEF,Spurs,509,28,18,0,False,2026-09-05T14:00:00Z,0,0,3,0,0,0,0,0,0,0,0,0,0,0,0,0,0.0,0.0,0.0,0.0,0,0.00,0.00,0.00,0.00,0,0,0,0,40,6404,71,719,648,3
Rowswell,DEF,Spurs,510,28,18,0,False,2026-09-05T14:00:00Z,0,0,3,0,0,0,0,0,0,0,0,0,0,0,0,0,0.0,0.0,0.0,0.0,0,0.00,0.00,0.00,0.00,0,0,0,0,40,9320,-25,898,923,3
Souza,DEF,Spurs,511,28,18,0,False,2026-09-05T14:00:00Z,0,0,3,0,0,0,0,0,0,0,0,0,0,0,0,0,0.0,0.0,0.0,0.0,0,0.00,0.00,0.00,0.00,0,0,0,0,40,25220,-4780,1362,6142,3
Kudus,MID,Spurs,512,28,18,1,False,2026-09-05T14:00:00Z,0,0,3,29,0,0,0,0,0,0,0,0,0,0,0,13,5.2,15.1,2.0,2.2,0,0.00,0.16,0.16,0.43,0,3,0,3,65,12485,2526,4599,2073,3
Xavi,MID,Spurs,513,28,18,0,False,2026-09-05T14:00:00Z,0,0,3,0,0,0,0,0,0,0,0,0,0,0,0,0,0.0,0.0,0.0,0.0,0,0.00,0.00,0.00,0.00,0,0,0,0,60,1296,-291,78,369,3
Tel,MID,Spurs,514,28,18,3,False,2026-09-05T14:00:00Z,0,0,3,73,0,0,1,0,0,0,0,0,0,0,0,11,6.8,20.2,20.0,4.7,1,0.00,0.05,0.05,0.76,0,2,0,2,59,30912,-17708,2049,19757,3
Maddison,MID,Spurs,515,28,18,0,False,2026-09-05T14:00:00Z,0,0,3,0,0,0,0,0,0,0,0,0,0,0,0,0,0.0,0.0,0.0,0.0,0,0.00,0.00,0.00,0.00,0,0,0,0,64,57231,-38883,175,39058,3
Bentancur,MID,Spurs,516,28,18,5,False,2026-09-05T14:00:00Z,0,0,3,90,0,0,1,0,0,0,0,0,0,0,0,14,18.4,3.3,6.0,2.8,1,0.02,0.01,0.03,0.92,11,5,1,17,55,17786,-1789,831,2620,3
Odobert,MID,Spurs,517,28,18,0,False,2026-09-05T14:00:00Z,0,0,3,0,0,0,0,0,0,0,0,0,0,0,0,0,0.0,0.0,0.0,0.0,0,0.00,0.00,0.00,0.00,0,0,0,0,55,117,-11,27,38,3
P.M.Sarr,MID,Spurs,518,28,18,0,False,2026-09-05T14:00:00Z,0,0,3,0,0,0,0,0,0,0,0,0,0,0,0,0,0.0,0.0,0.0,0.0,0,0.00,0.00,0.00,0.00,0,0,0,0,49,14992,-1782,4025,5807,3
Gallagher,MID,Spurs,519,28,18,3,False,2026-09-05T14:00:00Z,0,0,3,83,0,0,1,0,0,0,0,0,0,0,0,23,10.2,4.4,2.0,1.7,1,0.00,0.06,0.06,0.88,1,6,4,11,54,22380,-5563,1024,6587,3
Bergvall,MID,Spurs,520,28,18,0,False,2026-09-05T14:00:00Z,0,0,3,0,0,0,0,0,0,0,0,0,0,0,0,0,0.0,0.0,0.0,0.0,0,0.00,0.00,0.00,0.00,0,0,0,0,54,17646,-3012,482,3494,3
Kulusevski,MID,Spurs,521,28,18,0,False,2026-09-05T14:00:00Z,0,0,3,0,0,0,0,0,0,0,0,0,0,0,0,0,0.0,0.0,0.0,0.0,0,0.00,0.00,0.00,0.00,0,0,0,0,65,912,-90,87,177,3
Gray,MID,Spurs,522,28,18,0,False,2026-09-05T14:00:00Z,0,0,3,0,0,0,0,0,0,0,0,0,0,0,0,0,0.0,0.0,0.0,0.0,0,0.00,0.00,0.00,0.00,0,0,0,0,50,21616,-1885,2161,4046,3
Moore,MID,Spurs,523,28,18,0,False,2026-09-05T14:00:00Z,0,0,3,0,0,0,0,0,0,0,0,0,0,0,0,0,0.0,0.0,0.0,0.0,0,0.00,0.00,0.00,0.00,0,0,0,0,50,13268,-5650,839,6489,3
Olusesi,MID,Spurs,524,28,18,0,False,2026-09-05T14:00:00Z,0,0,3,0,0,0,0,0,0,0,0,0,0,0,0,0,0.0,0.0,0.0,0.0,0,0.00,0.00,0.00,0.00,0,0,0,0,45,72776,-7853,1613,9466,3
Fernandes,MID,Spurs,525,28,18,0,False,2026-09-05T14:00:00Z,0,0,3,7,0,0,0,0,0,0,0,1,0,0,0,-1,0.0,0.4,0.0,0.0,0,0.00,0.00,0.00,0.04,0,0,0,0,59,123903,-38063,4942,43005,3
Solanke,FWD,Spurs,526,28,18,1,False,2026-09-05T14:00:00Z,0,0,3,6,0,0,0,0,0,0,0,0,0,0,0,-1,0.0,0.3,4.0,0.4,0,0.17,0.00,0.17,0.04,1,0,0,1,59,106592,-27806,7532,35338,3
Richarlison,FWD,Spurs,527,28,18,0,False,2026-09-05T14:00:00Z,0,0,3,0,0,0,0,0,0,0,0,0,0,0,0,0,0.0,0.0,0.0,0.0,0,0.00,0.00,0.00,0.00,0,0,0,0,59,153916,-117513,6716,124229,3
Scarlett,FWD,Spurs,528,28,18,0,False,2026-09-05T14:00:00Z,0,0,3,0,0,0,0,0,0,0,0,0,0,0,0,0,0.0,0.0,0.0,0.0,0,0.00,0.00,0.00,0.00,0,0,0,0,45,178567,-5408,29341,34749,3
Schlager,MID,Nott'm Forest,558,28,19,3,True,2026-09-05T14:00:00Z,0,0,3,90,0,0,1,0,0,0,0,0,0,0,0,18,11.2,2.3,1.0,1.5,1,0.03,0.06,0.09,1.06,3,3,4,10,50,10377,99,1419,1320,3
Mudryk,MID,Spurs,578,28,18,1,False,2026-09-05T14:00:00Z,0,0,3,16,0,0,0,0,0,0,0,0,0,0,0,3,0.0,0.1,2.0,0.1,0,0.00,0.00,0.00,0.16,0,0,0,0,54,7171,1892,3534,1642,3
Diomande,DEF,Nott'm Forest,581,28,19,1,True,2026-09-05T14:00:00Z,0,0,3,1,0,0,0,0,0,0,0,0,0,0,0,3,0.0,0.0,0.0,0.0,0,0.00,0.00,0.00,0.00,0,0,0,0,54,61213,-12790,3142,15932,3
Benda,GK,Nott'm Forest,590,28,19,0,True,2026-09-05T14:00:00Z,0,0,3,0,0,0,0,0,0,0,0,0,0,0,0,0,0.0,0.0,0.0,0.0,0,0.00,0.00,0.00,0.00,0,0,0,0,45,7389,79,950,871,3
Williams-Barnett,MID,Spurs,601,28,18,0,False,2026-09-05T14:00:00Z,0,0,3,0,0,0,0,0,0,0,0,0,0,0,0,0,0.0,0.0,0.0,0.0,0,0.00,0.00,0.00,0.00,0,0,0,0,45,13933,2301,4467,2166,3
Raya,GK,Arsenal,1,29,6,3,True,2026-09-06T15:30:00Z,2,1,3,90,0,0,0,1,0,0,0,0,0,4,0,15,28.8,0.0,0.0,2.9,1,0.00,0.01,0.01,0.39,2,11,0,0,60,3887669,-23780,204948,228728,3
Arrizabalaga,GK,Arsenal,2,29,6,0,True,2026-09-06T15:30:00Z,2,1,3,0,0,0,0,0,0,0,0,0,0,0,0,0,0.0,0.0,0.0,0.0,0,0.00,0.00,0.00,0.00,0,0,0,0,50,8025,-615,599,1214,3
Meslier,GK,Arsenal,3,29,6,0,True,2026-09-06T15:30:00Z,2,1,3,0,0,0,0,0,0,0,0,0,0,0,0,0,0.0,0.0,0.0,0.0,0,0.00,0.00,0.00,0.00,0,0,0,0,50,3143,-287,172,459,3
Gabriel,DEF,Arsenal,4,29,6,2,True,2026-09-06T15:30:00Z,2,1,3,90,0,0,0,1,0,0,0,0,0,0,0,10,23.6,2.4,76.0,10.2,1,0.31,0.02,0.33,0.39,7,4,0,7,80,2590027,-298759,46883,345642,3
J.Timber,DEF,Arsenal,5,29,6,0,True,2026-09-06T15:30:00Z,2,1,3,0,0,0,0,0,0,0,0,0,0,0,0,0,0.0,0.0,0.0,0.0,0,0.00,0.00,0.00,0.00,0,0,0,0,65,8594,-1892,549,2441,3
Saliba,DEF,Arsenal,6,29,6,0,True,2026-09-06T15:30:00Z,2,1,3,0,0,0,0,0,0,0,0,0,0,0,0,0,0.0,0.0,0.0,0.0,0,0.00,0.00,0.00,0.00,0,0,0,0,60,23846,-4380,1102,5482,3
Lewis-Skelly,MID,Arsenal,7,29,6,2,True,2026-09-06T15:30:00Z,2,1,3,66,0,0,0,1,0,0,0,0,0,0,0,5,0.0,12.7,4.0,1.0,1,0.03,0.10,0.13,0.26,0,2,0,2,55,71335,-4641,8849,13490,3
Calafiori,DEF,Arsenal,8,29,6,2,True,2026-09-06T15:30:00Z,2,1,3,66,0,0,0,1,0,0,0,0,0,0,0,0,4.4,3.2,26.0,3.4,1,0.39,0.03,0.42,0.26,0,1,1,1,57,4639050,396923,515479,118556,3
Hincapie,DEF,Arsenal,9,29,6,1,True,2026-09-06T15:30:00Z,2,1,3,23,0,0,0,0,0,0,0,0,0,0,0,3,6.0,0.5,2.0,0.9,0,0.00,0.00,0.00,0.13,2,0,1,3,54,119369,-31216,4425,35641,3
White,DEF,Arsenal,10,29,6,2,True,2026-09-06T15:30:00Z,2,1,3,90,0,0,0,1,0,0,0,0,0,0,0,11,15.8,5.1,10.0,3.1,1,0.00,0.03,0.03,0.39,4,4,2,6,55,745511,45919,163295,117376,3
Mosquera,DEF,Arsenal,11,29,6,0,True,2026-09-06T15:30:00Z,2,1,3,0,0,0,0,0,0,0,0,0,0,0,0,0,0.0,0.0,0.0,0.0,0,0.00,0.00,0.00,0.00,0,0,0,0,55,438589,-114822,13546,128368,3
Saka,MID,Arsenal,12,29,6,2,True,2026-09-06T15:30:00Z,2,1,3,89,0,0,0,1,0,0,0,0,0,0,0,13,10.6,27.8,70.0,10.8,1,0.23,0.23,0.46,0.39,1,2,1,4,95,1160318,55091,156377,101286,3
Rice,MID,Arsenal,13,29,6,5,True,2026-09-06T15:30:00Z,2,1,3,90,0,1,0,1,0,0,0,0,0,0,0,22,33.8,19.9,2.0,5.6,1,0.03,0.08,0.11,0.39,5,1,0,6,75,1465517,-227106,21785,248891,3
Eze,MID,Arsenal,14,29,6,0,True,2026-09-06T15:30:00Z,2,1,3,0,0,0,0,0,0,0,0,0,0,0,0,0,0.0,0.0,0.0,0.0,0,0.00,0.00,0.00,0.00,0,0,0,0,64,146059,-32301,8271,40572,3
Ødegaard,MID,Arsenal,15,29,6,10,True,2026-09-06T15:30:00Z,2,1,3,76,1,0,0,1,0,0,0,0,0,0,3,47,45.0,54.2,30.0,12.9,1,0.72,0.88,1.60,0.27,0,3,0,3,66,1130521,-52949,119653,172602,3
Madueke,MID,Arsenal,16,29,6,1,True,2026-09-06T15:30:00Z,2,1,3,1,0,0,0,0,0,0,0,0,0,0,0,3,2.2,0.8,0.0,0.3,0,0.00,0.01,0.01,0.00,0,0,1,1,63,24885,-6797,1276,8073,3
Merino,MID,Arsenal,17,29,6,0,True,2026-09-06T15:30:00Z,2,1,3,13,0,0,0,0,0,0,0,1,0,0,0,0,0.0,1.1,0.0,0.1,0,0.00,0.00,0.00,0.11,0,0,0,0,59,51449,-10808,3061,13869,3
Martinelli,MID,Arsenal,18,29,6,0,True,2026-09-06T15:30:00Z,2,1,3,0,0,0,0,0,0,0,0,0,0,0,0,0,0.0,0.0,0.0,0.0,0,0.00,0.00,0.00,0.00,0,0,0,0,63,15232,-5441,1165,6606,3
Zubimendi,MID,Arsenal,19,29,6,1,True,2026-09-06T15:30:00Z,2,1,3,23,0,0,0,0,0,0,0,0,0,0,0,1,1.4,0.8,11.0,1.3,0,0.08,0.02,0.10,0.13,4,0,0,4,54,80922,-16532,3485,20017,3
Dowman,MID,Arsenal,20,29,6,0,True,2026-09-06T15:30:00Z,2,1,3,0,0,0,0,0,0,0,0,0,0,0,0,0,0.0,0.0,0.0,0.0,0,0.00,0.00,0.00,0.00,0,0,0,0,54,7381,-1389,608,1997,3
Nwaneri,MID,Arsenal,22,29,6,0,True,2026-09-06T15:30:00Z,2,1,3,0,0,0,0,0,0,0,0,0,0,0,0,0,0.0,0.0,0.0,0.0,0,0.00,0.00,0.00,0.00,0,0,0,0,54,1107,-270,157,427,3
Fábio Vieira,MID,Arsenal,23,29,6,0,True,2026-09-06T15:30:00Z,2,1,3,0,0,0,0,0,0,0,0,0,0,0,0,0,0.0,0.0,0.0,0.0,0,0.00,0.00,0.00,0.00,0,0,0,0,55,972,-136,175,311,3
Nelson,MID,Arsenal,24,29,6,0,True,2026-09-06T15:30:00Z,2,1,3,0,0,0,0,0,0,0,0,0,0,0,0,0,0.0,0.0,0.0,0.0,0,0.00,0.00,0.00,0.00,0,0,0,0,55,662,-299,4,303,3
Gyökeres,FWD,Arsenal,25,29,6,1,True,2026-09-06T15:30:00Z,2,1,3,12,0,0,0,0,0,0,0,0,0,0,0,2,0.0,0.1,0.0,0.0,0,0.00,0.00,0.00,0.11,0,1,0,1,73,466852,-192830,8161,200991,3
Havertz,FWD,Arsenal,26,29,6,8,True,2026-09-06T15:30:00Z,2,1,3,77,1,0,0,1,0,0,0,0,0,0,2,38,43.0,37.0,57.0,13.7,1,0.27,0.27,0.54,0.27,1,0,0,1,75,686572,-68870,72519,141389,3
G.Jesus,FWD,Arsenal,27,29,6,0,True,2026-09-06T15:30:00Z,2,1,3,0,0,0,0,0,0,0,0,0,0,0,0,0,0.0,0.0,0.0,0.0,0,0.00,0.00,0.00,0.00,0,0,0,0,59,26101,-8859,2250,11109,3
Martinez,GK,Chelsea,28,29,1,3,False,2026-09-06T15:30:00Z,2,1,3,90,0,0,0,2,0,0,0,0,0,8,0,26,63.2,0.0,0.0,6.3,1,0.00,0.00,0.00,2.05,0,8,0,0,50,459337,13115,68378,55263,3
Konsa,DEF,Arsenal,31,29,6,4,True,2026-09-06T15:30:00Z,2,1,3,90,0,0,0,1,0,0,0,0,0,0,0,15,19.4,1.4,4.0,2.5,1,0.00,0.01,0.01,0.39,7,5,3,10,44,1139279,71726,270872,199146,3
Rogers,MID,Chelsea,40,29,1,6,False,2026-09-06T15:30:00Z,2,1,3,86,1,0,0,2,0,0,0,1,0,0,0,22,30.2,13.6,16.0,6.0,1,0.08,0.03,0.11,2.05,0,5,0,5,75,2472597,-110434,211550,321984,3
Henderson,MID,Chelsea,101,29,1,0,False,2026-09-06T15:30:00Z,2,1,3,0,0,0,0,0,0,0,0,0,0,0,0,0,0.0,0.0,0.0,0.0,0,0.00,0.00,0.00,0.00,0,0,0,0,50,3322,-557,209,766,3
Welbeck,FWD,Chelsea,136,29,1,1,False,2026-09-06T15:30:00Z,2,1,3,3,0,0,0,0,0,0,0,0,0,0,0,3,0.0,0.3,2.0,0.2,0,0.00,0.00,0.00,0.00,0,0,0,0,59,84671,-16503,7873,24376,3
Sánchez,GK,Chelsea,140,29,1,0,False,2026-09-06T15:30:00Z,2,1,3,0,0,0,0,0,0,0,0,0,0,0,0,0,0.0,0.0,0.0,0.0,0,0.00,0.00,0.00,0.00,0,0,0,0,49,130954,-82439,1923,84362,3
Jörgensen,GK,Chelsea,141,29,1,0,False,2026-09-06T15:30:00Z,2,1,3,0,0,0,0,0,0,0,0,0,0,0,0,0,0.0,0.0,0.0,0.0,0,0.00,0.00,0.00,0.00,0,0,0,0,50,1022,-270,0,270,3
James,DEF,Chelsea,142,29,1,1,False,2026-09-06T15:30:00Z,2,1,3,90,0,0,0,2,0,0,0,0,0,0,0,9,12.6,15.0,13.0,4.1,1,0.07,0.05,0.12,2.05,3,6,0,3,55,810910,-184123,27039,211162,3
Chalobah,DEF,Chelsea,143,29,1,0,False,2026-09-06T15:30:00Z,2,1,3,0,0,0,0,0,0,0,0,0,0,0,0,0,0.0,0.0,0.0,0.0,0,0.00,0.00,0.00,0.00,0,0,0,0,55,9527,-3529,0,3529,3
Gusto,DEF,Chelsea,144,29,1,1,False,2026-09-06T15:30:00Z,2,1,3,30,0,0,0,0,0,0,0,0,0,0,0,4,3.0,3.4,1.0,0.7,0,0.04,0.01,0.05,0.14,0,2,2,2,50,116347,-11595,9926,21521,3
Fofana,DEF,Chelsea,145,29,1,3,False,2026-09-06T15:30:00Z,2,1,3,90,0,0,0,2,0,0,0,0,0,0,0,16,39.8,22.8,0.0,6.3,1,0.00,0.04,0.04,2.05,14,3,3,17,50,7346,1351,2579,1228,3
B.Badiashile,DEF,Chelsea,146,29,1,0,False,2026-09-06T15:30:00Z,2,1,3,0,0,0,0,0,0,0,0,0,0,0,0,0,0.0,0.0,0.0,0.0,0,0.00,0.00,0.00,0.00,0,0,0,0,45,1405,-719,0,719,3
Hato,DEF,Chelsea,148,29,1,3,False,2026-09-06T15:30:00Z,2,1,3,59,0,1,0,2,0,0,0,0,0,0,0,5,34.8,11.2,2.0,4.8,1,0.00,0.02,0.02,1.91,4,2,2,6,45,65104,12089,22516,10427,3
Colwill,DEF,Chelsea,149,29,1,0,False,2026-09-06T15:30:00Z,2,1,3,0,0,0,0,0,0,0,0,0,0,0,0,0,0.0,0.0,0.0,0.0,0,0.00,0.00,0.00,0.00,0,0,0,0,50,124492,-25878,7720,33598,3
M.Sarr,DEF,Chelsea,150,29,1,0,False,2026-09-06T15:30:00Z,2,1,3,0,0,0,0,0,0,0,0,0,0,0,0,0,0.0,0.0,0.0,0.0,0,0.00,0.00,0.00,0.00,0,0,0,0,45,4381,-3325,24,3349,3
Acheampong,DEF,Chelsea,151,29,1,1,False,2026-09-06T15:30:00Z,2,1,3,90,0,0,0,2,0,0,0,0,0,0,0,-3,2.2,1.8,4.0,0.8,1,0.00,0.01,0.01,2.05,1,1,0,1,45,38207,-1989,4792,6781,3
Palestra,DEF,Chelsea,152,29,1,0,False,2026-09-06T15:30:00Z,2,1,3,0,0,0,0,0,0,0,0,0,0,0,0,0,0.0,0.0,0.0,0.0,0,0.00,0.00,0.00,0.00,0,0,0,0,54,121873,-79182,821,80003,3
Palmer,MID,Chelsea,154,29,1,1,False,2026-09-06T15:30:00Z,2,1,3,90,0,0,0,2,0,0,0,1,0,0,0,11,7.0,15.8,32.0,5.5,1,0.11,0.04,0.15,2.05,0,3,0,3,96,1912956,195102,387902,192800,3
Neto,MID,Chelsea,156,29,1,2,False,2026-09-06T15:30:00Z,2,1,3,80,0,0,0,2,0,0,0,0,0,0,0,10,6.2,23.8,14.0,4.4,1,0.03,0.03,0.06,2.05,2,4,1,7,65,130367,2299,21878,19579,3
Estêvão,MID,Chelsea,157,29,1,1,False,2026-09-06T15:30:00Z,2,1,3,9,0,0,0,0,0,0,0,0,0,0,0,5,3.2,0.4,17.0,2.1,0,0.04,0.00,0.04,0.00,0,0,0,0,64,84845,-31266,3486,34752,3
Gittens,MID,Chelsea,158,29,1,0,False,2026-09-06T15:30:00Z,2,1,3,0,0,0,0,0,0,0,0,0,0,0,0,0,0.0,0.0,0.0,0.0,0,0.00,0.00,0.00,0.00,0,0,0,0,59,2954,-715,260,975,3
Caicedo,MID,Chelsea,159,29,1,0,False,2026-09-06T15:30:00Z,2,1,3,0,0,0,0,0,0,0,0,0,0,0,0,0,0.0,0.0,0.0,0.0,0,0.00,0.00,0.00,0.00,0,0,0,0,54,192746,-88920,3231,92151,3
Lavia,MID,Chelsea,161,29,1,1,False,2026-09-06T15:30:00Z,2,1,3,59,0,0,0,2,0,0,0,0,0,0,0,7,5.8,1.5,0.0,0.7,1,0.00,0.01,0.01,1.91,2,3,1,6,50,20847,9966,13724,3758,3
D.Essugo,MID,Chelsea,163,29,1,0,False,2026-09-06T15:30:00Z,2,1,3,0,0,0,0,0,0,0,0,0,0,0,0,0,0.0,0.0,0.0,0.0,0,0.00,0.00,0.00,0.00,0,0,0,0,45,16417,-3147,1446,4593,3
Quenda,MID,Chelsea,164,29,1,0,False,2026-09-06T15:30:00Z,2,1,3,0,0,0,0,0,0,0,0,0,0,0,0,0,0.0,0.0,0.0,0.0,0,0.00,0.00,0.00,0.00,0,0,0,0,54,3704,-904,292,1196,3
João Pedro,FWD,Chelsea,165,29,1,1,False,2026-09-06T15:30:00Z,2,1,3,90,0,0,0,2,0,0,0,1,0,0,0,8,0.0,28.8,9.0,3.7,1,0.02,0.05,0.07,2.05,0,1,0,1,77,7177659,255757,446528,190771,3
Marc Guiu,FWD,Chelsea,168,29,1,0,False,2026-09-06T15:30:00Z,2,1,3,0,0,0,0,0,0,0,0,0,0,0,0,0,0.0,0.0,0.0,0.0,0,0.00,0.00,0.00,0.00,0,0,0,0,50,33721,-10863,1924,12787,3
Mheuka,FWD,Chelsea,169,29,1,0,False,2026-09-06T15:30:00Z,2,1,3,0,0,0,0,0,0,0,0,0,0,0,0,0,0.0,0.0,0.0,0.0,0,0.00,0.00,0.00,0.00,0,0,0,0,45,43546,2681,8439,5758,3
Emegha,FWD,Chelsea,170,29,1,0,False,2026-09-06T15:30:00Z,2,1,3,0,0,0,0,0,0,0,0,0,0,0,0,0,0.0,0.0,0.0,0.0,0,0.00,0.00,0.00,0.00,0,0,0,0,50,15735,-539,2709,3248,3
Lacroix,DEF,Chelsea,200,29,1,2,False,2026-09-06T15:30:00Z,2,1,3,90,0,0,0,2,0,0,0,1,0,0,0,3,26.0,1.3,2.0,2.9,1,0.00,0.01,0.01,2.05,9,2,2,11,60,839049,-117331,32879,150210,3
Bruno G.,MID,Arsenal,452,29,6,0,True,2026-09-06T15:30:00Z,2,1,3,0,0,0,0,0,0,0,0,0,0,0,0,0,0.0,0.0,0.0,0.0,0,0.00,0.00,0.00,0.00,0,0,0,0,68,212586,-57236,5546,62782,3
Tzolis,MID,Arsenal,557,29,6,5,True,2026-09-06T15:30:00Z,2,1,3,90,0,1,0,1,0,0,0,1,0,0,1,31,30.6,50.0,4.0,8.5,1,0.00,0.20,0.20,0.39,2,5,1,8,65,1889271,-601940,91384,693324,3
Penders,GK,Chelsea,560,29,1,0,False,2026-09-06T15:30:00Z,2,1,3,0,0,0,0,0,0,0,0,0,0,0,0,0,0.0,0.0,0.0,0.0,0,0.00,0.00,0.00,0.00,0,0,0,0,45,6809,-769,363,1132,3
Anselmino,DEF,Chelsea,561,29,1,0,False,2026-09-06T15:30:00Z,2,1,3,0,0,0,0,0,0,0,0,0,0,0,0,0,0.0,0.0,0.0,0.0,0,0.00,0.00,0.00,0.00,0,0,0,0,45,1971,-49,225,274,3
Barco,MID,Chelsea,568,29,1,0,False,2026-09-06T15:30:00Z,2,1,3,0,0,0,0,0,0,0,0,0,0,0,0,0,0.0,0.0,0.0,0.0,0,0.00,0.00,0.00,0.00,0,0,0,0,55,13655,-1018,1055,2073,3
Chavarria,DEF,Chelsea,583,29,1,1,False,2026-09-06T15:30:00Z,2,1,3,30,0,0,0,0,0,0,0,0,0,0,0,2,2.4,2.0,4.0,0.8,0,0.00,0.00,0.00,0.14,1,1,1,2,50,17402,-3413,664,4077,3
Nørgaard,MID,Everton,21,30,16,0,True,2026-09-06T13:00:00Z,2,2,3,0,0,0,0,0,0,0,0,0,0,0,0,0,0.0,0.0,0.0,0.0,0,0.00,0.00,0.00,0.00,0,0,0,0,49,6444,-1962,209,2171,3
Tielemans,MID,Man Utd,43,30,9,2,False,2026-09-06T13:00:00Z,2,2,3,90,0,0,0,2,0,0,0,0,0,0,0,17,18.6,18.9,9.0,4.7,1,0.05,0.06,0.11,1.01,2,5,0,7,59,201931,-38742,12766,51508,3
Baleba,MID,Man Utd,131,30,9,0,False,2026-09-06T13:00:00Z,2,2,3,0,0,0,0,0,0,0,0,0,0,0,0,0,0.0,0.0,0.0,0.0,0,0.00,0.00,0.00,0.00,0,0,0,0,50,14956,-3278,1696,4974,3
Andrey Santos,MID,Man Utd,162,30,9,1,False,2026-09-06T13:00:00Z,2,2,3,6,0,0,0,1,0,0,0,0,0,0,0,4,7.2,0.6,6.0,1.4,0,0.00,0.01,0.01,0.09,4,0,0,4,49,83163,-16957,7346,24303,3
Johnson,MID,Everton,209,30,16,1,True,2026-09-06T13:00:00Z,2,2,3,65,0,0,0,1,0,0,0,1,0,0,0,3,6.6,22.9,9.0,3.9,1,0.05,0.04,0.09,0.37,3,4,1,8,59,13119,-2691,786,3477,3
Pickford,GK,Everton,226,30,16,1,True,2026-09-06T13:00:00Z,2,2,3,90,0,0,0,2,0,0,0,0,0,1,0,6,9.2,0.0,0.0,0.9,1,0.00,0.00,0.00,0.69,0,12,0,0,55,890933,-25446,56478,81924,3
Travers,GK,Everton,227,30,16,0,True,2026-09-06T13:00:00Z,2,2,3,0,0,0,0,0,0,0,0,0,0,0,0,0,0.0,0.0,0.0,0.0,0,0.00,0.00,0.00,0.00,0,0,0,0,50,3563,-276,282,558,3
King,GK,Everton,228,30,16,0,True,2026-09-06T13:00:00Z,2,2,3,0,0,0,0,0,0,0,0,0,0,0,0,0,0.0,0.0,0.0,0.0,0,0.00,0.00,0.00,0.00,0,0,0,0,45,4408,-211,303,514,3
Tarkowski,DEF,Everton,229,30,16,3,True,2026-09-06T13:00:00Z,2,2,3,90,0,0,0,2,0,0,0,0,0,0,0,11,24.4,1.0,6.0,3.1,1,0.02,0.01,0.03,0.69,9,3,3,12,60,1115834,126081,211638,85557,3
Branthwaite,DEF,Everton,230,30,16,3,True,2026-09-06T13:00:00Z,2,2,3,90,0,0,0,2,0,0,0,0,0,0,0,10,41.6,0.6,34.0,7.6,1,0.08,0.00,0.08,0.69,10,4,1,11,55,182675,-5884,15501,21385,3
Keane,DEF,Everton,231,30,16,0,True,2026-09-06T13:00:00Z,2,2,3,0,0,0,0,0,0,0,0,0,0,0,0,0,0.0,0.0,0.0,0.0,0,0.00,0.00,0.00,0.00,0,0,0,0,49,105416,-30710,2294,33004,3
O'Brien,DEF,Everton,232,30,16,0,True,2026-09-06T13:00:00Z,2,2,3,0,0,0,0,0,0,0,0,0,0,0,0,0,0.0,0.0,0.0,0.0,0,0.00,0.00,0.00,0.00,0,0,0,0,49,35192,-7511,929,8440,3
Mykolenko,DEF,Everton,233,30,16,1,True,2026-09-06T13:00:00Z,2,2,3,90,0,0,0,2,0,0,0,0,0,0,0,8,12.8,2.5,0.0,1.5,1,0.00,0.01,0.01,0.69,3,4,3,6,45,178705,13864,40120,26256,3
Patterson,DEF,Everton,234,30,16,0,True,2026-09-06T13:00:00Z,2,2,3,0,0,0,0,0,0,0,0,0,0,0,0,0,0.0,0.0,0.0,0.0,0,0.00,0.00,0.00,0.00,0,0,0,0,45,2692,-715,164,879,3
Aznou,DEF,Everton,235,30,16,0,True,2026-09-06T13:00:00Z,2,2,3,0,0,0,0,0,0,0,0,0,0,0,0,0,0.0,0.0,0.0,0.0,0,0.00,0.00,0.00,0.00,0,0,0,0,40,14764,-3462,719,4181,3
Dewsbury-Hall,MID,Everton,236,30,16,2,True,2026-09-06T13:00:00Z,2,2,3,90,0,0,0,2,0,0,0,0,0,0,0,20,24.0,30.0,33.0,8.7,1,0.27,0.07,0.34,0.69,2,5,4,11,65,440536,-32072,60861,92933,3
Grealish,MID,Everton,238,30,16,1,True,2026-09-06T13:00:00Z,2,2,3,24,0,0,0,1,0,0,0,0,0,0,0,8,6.0,12.3,10.0,2.8,0,0.02,0.13,0.15,0.31,0,0,1,1,65,28839,3989,9521,5532,3
Garner,MID,Everton,239,30,16,2,True,2026-09-06T13:00:00Z,2,2,3,76,0,0,0,1,0,0,0,0,0,0,0,19,9.6,31.1,0.0,4.1,1,0.00,0.08,0.08,0.40,2,5,1,8,60,14095,-336,2988,3324,3
George,MID,Everton,242,30,16,10,True,2026-09-06T13:00:00Z,2,2,3,90,1,0,0,2,0,0,0,0,0,0,3,35,44.2,34.4,25.0,10.4,1,0.04,0.07,0.11,0.69,1,3,0,4,55,25310,-3040,1760,4800,3
Alcaraz,MID,Everton,243,30,16,0,True,2026-09-06T13:00:00Z,2,2,3,0,0,0,0,0,0,0,0,0,0,0,0,0,0.0,0.0,0.0,0.0,0,0.00,0.00,0.00,0.00,0,0,0,0,50,8638,-1124,815,1939,3
Armstrong,MID,Everton,244,30,16,1,True,2026-09-06T13:00:00Z,2,2,3,90,0,0,0,2,0,0,0,1,0,0,0,5,5.2,6.7,9.0,2.1,1,0.09,0.03,0.12,0.69,3,1,1,5,50,41659,12190,21368,9178,3
Dibling,MID,Everton,245,30,16,0,True,2026-09-06T13:00:00Z,2,2,3,0,0,0,0,0,0,0,0,0,0,0,0,0,0.0,0.0,0.0,0.0,0,0.00,0.00,0.00,0.00,0,0,0,0,54,3219,-512,356,868,3
Röhl,MID,Everton,246,30,16,1,True,2026-09-06T13:00:00Z,2,2,3,74,0,0,0,1,0,0,0,1,0,0,0,10,4.4,16.8,0.0,2.1,1,0.00,0.13,0.13,0.40,2,4,0,6,50,5345,-587,580,1167,3
Hackney,MID,Everton,247,30,16,4,True,2026-09-06T13:00:00Z,2,2,3,15,0,1,0,1,0,0,0,0,0,0,0,14,20.6,25.5,10.0,5.6,0,0.04,0.09,0.13,0.29,0,0,1,1,55,21598,-3215,499,3714,3
Beto,FWD,Everton,248,30,16,0,True,2026-09-06T13:00:00Z,2,2,3,0,0,0,0,0,0,0,0,0,0,0,0,0,0.0,0.0,0.0,0.0,0,0.00,0.00,0.00,0.00,0,0,0,0,54,153951,-73618,8513,82131,3
Barry,FWD,Everton,249,30,16,2,True,2026-09-06T13:00:00Z,2,2,3,90,0,0,0,2,0,0,0,0,0,0,0,7,0.2,15.0,24.0,3.9,1,0.38,0.02,0.40,0.69,0,4,0,4,55,501671,104566,195909,91343,3
Darlow,GK,Man Utd,325,30,9,0,False,2026-09-06T13:00:00Z,2,2,3,0,0,0,0,0,0,0,0,0,0,0,0,0,0.0,0.0,0.0,0.0,0,0.00,0.00,0.00,0.00,0,0,0,0,45,4184,-122,340,462,3
Lammens,GK,Man Utd,412,30,9,2,False,2026-09-06T13:00:00Z,2,2,3,90,0,0,0,2,0,0,0,0,0,4,0,13,31.8,0.0,0.0,3.2,1,0.00,0.00,0.00,1.01,1,14,0,0,50,1379189,-158382,32200,190582,3
Bayindir,GK,Man Utd,413,30,9,0,False,2026-09-06T13:00:00Z,2,2,3,0,0,0,0,0,0,0,0,0,0,0,0,0,0.0,0.0,0.0,0.0,0,0.00,0.00,0.00,0.00,0,0,0,0,45,1465,-292,0,292,3
Heaton,GK,Man Utd,414,30,9,0,False,2026-09-06T13:00:00Z,2,2,3,0,0,0,0,0,0,0,0,0,0,0,0,0,0.0,0.0,0.0,0.0,0,0.00,0.00,0.00,0.00,0,0,0,0,40,8868,-342,634,976,3
Dorgu,MID,Man Utd,415,30,9,1,False,2026-09-06T13:00:00Z,2,2,3,20,0,0,0,2,0,0,0,0,0,0,0,3,4.2,1.3,2.0,0.8,0,0.00,0.01,0.01,0.36,1,1,1,3,59,75573,-33546,3139,36685,3
De Ligt,DEF,Man Utd,416,30,9,0,False,2026-09-06T13:00:00Z,2,2,3,0,0,0,0,0,0,0,0,0,0,0,0,0,0.0,0.0,0.0,0.0,0,0.00,0.00,0.00,0.00,0,0,0,0,50,2390,-367,96,463,3
Dalot,DEF,Man Utd,417,30,9,1,False,2026-09-06T13:00:00Z,2,2,3,83,0,0,0,1,0,0,0,1,0,0,0,8,4.8,22.7,6.0,3.4,1,0.01,0.01,0.02,0.92,2,3,2,4,50,219064,-29674,9011,38685,3
Maguire,DEF,Man Utd,418,30,9,2,False,2026-09-06T13:00:00Z,2,2,3,90,0,0,0,2,0,0,0,1,0,0,0,1,26.8,1.3,2.0,3.0,1,0.00,0.01,0.01,1.01,12,2,0,12,50,1407635,-240933,49780,290713,3
Martinez,DEF,Man Utd,419,30,9,3,False,2026-09-06T13:00:00Z,2,2,3,90,0,0,0,2,0,0,0,0,0,0,0,7,29.0,0.3,0.0,2.9,1,0.00,0.00,0.00,1.01,10,2,0,10,50,128156,-9944,8174,18118,3
Yoro,DEF,Man Utd,420,30,9,1,False,2026-09-06T13:00:00Z,2,2,3,6,0,0,0,1,0,0,0,0,0,0,0,1,6.0,0.6,2.0,0.9,0,0.00,0.01,0.01,0.09,1,0,2,3,49,56599,-9461,1735,11196,3
Heaven,DEF,Man Utd,421,30,9,0,False,2026-09-06T13:00:00Z,2,2,3,0,0,0,0,0,0,0,0,0,0,0,0,0,0.0,0.0,0.0,0.0,0,0.00,0.00,0.00,0.00,0,0,0,0,45,34853,-7661,1300,8961,3
Mazraoui,DEF,Man Utd,422,30,9,1,False,2026-09-06T13:00:00Z,2,2,3,1,0,0,0,1,0,0,0,0,0,0,0,-1,2.2,0.5,2.0,0.5,0,0.00,0.01,0.01,0.07,0,0,1,1,45,64636,-9779,3244,13023,3
Shaw,DEF,Man Utd,423,30,9,4,False,2026-09-06T13:00:00Z,2,2,3,90,0,1,0,1,0,0,0,1,0,0,0,22,42.4,24.8,3.0,7.0,1,0.02,0.23,0.25,0.94,7,1,1,8,45,1575355,-303431,30459,333890,3
Amass,DEF,Man Utd,424,30,9,0,False,2026-09-06T13:00:00Z,2,2,3,0,0,0,0,0,0,0,0,0,0,0,0,0,0.0,0.0,0.0,0.0,0,0.00,0.00,0.00,0.00,0,0,0,0,40,21308,-414,1942,2356,3
Fredricson,DEF,Man Utd,425,30,9,0,False,2026-09-06T13:00:00Z,2,2,3,0,0,0,0,0,0,0,0,0,0,0,0,0,0.0,0.0,0.0,0.0,0,0.00,0.00,0.00,0.00,0,0,0,0,40,1561,-329,0,329,3
B.Fernandes,MID,Man Utd,426,30,9,2,False,2026-09-06T13:00:00Z,2,2,3,90,0,0,0,2,0,0,0,0,0,0,0,11,3.4,33.6,14.0,5.1,1,0.15,0.06,0.21,1.01,0,2,0,2,120,5025755,36750,371832,335082,3
Mbeumo,MID,Man Utd,427,30,9,8,False,2026-09-06T13:00:00Z,2,2,3,90,1,0,0,2,0,0,0,0,0,0,1,29,39.8,13.7,18.0,7.2,1,0.05,0.03,0.08,1.01,4,4,0,8,80,2705759,-752284,92628,844912,3
Cunha,MID,Man Utd,428,30,9,3,False,2026-09-06T13:00:00Z,2,2,3,69,0,0,1,0,0,0,0,0,0,0,0,10,2.8,6.2,10.0,1.9,1,0.12,0.05,0.17,0.65,0,1,2,3,80,802045,-134183,23584,157767,3
Rashford,MID,Man Utd,429,30,9,3,False,2026-09-06T13:00:00Z,2,2,3,69,0,0,1,0,0,0,0,0,0,0,0,11,3.8,12.5,8.0,2.4,1,0.00,0.06,0.06,0.65,0,4,0,4,70,166436,-15044,22811,37855,3
Mount,MID,Man Utd,430,30,9,0,False,2026-09-06T13:00:00Z,2,2,3,0,0,0,0,0,0,0,0,0,0,0,0,0,0.0,0.0,0.0,0.0,0,0.00,0.00,0.00,0.00,0,0,0,0,54,2327,-530,60,590,3
Amad,MID,Man Utd,431,30,9,0,False,2026-09-06T13:00:00Z,2,2,3,0,0,0,0,0,0,0,0,0,0,0,0,0,0.0,0.0,0.0,0.0,0,0.00,0.00,0.00,0.00,0,0,0,0,58,50069,-42560,243,42803,3
Mainoo,MID,Man Utd,432,30,9,9,False,2026-09-06T13:00:00Z,2,2,3,83,0,1,0,1,0,0,0,0,0,0,2,32,34.2,24.5,0.0,5.9,1,0.00,0.07,0.07,0.92,3,10,2,15,55,117218,6351,19482,13131,3
Ugarte,MID,Man Utd,433,30,9,0,False,2026-09-06T13:00:00Z,2,2,3,0,0,0,0,0,0,0,0,0,0,0,0,0,0.0,0.0,0.0,0.0,0,0.00,0.00,0.00,0.00,0,0,0,0,50,371,-37,32,69,3
J.Fletcher,MID,Man Utd,434,30,9,0,False,2026-09-06T13:00:00Z,2,2,3,0,0,0,0,0,0,0,0,0,0,0,0,0,0.0,0.0,0.0,0.0,0,0.00,0.00,0.00,0.00,0,0,0,0,50,1121,-102,84,186,3
Lacey,MID,Man Utd,435,30,9,0,False,2026-09-06T13:00:00Z,2,2,3,0,0,0,0,0,0,0,0,0,0,0,0,0,0.0,0.0,0.0,0.0,0,0.00,0.00,0.00,0.00,0,0,0,0,50,5286,-740,298,1038,3
Collyer,MID,Man Utd,436,30,9,0,False,2026-09-06T13:00:00Z,2,2,3,0,0,0,0,0,0,0,0,0,0,0,0,0,0.0,0.0,0.0,0.0,0,0.00,0.00,0.00,0.00,0,0,0,0,50,1461,-291,90,381,3
Bendito Mantato,MID,Man Utd,437,30,9,0,False,2026-09-06T13:00:00Z,2,2,3,0,0,0,0,0,0,0,0,0,0,0,0,0,0.0,0.0,0.0,0.0,0,0.00,0.00,0.00,0.00,0,0,0,0,45,18885,-934,1762,2696,3
Fletcher,MID,Man Utd,438,30,9,0,False,2026-09-06T13:00:00Z,2,2,3,0,0,0,0,0,0,0,0,0,0,0,0,0,0.0,0.0,0.0,0.0,0,0.00,0.00,0.00,0.00,0,0,0,0,45,32226,-2436,1884,4320,3
Šeško,FWD,Man Utd,439,30,9,5,False,2026-09-06T13:00:00Z,2,2,3,20,1,0,0,2,0,0,0,0,0,0,0,28,31.2,0.2,21.0,5.2,0,0.29,0.00,0.29,0.36,0,0,0,0,70,161952,-32919,15581,48500,3
Zirkzee,FWD,Man Utd,440,30,9,0,False,2026-09-06T13:00:00Z,2,2,3,0,0,0,0,0,0,0,0,0,0,0,0,0,0.0,0.0,0.0,0.0,0,0.00,0.00,0.00,0.00,0,0,0,0,54,47734,-7291,5615,12906,3
Obi,FWD,Man Utd,441,30,9,0,False,2026-09-06T13:00:00Z,2,2,3,0,0,0,0,0,0,0,0,0,0,0,0,0,0.0,0.0,0.0,0.0,0,0.00,0.00,0.00,0.00,0,0,0,0,45,125871,3280,19118,15838,3
Maitland-Niles,DEF,Everton,649,30,16,7,True,2026-09-06T13:00:00Z,2,2,3,13,1,0,0,1,0,0,0,0,0,0,0,13,33.4,0.8,7.0,4.1,0,0.03,0.00,0.03,0.29,0,0,0,0,45,569,431,559,128,3
Graham,MID,Everton,654,30,16,0,True,2026-09-06T13:00:00Z,2,2,3,0,0,0,0,0,0,0,0,0,0,0,0,0,0.0,0.0,0.0,0.0,0,0.00,0.00,0.00,0.00,0,0,0,0,45,0,0,0,0,3
M.Bizot,GK,Aston Villa,29,31,18,0,True,2026-09-12T14:00:00Z,1,2,4,0,0,0,0,0,0,0,0,0,0,0,0,0,0.0,0.0,0.0,0.0,0,0.00,0.00,0.00,0.00,0,0,0,0,45,14214,-601,1027,1628,4
Digne,DEF,Aston Villa,30,31,18,0,True,2026-09-12T14:00:00Z,1,2,4,0,0,0,0,0,0,0,0,0,0,0,0,0,0.0,0.0,0.0,0.0,0,0.00,0.00,0.00,0.00,0,0,0,0,45,5846,-932,0,932,4
Cash,DEF,Aston Villa,32,31,18,0,True,2026-09-12T14:00:00Z,1,2,4,0,0,0,0,0,0,0,0,0,0,0,0,0,0.0,0.0,0.0,0.0,0,0.00,0.00,0.00,0.00,0,0,0,0,45,641566,-80882,18781,99663,4
Mings,DEF,Aston Villa,33,31,18,0,True,2026-09-12T14:00:00Z,1,2,4,65,0,0,0,2,0,0,0,1,0,0,0,0,15.6,0.6,4.0,2.0,0,0.09,0.00,0.09,2.08,4,2,1,5,45,43024,2788,5312,2524,4
Pau,DEF,Aston Villa,34,31,18,1,True,2026-09-12T14:00:00Z,1,2,4,24,0,0,0,0,0,0,0,0,0,0,0,4,0.2,0.4,2.0,0.3,1,0.00,0.00,0.00,0.20,0,0,0,0,45,43964,-1717,3870,5587,4
Bogarde,MID,Aston Villa,35,31,18,0,True,2026-09-12T14:00:00Z,1,2,4,0,0,0,0,0,0,0,0,0,0,0,0,0,0.0,0.0,0.0,0.0,0,0.00,0.00,0.00,0.00,0,0,0,0,50,7155,-440,686,1126,4
Maatsen,DEF,Aston Villa,36,31,18,1,True,2026-09-12T14:00:00Z,1,2,4,90,0,0,0,2,0,0,0,0,0,0,0,7,10.2,3.4,24.0,3.8,1,0.18,0.03,0.21,1.66,3,6,1,4,45,92419,10444,17456,7012,4
Lindelöf,DEF,Aston Villa,37,31,18,1,True,2026-09-12T14:00:00Z,1,2,4,90,0,0,0,2,0,0,0,0,0,0,0,2,16.4,1.1,35.0,5.3,1,0.44,0.01,0.45,2.28,2,0,0,2,45,33974,3012,5112,2100,4
A.García,DEF,Aston Villa,38,31,18,0,True,2026-09-12T14:00:00Z,1,2,4,0,0,0,0,0,0,0,0,0,0,0,0,0,0.0,0.0,0.0,0.0,0,0.00,0.00,0.00,0.00,0,0,0,0,40,183834,-4343,12784,17127,4
Nedeljkovic,DEF,Aston Villa,39,31,18,0,True,2026-09-12T14:00:00Z,1,2,4,0,0,0,0,0,0,0,0,0,0,0,0,0,0.0,0.0,0.0,0.0,0,0.00,0.00,0.00,0.00,0,0,0,0,40,15637,-2186,0,2186,4
Buendía,MID,Aston Villa,41,31,18,2,True,2026-09-12T14:00:00Z,1,2,4,62,0,0,0,1,0,0,0,0,0,0,0,8,0.0,3.9,0.0,0.1,1,0.00,0.01,0.01,1.42,0,5,0,5,59,111856,-5900,15961,21861,4
Bailey,MID,Aston Villa,44,31,18,0,True,2026-09-12T14:00:00Z,1,2,4,0,0,0,0,0,0,0,0,0,0,0,0,0,0.0,0.0,0.0,0.0,0,0.00,0.00,0.00,0.00,0,0,0,0,54,7592,-4702,0,4702,4
McGinn,MID,Aston Villa,45,31,18,6,True,2026-09-12T14:00:00Z,1,2,4,90,0,1,0,2,0,0,0,0,0,0,1,30,26.4,31.4,0.0,5.8,1,0.00,0.11,0.11,2.28,2,6,1,9,54,243800,-12721,20520,33241,4
Barkley,MID,Aston Villa,46,31,18,2,True,2026-09-12T14:00:00Z,1,2,4,62,0,0,0,1,0,0,0,0,0,0,0,14,6.0,2.7,7.0,1.6,1,0.03,0.01,0.04,1.42,0,3,4,7,50,29642,1496,5244,3748,4
Kamara,MID,Aston Villa,47,31,18,2,True,2026-09-12T14:00:00Z,1,2,4,90,0,0,0,2,0,0,0,0,0,0,0,17,11.6,12.4,2.0,2.6,1,0.00,0.05,0.05,2.28,1,1,3,5,50,34935,-1023,3671,4694,4
Onana,MID,Aston Villa,48,31,18,0,True,2026-09-12T14:00:00Z,1,2,4,0,0,0,0,0,0,0,0,0,0,0,0,0,0.0,0.0,0.0,0.0,0,0.00,0.00,0.00,0.00,0,0,0,0,50,1757,-160,108,268,4
Iling Jr,MID,Aston Villa,49,31,18,0,True,2026-09-12T14:00:00Z,1,2,4,0,0,0,0,0,0,0,0,0,0,0,0,0,0.0,0.0,0.0,0.0,0,0.00,0.00,0.00,0.00,0,0,0,0,50,188,-22,0,22,4
Burrowes,MID,Aston Villa,50,31,18,0,True,2026-09-12T14:00:00Z,1,2,4,0,0,0,0,0,0,0,0,0,0,0,0,0,0.0,0.0,0.0,0.0,0,0.00,0.00,0.00,0.00,0,0,0,0,45,71444,-1967,6646,8613,4
George Hemmings,MID,Aston Villa,51,31,18,1,True,2026-09-12T14:00:00Z,1,2,4,45,0,0,0,0,0,0,0,0,0,0,0,3,2.0,11.5,2.0,1.6,1,0.00,0.01,0.01,0.39,1,0,0,1,45,147009,30719,53459,22740,4
Alysson,MID,Aston Villa,52,31,18,6,True,2026-09-12T14:00:00Z,1,2,4,45,1,0,0,2,0,0,0,0,0,0,0,24,34.4,2.3,23.0,6.0,0,0.06,0.00,0.06,1.89,1,1,0,2,50,4724,-205,508,713,4
Manzambi,MID,Aston Villa,53,31,18,1,True,2026-09-12T14:00:00Z,1,2,4,27,0,0,0,1,0,0,0,0,0,0,0,3,2.6,4.0,0.0,0.7,0,0.00,0.08,0.08,0.86,0,1,1,2,59,13307,-1220,570,1790,4
Gomes,MID,Aston Villa,54,31,18,0,True,2026-09-12T14:00:00Z,1,2,4,0,0,0,0,0,0,0,0,0,0,0,0,0,0.0,0.0,0.0,0.0,0,0.00,0.00,0.00,0.00,0,0,0,0,55,3819,-383,131,514,4
Watkins,FWD,Aston Villa,55,31,18,0,True,2026-09-12T14:00:00Z,1,2,4,0,0,0,0,0,0,0,0,0,0,0,0,0,0.0,0.0,0.0,0.0,0,0.00,0.00,0.00,0.00,0,0,0,0,78,317753,-126292,0,126292,4
Abraham,FWD,Aston Villa,56,31,18,1,True,2026-09-12T14:00:00Z,1,2,4,45,0,0,0,2,0,0,0,0,0,0,0,4,1.2,1.5,2.0,0.5,0,0.00,0.00,0.00,1.89,0,1,0,1,55,17325,1369,4186,2817,4
Garnacho,MID,Aston Villa,160,31,18,0,True,2026-09-12T14:00:00Z,1,2,4,0,0,0,0,0,0,0,0,0,0,0,0,0,0.0,0.0,0.0,0.0,0,0.00,0.00,0.00,0.00,0,0,0,0,59,40475,-7225,1531,8756,4
N.Jackson,FWD,Aston Villa,166,31,18,0,True,2026-09-12T14:00:00Z,1,2,4,45,0,0,0,0,0,0,0,1,0,0,0,0,0.0,2.0,2.0,0.2,1,0.00,0.04,0.04,0.39,0,0,0,0,65,143354,28857,47223,18366,4
Delap,FWD,Nott'm Forest,167,31,2,5,False,2026-09-12T14:00:00Z,1,2,4,90,1,0,0,1,0,0,0,1,0,0,0,25,28.6,12.6,38.0,7.9,1,0.63,0.08,0.71,0.73,1,2,1,4,55,93051,7672,20097,12425,4
Muñoz,DEF,Nott'm Forest,201,31,2,2,False,2026-09-12T14:00:00Z,1,2,4,90,0,0,0,1,0,0,0,0,0,0,0,23,31.6,55.9,39.0,12.7,1,0.22,0.18,0.40,0.82,3,4,4,7,54,588016,-83474,11222,94696,4
Sels,GK,Nott'm Forest,467,31,2,3,False,2026-09-12T14:00:00Z,1,2,4,90,0,0,0,1,0,0,0,0,0,5,0,19,35.0,0.0,0.0,3.5,1,0.00,0.00,0.00,0.82,2,11,0,0,50,147158,2211,15113,12902,4
John,GK,Nott'm Forest,468,31,2,0,False,2026-09-12T14:00:00Z,1,2,4,0,0,0,0,0,0,0,0,0,0,0,0,0,0.0,0.0,0.0,0.0,0,0.00,0.00,0.00,0.00,0,0,0,0,45,6251,-238,173,411,4
N.Williams,DEF,Nott'm Forest,469,31,2,2,False,2026-09-12T14:00:00Z,1,2,4,90,0,0,0,1,0,0,0,0,0,0,0,9,8.8,19.9,10.0,3.9,1,0.20,0.16,0.36,0.82,2,1,1,3,50,864022,7392,91886,84494,4
Morato,DEF,Nott'm Forest,470,31,2,0,False,2026-09-12T14:00:00Z,1,2,4,0,0,0,0,0,0,0,0,0,0,0,0,0,0.0,0.0,0.0,0.0,0,0.00,0.00,0.00,0.00,0,0,0,0,50,2529,-1122,0,1122,4
Milenković,DEF,Nott'm Forest,471,31,2,0,False,2026-09-12T14:00:00Z,1,2,4,0,0,0,0,0,0,0,0,0,0,0,0,0,0.0,0.0,0.0,0.0,0,0.00,0.00,0.00,0.00,0,0,0,0,55,171183,-346,9458,9804,4
Murillo,DEF,Nott'm Forest,472,31,2,6,False,2026-09-12T14:00:00Z,1,2,4,90,0,1,0,1,0,0,0,1,0,0,0,18,33.0,10.9,0.0,4.4,1,0.00,0.01,0.01,0.82,10,6,2,12,55,172739,5868,15727,9859,4
Aina,DEF,Nott'm Forest,473,31,2,2,False,2026-09-12T14:00:00Z,1,2,4,90,0,0,0,1,0,0,0,0,0,0,0,11,17.4,1.7,0.0,1.9,1,0.00,0.01,0.01,0.82,5,2,3,8,45,273323,-43006,8317,51323,4
Jair Cunha,DEF,Nott'm Forest,474,31,2,0,False,2026-09-12T14:00:00Z,1,2,4,0,0,0,0,0,0,0,0,0,0,0,0,0,0.0,0.0,0.0,0.0,0,0.00,0.00,0.00,0.00,0,0,0,0,45,24942,3885,8098,4213,4
Savona,DEF,Nott'm Forest,475,31,2,0,False,2026-09-12T14:00:00Z,1,2,4,0,0,0,0,0,0,0,0,0,0,0,0,0,0.0,0.0,0.0,0.0,0,0.00,0.00,0.00,0.00,0,0,0,0,45,263,16,56,40,4
O.Richards,DEF,Nott'm Forest,476,31,2,0,False,2026-09-12T14:00:00Z,1,2,4,0,0,0,0,0,0,0,0,0,0,0,0,0,0.0,0.0,0.0,0.0,0,0.00,0.00,0.00,0.00,0,0,0,0,40,23161,-831,925,1756,4
Abbott,DEF,Nott'm Forest,477,31,2,0,False,2026-09-12T14:00:00Z,1,2,4,0,0,0,0,0,0,0,0,0,0,0,0,0,0.0,0.0,0.0,0.0,0,0.00,0.00,0.00,0.00,0,0,0,0,40,18185,-4322,0,4322,4
Netz,DEF,Nott'm Forest,478,31,2,0,False,2026-09-12T14:00:00Z,1,2,4,0,0,0,0,0,0,0,0,0,0,0,0,0,0.0,0.0,0.0,0.0,0,0.00,0.00,0.00,0.00,0,0,0,0,45,3279,-264,104,368,4
Bindon,DEF,Nott'm Forest,479,31,2,0,False,2026-09-12T14:00:00Z,1,2,4,0,0,0,0,0,0,0,0,0,0,0,0,0,0.0,0.0,0.0,0.0,0,0.00,0.00,0.00,0.00,0,0,0,0,40,13436,-2375,0,2375,4
Gibbs-White,MID,Nott'm Forest,480,31,2,8,False,2026-09-12T14:00:00Z,1,2,4,90,0,1,0,1,0,0,0,0,0,0,3,42,39.0,98.5,26.0,16.4,1,0.16,0.91,1.07,0.82,0,3,1,4,79,1011180,26861,175102,148241,4
Hudson-Odoi,MID,Nott'm Forest,482,31,2,0,False,2026-09-12T14:00:00Z,1,2,4,0,0,0,0,0,0,0,0,0,0,0,0,0,0.0,0.0,0.0,0.0,0,0.00,0.00,0.00,0.00,0,0,0,0,59,17097,-2586,774,3360,4
Ndoye,MID,Nott'm Forest,483,31,2,1,False,2026-09-12T14:00:00Z,1,2,4,74,0,0,0,1,0,0,0,1,0,0,0,1,0.0,12.5,38.0,4.7,1,0.70,0.25,0.95,0.73,0,2,0,2,55,67800,-3202,9828,13030,4
Hutchinson,MID,Nott'm Forest,484,31,2,0,False,2026-09-12T14:00:00Z,1,2,4,0,0,0,0,0,0,0,0,0,0,0,0,0,0.0,0.0,0.0,0.0,0,0.00,0.00,0.00,0.00,0,0,0,0,54,8921,-2676,0,2676,4
Bakwa,MID,Nott'm Forest,485,31,2,0,False,2026-09-12T14:00:00Z,1,2,4,0,0,0,0,0,0,0,0,0,0,0,0,0,0.0,0.0,0.0,0.0,0,0.00,0.00,0.00,0.00,0,0,0,0,55,638,-145,0,145,4
McAtee,MID,Nott'm Forest,486,31,2,3,False,2026-09-12T14:00:00Z,1,2,4,81,0,0,0,1,0,0,0,1,0,0,0,18,14.8,27.3,10.0,5.2,1,0.03,0.38,0.41,0.73,4,5,3,12,55,9321,546,1956,1410,4
Dominguez,MID,Nott'm Forest,487,31,2,0,False,2026-09-12T14:00:00Z,1,2,4,0,0,0,0,0,0,0,0,0,0,0,0,0,0.0,0.0,0.0,0.0,0,0.00,0.00,0.00,0.00,0,0,0,0,49,6666,-569,312,881,4
I.Sangaré,MID,Nott'm Forest,488,31,2,1,False,2026-09-12T14:00:00Z,1,2,4,8,0,0,0,0,0,0,0,0,0,0,0,2,2.4,0.4,2.0,0.5,0,0.06,0.01,0.07,0.09,1,0,1,2,49,52561,-9453,2665,12118,4
Yates,MID,Nott'm Forest,489,31,2,0,False,2026-09-12T14:00:00Z,1,2,4,0,0,0,0,0,0,0,0,0,0,0,0,0,0.0,0.0,0.0,0.0,0,0.00,0.00,0.00,0.00,0,0,0,0,45,144588,-8348,7645,15993,4
Wood,FWD,Nott'm Forest,490,31,2,1,False,2026-09-12T14:00:00Z,1,2,4,1,0,0,0,0,0,0,0,0,0,0,0,3,0.0,0.0,0.0,0.0,0,0.00,0.00,0.00,0.09,0,0,0,0,59,108335,-17430,4564,21994,4
Igor Jesus,FWD,Nott'm Forest,491,31,2,7,False,2026-09-12T14:00:00Z,1,2,4,15,1,0,0,0,0,0,0,0,0,0,2,34,36.4,11.0,17.0,6.4,0,0.13,0.01,0.14,0.09,0,3,0,3,59,253573,-61409,12811,74220,4
Kalimuendo,FWD,Nott'm Forest,493,31,2,0,False,2026-09-12T14:00:00Z,1,2,4,0,0,0,0,0,0,0,0,0,0,0,0,0,0.0,0.0,0.0,0.0,0,0.00,0.00,0.00,0.00,0,0,0,0,54,5715,281,1150,869,4
Schlager,MID,Nott'm Forest,558,31,2,3,False,2026-09-12T14:00:00Z,1,2,4,90,0,0,0,1,0,0,0,1,0,0,0,18,21.8,15.2,17.0,5.4,1,0.06,0.02,0.08,0.82,3,7,6,16,50,10277,-224,1040,1264,4
Diomande,DEF,Nott'm Forest,581,31,2,4,False,2026-09-12T14:00:00Z,1,2,4,90,0,0,0,1,0,0,0,0,0,0,0,10,24.6,0.4,11.0,3.6,1,0.11,0.00,0.11,0.82,13,3,1,14,54,56566,-6555,1486,8041,4
Madjo,FWD,Aston Villa,582,31,18,0,True,2026-09-12T14:00:00Z,1,2,4,0,0,0,0,0,0,0,0,0,0,0,0,0,0.0,0.0,0.0,0.0,0,0.00,0.00,0.00,0.00,0,0,0,0,55,26815,-5489,357,5846,4
Benda,GK,Nott'm Forest,590,31,2,0,False,2026-09-12T14:00:00Z,1,2,4,0,0,0,0,0,0,0,0,0,0,0,0,0,0.0,0.0,0.0,0.0,0,0.00,0.00,0.00,0.00,0,0,0,0,45,7551,-80,543,623,4
Ruggeri,DEF,Aston Villa,596,31,18,0,True,2026-09-12T14:00:00Z,1,2,4,0,0,0,0,0,0,0,0,0,0,0,0,0,0.0,0.0,0.0,0.0,0,0.00,0.00,0.00,0.00,0,0,0,0,45,9485,-993,272,1265,4
Suzuki,GK,Aston Villa,597,31,18,2,True,2026-09-12T14:00:00Z,1,2,4,90,0,0,0,2,0,0,0,0,0,5,0,17,38.6,0.0,0.0,3.9,1,0.00,0.01,0.01,2.28,2,9,0,0,50,206678,64651,83655,19004,4
Rowe,DEF,Aston Villa,606,31,18,0,True,2026-09-12T14:00:00Z,1,2,4,0,0,0,0,0,0,0,0,0,0,0,0,0,0.0,0.0,0.0,0.0,0,0.00,0.00,0.00,0.00,0,0,0,0,40,18103,1187,2914,1727,4
Lynch,MID,Aston Villa,607,31,18,0,True,2026-09-12T14:00:00Z,1,2,4,0,0,0,0,0,0,0,0,0,0,0,0,0,0.0,0.0,0.0,0.0,0,0.00,0.00,0.00,0.00,0,0,0,0,45,8828,-2922,0,2922,4
Wan-Bissaka,DEF,Aston Villa,611,31,18,3,True,2026-09-12T14:00:00Z,1,2,4,90,0,0,0,2,0,0,0,0,0,0,0,11,26.0,13.3,0.0,3.9,1,0.00,0.06,0.06,2.28,7,1,5,12,45,19667,1842,4076,2234,4
Goretzka,MID,Aston Villa,618,31,18,0,True,2026-09-12T14:00:00Z,1,2,4,0,0,0,0,0,0,0,0,0,0,0,0,0,0.0,0.0,0.0,0.0,0,0.00,0.00,0.00,0.00,0,0,0,0,60,4178,-1201,901,2102,4
Harwood-Bellis,DEF,Aston Villa,630,31,18,0,True,2026-09-12T14:00:00Z,1,2,4,0,0,0,0,0,0,0,0,0,0,0,0,0,0.0,0.0,0.0,0.0,0,0.00,0.00,0.00,0.00,0,0,0,0,45,1586,388,653,265,4
Mbaye,MID,Aston Villa,631,31,18,1,True,2026-09-12T14:00:00Z,1,2,4,27,0,0,0,1,0,0,0,0,0,0,0,6,9.0,15.2,19.0,4.3,0,0.02,0.13,0.15,0.86,0,1,1,2,60,5917,1207,2787,1580,4
Petrović,GK,Bournemouth,57,32,4,1,True,2026-09-12T14:00:00Z,2,2,4,90,0,0,0,2,0,0,0,0,0,0,0,0,0.0,0.0,0.0,0.0,1,0.00,0.00,0.00,0.50,0,10,0,0,45,346097,-9622,27504,37126,4
Forster,GK,Bournemouth,58,32,4,0,True,2026-09-12T14:00:00Z,2,2,4,0,0,0,0,0,0,0,0,0,0,0,0,0,0.0,0.0,0.0,0.0,0,0.00,0.00,0.00,0.00,0,0,0,0,40,383559,14555,38779,24224,4
Dennis,GK,Bournemouth,59,32,4,0,True,2026-09-12T14:00:00Z,2,2,4,0,0,0,0,0,0,0,0,0,0,0,0,0,0.0,0.0,0.0,0.0,0,0.00,0.00,0.00,0.00,0,0,0,0,40,14269,-1608,0,1608,4
Hill,DEF,Bournemouth,60,32,4,2,True,2026-09-12T14:00:00Z,2,2,4,90,0,0,0,2,0,0,0,1,0,0,0,5,22.0,11.4,0.0,3.3,1,0.00,0.01,0.01,0.50,10,3,1,11,55,89044,-2382,8173,10555,4
Truffert,DEF,Bournemouth,61,32,4,3,True,2026-09-12T14:00:00Z,2,2,4,90,0,0,0,2,0,0,0,0,0,0,0,23,38.6,18.0,28.0,8.5,1,0.08,0.10,0.18,0.50,8,3,8,16,55,362027,-33011,12869,45880,4
Diakité,DEF,Bournemouth,62,32,4,0,True,2026-09-12T14:00:00Z,2,2,4,0,0,0,0,0,0,0,0,0,0,0,0,0,0.0,0.0,0.0,0.0,0,0.00,0.00,0.00,0.00,0,0,0,0,50,18147,-1343,1310,2653,4
Milosavljević,DEF,Bournemouth,63,32,4,0,True,2026-09-12T14:00:00Z,2,2,4,0,0,0,0,0,0,0,0,0,0,0,0,0,0.0,0.0,0.0,0.0,0,0.00,0.00,0.00,0.00,0,0,0,0,50,852,-94,70,164,4
Smith,DEF,Bournemouth,64,32,4,0,True,2026-09-12T14:00:00Z,2,2,4,90,0,0,0,2,0,0,0,1,0,0,0,-1,11.4,2.0,0.0,1.3,1,0.00,0.01,0.01,0.50,5,4,1,6,45,14155,-233,1505,1738,4
J.Araujo,DEF,Bournemouth,65,32,4,0,True,2026-09-12T14:00:00Z,2,2,4,0,0,0,0,0,0,0,0,0,0,0,0,0,0.0,0.0,0.0,0.0,0,0.00,0.00,0.00,0.00,0,0,0,0,44,1303,-117,99,216,4
Soler,DEF,Bournemouth,66,32,4,0,True,2026-09-12T14:00:00Z,2,2,4,0,0,0,0,0,0,0,0,0,0,0,0,0,0.0,0.0,0.0,0.0,0,0.00,0.00,0.00,0.00,0,0,0,0,40,31214,1583,4282,2699,4
Rayan,MID,Bournemouth,67,32,4,2,True,2026-09-12T14:00:00Z,2,2,4,81,0,0,0,2,0,0,0,0,0,0,0,7,5.6,17.8,20.0,4.3,1,0.39,0.02,0.41,0.39,2,0,1,3,64,202880,-33384,8549,41933,4
Tavernier,MID,Bournemouth,68,32,4,8,True,2026-09-12T14:00:00Z,2,2,4,82,1,0,0,2,0,0,0,1,0,0,2,44,49.4,58.3,37.0,14.5,1,0.20,0.47,0.67,0.39,2,5,1,8,60,417515,125960,177420,51460,4
Scott,MID,Bournemouth,69,32,4,4,True,2026-09-12T14:00:00Z,2,2,4,90,0,0,0,2,0,0,0,0,0,0,0,19,22.2,46.1,10.0,7.8,1,0.19,0.05,0.24,0.50,6,7,2,15,61,657646,324036,386435,62399,4
Kluivert,MID,Bournemouth,70,32,4,8,True,2026-09-12T14:00:00Z,2,2,4,65,1,0,0,2,0,0,0,0,0,0,1,31,40.0,3.3,43.0,8.6,1,0.21,0.02,0.23,0.39,1,3,0,4,60,104989,-12026,8665,20691,4
Cook,MID,Bournemouth,71,32,4,0,True,2026-09-12T14:00:00Z,2,2,4,8,0,0,0,0,0,0,0,1,0,0,0,-1,0.6,0.3,0.0,0.1,0,0.00,0.00,0.00,0.11,2,0,0,2,50,21878,-1358,2134,3492,4
Gannon-Doak,MID,Bournemouth,72,32,4,1,True,2026-09-12T14:00:00Z,2,2,4,8,0,0,0,0,0,0,0,0,0,0,0,6,1.6,1.5,7.0,1.0,0,0.10,0.03,0.13,0.11,0,3,1,4,49,6799,-612,413,1025,4
Adams,MID,Bournemouth,73,32,4,2,True,2026-09-12T14:00:00Z,2,2,4,81,0,0,0,2,0,0,0,0,0,0,0,16,13.0,5.9,7.0,2.6,1,0.03,0.02,0.05,0.39,3,5,2,10,50,29708,2015,5594,3579,4
Brooks,MID,Bournemouth,74,32,4,0,True,2026-09-12T14:00:00Z,2,2,4,7,0,0,0,0,0,0,0,1,0,0,0,-1,4.2,0.3,2.0,0.7,0,0.00,0.00,0.00,0.11,2,1,0,3,50,6000,-81,781,862,4
Christie,MID,Bournemouth,75,32,4,1,True,2026-09-12T14:00:00Z,2,2,4,24,0,0,0,0,0,0,0,0,0,0,0,7,6.6,14.4,4.0,2.5,0,0.00,0.12,0.12,0.11,3,4,0,7,50,3640,542,1116,574,4
Tóth.A,MID,Bournemouth,76,32,4,0,True,2026-09-12T14:00:00Z,2,2,4,0,0,0,0,0,0,0,0,0,0,0,0,0,0.0,0.0,0.0,0.0,0,0.00,0.00,0.00,0.00,0,0,0,0,50,1498,-138,72,210,4
Adli,MID,Bournemouth,77,32,4,0,True,2026-09-12T14:00:00Z,2,2,4,0,0,0,0,0,0,0,0,0,0,0,0,0,0.0,0.0,0.0,0.0,0,0.00,0.00,0.00,0.00,0,0,0,0,49,1557,-275,54,329,4
Kroupi.Jr,MID,Bournemouth,78,32,4,0,True,2026-09-12T14:00:00Z,2,2,4,0,0,0,0,0,0,0,0,0,0,0,0,0,0.0,0.0,0.0,0.0,0,0.00,0.00,0.00,0.00,0,0,0,0,74,21026,-3124,197,3321,4
Evanilson,FWD,Bournemouth,79,32,4,5,True,2026-09-12T14:00:00Z,2,2,4,90,0,1,0,2,0,0,0,0,0,0,0,22,22.8,40.0,4.0,6.7,1,0.00,0.25,0.25,0.48,1,3,0,4,60,349369,3494,48861,45367,4
Enes Ünal,FWD,Bournemouth,80,32,4,0,True,2026-09-12T14:00:00Z,2,2,4,0,0,0,0,0,0,0,0,0,0,0,0,0,0.0,0.0,0.0,0.0,0,0.00,0.00,0.00,0.00,0,0,0,0,55,1781,-219,0,219,4
Rodríguez,FWD,Bournemouth,81,32,4,1,True,2026-09-12T14:00:00Z,2,2,4,1,0,0,0,0,0,0,0,0,0,0,0,3,0.0,0.5,0.0,0.1,0,0.00,0.00,0.00,0.02,0,0,0,0,60,12593,-409,1247,1656,4
Kelleher,GK,Brentford,82,32,3,3,False,2026-09-12T14:00:00Z,2,2,4,90,0,0,0,2,0,0,0,0,0,8,0,19,44.0,0.0,0.0,4.4,1,0.00,0.00,0.00,1.75,1,11,0,0,50,702931,-23973,34374,58347,4
Valdimarsson,GK,Brentford,83,32,3,0,False,2026-09-12T14:00:00Z,2,2,4,0,0,0,0,0,0,0,0,0,0,0,0,0,0.0,0.0,0.0,0.0,0,0.00,0.00,0.00,0.00,0,0,0,0,45,10856,-438,631,1069,4
Collins,DEF,Brentford,84,32,3,0,False,2026-09-12T14:00:00Z,2,2,4,0,0,0,0,0,0,0,0,0,0,0,0,0,0.0,0.0,0.0,0.0,0,0.00,0.00,0.00,0.00,0,0,0,0,55,146784,-76756,1251,78007,4
Van den Berg,DEF,Brentford,85,32,3,0,False,2026-09-12T14:00:00Z,2,2,4,0,0,0,0,0,0,0,0,0,0,0,0,0,0.0,0.0,0.0,0.0,0,0.00,0.00,0.00,0.00,0,0,0,0,49,7443,-1184,70,1254,4
Lewis-Potter,MID,Brentford,86,32,3,1,False,2026-09-12T14:00:00Z,2,2,4,59,0,0,0,2,0,0,0,0,0,0,0,0,0.8,1.6,6.0,0.8,1,0.03,0.13,0.16,1.25,1,0,1,2,55,223550,-6193,26643,32836,4
Ajer,DEF,Brentford,87,32,3,1,False,2026-09-12T14:00:00Z,2,2,4,90,0,0,0,2,0,0,0,0,0,0,0,0,15.2,0.5,8.0,2.4,1,0.02,0.00,0.02,1.75,7,1,2,9,45,479881,-51781,52109,103890,4
Kayode,DEF,Brentford,88,32,3,1,False,2026-09-12T14:00:00Z,2,2,4,19,0,0,0,0,0,0,0,0,0,0,0,5,5.4,14.1,0.0,2.0,0,0.00,0.15,0.15,0.41,1,1,0,1,46,934432,-58707,52146,110853,4
Henry,DEF,Brentford,89,32,3,0,False,2026-09-12T14:00:00Z,2,2,4,0,0,0,0,0,0,0,0,0,0,0,0,0,0.0,0.0,0.0,0.0,0,0.00,0.00,0.00,0.00,0,0,0,0,45,21461,-1693,309,2002,4
Hickey,DEF,Brentford,90,32,3,1,False,2026-09-12T14:00:00Z,2,2,4,70,0,0,0,2,0,0,0,0,0,0,0,4,10.0,2.1,6.0,1.8,1,0.03,0.03,0.06,1.33,5,4,2,7,45,7602,-402,309,711,4
Ji-soo,DEF,Brentford,92,32,3,0,False,2026-09-12T14:00:00Z,2,2,4,0,0,0,0,0,0,0,0,0,0,0,0,0,0.0,0.0,0.0,0.0,0,0.00,0.00,0.00,0.00,0,0,0,0,45,1896,-125,102,227,4
Schuster,DEF,Brentford,93,32,3,3,False,2026-09-12T14:00:00Z,2,2,4,90,0,0,0,2,0,0,0,0,0,0,0,5,22.2,0.5,8.0,3.1,1,0.00,0.01,0.01,1.75,10,3,2,12,45,15722,170,905,735,4
Schade,MID,Brentford,94,32,3,15,False,2026-09-12T14:00:00Z,2,2,4,90,2,0,0,2,0,0,0,0,0,0,3,49,70.8,8.3,28.0,10.7,1,0.21,0.10,0.31,1.75,0,3,1,4,60,374153,-59161,28990,88151,4
O.Dango,MID,Brentford,95,32,3,1,False,2026-09-12T14:00:00Z,2,2,4,30,0,0,0,0,0,0,0,0,0,0,0,4,2.0,1.7,6.0,1.0,0,0.02,0.01,0.03,0.50,1,3,0,4,64,64766,-22021,1377,23398,4
Damsgaard,MID,Brentford,96,32,3,1,False,2026-09-12T14:00:00Z,2,2,4,30,0,0,0,0,0,0,0,0,0,0,0,3,0.0,7.8,6.0,1.3,0,0.10,0.00,0.10,0.50,1,3,0,4,55,51791,807,5734,4927,4
Jensen,MID,Brentford,97,32,3,0,False,2026-09-12T14:00:00Z,2,2,4,0,0,0,0,0,0,0,0,0,0,0,0,0,0.0,0.0,0.0,0.0,0,0.00,0.00,0.00,0.00,0,0,0,0,54,12497,-4249,42,4291,4
Janelt,MID,Brentford,98,32,3,4,False,2026-09-12T14:00:00Z,2,2,4,90,0,0,0,2,0,0,0,0,0,0,0,20,28.4,14.4,0.0,4.3,1,0.00,0.08,0.08,1.75,11,6,3,20,50,266936,139007,176461,37454,4
Milambo,MID,Brentford,99,32,3,0,False,2026-09-12T14:00:00Z,2,2,4,0,0,0,0,0,0,0,0,0,0,0,0,0,0.0,0.0,0.0,0.0,0,0.00,0.00,0.00,0.00,0,0,0,0,50,201,-5,27,32,4
Carvalho,MID,Brentford,100,32,3,0,False,2026-09-12T14:00:00Z,2,2,4,0,0,0,0,0,0,0,0,0,0,0,0,0,0.0,0.0,0.0,0.0,0,0.00,0.00,0.00,0.00,0,0,0,0,50,2209,3,335,332,4
Yarmoliuk,MID,Brentford,102,32,3,4,False,2026-09-12T14:00:00Z,2,2,4,59,0,1,0,2,0,0,0,0,0,0,0,19,22.0,22.8,4.0,4.9,1,0.00,0.21,0.21,1.25,2,3,0,5,49,78222,-15709,706,16415,4
Dasilva,MID,Brentford,103,32,3,0,False,2026-09-12T14:00:00Z,2,2,4,0,0,0,0,0,0,0,0,0,0,0,0,0,0.0,0.0,0.0,0.0,0,0.00,0.00,0.00,0.00,0,0,0,0,49,1675,-614,36,650,4
Anthony,MID,Brentford,105,32,3,1,False,2026-09-12T14:00:00Z,2,2,4,59,0,0,0,2,0,0,0,0,0,0,0,12,14.6,15.3,2.0,3.2,1,0.00,0.10,0.10,1.25,5,4,2,11,60,14724,-1801,761,2562,4
Thiago,FWD,Brentford,106,32,3,1,False,2026-09-12T14:00:00Z,2,2,4,90,0,0,0,2,0,0,0,1,0,0,0,3,0.0,16.0,10.0,2.4,1,0.11,0.03,0.14,1.75,0,1,0,1,79,1129976,-296868,24154,321022,4
Furo,FWD,Brentford,107,32,3,0,False,2026-09-12T14:00:00Z,2,2,4,0,0,0,0,0,0,0,0,0,0,0,0,0,0.0,0.0,0.0,0.0,0,0.00,0.00,0.00,0.00,0,0,0,0,45,119195,4526,19067,14541,4
Wilson,FWD,Brentford,108,32,3,0,False,2026-09-12T14:00:00Z,2,2,4,0,0,0,0,0,0,0,0,0,0,0,0,0,0.0,0.0,0.0,0.0,0,0.00,0.00,0.00,0.00,0,0,0,0,55,36748,-3164,2767,5931,4
M.Sangaré,MID,Brentford,565,32,3,4,False,2026-09-12T14:00:00Z,2,2,4,90,0,0,0,2,0,0,0,0,0,0,0,19,18.2,9.4,0.0,2.8,1,0.00,0.28,0.28,1.75,1,6,6,13,57,1351673,-207682,106889,314571,4
Silva,DEF,Bournemouth,566,32,4,3,True,2026-09-12T14:00:00Z,2,2,4,90,0,0,0,2,0,0,0,0,0,0,0,-2,18.0,5.3,11.0,3.4,1,0.58,0.23,0.81,0.50,10,5,0,10,50,44292,-299,5703,6002,4
Sanchez,DEF,Bournemouth,573,32,4,0,True,2026-09-12T14:00:00Z,2,2,4,0,0,0,0,0,0,0,0,0,0,0,0,0,0.0,0.0,0.0,0.0,0,0.00,0.00,0.00,0.00,0,0,0,0,45,18893,-1322,285,1607,4
Jebbison,FWD,Bournemouth,608,32,4,0,True,2026-09-12T14:00:00Z,2,2,4,0,0,0,0,0,0,0,0,0,0,0,0,0,0.0,0.0,0.0,0.0,0,0.00,0.00,0.00,0.00,0,0,0,0,50,11375,1502,3390,1888,4
Di Gregorio,GK,Bournemouth,615,32,4,0,True,2026-09-12T14:00:00Z,2,2,4,0,0,0,0,0,0,0,0,0,0,0,0,0,0.0,0.0,0.0,0.0,0,0.00,0.00,0.00,0.00,0,0,0,0,45,3698,229,755,526,4
Diouf,DEF,Brentford,620,32,3,1,False,2026-09-12T14:00:00Z,2,2,4,30,0,0,0,0,0,0,0,0,0,0,0,4,3.4,1.0,0.0,0.4,0,0.00,0.01,0.01,0.50,1,1,0,1,45,10030,-31,1940,1971,4
Nunes,MID,Brentford,657,32,3,0,False,2026-09-12T14:00:00Z,2,2,4,0,0,0,0,0,0,0,0,0,0,0,0,0,0.0,0.0,0.0,0.0,0,0.00,0.00,0.00,0.00,0,0,0,0,45,0,0,0,0,4
Martinez,GK,Chelsea,28,33,11,2,True,2026-09-12T14:00:00Z,2,2,4,90,0,0,0,2,0,0,0,0,0,3,0,10,19.6,0.0,0.0,2.0,1,0.00,0.00,0.00,1.38,0,10,0,0,50,564431,68402,119022,50620,4
Rogers,MID,Chelsea,40,33,11,8,True,2026-09-12T14:00:00Z,2,2,4,90,1,0,0,2,0,0,0,0,0,0,1,31,43.2,5.9,42.0,9.1,1,0.21,0.02,0.23,1.38,0,4,2,6,76,3834585,1039938,1168508,128570,4
Henderson,MID,Chelsea,101,33,11,0,True,2026-09-12T14:00:00Z,2,2,4,0,0,0,0,0,0,0,0,0,0,0,0,0,0.0,0.0,0.0,0.0,0,0.00,0.00,0.00,0.00,0,0,0,0,49,3001,-444,145,589,4
Welbeck,FWD,Chelsea,136,33,11,1,True,2026-09-12T14:00:00Z,2,2,4,12,0,0,0,0,0,0,0,0,0,0,0,4,7.2,10.6,4.0,2.2,0,0.00,0.06,0.06,0.54,1,0,0,1,59,82997,-5112,8018,13130,4
Sánchez,GK,Chelsea,140,33,11,0,True,2026-09-12T14:00:00Z,2,2,4,0,0,0,0,0,0,0,0,0,0,0,0,0,0.0,0.0,0.0,0.0,0,0.00,0.00,0.00,0.00,0,0,0,0,49,93763,-44507,0,44507,4
Jörgensen,GK,Chelsea,141,33,11,0,True,2026-09-12T14:00:00Z,2,2,4,0,0,0,0,0,0,0,0,0,0,0,0,0,0.0,0.0,0.0,0.0,0,0.00,0.00,0.00,0.00,0,0,0,0,50,933,-95,0,95,4
James,DEF,Chelsea,142,33,11,1,True,2026-09-12T14:00:00Z,2,2,4,90,0,0,0,2,0,0,0,0,0,0,0,11,19.8,10.4,15.0,4.5,1,0.16,0.14,0.30,1.38,2,4,2,4,54,828525,-30934,60443,91377,4
Chalobah,DEF,Chelsea,143,33,11,0,True,2026-09-12T14:00:00Z,2,2,4,0,0,0,0,0,0,0,0,0,0,0,0,0,0.0,0.0,0.0,0.0,0,0.00,0.00,0.00,0.00,0,0,0,0,55,8308,-1338,0,1338,4
Gusto,DEF,Chelsea,144,33,11,1,True,2026-09-12T14:00:00Z,2,2,4,77,0,0,0,2,0,0,0,0,0,0,0,7,14.0,23.3,6.0,4.3,1,0.04,0.07,0.11,0.84,5,4,0,5,50,114930,-6655,7469,14124,4
Fofana,DEF,Chelsea,145,33,11,1,True,2026-09-12T14:00:00Z,2,2,4,85,0,0,0,2,0,0,0,0,0,0,0,10,18.4,4.7,4.0,2.7,1,0.00,0.03,0.03,0.89,4,4,2,6,50,18473,7374,9377,2003,4
B.Badiashile,DEF,Chelsea,146,33,11,0,True,2026-09-12T14:00:00Z,2,2,4,0,0,0,0,0,0,0,0,0,0,0,0,0,0.0,0.0,0.0,0.0,0,0.00,0.00,0.00,0.00,0,0,0,0,45,1183,-250,0,250,4
Hato,DEF,Chelsea,148,33,11,0,True,2026-09-12T14:00:00Z,2,2,4,45,0,0,0,2,0,0,0,0,0,0,0,-8,3.8,2.9,2.0,0.9,1,0.00,0.10,0.10,0.44,2,2,1,3,45,115190,42963,58654,15691,4
Colwill,DEF,Chelsea,149,33,11,1,True,2026-09-12T14:00:00Z,2,2,4,90,0,0,0,2,0,0,0,0,0,0,0,8,26.8,12.2,4.0,4.3,1,0.00,0.01,0.01,1.38,6,6,0,6,49,112667,-17331,5362,22693,4
M.Sarr,DEF,Chelsea,150,33,11,0,True,2026-09-12T14:00:00Z,2,2,4,0,0,0,0,0,0,0,0,0,0,0,0,0,0.0,0.0,0.0,0.0,0,0.00,0.00,0.00,0.00,0,0,0,0,45,3449,-1063,0,1063,4
Acheampong,DEF,Chelsea,151,33,11,0,True,2026-09-12T14:00:00Z,2,2,4,0,0,0,0,0,0,0,0,0,0,0,0,0,0.0,0.0,0.0,0.0,0,0.00,0.00,0.00,0.00,0,0,0,0,45,42181,1716,6326,4610,4
Palestra,DEF,Chelsea,152,33,11,0,True,2026-09-12T14:00:00Z,2,2,4,0,0,0,0,0,0,0,0,0,0,0,0,0,0.0,0.0,0.0,0.0,0,0.00,0.00,0.00,0.00,0,0,0,0,54,87915,-45257,419,45676,4
Palmer,MID,Chelsea,154,33,11,5,True,2026-09-12T14:00:00Z,2,2,4,90,0,1,0,2,0,0,0,0,0,0,0,28,18.6,37.6,12.0,6.8,1,0.13,0.25,0.38,1.38,0,3,0,3,97,3081598,842103,946062,103959,4
Neto,MID,Chelsea,156,33,11,2,True,2026-09-12T14:00:00Z,2,2,4,85,0,0,0,2,0,0,0,0,0,0,0,17,15.8,31.3,27.0,7.4,1,0.05,0.10,0.15,0.89,3,3,1,7,65,156595,17123,33627,16504,4
Estêvão,MID,Chelsea,157,33,11,1,True,2026-09-12T14:00:00Z,2,2,4,4,0,0,0,0,0,0,0,0,0,0,0,6,5.0,0.5,21.0,2.7,0,0.03,0.07,0.10,0.49,0,0,1,1,64,79584,-10183,3867,14050,4
Gittens,MID,Chelsea,158,33,11,0,True,2026-09-12T14:00:00Z,2,2,4,0,0,0,0,0,0,0,0,0,0,0,0,0,0.0,0.0,0.0,0.0,0,0.00,0.00,0.00,0.00,0,0,0,0,59,2962,-225,250,475,4
Caicedo,MID,Chelsea,159,33,11,0,True,2026-09-12T14:00:00Z,2,2,4,0,0,0,0,0,0,0,0,0,0,0,0,0,0.0,0.0,0.0,0.0,0,0.00,0.00,0.00,0.00,0,0,0,0,54,149377,-48857,1342,50199,4
Lavia,MID,Chelsea,161,33,11,2,True,2026-09-12T14:00:00Z,2,2,4,68,0,0,0,2,0,0,0,0,0,0,0,14,7.4,4.9,0.0,1.2,1,0.00,0.07,0.07,0.84,3,5,1,9,50,25157,3527,7547,4020,4
D.Essugo,MID,Chelsea,163,33,11,0,True,2026-09-12T14:00:00Z,2,2,4,0,0,0,0,0,0,0,0,0,0,0,0,0,0.0,0.0,0.0,0.0,0,0.00,0.00,0.00,0.00,0,0,0,0,45,12126,-4174,0,4174,4
Quenda,MID,Chelsea,164,33,11,0,True,2026-09-12T14:00:00Z,2,2,4,0,0,0,0,0,0,0,0,0,0,0,0,0,0.0,0.0,0.0,0.0,0,0.00,0.00,0.00,0.00,0,0,0,0,54,3551,-517,154,671,4
João Pedro,FWD,Chelsea,165,33,11,12,True,2026-09-12T14:00:00Z,2,2,4,90,1,1,0,2,0,0,0,0,0,0,3,44,54.4,15.7,31.0,10.1,1,0.29,0.04,0.33,1.38,2,0,0,2,77,7935710,296877,401634,104757,4
Marc Guiu,FWD,Chelsea,168,33,11,0,True,2026-09-12T14:00:00Z,2,2,4,0,0,0,0,0,0,0,0,0,0,0,0,0,0.0,0.0,0.0,0.0,0,0.00,0.00,0.00,0.00,0,0,0,0,50,25300,-8710,0,8710,4
Mheuka,FWD,Chelsea,169,33,11,0,True,2026-09-12T14:00:00Z,2,2,4,0,0,0,0,0,0,0,0,0,0,0,0,0,0.0,0.0,0.0,0.0,0,0.00,0.00,0.00,0.00,0,0,0,0,45,44291,1152,6884,5732,4
Emegha,FWD,Chelsea,170,33,11,0,True,2026-09-12T14:00:00Z,2,2,4,0,0,0,0,0,0,0,0,0,0,0,0,0,0.0,0.0,0.0,0.0,0,0.00,0.00,0.00,0.00,0,0,0,0,50,14885,-1425,1719,3144,4
Lacroix,DEF,Chelsea,200,33,11,1,True,2026-09-12T14:00:00Z,2,2,4,4,0,0,0,0,0,0,0,0,0,0,0,4,3.6,0.0,0.0,0.4,0,0.00,0.00,0.00,0.49,2,0,1,3,60,865615,-19123,60756,79879,4
Iroegbunam,MID,Hull City,240,33,6,0,False,2026-09-12T14:00:00Z,2,2,4,21,0,0,0,0,0,0,0,1,0,0,0,2,3.0,0.2,0.0,0.3,0,0.00,0.00,0.00,0.35,1,0,1,2,50,1598,128,334,206,4
Phillips,GK,Hull City,273,33,6,0,False,2026-09-12T14:00:00Z,2,2,4,0,0,0,0,0,0,0,0,0,0,0,0,0,0.0,0.0,0.0,0.0,0,0.00,0.00,0.00,0.00,0,0,0,0,40,154407,-1217,8596,9813,4
Butland,GK,Hull City,274,33,6,0,False,2026-09-12T14:00:00Z,2,2,4,0,0,0,0,0,0,0,0,0,0,0,0,0,0.0,0.0,0.0,0.0,0,0.00,0.00,0.00,0.00,0,0,0,0,45,7924,-669,170,839,4
Cartwright,GK,Hull City,275,33,6,0,False,2026-09-12T14:00:00Z,2,2,4,0,0,0,0,0,0,0,0,0,0,0,0,0,0.0,0.0,0.0,0.0,0,0.00,0.00,0.00,0.00,0,0,0,0,40,751,-67,0,67,4
Lo-Tutala,GK,Hull City,276,33,6,0,False,2026-09-12T14:00:00Z,2,2,4,0,0,0,0,0,0,0,0,0,0,0,0,0,0.0,0.0,0.0,0.0,0,0.00,0.00,0.00,0.00,0,0,0,0,40,2640,-204,0,204,4
Egan,DEF,Hull City,277,33,6,2,False,2026-09-12T14:00:00Z,2,2,4,90,0,0,0,2,0,0,0,1,0,0,0,-1,14.2,0.5,6.0,2.1,1,0.04,0.00,0.04,0.91,12,6,2,14,41,688208,150184,223735,73551,4
Hughes,DEF,Hull City,278,33,6,0,False,2026-09-12T14:00:00Z,2,2,4,0,0,0,0,0,0,0,0,0,0,0,0,0,0.0,0.0,0.0,0.0,0,0.00,0.00,0.00,0.00,0,0,0,0,40,8103,-1016,174,1190,4
Ajayi,DEF,Hull City,279,33,6,1,False,2026-09-12T14:00:00Z,2,2,4,90,0,0,0,2,0,0,0,0,0,0,0,-6,5.4,1.3,6.0,1.3,1,0.13,0.00,0.13,0.91,2,2,1,3,42,1350778,271450,349993,78543,4
Coyle,DEF,Hull City,280,33,6,1,False,2026-09-12T14:00:00Z,2,2,4,81,0,0,0,2,0,0,0,0,0,0,0,2,5.6,10.9,5.0,2.2,1,0.13,0.01,0.14,0.72,2,4,1,3,40,65983,5360,9488,4128,4
Drameh,DEF,Hull City,281,33,6,0,False,2026-09-12T14:00:00Z,2,2,4,0,0,0,0,0,0,0,0,0,0,0,0,0,0.0,0.0,0.0,0.0,0,0.00,0.00,0.00,0.00,0,0,0,0,40,5246,-1503,0,1503,4
Giles,DEF,Hull City,282,33,6,4,False,2026-09-12T14:00:00Z,2,2,4,90,0,1,0,2,0,0,0,0,0,0,0,20,32.4,33.5,0.0,6.6,1,0.00,0.17,0.17,0.91,6,2,1,7,40,195043,58990,75912,16922,4
Jacob,DEF,Hull City,283,33,6,0,False,2026-09-12T14:00:00Z,2,2,4,0,0,0,0,0,0,0,0,0,0,0,0,0,0.0,0.0,0.0,0.0,0,0.00,0.00,0.00,0.00,0,0,0,0,40,927,-125,0,125,4
McCarthy,DEF,Hull City,284,33,6,0,False,2026-09-12T14:00:00Z,2,2,4,0,0,0,0,0,0,0,0,0,0,0,0,0,0.0,0.0,0.0,0.0,0,0.00,0.00,0.00,0.00,0,0,0,0,40,9522,-54,986,1040,4
McNair,DEF,Hull City,285,33,6,0,False,2026-09-12T14:00:00Z,2,2,4,0,0,0,0,0,0,0,0,0,0,0,0,0,0.0,0.0,0.0,0.0,0,0.00,0.00,0.00,0.00,0,0,0,0,40,12640,-629,574,1203,4
Belloumi,MID,Hull City,286,33,6,13,False,2026-09-12T14:00:00Z,2,2,4,59,2,0,0,1,0,0,0,0,0,0,2,43,68.2,11.7,31.0,11.1,1,0.17,0.06,0.23,0.26,0,0,1,1,50,107667,14908,26566,11658,4
Millar,MID,Hull City,287,33,6,0,False,2026-09-12T14:00:00Z,2,2,4,0,0,0,0,0,0,0,0,0,0,0,0,0,0.0,0.0,0.0,0.0,0,0.00,0.00,0.00,0.00,0,0,0,0,50,4292,-2492,0,2492,4
Dowell,MID,Hull City,288,33,6,0,False,2026-09-12T14:00:00Z,2,2,4,0,0,0,0,0,0,0,0,0,0,0,0,0,0.0,0.0,0.0,0.0,0,0.00,0.00,0.00,0.00,0,0,0,0,45,35795,-2198,2721,4919,4
Crooks,MID,Hull City,289,33,6,1,False,2026-09-12T14:00:00Z,2,2,4,68,0,0,0,2,0,0,0,1,0,0,0,2,11.0,0.4,0.0,1.1,1,0.00,0.00,0.00,0.55,5,3,2,10,45,52575,-6726,2257,8983,4
Slater,MID,Hull City,290,33,6,2,False,2026-09-12T14:00:00Z,2,2,4,90,0,0,0,2,0,0,0,0,0,0,0,22,19.2,26.9,7.0,5.3,1,0.04,0.10,0.14,0.91,3,5,3,11,45,601956,81497,170308,88811,4
Matazo,MID,Hull City,291,33,6,0,False,2026-09-12T14:00:00Z,2,2,4,0,0,0,0,0,0,0,0,0,0,0,0,0,0.0,0.0,0.0,0.0,0,0.00,0.00,0.00,0.00,0,0,0,0,45,664,1,117,116,4
Ömür,MID,Hull City,292,33,6,0,False,2026-09-12T14:00:00Z,2,2,4,0,0,0,0,0,0,0,0,0,0,0,0,0,0.0,0.0,0.0,0.0,0,0.00,0.00,0.00,0.00,0,0,0,0,49,1763,-30,298,328,4
Kamara,MID,Hull City,293,33,6,0,False,2026-09-12T14:00:00Z,2,2,4,0,0,0,0,0,0,0,0,0,0,0,0,0,0.0,0.0,0.0,0.0,0,0.00,0.00,0.00,0.00,0,0,0,0,50,215,-47,0,47,4
Zambrano,MID,Hull City,294,33,6,0,False,2026-09-12T14:00:00Z,2,2,4,0,0,0,0,0,0,0,0,0,0,0,0,0,0.0,0.0,0.0,0.0,0,0.00,0.00,0.00,0.00,0,0,0,0,45,10293,258,1379,1121,4
McBurnie,FWD,Hull City,295,33,6,4,False,2026-09-12T14:00:00Z,2,2,4,81,0,1,0,2,0,0,0,1,0,0,0,17,23.6,10.8,19.0,5.3,1,0.33,0.04,0.37,0.72,2,0,1,3,55,198314,-18516,22215,40731,4
Akintola,MID,Hull City,296,33,6,0,False,2026-09-12T14:00:00Z,2,2,4,0,0,0,0,0,0,0,0,0,0,0,0,0,0.0,0.0,0.0,0.0,0,0.00,0.00,0.00,0.00,0,0,0,0,50,3894,-603,522,1125,4
Gyabi,MID,Hull City,297,33,6,0,False,2026-09-12T14:00:00Z,2,2,4,0,0,0,0,0,0,0,0,0,0,0,0,0,0.0,0.0,0.0,0.0,0,0.00,0.00,0.00,0.00,0,0,0,0,45,2036,-159,123,282,4
Destan,FWD,Hull City,298,33,6,0,False,2026-09-12T14:00:00Z,2,2,4,0,0,0,0,0,0,0,0,0,0,0,0,0,0.0,0.0,0.0,0.0,0,0.00,0.00,0.00,0.00,0,0,0,0,45,22427,-3752,0,3752,4
Burstow,FWD,Hull City,299,33,6,0,False,2026-09-12T14:00:00Z,2,2,4,0,0,0,0,0,0,0,0,0,0,0,0,0,0.0,0.0,0.0,0.0,0,0.00,0.00,0.00,0.00,0,0,0,0,45,3872,-497,0,497,4
Gelhardt,MID,Hull City,340,33,6,0,False,2026-09-12T14:00:00Z,2,2,4,0,0,0,0,0,0,0,0,0,0,0,0,0,0.0,0.0,0.0,0.0,0,0.00,0.00,0.00,0.00,0,0,0,0,50,1173,22,185,163,4
Targett,DEF,Hull City,556,33,6,0,False,2026-09-12T14:00:00Z,2,2,4,0,0,0,0,0,0,0,0,0,0,0,0,0,0.0,0.0,0.0,0.0,0,0.00,0.00,0.00,0.00,0,0,0,0,40,203969,-14007,5238,19245,4
Penders,GK,Chelsea,560,33,11,0,True,2026-09-12T14:00:00Z,2,2,4,0,0,0,0,0,0,0,0,0,0,0,0,0,0.0,0.0,0.0,0.0,0,0.00,0.00,0.00,0.00,0,0,0,0,44,6637,-482,321,803,4
Anselmino,DEF,Chelsea,561,33,11,0,True,2026-09-12T14:00:00Z,2,2,4,0,0,0,0,0,0,0,0,0,0,0,0,0,0.0,0.0,0.0,0.0,0,0.00,0.00,0.00,0.00,0,0,0,0,45,2091,10,222,212,4
Morita,MID,Hull City,563,33,6,0,False,2026-09-12T14:00:00Z,2,2,4,0,0,0,0,0,0,0,0,0,0,0,0,0,0.0,0.0,0.0,0.0,0,0.00,0.00,0.00,0.00,0,0,0,0,50,2165,-369,141,510,4
Barco,MID,Chelsea,568,33,11,0,True,2026-09-12T14:00:00Z,2,2,4,21,0,0,0,0,0,0,0,1,0,0,0,7,1.6,2.9,2.0,0.7,0,0.00,0.09,0.09,0.54,1,1,0,2,55,13757,-591,863,1454,4
Tzolakis,GK,Hull City,572,33,6,2,False,2026-09-12T14:00:00Z,2,2,4,90,0,0,0,2,0,0,0,0,0,5,0,15,29.4,0.0,0.0,2.9,1,0.00,0.00,0.00,0.91,2,15,0,0,46,1074132,171110,238858,67748,4
Hjertø-Dahl,MID,Hull City,574,33,6,0,False,2026-09-12T14:00:00Z,2,2,4,0,0,0,0,0,0,0,0,0,0,0,0,0,0.0,0.0,0.0,0.0,0,0.00,0.00,0.00,0.00,0,0,0,0,49,6454,-421,444,865,4
Stroud,MID,Hull City,576,33,6,1,False,2026-09-12T14:00:00Z,2,2,4,59,0,0,0,1,0,0,0,0,0,0,0,3,0.0,1.8,1.0,0.2,1,0.01,0.00,0.01,0.26,0,3,2,5,50,8779,-410,621,1031,4
Chavarria,DEF,Chelsea,583,33,11,1,True,2026-09-12T14:00:00Z,2,2,4,45,0,0,0,0,0,0,0,0,0,0,0,4,2.0,1.7,2.0,0.6,0,0.00,0.01,0.01,0.94,1,1,0,1,49,16748,-1611,686,2297,4
Herrington,DEF,Hull City,585,33,6,1,False,2026-09-12T14:00:00Z,2,2,4,31,0,0,0,1,0,0,0,0,0,0,0,-1,1.6,0.4,0.0,0.2,0,0.00,0.01,0.01,0.64,1,0,0,1,40,62794,-2456,2136,4592,4
Mendy,DEF,Hull City,586,33,6,1,False,2026-09-12T14:00:00Z,2,2,4,58,0,0,0,1,0,0,0,0,0,0,0,3,12.6,0.2,0.0,1.3,1,0.00,0.00,0.00,0.26,5,0,2,7,41,895270,246029,316492,70463,4
Gourna-Douath,MID,Hull City,589,33,6,0,False,2026-09-12T14:00:00Z,2,2,4,0,0,0,0,0,0,0,0,0,0,0,0,0,0.0,0.0,0.0,0.0,0,0.00,0.00,0.00,0.00,0,0,0,0,50,2686,-111,172,283,4
Cho,MID,Hull City,617,33,6,1,False,2026-09-12T14:00:00Z,2,2,4,30,0,0,0,1,0,0,0,0,0,0,0,3,7.2,18.5,21.0,4.7,0,0.47,0.16,0.63,0.64,1,1,0,2,50,1116,147,339,192,4
Ansah,FWD,Hull City,632,33,6,0,False,2026-09-12T14:00:00Z,2,2,4,0,0,0,0,0,0,0,0,0,0,0,0,0,0.0,0.0,0.0,0.0,0,0.00,0.00,0.00,0.00,0,0,0,0,50,4222,1122,2674,1552,4
Vaz,FWD,Hull City,637,33,6,1,False,2026-09-12T14:00:00Z,2,2,4,8,0,0,0,0,0,0,0,0,0,0,0,3,0.0,0.5,0.0,0.0,0,0.00,0.00,0.00,0.18,0,1,0,1,50,5168,2411,3312,901,4
Norton-Cuffy,DEF,Hull City,638,33,6,0,False,2026-09-12T14:00:00Z,2,2,4,8,0,0,0,0,0,0,0,1,0,0,0,0,0.0,0.3,7.0,0.7,0,0.05,0.00,0.05,0.18,0,2,0,0,40,34986,10672,14148,3476,4
Thomas,MID,Hull City,642,33,6,1,False,2026-09-12T14:00:00Z,2,2,4,30,0,0,0,1,0,0,0,0,0,0,0,6,5.6,14.8,4.0,2.4,0,0.02,0.03,0.05,0.64,0,4,0,4,55,1526,606,883,277,4
Mouzakitis,MID,Hull City,645,33,6,0,False,2026-09-12T14:00:00Z,2,2,4,0,0,0,0,0,0,0,0,0,0,0,0,0,0.0,0.0,0.0,0.0,0,0.00,0.00,0.00,0.00,0,0,0,0,50,598,180,270,90,4
Guessand,MID,Crystal Palace,42,34,12,0,True,2026-09-12T14:00:00Z,2,3,4,0,0,0,0,0,0,0,0,0,0,0,0,0,0.0,0.0,0.0,0.0,0,0.00,0.00,0.00,0.00,0,0,0,0,55,4659,-33,935,968,4
Disasi,DEF,Crystal Palace,153,34,12,-3,True,2026-09-12T14:00:00Z,2,3,4,33,0,0,0,3,0,0,0,0,1,0,0,-18,2.2,0.1,0.0,0.2,1,0.00,0.00,0.00,0.38,6,2,0,6,45,14882,4721,7208,2487,4
Henderson,GK,Crystal Palace,198,34,12,0,True,2026-09-12T14:00:00Z,2,3,4,0,0,0,0,0,0,0,0,0,0,0,0,0,0.0,0.0,0.0,0.0,0,0.00,0.00,0.00,0.00,0,0,0,0,50,234983,17128,34005,16877,4
Benitez,GK,Crystal Palace,199,34,12,2,True,2026-09-12T14:00:00Z,2,3,4,90,0,0,0,3,0,0,0,0,0,3,0,3,18.8,0.0,0.0,1.9,1,0.00,0.00,0.00,1.68,1,7,0,0,45,11338,-389,563,952,4
Richards,DEF,Crystal Palace,202,34,12,2,True,2026-09-12T14:00:00Z,2,3,4,90,0,0,0,3,0,0,0,1,0,0,0,2,22.4,5.9,0.0,2.8,1,0.00,0.06,0.06,1.68,12,6,1,13,50,74063,497,9105,8608,4
Canvot,DEF,Crystal Palace,203,34,12,0,True,2026-09-12T14:00:00Z,2,3,4,0,0,0,0,0,0,0,0,0,0,0,0,0,0.0,0.0,0.0,0.0,0,0.00,0.00,0.00,0.00,0,0,0,0,49,25690,-1594,2554,4148,4
Mitchell,DEF,Crystal Palace,204,34,12,1,True,2026-09-12T14:00:00Z,2,3,4,76,0,0,0,2,0,0,0,0,0,0,0,6,7.8,18.1,0.0,2.6,1,0.00,0.06,0.06,1.13,1,8,0,1,45,768978,212978,259738,46760,4
Sosa,DEF,Crystal Palace,205,34,12,0,True,2026-09-12T14:00:00Z,2,3,4,0,0,0,0,0,0,0,0,0,0,0,0,0,0.0,0.0,0.0,0.0,0,0.00,0.00,0.00,0.00,0,0,0,0,45,1928,-639,0,639,4
Chadi Riad,DEF,Crystal Palace,206,34,12,0,True,2026-09-12T14:00:00Z,2,3,4,0,0,0,0,0,0,0,0,0,0,0,0,0,0.0,0.0,0.0,0.0,0,0.00,0.00,0.00,0.00,0,0,0,0,44,2510,-651,58,709,4
Mingueza,DEF,Crystal Palace,207,34,12,0,True,2026-09-12T14:00:00Z,2,3,4,0,0,0,0,0,0,0,0,0,0,0,0,0,0.0,0.0,0.0,0.0,0,0.00,0.00,0.00,0.00,0,0,0,0,44,7027,-316,691,1007,4
Sarr,MID,Crystal Palace,208,34,12,0,True,2026-09-12T14:00:00Z,2,3,4,0,0,0,0,0,0,0,0,0,0,0,0,0,0.0,0.0,0.0,0.0,0,0.00,0.00,0.00,0.00,0,0,0,0,63,77747,-36877,179,37056,4
Wharton,MID,Crystal Palace,210,34,12,2,True,2026-09-12T14:00:00Z,2,3,4,76,0,0,0,2,0,0,0,0,0,0,0,13,5.2,11.8,3.0,2.0,1,0.08,0.04,0.12,1.13,1,3,1,5,55,91297,-1801,8794,10595,4
Yeremy,MID,Crystal Palace,211,34,12,1,True,2026-09-12T14:00:00Z,2,3,4,36,0,0,0,1,0,0,0,0,0,0,0,4,0.0,2.7,2.0,0.5,1,0.00,0.01,0.01,0.38,0,1,0,1,55,63756,27655,36851,9196,4
Hughes,MID,Crystal Palace,212,34,12,1,True,2026-09-12T14:00:00Z,2,3,4,13,0,0,0,1,0,0,0,0,0,0,0,6,5.6,15.0,0.0,2.1,0,0.00,0.04,0.04,0.55,1,2,1,4,45,888879,-87271,26618,113889,4
Lerma,MID,Crystal Palace,213,34,12,1,True,2026-09-12T14:00:00Z,2,3,4,6,0,0,0,1,0,0,0,0,0,0,0,3,2.2,0.3,0.0,0.3,0,0.00,0.00,0.00,0.48,1,0,0,1,49,8598,-806,327,1133,4
Kamada,MID,Crystal Palace,214,34,12,8,True,2026-09-12T14:00:00Z,2,3,4,83,0,2,0,2,0,0,0,0,0,0,0,30,36.2,21.9,2.0,6.0,1,0.00,0.05,0.05,1.20,0,0,1,1,50,44888,11985,18109,6124,4
Devenny,MID,Crystal Palace,215,34,12,0,True,2026-09-12T14:00:00Z,2,3,4,0,0,0,0,0,0,0,0,0,0,0,0,0,0.0,0.0,0.0,0.0,0,0.00,0.00,0.00,0.00,0,0,0,0,50,646,-276,0,276,4
Esse,MID,Crystal Palace,216,34,12,0,True,2026-09-12T14:00:00Z,2,3,4,0,0,0,0,0,0,0,0,0,0,0,0,0,0.0,0.0,0.0,0.0,0,0.00,0.00,0.00,0.00,0,0,0,0,50,2168,-963,0,963,4
M.França,MID,Crystal Palace,217,34,12,0,True,2026-09-12T14:00:00Z,2,3,4,0,0,0,0,0,0,0,0,0,0,0,0,0,0.0,0.0,0.0,0.0,0,0.00,0.00,0.00,0.00,0,0,0,0,49,1885,-730,57,787,4
Doucouré,MID,Crystal Palace,218,34,12,0,True,2026-09-12T14:00:00Z,2,3,4,0,0,0,0,0,0,0,0,0,0,0,0,0,0.0,0.0,0.0,0.0,0,0.00,0.00,0.00,0.00,0,0,0,0,49,5759,-468,470,938,4
J.Rak-Sakyi,MID,Crystal Palace,219,34,12,0,True,2026-09-12T14:00:00Z,2,3,4,0,0,0,0,0,0,0,0,0,0,0,0,0,0.0,0.0,0.0,0.0,0,0.00,0.00,0.00,0.00,0,0,0,0,49,492,-85,55,140,4
Cardines,DEF,Crystal Palace,220,34,12,0,True,2026-09-12T14:00:00Z,2,3,4,0,0,0,0,0,0,0,0,0,0,0,0,0,0.0,0.0,0.0,0.0,0,0.00,0.00,0.00,0.00,0,0,0,0,45,138,-13,0,13,4
Drakes-Thomas,MID,Crystal Palace,221,34,12,0,True,2026-09-12T14:00:00Z,2,3,4,0,0,0,0,0,0,0,0,0,0,0,0,0,0.0,0.0,0.0,0.0,0,0.00,0.00,0.00,0.00,0,0,0,0,45,8428,-226,850,1076,4
Strand Larsen,FWD,Crystal Palace,222,34,12,8,True,2026-09-12T14:00:00Z,2,3,4,83,1,0,0,2,0,0,0,0,0,0,2,39,40.8,12.8,31.0,8.5,1,0.09,0.02,0.11,1.20,0,1,1,2,60,71789,11360,21000,9640,4
Mateta,FWD,Crystal Palace,223,34,12,0,True,2026-09-12T14:00:00Z,2,3,4,0,0,0,0,0,0,0,0,0,0,0,0,0,0.0,0.0,0.0,0.0,0,0.00,0.00,0.00,0.00,0,0,0,0,64,175573,-72649,343,72992,4
Nketiah,FWD,Crystal Palace,224,34,12,0,True,2026-09-12T14:00:00Z,2,3,4,0,0,0,0,0,0,0,0,0,0,0,0,0,0.0,0.0,0.0,0.0,0,0.00,0.00,0.00,0.00,0,0,0,0,55,81943,20214,29818,9604,4
Uche,FWD,Crystal Palace,225,34,12,0,True,2026-09-12T14:00:00Z,2,3,4,0,0,0,0,0,0,0,0,0,0,0,0,0,0.0,0.0,0.0,0.0,0,0.00,0.00,0.00,0.00,0,0,0,0,50,0,0,0,0,4
McNeil,MID,Crystal Palace,241,34,12,0,True,2026-09-12T14:00:00Z,2,3,4,0,0,0,0,0,0,0,0,0,0,0,0,0,0.0,0.0,0.0,0.0,0,0.00,0.00,0.00,0.00,0,0,0,0,54,13782,-1350,510,1860,4
Diop,DEF,Ipswich Town,259,34,8,1,False,2026-09-12T14:00:00Z,2,3,4,90,0,0,0,2,0,0,0,0,0,0,0,8,15.0,1.8,2.0,1.9,1,0.00,0.13,0.13,0.62,6,5,1,7,40,1519556,-104266,39336,143602,4
Lukić,MID,Ipswich Town,267,34,8,1,False,2026-09-12T14:00:00Z,2,3,4,76,0,0,0,2,0,0,0,1,0,0,0,8,10.2,23.5,2.0,3.6,1,0.00,0.10,0.10,0.35,5,4,1,10,50,11520,-645,772,1417,4
Walton,GK,Ipswich Town,300,34,8,0,False,2026-09-12T14:00:00Z,2,3,4,0,0,0,0,0,0,0,0,0,0,0,0,0,0.0,0.0,0.0,0.0,0,0.00,0.00,0.00,0.00,0,0,0,0,44,42889,-2408,363,2771,4
Palmer,GK,Ipswich Town,301,34,8,0,False,2026-09-12T14:00:00Z,2,3,4,0,0,0,0,0,0,0,0,0,0,0,0,0,0.0,0.0,0.0,0.0,0,0.00,0.00,0.00,0.00,0,0,0,0,40,443746,-8837,24047,32884,4
Button,GK,Ipswich Town,302,34,8,0,False,2026-09-12T14:00:00Z,2,3,4,0,0,0,0,0,0,0,0,0,0,0,0,0,0.0,0.0,0.0,0.0,0,0.00,0.00,0.00,0.00,0,0,0,0,40,63364,11691,17503,5812,4
Kipré,DEF,Ipswich Town,303,34,8,0,False,2026-09-12T14:00:00Z,2,3,4,0,0,0,0,0,0,0,0,0,0,0,0,0,0.0,0.0,0.0,0.0,0,0.00,0.00,0.00,0.00,0,0,0,0,40,52847,-3541,589,4130,4
O'Shea,DEF,Ipswich Town,304,34,8,1,False,2026-09-12T14:00:00Z,2,3,4,90,0,0,0,2,0,0,0,0,0,0,0,5,29.6,30.8,4.0,6.4,1,0.00,0.08,0.08,0.62,7,2,2,9,40,317758,-22365,18186,40551,4
Davis,DEF,Ipswich Town,305,34,8,14,False,2026-09-12T14:00:00Z,2,3,4,90,1,2,0,2,0,0,0,0,0,0,1,35,54.8,17.1,39.0,11.1,1,0.52,0.19,0.71,0.62,2,0,0,2,40,543743,-14896,45631,60527,4
Greaves,DEF,Ipswich Town,306,34,8,1,False,2026-09-12T14:00:00Z,2,3,4,87,0,0,0,2,0,0,0,0,0,0,0,7,18.8,2.0,0.0,2.1,1,0.00,0.01,0.01,0.62,6,4,0,6,40,127747,-7666,1996,9662,4
Johnson,DEF,Ipswich Town,307,34,8,0,False,2026-09-12T14:00:00Z,2,3,4,0,0,0,0,0,0,0,0,0,0,0,0,0,0.0,0.0,0.0,0.0,0,0.00,0.00,0.00,0.00,0,0,0,0,40,7782,-2380,0,2380,4
Furlong,DEF,Ipswich Town,308,34,8,0,False,2026-09-12T14:00:00Z,2,3,4,0,0,0,0,0,0,0,0,0,0,0,0,0,0.0,0.0,0.0,0.0,0,0.00,0.00,0.00,0.00,0,0,0,0,40,52748,-3285,431,3716,4
Núñez,MID,Ipswich Town,309,34,8,0,False,2026-09-12T14:00:00Z,2,3,4,0,0,0,0,0,0,0,0,0,0,0,0,0,0.0,0.0,0.0,0.0,0,0.00,0.00,0.00,0.00,0,0,0,0,50,12735,-1485,377,1862,4
Matusiwa,MID,Ipswich Town,310,34,8,0,False,2026-09-12T14:00:00Z,2,3,4,0,0,0,0,0,0,0,0,0,0,0,0,0,0.0,0.0,0.0,0.0,0,0.00,0.00,0.00,0.00,0,0,0,0,49,288,-6,40,46,4
Burns,MID,Ipswich Town,311,34,8,0,False,2026-09-12T14:00:00Z,2,3,4,0,0,0,0,0,0,0,0,0,0,0,0,0,0.0,0.0,0.0,0.0,0,0.00,0.00,0.00,0.00,0,0,0,0,50,242,-39,0,39,4
Taylor,MID,Ipswich Town,312,34,8,0,False,2026-09-12T14:00:00Z,2,3,4,0,0,0,0,0,0,0,0,0,0,0,0,0,0.0,0.0,0.0,0.0,0,0.00,0.00,0.00,0.00,0,0,0,0,45,3274,-278,176,454,4
Clarke,MID,Ipswich Town,313,34,8,1,False,2026-09-12T14:00:00Z,2,3,4,62,0,0,0,1,0,0,0,1,0,0,0,8,5.0,13.0,21.0,3.9,1,0.15,0.02,0.17,0.20,0,1,1,2,54,22006,-3254,468,3722,4
Ogbene,MID,Ipswich Town,314,34,8,0,False,2026-09-12T14:00:00Z,2,3,4,0,0,0,0,0,0,0,0,0,0,0,0,0,0.0,0.0,0.0,0.0,0,0.00,0.00,0.00,0.00,0,0,0,0,49,837,-326,0,326,4
Fatawu,MID,Ipswich Town,315,34,8,1,False,2026-09-12T14:00:00Z,2,3,4,61,0,0,0,1,0,0,0,1,0,0,0,6,6.2,11.3,6.0,2.4,1,0.00,0.05,0.05,0.20,2,3,2,7,55,21628,-464,1970,2434,4
Emersonn,FWD,Ipswich Town,316,34,8,12,False,2026-09-12T14:00:00Z,2,3,4,62,1,1,0,1,0,0,0,0,0,0,3,45,46.6,12.4,33.0,9.2,1,0.44,0.05,0.49,0.20,0,2,0,2,55,178755,1738,26091,24353,4
Hirst,FWD,Ipswich Town,317,34,8,0,False,2026-09-12T14:00:00Z,2,3,4,0,0,0,0,0,0,0,0,0,0,0,0,0,0.0,0.0,0.0,0.0,0,0.00,0.00,0.00,0.00,0,0,0,0,50,9936,-2172,0,2172,4
Philogene,MID,Ipswich Town,318,34,8,1,False,2026-09-12T14:00:00Z,2,3,4,28,0,0,0,1,0,0,0,0,0,0,0,6,3.4,0.8,9.0,1.3,0,0.02,0.00,0.01,0.41,0,3,0,3,54,8038,-1303,38,1341,4
Szmodics,MID,Ipswich Town,319,34,8,0,False,2026-09-12T14:00:00Z,2,3,4,0,0,0,0,0,0,0,0,0,0,0,0,0,0.0,0.0,0.0,0.0,0,0.00,0.00,0.00,0.00,0,0,0,0,50,350,-87,0,87,4
Akpom,FWD,Ipswich Town,320,34,8,0,False,2026-09-12T14:00:00Z,2,3,4,0,0,0,0,0,0,0,0,0,0,0,0,0,0.0,0.0,0.0,0.0,0,0.00,0.00,0.00,0.00,0,0,0,0,50,129479,17117,36471,19354,4
Walle Egeli,FWD,Ipswich Town,321,34,8,0,False,2026-09-12T14:00:00Z,2,3,4,0,0,0,0,0,0,0,0,0,0,0,0,0,0.0,0.0,0.0,0.0,0,0.00,0.00,0.00,0.00,0,0,0,0,45,372683,24582,82088,57506,4
Al-Hamadi,FWD,Ipswich Town,322,34,8,0,False,2026-09-12T14:00:00Z,2,3,4,0,0,0,0,0,0,0,0,0,0,0,0,0,0.0,0.0,0.0,0.0,0,0.00,0.00,0.00,0.00,0,0,0,0,50,6747,-1678,0,1678,4
McAteer,MID,Ipswich Town,323,34,8,0,False,2026-09-12T14:00:00Z,2,3,4,0,0,0,0,0,0,0,0,0,0,0,0,0,0.0,0.0,0.0,0.0,0,0.00,0.00,0.00,0.00,0,0,0,0,45,126703,-7171,7120,14291,4
Mehmeti,MID,Ipswich Town,324,34,8,0,False,2026-09-12T14:00:00Z,2,3,4,0,0,0,0,0,0,0,0,0,0,0,0,0,0.0,0.0,0.0,0.0,0,0.00,0.00,0.00,0.00,0,0,0,0,49,3735,-456,90,546,4
Van Oevelen,GK,Ipswich Town,554,34,8,0,False,2026-09-12T14:00:00Z,2,3,4,0,0,0,0,0,0,0,0,0,0,0,0,0,0.0,0.0,0.0,0.0,0,0.00,0.00,0.00,0.00,0,0,0,0,45,2101,-302,0,302,4
Matthews,GK,Crystal Palace,555,34,12,0,True,2026-09-12T14:00:00Z,2,3,4,0,0,0,0,0,0,0,0,0,0,0,0,0,0.0,0.0,0.0,0.0,0,0.00,0.00,0.00,0.00,0,0,0,0,40,187175,-2537,5212,7749,4
Maeda,MID,Ipswich Town,562,34,8,1,False,2026-09-12T14:00:00Z,2,3,4,27,0,0,0,1,0,0,0,0,0,0,0,1,0.0,2.3,0.0,0.0,0,0.00,0.00,0.00,0.41,0,0,0,0,54,29173,-3657,861,4518,4
Scherpen,GK,Ipswich Town,564,34,8,1,False,2026-09-12T14:00:00Z,2,3,4,90,0,0,0,2,0,0,0,0,0,2,0,6,15.0,0.0,0.0,1.5,1,0.00,0.00,0.00,0.62,3,9,0,0,45,63943,330,5936,5606,4
Florentino,MID,Ipswich Town,571,34,8,1,False,2026-09-12T14:00:00Z,2,3,4,13,0,0,0,0,0,0,0,0,0,0,0,8,9.0,21.3,2.0,3.2,0,0.00,0.01,0.01,0.27,1,0,1,2,49,9156,-906,327,1233,4
Tomiyasu,DEF,Crystal Palace,577,34,12,0,True,2026-09-12T14:00:00Z,2,3,4,53,0,0,0,2,0,0,0,0,0,0,0,6,10.2,1.3,4.0,1.6,0,0.00,0.01,0.01,1.29,4,3,1,5,45,31339,-2574,625,3199,4
Khalaili,DEF,Crystal Palace,588,34,12,7,True,2026-09-12T14:00:00Z,2,3,4,90,1,0,0,3,0,0,0,0,0,0,0,4,40.4,16.0,31.0,8.7,1,0.22,0.14,0.36,1.68,3,4,2,5,50,41054,17022,22369,5347,4
Enciso,MID,Ipswich Town,591,34,8,2,False,2026-09-12T14:00:00Z,2,3,4,90,0,0,0,2,0,0,0,0,0,0,0,7,2.2,13.8,13.0,2.9,1,0.05,0.20,0.25,0.62,1,4,0,5,55,96833,12977,28533,15556,4
Ouattara,DEF,Ipswich Town,592,34,8,1,False,2026-09-12T14:00:00Z,2,3,4,2,0,0,0,0,0,0,0,0,0,0,0,5,2.2,0.2,0.0,0.2,0,0.00,0.00,0.00,0.00,0,1,1,1,40,97893,-2585,3046,5631,4
Gozo,MID,Crystal Palace,595,34,12,1,True,2026-09-12T14:00:00Z,2,3,4,6,0,0,0,1,0,0,0,0,0,0,0,3,0.0,0.3,0.0,0.0,0,0.00,0.00,0.00,0.48,0,0,0,0,50,1406,-88,110,198,4
Humphreys,MID,Ipswich Town,602,34,8,0,False,2026-09-12T14:00:00Z,2,3,4,0,0,0,0,0,0,0,0,0,0,0,0,0,0.0,0.0,0.0,0.0,0,0.00,0.00,0.00,0.00,0,0,0,0,45,2961,-968,0,968,4
Palacios,MID,Ipswich Town,619,34,8,4,False,2026-09-12T14:00:00Z,2,3,4,90,0,0,0,2,0,0,0,0,0,0,0,14,18.0,5.9,2.0,2.6,1,0.00,0.04,0.04,0.62,5,5,3,13,50,3376,1408,2317,909,4
Ahanor,DEF,Crystal Palace,633,34,12,3,True,2026-09-12T14:00:00Z,2,3,4,90,0,0,0,3,0,0,0,0,0,0,0,10,24.6,11.9,4.0,4.1,1,0.00,0.01,0.01,1.68,9,4,2,11,45,1153,668,848,180,4
Flemming,FWD,Ipswich Town,640,34,8,5,False,2026-09-12T14:00:00Z,2,3,4,27,1,0,0,1,0,0,0,0,0,0,0,32,35.0,1.3,44.0,8.0,0,0.52,0.00,0.52,0.41,1,1,0,2,55,4207,1835,2524,689,4
Chilwell,DEF,Crystal Palace,643,34,12,1,True,2026-09-12T14:00:00Z,2,3,4,13,0,0,0,1,0,0,0,0,0,0,0,1,0.2,3.5,4.0,0.8,0,0.12,0.01,0.13,0.55,1,0,0,1,45,62478,32853,38522,5669,4
Timber,MID,Crystal Palace,644,34,12,4,True,2026-09-12T14:00:00Z,2,3,4,90,0,0,0,3,0,0,0,0,0,0,0,24,25.2,4.9,27.0,5.7,1,0.10,0.03,0.13,1.68,2,6,8,16,50,2570,1293,1757,464,4
Osorio,MID,Crystal Palace,647,34,12,0,True,2026-09-12T14:00:00Z,2,3,4,0,0,0,0,0,0,0,0,0,0,0,0,0,0.0,0.0,0.0,0.0,0,0.00,0.00,0.00,0.00,0,0,0,0,55,903,263,378,115,4
Leno,GK,Fulham,250,35,14,9,False,2026-09-12T14:00:00Z,0,0,4,90,0,0,1,0,0,0,0,0,0,3,2,29,25.4,0.0,0.0,2.5,1,0.00,0.00,0.00,1.28,1,8,0,0,45,308412,-15234,19790,35024,4
Lecomte,GK,Fulham,251,35,14,0,False,2026-09-12T14:00:00Z,0,0,4,0,0,0,0,0,0,0,0,0,0,0,0,0,0.0,0.0,0.0,0.0,0,0.00,0.00,0.00,0.00,0,0,0,0,40,123844,981,8151,7170,4
McNally,GK,Fulham,252,35,14,0,False,2026-09-12T14:00:00Z,0,0,4,0,0,0,0,0,0,0,0,0,0,0,0,0,0.0,0.0,0.0,0.0,0,0.00,0.00,0.00,0.00,0,0,0,0,40,13370,-1879,0,1879,4
Andersen,DEF,Fulham,253,35,14,0,False,2026-09-12T14:00:00Z,0,0,4,0,0,0,0,0,0,0,0,0,0,0,0,0,0.0,0.0,0.0,0.0,0,0.00,0.00,0.00,0.00,0,0,0,0,50,13284,-1378,1887,3265,4
Robinson,DEF,Fulham,254,35,14,6,False,2026-09-12T14:00:00Z,0,0,4,90,0,0,1,0,0,0,0,0,0,0,0,25,17.6,22.1,6.0,4.6,1,0.05,0.05,0.10,1.28,7,4,2,9,45,143996,-21356,4729,26085,4
J.Cuenca,DEF,Fulham,255,35,14,0,False,2026-09-12T14:00:00Z,0,0,4,0,0,0,0,0,0,0,0,0,0,0,0,0,0.0,0.0,0.0,0.0,0,0.00,0.00,0.00,0.00,0,0,0,0,45,3009,-509,104,613,4
Tete,DEF,Fulham,256,35,14,0,False,2026-09-12T14:00:00Z,0,0,4,27,0,0,0,0,0,0,0,1,0,0,0,-1,1.6,0.3,2.0,0.4,0,0.00,0.00,0.00,0.65,3,0,0,3,44,21818,-2058,237,2295,4
Bassey,DEF,Fulham,257,35,14,6,False,2026-09-12T14:00:00Z,0,0,4,90,0,0,1,0,0,0,0,0,0,0,0,27,23.4,0.7,21.0,4.5,1,0.05,0.00,0.05,1.28,7,3,1,8,45,71722,-7922,2294,10216,4
Castagne,DEF,Fulham,258,35,14,6,False,2026-09-12T14:00:00Z,0,0,4,71,0,0,1,0,0,0,0,0,0,0,0,23,11.2,0.8,2.0,1.4,1,0.00,0.01,0.01,0.74,3,3,2,5,45,83333,-11458,6203,17661,4
Iwobi,MID,Fulham,261,35,14,3,False,2026-09-12T14:00:00Z,0,0,4,76,0,0,1,0,0,0,0,0,0,0,0,15,7.6,33.7,10.0,5.1,1,0.15,0.11,0.26,0.81,0,3,1,4,54,75540,-14119,2396,16515,4
Smith Rowe,MID,Fulham,262,35,14,1,False,2026-09-12T14:00:00Z,0,0,4,13,0,0,0,0,0,0,0,0,0,0,0,3,1.2,0.5,0.0,0.2,0,0.00,0.00,0.00,0.46,1,1,0,2,54,28676,-4117,777,4894,4
Kevin,MID,Fulham,263,35,14,1,False,2026-09-12T14:00:00Z,0,0,4,18,0,0,0,0,0,0,0,0,0,0,0,4,0.2,3.3,1.0,0.5,0,0.03,0.07,0.10,0.54,0,2,1,3,54,4241,-826,236,1062,4
Bobb,MID,Fulham,264,35,14,3,False,2026-09-12T14:00:00Z,0,0,4,62,0,0,1,0,0,0,0,0,0,0,0,12,10.0,30.0,4.0,4.4,1,0.00,0.13,0.13,0.63,2,4,1,7,55,30794,-4132,2106,6238,4
Berge,MID,Fulham,265,35,14,3,False,2026-09-12T14:00:00Z,0,0,4,90,0,0,1,0,0,0,0,0,0,0,0,14,18.6,11.7,6.0,3.6,1,0.00,0.01,0.01,1.28,4,2,3,9,49,32007,-4295,748,5043,4
Cairney,MID,Fulham,266,35,14,0,False,2026-09-12T14:00:00Z,0,0,4,0,0,0,0,0,0,0,0,0,0,0,0,0,0.0,0.0,0.0,0.0,0,0.00,0.00,0.00,0.00,0,0,0,0,50,348,-3,50,53,4
King,MID,Fulham,268,35,14,3,False,2026-09-12T14:00:00Z,0,0,4,76,0,0,1,0,0,0,0,0,0,0,0,19,11.4,14.3,37.0,6.3,1,0.21,0.09,0.30,0.81,0,2,2,4,55,130602,47115,81597,34482,4
Sessegnon,DEF,Fulham,269,35,14,0,False,2026-09-12T14:00:00Z,0,0,4,0,0,0,0,0,0,0,0,0,0,0,0,0,0.0,0.0,0.0,0.0,0,0.00,0.00,0.00,0.00,0,0,0,0,44,34199,-4182,369,4551,4
Reed,MID,Fulham,270,35,14,0,False,2026-09-12T14:00:00Z,0,0,4,0,0,0,0,0,0,0,0,0,0,0,0,0,0.0,0.0,0.0,0.0,0,0.00,0.00,0.00,0.00,0,0,0,0,45,121271,-12381,3620,16001,4
Muniz,FWD,Fulham,271,35,14,1,False,2026-09-12T14:00:00Z,0,0,4,13,0,0,0,0,0,0,0,0,0,0,0,4,2.0,0.3,2.0,0.4,0,0.00,0.00,0.00,0.46,1,0,0,1,54,46371,-4272,3624,7896,4
Kusi-Asare,FWD,Fulham,272,35,14,0,False,2026-09-12T14:00:00Z,0,0,4,0,0,0,0,0,0,0,0,0,0,0,0,0,0.0,0.0,0.0,0.0,0,0.00,0.00,0.00,0.00,0,0,0,0,45,635399,-45728,35011,80739,4
A.Becker,GK,Liverpool,350,35,10,9,True,2026-09-12T14:00:00Z,0,0,4,90,0,0,1,0,0,0,0,0,0,3,2,29,21.0,0.0,0.0,2.1,1,0.00,0.00,0.00,0.70,0,14,0,0,55,438381,15592,45421,29829,4
Mamardashvili,GK,Liverpool,351,35,10,0,True,2026-09-12T14:00:00Z,0,0,4,0,0,0,0,0,0,0,0,0,0,0,0,0,0.0,0.0,0.0,0.0,0,0.00,0.00,0.00,0.00,0,0,0,0,49,13938,-1342,513,1855,4
Woodman,GK,Liverpool,352,35,10,0,True,2026-09-12T14:00:00Z,0,0,4,0,0,0,0,0,0,0,0,0,0,0,0,0,0.0,0.0,0.0,0.0,0,0.00,0.00,0.00,0.00,0,0,0,0,40,111999,-3423,3509,6932,4
Pecsi,GK,Liverpool,353,35,10,0,True,2026-09-12T14:00:00Z,0,0,4,0,0,0,0,0,0,0,0,0,0,0,0,0,0.0,0.0,0.0,0.0,0,0.00,0.00,0.00,0.00,0,0,0,0,40,2007,-186,0,186,4
Jaros,GK,Liverpool,354,35,10,0,True,2026-09-12T14:00:00Z,0,0,4,0,0,0,0,0,0,0,0,0,0,0,0,0,0.0,0.0,0.0,0.0,0,0.00,0.00,0.00,0.00,0,0,0,0,40,1961,157,567,410,4
Davies,GK,Liverpool,355,35,10,0,True,2026-09-12T14:00:00Z,0,0,4,0,0,0,0,0,0,0,0,0,0,0,0,0,0.0,0.0,0.0,0.0,0,0.00,0.00,0.00,0.00,0,0,0,0,40,16844,67,1195,1128,4
Virgil,DEF,Liverpool,356,35,10,8,True,2026-09-12T14:00:00Z,0,0,4,90,0,0,1,0,0,0,0,0,0,0,0,25,25.8,12.8,0.0,3.9,1,0.00,0.01,0.01,0.70,10,1,0,10,65,1832589,-48305,79775,128080,4
Frimpong,DEF,Liverpool,357,35,10,1,True,2026-09-12T14:00:00Z,0,0,4,18,0,0,0,0,0,0,0,0,0,0,0,12,13.0,24.9,2.0,4.0,0,0.00,0.12,0.12,0.10,3,1,1,4,54,231759,-81882,4729,86611,4
Kerkez,DEF,Liverpool,358,35,10,1,True,2026-09-12T14:00:00Z,0,0,4,45,0,0,0,0,0,0,0,0,0,0,0,6,9.8,7.1,0.0,1.7,0,0.00,0.01,0.01,0.30,2,0,1,3,54,288013,-22124,12338,34462,4
Gomez,DEF,Liverpool,359,35,10,0,True,2026-09-12T14:00:00Z,0,0,4,0,0,0,0,0,0,0,0,0,0,0,0,0,0.0,0.0,0.0,0.0,0,0.00,0.00,0.00,0.00,0,0,0,0,50,1392,-137,74,211,4
Bradley,DEF,Liverpool,360,35,10,0,True,2026-09-12T14:00:00Z,0,0,4,0,0,0,0,0,0,0,0,0,0,0,0,0,0.0,0.0,0.0,0.0,0,0.00,0.00,0.00,0.00,0,0,0,0,50,1010,-94,67,161,4
Lucky,DEF,Liverpool,361,35,10,0,True,2026-09-12T14:00:00Z,0,0,4,0,0,0,0,0,0,0,0,0,0,0,0,0,0.0,0.0,0.0,0.0,0,0.00,0.00,0.00,0.00,0,0,0,0,40,13224,-645,832,1477,4
Jacquet,DEF,Liverpool,362,35,10,9,True,2026-09-12T14:00:00Z,0,0,4,90,0,0,1,0,0,0,0,0,0,0,3,36,20.2,3.3,0.0,2.4,1,0.00,0.02,0.02,0.70,4,5,1,5,50,298463,16244,48593,32349,4
Leoni,DEF,Liverpool,363,35,10,0,True,2026-09-12T14:00:00Z,0,0,4,0,0,0,0,0,0,0,0,0,0,0,0,0,0.0,0.0,0.0,0.0,0,0.00,0.00,0.00,0.00,0,0,0,0,40,3654,-297,161,458,4
Tsimikas,DEF,Liverpool,364,35,10,1,True,2026-09-12T14:00:00Z,0,0,4,45,0,0,0,0,0,0,0,0,0,0,0,2,2.8,1.6,0.0,0.4,1,0.00,0.01,0.01,0.40,2,3,1,3,49,7588,-934,362,1296,4
Ramsay,DEF,Liverpool,365,35,10,0,True,2026-09-12T14:00:00Z,0,0,4,0,0,0,0,0,0,0,0,0,0,0,0,0,0.0,0.0,0.0,0.0,0,0.00,0.00,0.00,0.00,0,0,0,0,40,11136,-2067,0,2067,4
Wirtz,MID,Liverpool,366,35,10,3,True,2026-09-12T14:00:00Z,0,0,4,90,0,0,1,0,0,0,0,0,0,0,0,14,7.6,31.8,12.0,5.1,1,0.11,0.06,0.17,0.70,2,6,1,9,74,837754,-199592,30578,230170,4
Gakpo,MID,Liverpool,367,35,10,1,True,2026-09-12T14:00:00Z,0,0,4,30,0,0,0,0,0,0,0,0,0,0,0,3,0.8,1.3,7.0,0.9,0,0.08,0.02,0.10,0.16,0,2,0,2,72,1328735,357507,670039,312532,4
Szoboszlai,MID,Liverpool,368,35,10,3,True,2026-09-12T14:00:00Z,0,0,4,90,0,0,1,0,0,0,0,0,0,0,0,25,16.0,55.7,9.0,8.1,1,0.12,0.28,0.40,0.70,3,3,0,6,70,4135360,-242164,274640,516804,4
Ngumoha,MID,Liverpool,369,35,10,1,True,2026-09-12T14:00:00Z,0,0,4,18,0,0,0,0,0,0,0,0,0,0,0,-1,0.0,0.8,4.0,0.3,0,0.11,0.00,0.11,0.10,1,0,0,1,58,60213,-20391,3022,23413,4
Chiesa,MID,Liverpool,370,35,10,0,True,2026-09-12T14:00:00Z,0,0,4,0,0,0,0,0,0,0,0,0,0,0,0,0,0.0,0.0,0.0,0.0,0,0.00,0.00,0.00,0.00,0,0,0,0,54,5591,-1366,14,1380,4
Gravenberch,MID,Liverpool,371,35,10,1,True,2026-09-12T14:00:00Z,0,0,4,59,0,0,0,0,0,0,0,0,0,0,0,13,19.6,11.4,2.0,3.3,1,0.04,0.01,0.05,0.54,7,1,2,10,59,140580,-33117,5155,38272,4
Mac Allister,MID,Liverpool,372,35,10,1,True,2026-09-12T14:00:00Z,0,0,4,30,0,0,0,0,0,0,0,0,0,0,0,7,9.2,22.4,4.0,3.6,0,0.02,0.02,0.04,0.16,2,1,1,4,54,145908,-7817,12996,20813,4
C.Jones,MID,Liverpool,373,35,10,0,True,2026-09-12T14:00:00Z,0,0,4,0,0,0,0,0,0,0,0,0,0,0,0,0,0.0,0.0,0.0,0.0,0,0.00,0.00,0.00,0.00,0,0,0,0,55,2535,-372,0,372,4
Endo,MID,Liverpool,374,35,10,0,True,2026-09-12T14:00:00Z,0,0,4,0,0,0,0,0,0,0,0,0,0,0,0,0,0.0,0.0,0.0,0.0,0,0.00,0.00,0.00,0.00,0,0,0,0,49,6867,-568,531,1099,4
Nyoni,MID,Liverpool,375,35,10,0,True,2026-09-12T14:00:00Z,0,0,4,0,0,0,0,0,0,0,0,0,0,0,0,0,0.0,0.0,0.0,0.0,0,0.00,0.00,0.00,0.00,0,0,0,0,49,4195,-285,427,712,4
Bajcetic,MID,Liverpool,376,35,10,0,True,2026-09-12T14:00:00Z,0,0,4,0,0,0,0,0,0,0,0,0,0,0,0,0,0.0,0.0,0.0,0.0,0,0.00,0.00,0.00,0.00,0,0,0,0,50,128,-23,0,23,4
Munoz,MID,Liverpool,377,35,10,1,True,2026-09-12T14:00:00Z,0,0,4,59,0,0,0,0,0,0,0,0,0,0,0,5,3.4,1.4,37.0,4.2,1,0.10,0.00,0.10,0.54,0,2,0,2,65,130437,-9953,20664,30617,4
McConnell,MID,Liverpool,378,35,10,0,True,2026-09-12T14:00:00Z,0,0,4,0,0,0,0,0,0,0,0,0,0,0,0,0,0.0,0.0,0.0,0.0,0,0.00,0.00,0.00,0.00,0,0,0,0,45,23763,-1744,870,2614,4
Isak,FWD,Liverpool,379,35,10,2,True,2026-09-12T14:00:00Z,0,0,4,90,0,0,1,0,0,0,0,0,0,0,0,5,1.2,2.8,28.0,3.2,1,0.50,0.00,0.50,0.70,0,1,0,1,91,2626358,623585,732640,109055,4
Ekitiké,FWD,Liverpool,380,35,10,0,True,2026-09-12T14:00:00Z,0,0,4,0,0,0,0,0,0,0,0,0,0,0,0,0,0.0,0.0,0.0,0.0,0,0.00,0.00,0.00,0.00,0,0,0,0,74,11892,-1567,474,2041,4
Koumas,MID,Liverpool,381,35,10,0,True,2026-09-12T14:00:00Z,0,0,4,0,0,0,0,0,0,0,0,0,0,0,0,0,0.0,0.0,0.0,0.0,0,0.00,0.00,0.00,0.00,0,0,0,0,50,2699,-163,155,318,4
Danns,FWD,Liverpool,382,35,10,0,True,2026-09-12T14:00:00Z,0,0,4,0,0,0,0,0,0,0,0,0,0,0,0,0,0.0,0.0,0.0,0.0,0,0.00,0.00,0.00,0.00,0,0,0,0,45,14211,4586,7016,2430,4
Elliott,MID,Liverpool,383,35,10,0,True,2026-09-12T14:00:00Z,0,0,4,0,0,0,0,0,0,0,0,0,0,0,0,0,0.0,0.0,0.0,0.0,0,0.00,0.00,0.00,0.00,0,0,0,0,54,4155,-1672,0,1672,4
Gonzalo,FWD,Fulham,569,35,14,2,False,2026-09-12T14:00:00Z,0,0,4,76,0,0,1,0,0,0,0,0,0,0,0,5,4.4,10.9,10.0,2.5,1,0.20,0.03,0.23,0.81,1,2,0,3,60,405535,-70216,38609,108825,4
Palacios,MID,Fulham,570,35,14,0,False,2026-09-12T14:00:00Z,0,0,4,0,0,0,0,0,0,0,0,0,0,0,0,0,0.0,0.0,0.0,0.0,0,0.00,0.00,0.00,0.00,0,0,0,0,55,18348,-683,1449,2132,4
Araujo,DEF,Liverpool,579,35,10,6,True,2026-09-12T14:00:00Z,0,0,4,71,0,0,1,0,0,0,0,0,0,0,0,24,9.8,1.8,2.0,1.4,1,0.00,0.00,0.00,0.60,3,5,1,4,54,292366,41974,59861,17887,4
Charles,MID,Fulham,580,35,14,5,False,2026-09-12T14:00:00Z,0,0,4,90,0,0,1,0,0,0,0,0,0,0,0,19,29.0,3.4,0.0,3.2,1,0.00,0.02,0.02,1.28,8,8,1,17,50,7397,-636,295,931,4
De Fougerolles,DEF,Fulham,610,35,14,0,False,2026-09-12T14:00:00Z,0,0,4,0,0,0,0,0,0,0,0,0,0,0,0,0,0.0,0.0,0.0,0.0,0,0.00,0.00,0.00,0.00,0,0,0,0,40,9207,-750,515,1265,4
Zepa,MID,Fulham,626,35,14,0,False,2026-09-12T14:00:00Z,0,0,4,0,0,0,0,0,0,0,0,0,0,0,0,0,0.0,0.0,0.0,0.0,0,0.00,0.00,0.00,0.00,0,0,0,0,45,39436,4635,11161,6526,4
Barcola,MID,Liverpool,627,35,10,3,True,2026-09-12T14:00:00Z,0,0,4,71,0,0,1,0,0,0,0,0,0,0,0,9,5.6,13.6,8.0,2.7,1,0.21,0.03,0.24,0.60,0,2,3,5,80,238639,70941,116804,45863,4
Larsson,MID,Fulham,635,35,14,1,False,2026-09-12T14:00:00Z,0,0,4,13,0,0,0,0,0,0,0,0,0,0,0,3,0.0,0.5,0.0,0.1,0,0.00,0.01,0.01,0.46,0,1,0,1,50,614,185,266,81,4
Ángel,MID,Fulham,636,35,14,0,False,2026-09-12T14:00:00Z,0,0,4,0,0,0,0,0,0,0,0,0,0,0,0,0,0.0,0.0,0.0,0.0,0,0.00,0.00,0.00,0.00,0,0,0,0,50,306,79,133,54,4
Affengruber,DEF,Fulham,650,35,14,8,False,2026-09-12T14:00:00Z,0,0,4,90,0,0,1,0,0,0,0,0,0,0,0,23,18.6,3.3,0.0,2.2,1,0.00,0.00,0.00,1.28,11,3,1,12,45,573,172,274,102,4
Raya,GK,Arsenal,1,36,20,14,False,2026-09-12T19:00:00Z,0,2,4,90,0,0,1,0,0,1,0,0,0,2,3,38,37.8,0.2,0.0,3.8,1,0.00,0.00,0.00,1.80,2,14,0,0,60,4195206,34449,249119,214670,4
Arrizabalaga,GK,Arsenal,2,36,20,0,False,2026-09-12T19:00:00Z,0,2,4,0,0,0,0,0,0,0,0,0,0,0,0,0,0.0,0.0,0.0,0.0,0,0.00,0.00,0.00,0.00,0,0,0,0,49,7757,-576,275,851,4
Meslier,GK,Arsenal,3,36,20,0,False,2026-09-12T19:00:00Z,0,2,4,0,0,0,0,0,0,0,0,0,0,0,0,0,0.0,0.0,0.0,0.0,0,0.00,0.00,0.00,0.00,0,0,0,0,49,3081,-200,108,308,4
Gabriel,DEF,Arsenal,4,36,20,9,False,2026-09-12T19:00:00Z,0,2,4,90,0,0,1,0,0,0,0,1,0,0,2,30,20.6,1.5,1.0,2.3,1,0.02,0.01,0.03,1.80,10,2,1,11,80,2549738,-197767,56562,254329,4
J.Timber,DEF,Arsenal,5,36,20,1,False,2026-09-12T19:00:00Z,0,2,4,45,0,0,0,0,0,0,0,0,0,0,0,3,6.0,1.9,0.0,0.8,0,0.00,0.01,0.01,1.57,2,5,1,3,65,8281,-772,618,1390,4
Saliba,DEF,Arsenal,6,36,20,0,False,2026-09-12T19:00:00Z,0,2,4,0,0,0,0,0,0,0,0,0,0,0,0,0,0.0,0.0,0.0,0.0,0,0.00,0.00,0.00,0.00,0,0,0,0,59,22768,-2516,735,3251,4
Lewis-Skelly,MID,Arsenal,7,36,20,1,False,2026-09-12T19:00:00Z,0,2,4,45,0,0,0,0,0,0,0,0,0,0,0,2,0.0,1.4,0.0,0.0,1,0.00,0.00,0.00,0.23,0,0,0,0,55,70499,-4212,6908,11120,4
Calafiori,DEF,Arsenal,8,36,20,6,False,2026-09-12T19:00:00Z,0,2,4,90,0,0,1,0,0,0,0,0,0,0,0,18,8.8,1.7,7.0,1.8,1,0.06,0.01,0.07,1.80,4,2,0,4,58,5296821,392809,487524,94715,4
Hincapie,DEF,Arsenal,9,36,20,0,False,2026-09-12T19:00:00Z,0,2,4,0,0,0,0,0,0,0,0,0,0,0,0,0,0.0,0.0,0.0,0.0,0,0.00,0.00,0.00,0.00,0,0,0,0,53,109174,-15451,3925,19376,4
White,DEF,Arsenal,10,36,20,1,False,2026-09-12T19:00:00Z,0,2,4,45,0,0,0,0,0,0,0,0,0,0,0,4,4.2,0.8,6.0,1.1,1,0.00,0.00,0.00,0.23,1,0,2,3,55,815166,6399,123355,116956,4
Mosquera,DEF,Arsenal,11,36,20,0,False,2026-09-12T19:00:00Z,0,2,4,0,0,0,0,0,0,0,0,0,0,0,0,0,0.0,0.0,0.0,0.0,0,0.00,0.00,0.00,0.00,0,0,0,0,54,248830,-201802,733,202535,4
Saka,MID,Arsenal,12,36,20,8,False,2026-09-12T19:00:00Z,0,2,4,90,1,0,1,0,0,0,0,0,0,0,0,28,45.4,16.9,57.0,11.9,1,1.38,0.08,1.46,1.80,2,4,1,7,95,1257689,64680,213086,148406,4
Rice,MID,Arsenal,13,36,20,6,False,2026-09-12T19:00:00Z,0,2,4,80,0,1,1,0,0,0,0,0,0,0,0,27,45.0,36.4,0.0,8.1,1,0.00,0.37,0.37,1.41,6,2,2,10,74,1379844,-126667,25889,152556,4
Eze,MID,Arsenal,14,36,20,1,False,2026-09-12T19:00:00Z,0,2,4,9,0,0,0,0,0,0,0,0,0,0,0,3,0.2,0.0,2.0,0.2,0,0.00,0.00,0.00,0.40,0,0,0,0,63,125433,-25833,3906,29739,4
Ødegaard,MID,Arsenal,15,36,20,3,False,2026-09-12T19:00:00Z,0,2,4,84,0,0,1,0,0,0,0,0,0,0,0,26,19.4,58.2,2.0,8.0,1,0.00,0.25,0.25,1.80,1,3,1,5,67,2036643,702273,820232,117959,4
Madueke,MID,Arsenal,16,36,20,0,False,2026-09-12T19:00:00Z,0,2,4,0,0,0,0,0,0,0,0,0,0,0,0,0,0.0,0.0,0.0,0.0,0,0.00,0.00,0.00,0.00,0,0,0,0,63,23695,-3081,1399,4480,4
Merino,MID,Arsenal,17,36,20,1,False,2026-09-12T19:00:00Z,0,2,4,5,0,0,0,0,0,0,0,0,0,0,0,3,0.2,0.1,0.0,0.0,0,0.00,0.00,0.00,0.00,0,0,0,0,58,46215,-7941,1909,9850,4
Martinelli,MID,Arsenal,18,36,20,0,False,2026-09-12T19:00:00Z,0,2,4,0,0,0,0,0,0,0,0,0,0,0,0,0,0.0,0.0,0.0,0.0,0,0.00,0.00,0.00,0.00,0,0,0,0,63,9183,-6160,0,6160,4
Zubimendi,MID,Arsenal,19,36,20,1,False,2026-09-12T19:00:00Z,0,2,4,9,0,0,0,0,0,0,0,0,0,0,0,5,3.4,0.2,0.0,0.4,0,0.00,0.00,0.00,0.40,0,1,1,2,54,71283,-11465,1507,12972,4
Dowman,MID,Arsenal,20,36,20,0,False,2026-09-12T19:00:00Z,0,2,4,0,0,0,0,0,0,0,0,0,0,0,0,0,0.0,0.0,0.0,0.0,0,0.00,0.00,0.00,0.00,0,0,0,0,53,7072,-713,629,1342,4
Nwaneri,MID,Arsenal,22,36,20,0,False,2026-09-12T19:00:00Z,0,2,4,0,0,0,0,0,0,0,0,0,0,0,0,0,0.0,0.0,0.0,0.0,0,0.00,0.00,0.00,0.00,0,0,0,0,54,783,-333,0,333,4
Fábio Vieira,MID,Arsenal,23,36,20,0,False,2026-09-12T19:00:00Z,0,2,4,0,0,0,0,0,0,0,0,0,0,0,0,0,0.0,0.0,0.0,0.0,0,0.00,0.00,0.00,0.00,0,0,0,0,55,708,-265,0,265,4
Nelson,MID,Arsenal,24,36,20,0,False,2026-09-12T19:00:00Z,0,2,4,0,0,0,0,0,0,0,0,0,0,0,0,0,0.0,0.0,0.0,0.0,0,0.00,0.00,0.00,0.00,0,0,0,0,55,565,-113,0,113,4
Gyökeres,FWD,Arsenal,25,36,20,0,False,2026-09-12T19:00:00Z,0,2,4,0,0,0,0,0,0,0,0,0,0,0,0,0,0.0,0.0,0.0,0.0,0,0.00,0.00,0.00,0.00,0,0,0,0,72,388876,-92048,6130,98178,4
Havertz,FWD,Arsenal,26,36,20,1,False,2026-09-12T19:00:00Z,0,2,4,90,0,0,1,0,0,0,0,1,0,0,0,0,1.6,12.4,32.0,4.6,1,0.34,0.02,0.36,1.80,1,1,0,2,75,871717,118477,195764,77287,4
G.Jesus,FWD,Arsenal,27,36,20,0,False,2026-09-12T19:00:00Z,0,2,4,0,0,0,0,0,0,0,0,0,0,0,0,0,0.0,0.0,0.0,0.0,0,0.00,0.00,0.00,0.00,0,0,0,0,59,18614,-7696,0,7696,4
Konsa,DEF,Arsenal,31,36,20,6,False,2026-09-12T19:00:00Z,0,2,4,90,0,0,1,0,0,0,0,0,0,0,0,16,11.8,0.2,0.0,1.2,1,0.00,0.00,0.00,1.80,6,1,2,8,45,1867300,612675,709520,96845,4
Bruno G.,MID,Arsenal,452,36,20,7,False,2026-09-12T19:00:00Z,0,2,4,45,1,0,0,0,0,0,0,0,0,0,1,29,35.4,3.9,11.0,5.0,0,0.09,0.14,0.23,1.57,1,1,1,3,68,181073,-35502,2351,37853,4
Danso,DEF,Sunderland,501,36,1,1,True,2026-09-12T19:00:00Z,0,2,4,90,0,0,0,2,0,0,0,0,0,0,0,6,16.8,11.0,2.0,3.0,1,0.00,0.08,0.08,1.88,4,3,0,4,50,16781,-179,1568,1747,4
Roefs,GK,Sunderland,529,36,1,2,True,2026-09-12T19:00:00Z,0,2,4,90,0,0,0,2,0,0,0,0,0,3,0,9,27.2,0.0,0.0,2.7,1,0.00,0.00,0.00,1.88,1,3,0,0,50,301456,-47961,2287,50248,4
Patterson,GK,Sunderland,530,36,1,0,True,2026-09-12T19:00:00Z,0,2,4,0,0,0,0,0,0,0,0,0,0,0,0,0,0.0,0.0,0.0,0.0,0,0.00,0.00,0.00,0.00,0,0,0,0,40,13568,-986,0,986,4
Ellborg,GK,Sunderland,531,36,1,0,True,2026-09-12T19:00:00Z,0,2,4,0,0,0,0,0,0,0,0,0,0,0,0,0,0.0,0.0,0.0,0.0,0,0.00,0.00,0.00,0.00,0,0,0,0,45,8559,-491,235,726,4
Ballard,DEF,Sunderland,532,36,1,0,True,2026-09-12T19:00:00Z,0,2,4,90,0,0,0,2,0,0,0,1,0,0,0,0,9.0,10.8,9.0,2.9,1,0.08,0.01,0.09,1.88,5,3,1,6,49,317274,-96106,7170,103276,4
Mukiele,DEF,Sunderland,533,36,1,0,True,2026-09-12T19:00:00Z,0,2,4,90,0,0,0,2,0,0,0,1,0,0,0,-5,10.4,4.9,46.0,6.1,1,0.70,0.02,0.72,1.88,3,3,3,6,55,227847,-21852,6912,28764,4
Hume,DEF,Sunderland,534,36,1,0,True,2026-09-12T19:00:00Z,0,2,4,0,0,0,0,0,0,0,0,0,0,0,0,0,0.0,0.0,0.0,0.0,0,0.00,0.00,0.00,0.00,0,0,0,0,44,392084,-149674,3636,153310,4
Alderete,DEF,Sunderland,535,36,1,0,True,2026-09-12T19:00:00Z,0,2,4,0,0,0,0,0,0,0,0,0,0,0,0,0,0.0,0.0,0.0,0.0,0,0.00,0.00,0.00,0.00,0,0,0,0,49,29356,-6355,401,6756,4
Reinildo,DEF,Sunderland,536,36,1,-2,True,2026-09-12T19:00:00Z,0,2,4,90,0,0,0,2,0,0,0,0,1,0,0,-12,0.0,1.4,0.0,0.0,1,0.00,0.01,0.01,1.09,6,3,1,7,45,37836,-4352,780,5132,4
Seelt,DEF,Sunderland,537,36,1,0,True,2026-09-12T19:00:00Z,0,2,4,0,0,0,0,0,0,0,0,0,0,0,0,0,0.0,0.0,0.0,0.0,0,0.00,0.00,0.00,0.00,0,0,0,0,45,612,-100,0,100,4
Hjelde,DEF,Sunderland,538,36,1,0,True,2026-09-12T19:00:00Z,0,2,4,0,0,0,0,0,0,0,0,0,0,0,0,0,0.0,0.0,0.0,0.0,0,0.00,0.00,0.00,0.00,0,0,0,0,40,4107,-403,0,403,4
O'Nien,DEF,Sunderland,539,36,1,0,True,2026-09-12T19:00:00Z,0,2,4,0,0,0,0,0,0,0,0,0,0,0,0,0,0.0,0.0,0.0,0.0,0,0.00,0.00,0.00,0.00,0,0,0,0,40,279659,-31354,2683,34037,4
Masuaku,DEF,Sunderland,540,36,1,0,True,2026-09-12T19:00:00Z,0,2,4,0,0,0,0,0,0,0,0,0,0,0,0,0,0.0,0.0,0.0,0.0,0,0.00,0.00,0.00,0.00,0,0,0,0,40,15823,-1719,0,1719,4
Meunier,DEF,Sunderland,541,36,1,2,True,2026-09-12T19:00:00Z,0,2,4,75,0,0,0,1,0,0,0,0,0,0,0,5,5.8,1.8,15.0,2.3,1,0.13,0.00,0.13,1.09,2,4,0,2,45,29243,-1785,781,2566,4
E.Le Fée,MID,Sunderland,542,36,1,0,True,2026-09-12T19:00:00Z,0,2,4,90,0,0,0,2,0,0,1,0,0,0,0,6,6.8,29.7,26.0,6.3,1,0.85,0.59,1.44,1.88,0,4,0,4,58,448859,-137433,9125,146558,4
Diarra,MID,Sunderland,543,36,1,0,True,2026-09-12T19:00:00Z,0,2,4,0,0,0,0,0,0,0,0,0,0,0,0,0,0.0,0.0,0.0,0.0,0,0.00,0.00,0.00,0.00,0,0,0,0,54,3263,-1501,27,1528,4
Xhaka,MID,Sunderland,544,36,1,1,True,2026-09-12T19:00:00Z,0,2,4,90,0,0,0,2,0,0,0,1,0,0,0,19,14.6,44.0,0.0,5.9,1,0.00,0.37,0.37,1.88,2,8,1,11,55,442948,-37779,23504,61283,4
Sadiki,MID,Sunderland,545,36,1,2,True,2026-09-12T19:00:00Z,0,2,4,90,0,0,0,2,0,0,0,0,0,0,0,11,11.0,1.3,1.0,1.3,1,0.04,0.00,0.04,1.88,4,3,3,10,49,26156,-3819,1090,4909,4
Adingra,MID,Sunderland,546,36,1,0,True,2026-09-12T19:00:00Z,0,2,4,0,0,0,0,0,0,0,0,0,0,0,0,0,0.0,0.0,0.0,0.0,0,0.00,0.00,0.00,0.00,0,0,0,0,49,3324,-1088,0,1088,4
Mundle,MID,Sunderland,547,36,1,0,True,2026-09-12T19:00:00Z,0,2,4,0,0,0,0,0,0,0,0,0,0,0,0,0,0.0,0.0,0.0,0.0,0,0.00,0.00,0.00,0.00,0,0,0,0,49,691,-146,53,199,4
Rigg,MID,Sunderland,548,36,1,0,True,2026-09-12T19:00:00Z,0,2,4,0,0,0,0,0,0,0,0,0,0,0,0,0,0.0,0.0,0.0,0.0,0,0.00,0.00,0.00,0.00,0,0,0,0,49,5378,-504,130,634,4
Talbi,MID,Sunderland,549,36,1,0,True,2026-09-12T19:00:00Z,0,2,4,0,0,0,0,0,0,0,0,0,0,0,0,0,0.0,0.0,0.0,0.0,0,0.00,0.00,0.00,0.00,0,0,0,0,54,15167,-2338,214,2552,4
Jocelin.T,MID,Sunderland,550,36,1,0,True,2026-09-12T19:00:00Z,0,2,4,0,0,0,0,0,0,0,0,0,0,0,0,0,0.0,0.0,0.0,0.0,0,0.00,0.00,0.00,0.00,0,0,0,0,50,630,-12,79,91,4
N.Angulo,MID,Sunderland,551,36,1,2,True,2026-09-12T19:00:00Z,0,2,4,69,0,0,0,1,0,0,0,0,0,0,0,7,2.2,0.9,2.0,0.5,1,0.00,0.00,0.00,0.81,0,1,2,3,50,14020,-1700,1450,3150,4
Brobbey,FWD,Sunderland,552,36,1,1,True,2026-09-12T19:00:00Z,0,2,4,90,0,0,0,2,0,0,0,1,0,0,0,4,0.0,11.5,14.0,2.4,1,0.00,0.01,0.01,1.88,0,4,0,4,58,701070,-246486,13895,260381,4
Isidor,FWD,Sunderland,553,36,1,1,True,2026-09-12T19:00:00Z,0,2,4,20,0,0,0,1,0,0,0,0,0,0,0,1,1.2,0.1,0.0,0.1,0,0.00,0.00,0.00,1.07,0,0,1,1,55,163059,25312,47557,22245,4
Tzolis,MID,Arsenal,557,36,20,3,False,2026-09-12T19:00:00Z,0,2,4,80,0,0,1,0,0,0,0,0,0,0,0,10,3.8,7.3,2.0,1.3,1,0.00,0.13,0.13,1.41,1,1,1,3,64,1659753,-328555,82691,411246,4
Methalie,DEF,Sunderland,612,36,1,0,True,2026-09-12T19:00:00Z,0,2,4,0,0,0,0,0,0,0,0,0,0,0,0,0,0.0,0.0,0.0,0.0,0,0.00,0.00,0.00,0.00,0,0,0,0,45,710,-16,187,203,4
Ahoka,MID,Sunderland,613,36,1,0,True,2026-09-12T19:00:00Z,0,2,4,0,0,0,0,0,0,0,0,0,0,0,0,0,0.0,0.0,0.0,0.0,0,0.00,0.00,0.00,0.00,0,0,0,0,45,29307,2550,6933,4383,4
Fofana,MID,Sunderland,646,36,1,1,True,2026-09-12T19:00:00Z,0,2,4,14,0,0,0,1,0,0,0,0,0,0,0,2,0.0,0.8,6.0,0.6,0,0.00,0.00,0.00,0.79,0,0,0,0,55,3125,636,1193,557,4
J.Angulo,FWD,Sunderland,651,36,1,0,True,2026-09-12T19:00:00Z,0,2,4,0,0,0,0,0,0,0,0,0,0,0,0,0,0.0,0.0,0.0,0.0,0,0.00,0.00,0.00,0.00,0,0,0,0,45,53783,22849,32385,9536,4
Nørgaard,MID,Everton,21,37,19,0,False,2026-09-12T16:30:00Z,0,0,4,0,0,0,0,0,0,0,0,0,0,0,0,0,0.0,0.0,0.0,0.0,0,0.00,0.00,0.00,0.00,0,0,0,0,49,5295,-1199,83,1282,4
Van Hecke,DEF,Spurs,112,37,9,8,True,2026-09-12T16:30:00Z,0,0,4,90,0,0,1,0,0,0,0,0,0,0,0,27,38.4,15.2,7.0,6.1,1,0.14,0.05,0.19,1.11,11,2,2,13,49,718579,-45526,37570,83096,4
Tosin,DEF,Spurs,147,37,9,1,True,2026-09-12T16:30:00Z,0,0,4,5,0,0,0,0,0,0,0,0,0,0,0,5,9.0,0.2,0.0,0.9,0,0.00,0.00,0.00,0.03,2,1,2,4,44,17024,-999,639,1638,4
Johnson,MID,Everton,209,37,19,3,False,2026-09-12T16:30:00Z,0,0,4,74,0,0,1,0,0,0,0,0,0,0,0,13,11.2,29.0,6.0,4.6,1,0.16,0.18,0.34,0.43,2,2,2,6,59,12460,-1128,1069,2197,4
Pickford,GK,Everton,226,37,19,6,False,2026-09-12T16:30:00Z,0,0,4,90,0,0,1,0,0,0,0,0,0,2,0,25,11.6,0.0,0.0,1.2,1,0.00,0.00,0.00,0.69,2,11,0,0,55,922558,792,69771,68979,4
Travers,GK,Everton,227,37,19,0,False,2026-09-12T16:30:00Z,0,0,4,0,0,0,0,0,0,0,0,0,0,0,0,0,0.0,0.0,0.0,0.0,0,0.00,0.00,0.00,0.00,0,0,0,0,50,3798,-29,410,439,4
King,GK,Everton,228,37,19,0,False,2026-09-12T16:30:00Z,0,0,4,0,0,0,0,0,0,0,0,0,0,0,0,0,0.0,0.0,0.0,0.0,0,0.00,0.00,0.00,0.00,0,0,0,0,45,4562,-100,278,378,4
Tarkowski,DEF,Everton,229,37,19,8,False,2026-09-12T16:30:00Z,0,0,4,90,0,0,1,0,0,0,0,0,0,0,2,32,19.2,1.8,0.0,2.1,1,0.00,0.01,0.01,0.69,3,3,5,8,60,1237976,71807,163569,91762,4
Branthwaite,DEF,Everton,230,37,19,6,False,2026-09-12T16:30:00Z,0,0,4,90,0,0,1,0,0,0,0,0,0,0,0,27,30.0,3.4,0.0,3.3,1,0.00,0.00,0.00,0.69,8,2,1,9,55,206240,14503,35472,20969,4
Keane,DEF,Everton,231,37,19,0,False,2026-09-12T16:30:00Z,0,0,4,0,0,0,0,0,0,0,0,0,0,0,0,0,0.0,0.0,0.0,0.0,0,0.00,0.00,0.00,0.00,0,0,0,0,49,92288,-15433,1268,16701,4
O'Brien,DEF,Everton,232,37,19,1,False,2026-09-12T16:30:00Z,0,0,4,15,0,0,0,0,0,0,0,0,0,0,0,2,1.0,0.0,0.0,0.1,0,0.00,0.00,0.00,0.26,1,1,0,1,49,31964,-3863,666,4529,4
Mykolenko,DEF,Everton,233,37,19,11,False,2026-09-12T16:30:00Z,0,0,4,90,0,0,1,0,0,0,0,0,0,0,3,38,24.4,11.3,4.0,4.0,1,0.00,0.07,0.07,0.69,4,4,7,11,45,216365,33677,70682,37005,4
Patterson,DEF,Everton,234,37,19,0,False,2026-09-12T16:30:00Z,0,0,4,0,0,0,0,0,0,0,0,0,0,0,0,0,0.0,0.0,0.0,0.0,0,0.00,0.00,0.00,0.00,0,0,0,0,45,1949,-744,0,744,4
Aznou,DEF,Everton,235,37,19,0,False,2026-09-12T16:30:00Z,0,0,4,0,0,0,0,0,0,0,0,0,0,0,0,0,0.0,0.0,0.0,0.0,0,0.00,0.00,0.00,0.00,0,0,0,0,40,11804,-3078,0,3078,4
Dewsbury-Hall,MID,Everton,236,37,19,2,False,2026-09-12T16:30:00Z,0,0,4,90,0,0,1,0,0,0,0,1,0,0,0,16,15.0,19.0,28.0,6.2,1,0.17,0.09,0.26,0.69,2,4,0,6,65,497656,41220,141140,99920,4
Grealish,MID,Everton,238,37,19,1,False,2026-09-12T16:30:00Z,0,0,4,25,0,0,0,0,0,0,0,0,0,0,0,4,3.4,1.2,2.0,0.7,0,0.00,0.01,0.01,0.30,2,1,1,4,65,42527,9697,16008,6311,4
Garner,MID,Everton,239,37,19,4,False,2026-09-12T16:30:00Z,0,0,4,90,0,0,1,0,0,0,0,1,0,0,0,23,23.6,5.1,7.0,3.6,1,0.04,0.02,0.06,0.69,3,8,6,17,60,13037,-1024,2679,3703,4
George,MID,Everton,242,37,19,3,False,2026-09-12T16:30:00Z,0,0,4,64,0,0,1,0,0,0,0,0,0,0,0,13,6.4,15.4,5.0,2.7,1,0.05,0.15,0.20,0.39,1,2,0,3,55,67366,36647,50072,13425,4
Alcaraz,MID,Everton,243,37,19,0,False,2026-09-12T16:30:00Z,0,0,4,0,0,0,0,0,0,0,0,0,0,0,0,0,0.0,0.0,0.0,0.0,0,0.00,0.00,0.00,0.00,0,0,0,0,49,8215,-731,594,1325,4
Armstrong,MID,Everton,244,37,19,3,False,2026-09-12T16:30:00Z,0,0,4,90,0,0,1,0,0,0,0,0,0,0,0,6,12.4,4.5,2.0,1.9,1,0.00,0.02,0.02,0.69,3,2,0,5,50,46365,4105,12956,8851,4
Dibling,MID,Everton,245,37,19,0,False,2026-09-12T16:30:00Z,0,0,4,0,0,0,0,0,0,0,0,0,0,0,0,0,0.0,0.0,0.0,0.0,0,0.00,0.00,0.00,0.00,0,0,0,0,54,3002,-295,210,505,4
Röhl,MID,Everton,246,37,19,0,False,2026-09-12T16:30:00Z,0,0,4,0,0,0,0,0,0,0,0,0,0,0,0,0,0.0,0.0,0.0,0.0,0,0.00,0.00,0.00,0.00,0,0,0,0,50,5016,-469,572,1041,4
Hackney,MID,Everton,247,37,19,1,False,2026-09-12T16:30:00Z,0,0,4,15,0,0,0,0,0,0,0,0,0,0,0,3,3.2,10.8,4.0,1.8,0,0.00,0.02,0.02,0.26,1,0,0,1,55,21723,-480,1482,1962,4
Beto,FWD,Everton,248,37,19,0,False,2026-09-12T16:30:00Z,0,0,4,0,0,0,0,0,0,0,0,0,0,0,0,0,0.0,0.0,0.0,0.0,0,0.00,0.00,0.00,0.00,0,0,0,0,54,94922,-62064,0,62064,4
Barry,FWD,Everton,249,37,19,2,False,2026-09-12T16:30:00Z,0,0,4,90,0,0,1,0,0,0,0,0,0,0,0,5,3.2,14.0,57.0,7.4,1,0.67,0.03,0.70,0.69,1,1,0,2,56,666569,153695,273770,120075,4
Marmoush,FWD,Spurs,401,37,9,2,True,2026-09-12T16:30:00Z,0,0,4,76,0,0,1,0,0,0,0,0,0,0,0,9,3.2,11.6,14.0,2.9,1,0.02,0.03,0.05,1.08,0,5,0,5,70,250023,6113,46956,40843,4
Sávio,MID,Spurs,403,37,9,3,True,2026-09-12T16:30:00Z,0,0,4,90,0,0,1,0,0,0,0,0,0,0,0,22,20.8,53.7,28.0,10.3,1,0.10,0.26,0.36,1.11,1,5,0,6,65,75171,-583,13225,13808,4
Tonali,MID,Spurs,455,37,9,3,True,2026-09-12T16:30:00Z,0,0,4,90,0,0,1,0,0,0,0,0,0,0,0,16,12.2,30.7,6.0,4.9,1,0.09,0.31,0.40,1.11,5,6,0,11,54,265893,-31266,12899,44165,4
Vicario,GK,Spurs,494,37,9,0,True,2026-09-12T16:30:00Z,0,0,4,0,0,0,0,0,0,0,0,0,0,0,0,0,0.0,0.0,0.0,0.0,0,0.00,0.00,0.00,0.00,0,0,0,0,45,16026,-2498,0,2498,4
Austin,GK,Spurs,495,37,9,0,True,2026-09-12T16:30:00Z,0,0,4,0,0,0,0,0,0,0,0,0,0,0,0,0,0.0,0.0,0.0,0.0,0,0.00,0.00,0.00,0.00,0,0,0,0,40,108986,2998,8583,5585,4
Kinsky,GK,Spurs,496,37,9,7,True,2026-09-12T16:30:00Z,0,0,4,90,0,0,1,0,0,0,0,0,0,3,0,29,19.8,0.0,0.0,2.0,1,0.00,0.00,0.00,1.11,4,3,0,0,45,1930350,-84513,146399,230912,4
Dubravka,GK,Spurs,497,37,9,0,True,2026-09-12T16:30:00Z,0,0,4,0,0,0,0,0,0,0,0,0,0,0,0,0,0.0,0.0,0.0,0.0,0,0.00,0.00,0.00,0.00,0,0,0,0,40,1929614,19545,144708,125163,4
Senesi,DEF,Spurs,498,37,9,0,True,2026-09-12T16:30:00Z,0,0,4,0,0,0,0,0,0,0,0,0,0,0,0,0,0.0,0.0,0.0,0.0,0,0.00,0.00,0.00,0.00,0,0,0,0,59,468891,-104635,4311,108946,4
Pedro Porro,DEF,Spurs,499,37,9,0,True,2026-09-12T16:30:00Z,0,0,4,0,0,0,0,0,0,0,0,0,0,0,0,0,0.0,0.0,0.0,0.0,0,0.00,0.00,0.00,0.00,0,0,0,0,55,1130296,-80703,48477,129180,4
Romero,DEF,Spurs,500,37,9,0,True,2026-09-12T16:30:00Z,0,0,4,0,0,0,0,0,0,0,0,0,0,0,0,0,0.0,0.0,0.0,0.0,0,0.00,0.00,0.00,0.00,0,0,0,0,50,10093,-1362,0,1362,4
Robertson,DEF,Spurs,502,37,9,7,True,2026-09-12T16:30:00Z,0,0,4,90,0,0,1,0,0,0,0,0,0,0,1,30,10.8,31.5,8.0,5.0,1,0.07,0.09,0.16,1.11,2,3,0,2,44,278552,-57673,5647,63320,4
Van de Ven,DEF,Spurs,503,37,9,6,True,2026-09-12T16:30:00Z,0,0,4,90,0,0,1,0,0,0,0,0,0,0,0,27,15.0,3.1,0.0,1.8,1,0.00,0.02,0.02,1.11,6,4,0,6,50,414668,10120,33873,23753,4
Spence,DEF,Spurs,505,37,9,0,True,2026-09-12T16:30:00Z,0,0,4,0,0,0,0,0,0,0,0,0,0,0,0,0,0.0,0.0,0.0,0.0,0,0.00,0.00,0.00,0.00,0,0,0,0,45,28187,-5357,0,5357,4
Udogie,DEF,Spurs,506,37,9,0,True,2026-09-12T16:30:00Z,0,0,4,0,0,0,0,0,0,0,0,0,0,0,0,0,0.0,0.0,0.0,0.0,0,0.00,0.00,0.00,0.00,0,0,0,0,45,41192,-2914,1478,4392,4
Phillips,DEF,Spurs,507,37,9,0,True,2026-09-12T16:30:00Z,0,0,4,0,0,0,0,0,0,0,0,0,0,0,0,0,0.0,0.0,0.0,0.0,0,0.00,0.00,0.00,0.00,0,0,0,0,45,1474,-139,0,139,4
Davies,DEF,Spurs,508,37,9,0,True,2026-09-12T16:30:00Z,0,0,4,0,0,0,0,0,0,0,0,0,0,0,0,0,0.0,0.0,0.0,0.0,0,0.00,0.00,0.00,0.00,0,0,0,0,40,93661,-6385,2570,8955,4
Byfield,DEF,Spurs,509,37,9,0,True,2026-09-12T16:30:00Z,0,0,4,0,0,0,0,0,0,0,0,0,0,0,0,0,0.0,0.0,0.0,0.0,0,0.00,0.00,0.00,0.00,0,0,0,0,40,6533,56,621,565,4
Rowswell,DEF,Spurs,510,37,9,0,True,2026-09-12T16:30:00Z,0,0,4,0,0,0,0,0,0,0,0,0,0,0,0,0,0.0,0.0,0.0,0.0,0,0.00,0.00,0.00,0.00,0,0,0,0,40,9696,64,824,760,4
Souza,DEF,Spurs,511,37,9,0,True,2026-09-12T16:30:00Z,0,0,4,0,0,0,0,0,0,0,0,0,0,0,0,0,0.0,0.0,0.0,0.0,0,0.00,0.00,0.00,0.00,0,0,0,0,40,20460,-4759,0,4759,4
Kudus,MID,Spurs,512,37,9,1,True,2026-09-12T16:30:00Z,0,0,4,27,0,0,0,0,0,0,0,0,0,0,0,8,6.0,12.8,6.0,2.5,0,0.00,0.05,0.05,0.44,0,1,1,2,65,14250,545,3198,2653,4
Xavi,MID,Spurs,513,37,9,0,True,2026-09-12T16:30:00Z,0,0,4,0,0,0,0,0,0,0,0,0,0,0,0,0,0.0,0.0,0.0,0.0,0,0.00,0.00,0.00,0.00,0,0,0,0,59,1311,-108,86,194,4
Tel,MID,Spurs,514,37,9,1,True,2026-09-12T16:30:00Z,0,0,4,27,0,0,0,0,0,0,0,0,0,0,0,3,0.6,3.2,9.0,1.3,0,0.01,0.09,0.10,0.44,0,0,0,0,58,26160,-6570,1812,8382,4
Maddison,MID,Spurs,515,37,9,1,True,2026-09-12T16:30:00Z,0,0,4,13,0,0,0,0,0,0,0,0,0,0,0,3,6.8,3.8,0.0,1.1,0,0.00,0.01,0.01,0.03,2,1,0,3,63,45874,-13096,447,13543,4
Bentancur,MID,Spurs,516,37,9,3,True,2026-09-12T16:30:00Z,0,0,4,62,0,0,1,0,0,0,0,0,0,0,0,15,22.6,7.9,0.0,3.1,1,0.00,0.04,0.04,0.67,5,2,3,10,55,18318,-172,1225,1397,4
Odobert,MID,Spurs,517,37,9,0,True,2026-09-12T16:30:00Z,0,0,4,0,0,0,0,0,0,0,0,0,0,0,0,0,0.0,0.0,0.0,0.0,0,0.00,0.00,0.00,0.00,0,0,0,0,55,143,18,36,18,4
P.M.Sarr,MID,Spurs,518,37,9,0,True,2026-09-12T16:30:00Z,0,0,4,0,0,0,0,0,0,0,0,0,0,0,0,0,0.0,0.0,0.0,0.0,0,0.00,0.00,0.00,0.00,0,0,0,0,49,10250,-4648,0,4648,4
Gallagher,MID,Spurs,519,37,9,0,True,2026-09-12T16:30:00Z,0,0,4,0,0,0,0,0,0,0,0,0,0,0,0,0,0.0,0.0,0.0,0.0,0,0.00,0.00,0.00,0.00,0,0,0,0,54,21226,-1744,812,2556,4
Bergvall,MID,Spurs,520,37,9,1,True,2026-09-12T16:30:00Z,0,0,4,27,0,0,0,0,0,0,0,0,0,0,0,8,8.0,7.9,7.0,2.3,0,0.06,0.25,0.31,0.44,1,2,1,4,54,16379,-1664,319,1983,4
Kulusevski,MID,Spurs,521,37,9,0,True,2026-09-12T16:30:00Z,0,0,4,0,0,0,0,0,0,0,0,0,0,0,0,0,0.0,0.0,0.0,0.0,0,0.00,0.00,0.00,0.00,0,0,0,0,65,894,-73,81,154,4
Gray,MID,Spurs,522,37,9,3,True,2026-09-12T16:30:00Z,0,0,4,84,0,0,1,0,0,0,0,0,0,0,0,13,9.6,6.7,10.0,2.6,1,0.09,0.03,0.12,1.08,4,5,2,11,50,19703,-2439,876,3315,4
Moore,MID,Spurs,523,37,9,0,True,2026-09-12T16:30:00Z,0,0,4,0,0,0,0,0,0,0,0,0,0,0,0,0,0.0,0.0,0.0,0.0,0,0.00,0.00,0.00,0.00,0,0,0,0,50,8137,-5490,0,5490,4
Olusesi,MID,Spurs,524,37,9,0,True,2026-09-12T16:30:00Z,0,0,4,0,0,0,0,0,0,0,0,0,0,0,0,0,0.0,0.0,0.0,0.0,0,0.00,0.00,0.00,0.00,0,0,0,0,44,93913,5676,13763,8087,4
Fernandes,MID,Spurs,525,37,9,3,True,2026-09-12T16:30:00Z,0,0,4,62,0,0,1,0,0,0,0,0,0,0,0,15,3.0,13.0,22.0,3.8,1,0.11,0.03,0.14,0.67,0,2,2,4,58,98672,-27969,1839,29808,4
Solanke,FWD,Spurs,526,37,9,2,True,2026-09-12T16:30:00Z,0,0,4,62,0,0,1,0,0,0,0,0,0,0,0,4,0.0,4.3,6.0,0.8,1,0.00,0.01,0.01,0.67,0,2,0,2,59,96682,-14059,5756,19815,4
Richarlison,FWD,Spurs,527,37,9,0,True,2026-09-12T16:30:00Z,0,0,4,0,0,0,0,0,0,0,0,0,0,0,0,0,0.0,0.0,0.0,0.0,0,0.00,0.00,0.00,0.00,0,0,0,0,59,94527,-69368,0,69368,4
Scarlett,FWD,Spurs,528,37,9,0,True,2026-09-12T16:30:00Z,0,0,4,0,0,0,0,0,0,0,0,0,0,0,0,0,0.0,0.0,0.0,0.0,0,0.00,0.00,0.00,0.00,0,0,0,0,45,142066,-31099,0,31099,4
Mudryk,MID,Spurs,578,37,9,0,True,2026-09-12T16:30:00Z,0,0,4,0,0,0,0,0,0,0,0,0,0,0,0,0,0.0,0.0,0.0,0.0,0,0.00,0.00,0.00,0.00,0,0,0,0,54,6691,-670,1620,2290,4
Williams-Barnett,MID,Spurs,601,37,9,0,True,2026-09-12T16:30:00Z,0,0,4,0,0,0,0,0,0,0,0,0,0,0,0,0,0.0,0.0,0.0,0.0,0,0.00,0.00,0.00,0.00,0,0,0,0,45,14941,403,2324,1921,4
Maitland-Niles,DEF,Everton,649,37,19,6,False,2026-09-12T16:30:00Z,0,0,4,74,0,0,1,0,0,0,0,0,0,0,0,23,10.0,12.0,1.0,2.3,1,0.03,0.14,0.17,0.43,3,4,2,5,45,30581,14703,18405,3702,4
Graham,MID,Everton,654,37,19,0,False,2026-09-12T16:30:00Z,0,0,4,0,0,0,0,0,0,0,0,0,0,0,0,0,0.0,0.0,0.0,0.0,0,0.00,0.00,0.00,0.00,0,0,0,0,45,17369,7400,9461,2061,4
Pinnock,DEF,Coventry City,91,38,5,2,True,2026-09-13T13:00:00Z,0,5,4,90,0,0,0,5,0,0,0,0,0,0,0,-11,18.0,0.7,4.0,2.3,1,0.01,0.00,0.01,2.81,8,1,2,10,45,7467,-82,688,770,4
Onyeka,MID,Coventry City,104,38,5,2,True,2026-09-13T13:00:00Z,0,5,4,72,0,0,0,3,0,0,0,0,0,0,0,11,6.2,0.9,21.0,2.8,1,0.03,0.01,0.04,2.16,2,4,1,7,49,11832,-1084,629,1713,4
Verbruggen,GK,Brighton,109,38,7,8,False,2026-09-13T13:00:00Z,0,5,4,90,0,0,1,0,0,0,0,0,0,6,0,39,47.8,0.0,0.0,4.8,1,0.00,0.00,0.00,1.33,3,7,0,0,45,2390519,51727,248699,196972,4
Rushworth,GK,Coventry City,110,38,5,0,True,2026-09-13T13:00:00Z,0,5,4,90,0,0,0,5,0,0,0,0,0,2,0,-5,18.0,0.0,0.0,1.8,1,0.00,0.01,0.01,2.81,1,11,0,0,45,95177,-11337,5350,16687,4
Steele,GK,Brighton,111,38,7,0,False,2026-09-13T13:00:00Z,0,5,4,0,0,0,0,0,0,0,0,0,0,0,0,0,0.0,0.0,0.0,0.0,0,0.00,0.00,0.00,0.00,0,0,0,0,40,460442,10916,46956,36040,4
F.Kadıoğlu,DEF,Brighton,113,38,7,6,False,2026-09-13T13:00:00Z,0,5,4,90,0,0,1,0,0,0,0,0,0,0,0,24,6.4,15.4,0.0,2.2,1,0.00,0.09,0.09,1.33,2,1,0,2,44,186000,-18414,6832,25246,4
Boscagli,DEF,Brighton,114,38,7,6,False,2026-09-13T13:00:00Z,0,5,4,77,0,0,1,0,0,0,0,0,0,0,0,25,11.6,14.3,2.0,2.8,1,0.01,0.03,0.04,1.11,8,5,1,9,45,30469,-585,2439,3024,4
De Cuyper,DEF,Brighton,115,38,7,11,False,2026-09-13T13:00:00Z,0,5,4,90,0,1,1,0,0,0,0,0,0,0,2,41,24.8,46.9,3.0,7.5,1,0.03,0.04,0.07,1.33,1,4,0,1,48,2489501,509874,640942,131068,4
Dunk,DEF,Brighton,116,38,7,12,False,2026-09-13T13:00:00Z,0,5,4,90,1,0,1,0,0,0,0,0,0,0,0,39,57.2,4.3,7.0,6.9,1,0.03,0.03,0.06,1.33,5,2,1,6,45,148520,9404,19779,10375,4
Coppola,DEF,Brighton,117,38,7,0,False,2026-09-13T13:00:00Z,0,5,4,0,0,0,0,0,0,0,0,0,0,0,0,0,0.0,0.0,0.0,0.0,0,0.00,0.00,0.00,0.00,0,0,0,0,45,2061,-50,180,230,4
Igor,DEF,Brighton,118,38,7,0,False,2026-09-13T13:00:00Z,0,5,4,0,0,0,0,0,0,0,0,0,0,0,0,0,0.0,0.0,0.0,0.0,0,0.00,0.00,0.00,0.00,0,0,0,0,45,5099,-1990,0,1990,4
Costinha,DEF,Brighton,119,38,7,1,False,2026-09-13T13:00:00Z,0,5,4,6,0,0,0,0,0,0,0,0,0,0,0,3,1.2,0.3,0.0,0.2,0,0.00,0.00,0.00,0.04,1,1,0,1,45,3722,-117,204,321,4
Svoboda,DEF,Brighton,120,38,7,0,False,2026-09-13T13:00:00Z,0,5,4,0,0,0,0,0,0,0,0,0,0,0,0,0,0.0,0.0,0.0,0.0,0,0.00,0.00,0.00,0.00,0,0,0,0,50,5997,4,898,894,4
Mitoma,MID,Brighton,121,38,7,0,False,2026-09-13T13:00:00Z,0,5,4,0,0,0,0,0,0,0,0,0,0,0,0,0,0.0,0.0,0.0,0.0,0,0.00,0.00,0.00,0.00,0,0,0,0,59,3299,-383,74,457,4
Minteh,MID,Brighton,122,38,7,0,False,2026-09-13T13:00:00Z,0,5,4,0,0,0,0,0,0,0,0,0,0,0,0,0,0.0,0.0,0.0,0.0,0,0.00,0.00,0.00,0.00,0,0,0,0,59,3821,-716,35,751,4
Hinshelwood,MID,Brighton,123,38,7,0,False,2026-09-13T13:00:00Z,0,5,4,0,0,0,0,0,0,0,0,0,0,0,0,0,0.0,0.0,0.0,0.0,0,0.00,0.00,0.00,0.00,0,0,0,0,60,91458,-44735,1042,45777,4
Groß,MID,Brighton,124,38,7,17,False,2026-09-13T13:00:00Z,0,5,4,90,1,2,1,0,0,0,0,0,0,0,3,56,83.8,79.1,18.0,18.1,1,0.82,0.19,1.01,1.33,2,2,2,6,56,1745184,72242,283590,211348,4
Georginio,FWD,Brighton,125,38,7,0,False,2026-09-13T13:00:00Z,0,5,4,0,0,0,0,0,0,0,0,0,0,0,0,0,0.0,0.0,0.0,0.0,0,0.00,0.00,0.00,0.00,0,0,0,0,54,58474,-17412,1249,18661,4
O'Riley,MID,Brighton,126,38,7,1,False,2026-09-13T13:00:00Z,0,5,4,6,0,0,0,0,0,0,0,0,0,0,0,4,2.2,10.5,0.0,1.3,0,0.00,0.01,0.01,0.04,0,1,0,1,55,10605,-515,901,1416,4
Gomez,MID,Brighton,127,38,7,3,False,2026-09-13T13:00:00Z,0,5,4,83,0,0,1,0,0,0,0,0,0,0,0,6,2.4,9.0,9.0,2.0,1,0.14,0.06,0.20,1.30,1,2,0,3,50,522783,5076,107677,102601,4
Buonanotte,MID,Brighton,128,38,7,0,False,2026-09-13T13:00:00Z,0,5,4,0,0,0,0,0,0,0,0,0,0,0,0,0,0.0,0.0,0.0,0.0,0,0.00,0.00,0.00,0.00,0,0,0,0,50,223,-39,0,39,4
Ayari,MID,Brighton,129,38,7,8,False,2026-09-13T13:00:00Z,0,5,4,90,1,0,1,0,0,0,0,0,0,0,0,38,39.0,6.8,27.0,7.3,1,0.31,0.03,0.34,1.33,0,6,1,7,54,39911,-4206,2011,6217,4
Wieffer,DEF,Brighton,130,38,7,0,False,2026-09-13T13:00:00Z,0,5,4,0,0,0,0,0,0,0,0,0,0,0,0,0,0.0,0.0,0.0,0.0,0,0.00,0.00,0.00,0.00,0,0,0,0,50,26541,-18513,68,18581,4
Howell,MID,Brighton,132,38,7,0,False,2026-09-13T13:00:00Z,0,5,4,0,0,0,0,0,0,0,0,0,0,0,0,0,0.0,0.0,0.0,0.0,0,0.00,0.00,0.00,0.00,0,0,0,0,45,3658,-575,0,575,4
Watson,MID,Brighton,133,38,7,0,False,2026-09-13T13:00:00Z,0,5,4,0,0,0,0,0,0,0,0,0,0,0,0,0,0.0,0.0,0.0,0.0,0,0.00,0.00,0.00,0.00,0,0,0,0,50,122,-19,0,19,4
Oriola,MID,Brighton,134,38,7,0,False,2026-09-13T13:00:00Z,0,5,4,0,0,0,0,0,0,0,0,0,0,0,0,0,0.0,0.0,0.0,0.0,0,0.00,0.00,0.00,0.00,0,0,0,0,45,28553,-1093,2194,3287,4
Yohanna,MID,Brighton,135,38,7,0,False,2026-09-13T13:00:00Z,0,5,4,0,0,0,0,0,0,0,0,0,0,0,0,0,0.0,0.0,0.0,0.0,0,0.00,0.00,0.00,0.00,0,0,0,0,49,5076,-1135,318,1453,4
Tzimas,FWD,Brighton,137,38,7,0,False,2026-09-13T13:00:00Z,0,5,4,0,0,0,0,0,0,0,0,0,0,0,0,0,0.0,0.0,0.0,0.0,0,0.00,0.00,0.00,0.00,0,0,0,0,55,705,-82,70,152,4
Kostoulas,FWD,Brighton,138,38,7,10,False,2026-09-13T13:00:00Z,0,5,4,83,1,1,1,0,0,0,0,0,0,0,1,40,33.0,7.0,38.0,7.8,1,0.39,0.01,0.40,1.30,2,4,1,7,55,59839,7254,16416,9162,4
Ferguson,FWD,Brighton,139,38,7,0,False,2026-09-13T13:00:00Z,0,5,4,0,0,0,0,0,0,0,0,0,0,0,0,0,0.0,0.0,0.0,0.0,0,0.00,0.00,0.00,0.00,0,0,0,0,50,3222,-178,346,524,4
Dovin,GK,Coventry City,171,38,5,0,True,2026-09-13T13:00:00Z,0,5,4,0,0,0,0,0,0,0,0,0,0,0,0,0,0.0,0.0,0.0,0.0,0,0.00,0.00,0.00,0.00,0,0,0,0,40,122705,-18083,0,18083,4
Wilson,GK,Coventry City,172,38,5,0,True,2026-09-13T13:00:00Z,0,5,4,0,0,0,0,0,0,0,0,0,0,0,0,0,0.0,0.0,0.0,0.0,0,0.00,0.00,0.00,0.00,0,0,0,0,45,40175,-2072,242,2314,4
Thomas,DEF,Coventry City,173,38,5,0,True,2026-09-13T13:00:00Z,0,5,4,90,0,0,0,5,0,0,0,0,0,0,0,-17,6.8,0.4,23.0,3.0,1,0.19,0.07,0.26,2.81,8,2,0,8,40,1003377,70975,154241,83266,4
Kitching,DEF,Coventry City,174,38,5,0,True,2026-09-13T13:00:00Z,0,5,4,0,0,0,0,0,0,0,0,0,0,0,0,0,0.0,0.0,0.0,0.0,0,0.00,0.00,0.00,0.00,0,0,0,0,40,43580,-10533,0,10533,4
van Ewijk,DEF,Coventry City,175,38,5,0,True,2026-09-13T13:00:00Z,0,5,4,90,0,0,0,5,0,0,0,0,0,0,0,-5,18.8,11.6,4.0,3.4,1,0.00,0.04,0.04,2.81,6,3,1,7,40,1124770,-106326,32583,138909,4
Dasilva,DEF,Coventry City,176,38,5,0,True,2026-09-13T13:00:00Z,0,5,4,90,0,0,0,5,0,0,0,0,0,0,0,-7,12.8,26.0,0.0,3.9,1,0.00,0.33,0.33,2.81,3,3,0,3,40,77723,-2321,2492,4813,4
Kesler-Hayden,DEF,Coventry City,177,38,5,0,True,2026-09-13T13:00:00Z,0,5,4,0,0,0,0,0,0,0,0,0,0,0,0,0,0.0,0.0,0.0,0.0,0,0.00,0.00,0.00,0.00,0,0,0,0,40,4121,-596,114,710,4
Bidwell,DEF,Coventry City,178,38,5,0,True,2026-09-13T13:00:00Z,0,5,4,0,0,0,0,0,0,0,0,0,0,0,0,0,0.0,0.0,0.0,0.0,0,0.00,0.00,0.00,0.00,0,0,0,0,40,8754,-160,645,805,4
Latibeaudiere,DEF,Coventry City,179,38,5,0,True,2026-09-13T13:00:00Z,0,5,4,0,0,0,0,0,0,0,0,0,0,0,0,0,0.0,0.0,0.0,0.0,0,0.00,0.00,0.00,0.00,0,0,0,0,40,4073,-101,277,378,4
Woolfenden,DEF,Coventry City,180,38,5,0,True,2026-09-13T13:00:00Z,0,5,4,0,0,0,0,0,0,0,0,0,0,0,0,0,0.0,0.0,0.0,0.0,0,0.00,0.00,0.00,0.00,0,0,0,0,40,13479,-1447,375,1822,4
Brau,DEF,Coventry City,181,38,5,0,True,2026-09-13T13:00:00Z,0,5,4,0,0,0,0,0,0,0,0,0,0,0,0,0,0.0,0.0,0.0,0.0,0,0.00,0.00,0.00,0.00,0,0,0,0,40,2631,-477,0,477,4
Amenda,DEF,Coventry City,182,38,5,0,True,2026-09-13T13:00:00Z,0,5,4,90,0,0,0,5,0,0,0,0,0,0,0,-12,18.2,10.3,4.0,3.3,1,0.00,0.00,0.00,2.81,8,0,0,8,40,81299,-2035,3596,5631,4
Rudoni,MID,Coventry City,183,38,5,2,True,2026-09-13T13:00:00Z,0,5,4,72,0,0,0,3,0,0,0,0,0,0,0,11,10.8,55.5,25.0,9.1,1,0.33,0.73,1.06,2.16,2,3,0,5,50,11698,-812,965,1777,4
Grimes,MID,Coventry City,184,38,5,2,True,2026-09-13T13:00:00Z,0,5,4,83,0,0,0,4,0,0,0,0,0,0,0,9,5.6,5.8,2.0,1.3,1,0.05,0.02,0.07,2.60,1,1,1,3,50,14585,-2101,532,2633,4
Sakamoto,MID,Coventry City,185,38,5,0,True,2026-09-13T13:00:00Z,0,5,4,0,0,0,0,0,0,0,0,0,0,0,0,0,0.0,0.0,0.0,0.0,0,0.00,0.00,0.00,0.00,0,0,0,0,49,7657,-975,207,1182,4
Mason-Clark,MID,Coventry City,186,38,5,1,True,2026-09-13T13:00:00Z,0,5,4,59,0,0,0,2,0,0,0,0,0,0,0,5,6.0,1.0,44.0,5.1,1,0.49,0.01,0.50,1.37,2,2,0,4,54,9746,-780,222,1002,4
Eccles,MID,Coventry City,187,38,5,0,True,2026-09-13T13:00:00Z,0,5,4,0,0,0,0,0,0,0,0,0,0,0,0,0,0.0,0.0,0.0,0.0,0,0.00,0.00,0.00,0.00,0,0,0,0,49,1294,-249,93,342,4
Torp,MID,Coventry City,188,38,5,1,True,2026-09-13T13:00:00Z,0,5,4,6,0,0,0,1,0,0,0,0,0,0,0,3,0.4,0.4,0.0,0.1,0,0.00,0.00,0.00,0.21,0,0,0,0,54,11943,-1542,52,1594,4
Shepherd,MID,Coventry City,189,38,5,0,True,2026-09-13T13:00:00Z,0,5,4,0,0,0,0,0,0,0,0,0,0,0,0,0,0.0,0.0,0.0,0.0,0,0.00,0.00,0.00,0.00,0,0,0,0,45,25735,-1700,1302,3002,4
Tchaouna,MID,Coventry City,190,38,5,0,True,2026-09-13T13:00:00Z,0,5,4,0,0,0,0,0,0,0,0,0,0,0,0,0,0.0,0.0,0.0,0.0,0,0.00,0.00,0.00,0.00,0,0,0,0,54,11417,-1390,187,1577,4
Borges Rodrigues,MID,Coventry City,191,38,5,0,True,2026-09-13T13:00:00Z,0,5,4,0,0,0,0,0,0,0,0,0,0,0,0,0,0.0,0.0,0.0,0.0,0,0.00,0.00,0.00,0.00,0,0,0,0,45,11101,-3328,0,3328,4
Andrews,MID,Coventry City,192,38,5,0,True,2026-09-13T13:00:00Z,0,5,4,0,0,0,0,0,0,0,0,0,0,0,0,0,0.0,0.0,0.0,0.0,0,0.00,0.00,0.00,0.00,0,0,0,0,45,36602,-8343,0,8343,4
Wright,FWD,Coventry City,193,38,5,0,True,2026-09-13T13:00:00Z,0,5,4,0,0,0,0,0,0,0,0,0,0,0,0,0,0.0,0.0,0.0,0.0,0,0.00,0.00,0.00,0.00,0,0,0,0,54,8935,-1789,117,1906,4
Thomas-Asante,FWD,Coventry City,194,38,5,1,True,2026-09-13T13:00:00Z,0,5,4,17,0,0,0,2,0,0,0,0,0,0,0,7,6.0,0.5,26.0,3.3,0,0.21,0.03,0.24,0.64,0,0,0,0,50,84195,-1520,11154,12674,4
Simms,FWD,Coventry City,195,38,5,0,True,2026-09-13T13:00:00Z,0,5,4,0,0,0,0,0,0,0,0,0,0,0,0,0,0.0,0.0,0.0,0.0,0,0.00,0.00,0.00,0.00,0,0,0,0,50,81354,-8583,5606,14189,4
Markelo,FWD,Coventry City,196,38,5,0,True,2026-09-13T13:00:00Z,0,5,4,0,0,0,0,0,0,0,0,0,0,0,0,0,0.0,0.0,0.0,0.0,0,0.00,0.00,0.00,0.00,0,0,0,0,50,803,-136,0,136,4
Bassette,FWD,Coventry City,197,38,5,0,True,2026-09-13T13:00:00Z,0,5,4,0,0,0,0,0,0,0,0,0,0,0,0,0,0.0,0.0,0.0,0.0,0,0.00,0.00,0.00,0.00,0,0,0,0,45,2877,-350,0,350,4
Struijk,DEF,Brighton,328,38,7,1,False,2026-09-13T13:00:00Z,0,5,4,12,0,0,0,0,0,0,0,0,0,0,0,4,11.2,0.8,0.0,1.2,0,0.00,0.01,0.01,0.22,4,0,0,4,50,20832,-1007,1494,2501,4
Awoniyi,FWD,Coventry City,492,38,5,-2,True,2026-09-13T13:00:00Z,0,5,4,52,0,0,0,5,0,0,0,0,1,0,0,-5,0.0,10.9,10.0,1.9,1,0.06,0.01,0.07,1.37,0,1,1,2,55,69089,-3108,7191,10299,4
Vuskovic,DEF,Brighton,504,38,7,6,False,2026-09-13T13:00:00Z,0,5,4,77,0,0,1,0,0,0,0,0,0,0,0,27,16.2,1.8,13.0,3.1,1,0.11,0.01,0.12,1.11,8,4,1,9,50,369539,86436,131383,44947,4
Yirenkyi,MID,Coventry City,575,38,5,1,True,2026-09-13T13:00:00Z,0,5,4,17,0,0,0,2,0,0,0,0,0,0,0,3,0.0,10.5,0.0,1.0,0,0.00,0.01,0.01,0.64,0,0,0,0,49,18325,-2489,641,3130,4
Hamer,MID,Coventry City,584,38,5,0,True,2026-09-13T13:00:00Z,0,5,4,0,0,0,0,0,0,0,0,0,0,0,0,0,0.0,0.0,0.0,0.0,0,0.00,0.00,0.00,0.00,0,0,0,0,54,10937,-1142,147,1289,4
David,FWD,Brighton,594,38,7,0,False,2026-09-13T13:00:00Z,0,5,4,0,0,0,0,0,0,0,0,0,0,0,0,0,0.0,0.0,0.0,0.0,0,0.00,0.00,0.00,0.00,0,0,0,0,60,24399,-2415,2799,5214,4
Cherif,FWD,Coventry City,599,38,5,1,True,2026-09-13T13:00:00Z,0,5,4,30,0,0,0,3,0,0,0,0,0,0,0,3,1.0,0.2,0.0,0.1,0,0.00,0.00,0.00,1.43,1,0,0,1,50,10369,-281,1323,1604,4
Osman,MID,Brighton,600,38,7,1,False,2026-09-13T13:00:00Z,0,5,4,12,0,0,0,0,0,0,0,0,0,0,0,2,0.0,1.1,13.0,1.2,0,0.05,0.01,0.06,0.22,0,1,0,1,50,1793,-148,153,301,4
Yalcouyé,MID,Brighton,605,38,7,8,False,2026-09-13T13:00:00Z,0,5,4,64,1,0,1,0,0,0,0,0,0,0,0,29,47.4,12.8,43.0,10.3,1,0.67,0.01,0.68,1.11,2,2,2,6,45,374976,125140,185444,60304,4
Hadjam,DEF,Brighton,614,38,7,0,False,2026-09-13T13:00:00Z,0,5,4,0,0,0,0,0,0,0,0,0,0,0,0,0,0.0,0.0,0.0,0.0,0,0.00,0.00,0.00,0.00,0,0,0,0,45,4155,-135,425,560,4
Bentley,GK,Coventry City,623,38,5,0,True,2026-09-13T13:00:00Z,0,5,4,0,0,0,0,0,0,0,0,0,0,0,0,0,0.0,0.0,0.0,0.0,0,0.00,0.00,0.00,0.00,0,0,0,0,40,56982,25889,36983,11094,4
Cozier-Duberry,MID,Brighton,624,38,7,0,False,2026-09-13T13:00:00Z,0,5,4,0,0,0,0,0,0,0,0,0,0,0,0,0,0.0,0.0,0.0,0.0,0,0.00,0.00,0.00,0.00,0,0,0,0,50,61,-40,0,40,4
Andrés,MID,Brighton,639,38,7,4,False,2026-09-13T13:00:00Z,0,5,4,25,0,1,0,0,0,0,0,0,0,0,0,10,18.8,13.1,2.0,3.4,0,0.24,0.01,0.25,0.22,2,1,1,4,55,812,318,513,195,4
Azeez,MID,Brighton,652,38,7,0,False,2026-09-13T13:00:00Z,0,5,4,0,0,0,0,0,0,0,0,0,0,0,0,0,0.0,0.0,0.0,0.0,0,0.00,0.00,0.00,0.00,0,0,0,0,55,315,62,121,59,4
Gboho,MID,Coventry City,655,38,5,0,True,2026-09-13T13:00:00Z,0,5,4,0,0,0,0,0,0,0,0,0,0,0,0,0,0.0,0.0,0.0,0.0,0,0.00,0.00,0.00,0.00,0,0,0,0,55,72,58,65,7,4
Mfuni,DEF,Coventry City,656,38,5,0,True,2026-09-13T13:00:00Z,0,5,4,0,0,0,0,0,0,0,0,0,0,0,0,0,0.0,0.0,0.0,0.0,0,0.00,0.00,0.00,0.00,0,0,0,0,40,7468,2544,2811,267,4
Ibrahim,MID,Brighton,658,38,7,0,False,2026-09-13T13:00:00Z,0,5,4,0,0,0,0,0,0,0,0,0,0,0,0,0,0.0,0.0,0.0,0.0,0,0.00,0.00,0.00,0.00,0,0,0,0,45,0,0,0,0,4
Tielemans,MID,Man Utd,43,39,15,2,True,2026-09-13T15:30:00Z,0,1,4,66,0,0,0,1,0,0,0,0,0,0,0,15,12.2,13.8,4.0,3.0,1,0.00,0.04,0.04,0.53,3,0,2,5,59,177688,-30355,7880,38235,4
Baleba,MID,Man Utd,131,39,15,0,True,2026-09-13T15:30:00Z,0,1,4,0,0,0,0,0,0,0,0,0,0,0,0,0,0.0,0.0,0.0,0.0,0,0.00,0.00,0.00,0.00,0,0,0,0,50,13457,-1747,783,2530,4
Enzo,MID,Man City,155,39,16,2,False,2026-09-13T15:30:00Z,0,1,4,81,0,0,1,0,0,0,0,1,0,0,0,17,10.4,20.7,15.0,4.6,1,0.18,0.13,0.31,0.50,4,4,2,10,69,344271,-12688,39194,51882,4
Andrey Santos,MID,Man Utd,162,39,15,0,True,2026-09-13T15:30:00Z,0,1,4,0,0,0,0,0,0,0,0,0,0,0,0,0,0.0,0.0,0.0,0.0,0,0.00,0.00,0.00,0.00,0,0,0,0,49,72284,-13179,3527,16706,4
Ndiaye,MID,Man City,237,39,16,1,False,2026-09-13T15:30:00Z,0,1,4,45,0,0,0,0,0,0,0,0,0,0,0,15,9.8,1.8,2.0,1.4,0,0.00,0.01,0.01,0.80,3,6,1,10,59,900785,-300679,43012,343691,4
Darlow,GK,Man Utd,325,39,15,0,True,2026-09-13T15:30:00Z,0,1,4,0,0,0,0,0,0,0,0,0,0,0,0,0,0.0,0.0,0.0,0.0,0,0.00,0.00,0.00,0.00,0,0,0,0,45,4302,-89,256,345,4
Donnarumma,GK,Man City,384,39,16,7,False,2026-09-13T15:30:00Z,0,1,4,90,0,0,1,0,0,0,0,0,0,3,0,29,20.6,0.0,0.0,2.1,1,0.00,0.00,0.00,1.00,0,10,0,0,55,797609,-46242,32234,78476,4
Bettinelli,GK,Man City,386,39,16,0,False,2026-09-13T15:30:00Z,0,1,4,0,0,0,0,0,0,0,0,0,0,0,0,0,0.0,0.0,0.0,0.0,0,0.00,0.00,0.00,0.00,0,0,0,0,45,2911,-113,128,241,4
O'Reilly,DEF,Man City,387,39,16,1,False,2026-09-13T15:30:00Z,0,1,4,8,0,0,0,0,0,0,0,0,0,0,0,3,0.0,0.5,0.0,0.1,0,0.00,0.00,0.00,0.50,0,1,0,0,64,1381174,-538591,8499,547090,4
Guéhi,DEF,Man City,388,39,16,6,False,2026-09-13T15:30:00Z,0,1,4,90,0,0,1,0,0,0,0,0,0,0,0,27,16.6,0.6,2.0,1.9,1,0.00,0.00,0.00,1.00,7,3,0,7,60,1956435,-25207,90239,115446,4
Matheus N.,DEF,Man City,389,39,16,9,False,2026-09-13T15:30:00Z,0,1,4,90,0,0,1,0,0,0,0,0,0,0,1,34,31.2,1.5,0.0,3.3,1,0.00,0.01,0.01,1.00,9,8,2,11,59,99893,-8606,2401,11007,4
Rúben,DEF,Man City,390,39,16,6,False,2026-09-13T15:30:00Z,0,1,4,90,0,0,1,0,0,0,0,0,0,0,0,24,17.4,0.2,2.0,2.0,1,0.00,0.00,0.00,1.00,7,2,0,7,55,188216,-6512,11031,17543,4
Gvardiol,DEF,Man City,391,39,16,11,False,2026-09-13T15:30:00Z,0,1,4,90,0,1,1,0,0,0,0,1,0,0,3,36,16.4,1.1,4.0,2.2,1,0.02,0.00,0.02,1.00,3,3,4,7,56,2126959,152896,315722,162826,4
Aït-Nouri,DEF,Man City,392,39,16,0,False,2026-09-13T15:30:00Z,0,1,4,0,0,0,0,0,0,0,0,0,0,0,0,0,0.0,0.0,0.0,0.0,0,0.00,0.00,0.00,0.00,0,0,0,0,53,48901,-9974,1355,11329,4
Khusanov,DEF,Man City,393,39,16,0,False,2026-09-13T15:30:00Z,0,1,4,0,0,0,0,0,0,0,0,0,0,0,0,0,0.0,0.0,0.0,0.0,0,0.00,0.00,0.00,0.00,0,0,0,0,55,166165,-8055,6115,14170,4
Alleyne,DEF,Man City,394,39,16,0,False,2026-09-13T15:30:00Z,0,1,4,0,0,0,0,0,0,0,0,0,0,0,0,0,0.0,0.0,0.0,0.0,0,0.00,0.00,0.00,0.00,0,0,0,0,50,537,-60,0,60,4
Lewis,DEF,Man City,395,39,16,0,False,2026-09-13T15:30:00Z,0,1,4,0,0,0,0,0,0,0,0,0,0,0,0,0,0.0,0.0,0.0,0.0,0,0.00,0.00,0.00,0.00,0,0,0,0,44,22298,-3042,1037,4079,4
Vitor Reis,DEF,Man City,396,39,16,0,False,2026-09-13T15:30:00Z,0,1,4,0,0,0,0,0,0,0,0,0,0,0,0,0,0.0,0.0,0.0,0.0,0,0.00,0.00,0.00,0.00,0,0,0,0,45,3187,-193,90,283,4
Semenyo,MID,Man City,397,39,16,3,False,2026-09-13T15:30:00Z,0,1,4,90,0,0,1,0,0,0,0,0,0,0,0,7,2.2,16.1,6.0,2.4,1,0.00,0.06,0.06,1.00,0,2,1,3,84,1689535,-325768,35764,361532,4
Foden,MID,Man City,398,39,16,-2,False,2026-09-13T15:30:00Z,0,1,4,22,0,0,0,0,0,0,0,0,1,0,0,-4,0.0,12.1,6.0,1.6,1,0.00,0.02,0.02,0.10,0,0,0,0,70,396620,-191380,18307,209687,4
Cherki,MID,Man City,399,39,16,1,False,2026-09-13T15:30:00Z,0,1,4,45,0,0,0,0,0,0,0,0,0,0,0,4,1.6,6.6,4.0,1.2,1,0.03,0.06,0.09,0.20,1,0,0,1,78,3069702,-139414,314949,454363,4
Doku,MID,Man City,400,39,16,0,False,2026-09-13T15:30:00Z,0,1,4,0,0,0,0,0,0,0,0,0,0,0,0,0,0.0,0.0,0.0,0.0,0,0.00,0.00,0.00,0.00,0,0,0,0,74,77943,-14480,249,14729,4
Rodrigo,MID,Man City,402,39,16,0,False,2026-09-13T15:30:00Z,0,1,4,0,0,0,0,0,0,0,0,0,0,0,0,0,0.0,0.0,0.0,0.0,0,0.00,0.00,0.00,0.00,0,0,0,0,65,1206,-87,0,87,4
Reijnders,MID,Man City,404,39,16,0,False,2026-09-13T15:30:00Z,0,1,4,0,0,0,0,0,0,0,0,0,0,0,0,0,0.0,0.0,0.0,0.0,0,0.00,0.00,0.00,0.00,0,0,0,0,60,3943,-541,0,541,4
Kovačić,MID,Man City,406,39,16,0,False,2026-09-13T15:30:00Z,0,1,4,0,0,0,0,0,0,0,0,0,0,0,0,0,0.0,0.0,0.0,0.0,0,0.00,0.00,0.00,0.00,0,0,0,0,54,8409,-996,425,1421,4
Echeverri,MID,Man City,407,39,16,0,False,2026-09-13T15:30:00Z,0,1,4,0,0,0,0,0,0,0,0,0,0,0,0,0,0.0,0.0,0.0,0.0,0,0.00,0.00,0.00,0.00,0,0,0,0,49,1077,-350,0,350,4
Phillips,MID,Man City,408,39,16,0,False,2026-09-13T15:30:00Z,0,1,4,0,0,0,0,0,0,0,0,0,0,0,0,0,0.0,0.0,0.0,0.0,0,0.00,0.00,0.00,0.00,0,0,0,0,50,553,-59,0,59,4
Mukasa,MID,Man City,409,39,16,0,False,2026-09-13T15:30:00Z,0,1,4,0,0,0,0,0,0,0,0,0,0,0,0,0,0.0,0.0,0.0,0.0,0,0.00,0.00,0.00,0.00,0,0,0,0,45,11304,-3408,0,3408,4
Monga,MID,Man City,410,39,16,0,False,2026-09-13T15:30:00Z,0,1,4,0,0,0,0,0,0,0,0,0,0,0,0,0,0.0,0.0,0.0,0.0,0,0.00,0.00,0.00,0.00,0,0,0,0,49,989,-363,0,363,4
Haaland,FWD,Man City,411,39,16,9,False,2026-09-13T15:30:00Z,0,1,4,90,1,0,1,0,0,0,0,0,0,0,3,36,34.0,1.6,37.0,7.3,1,0.87,0.01,0.88,1.00,0,3,0,3,155,7610939,45312,178187,132875,4
Lammens,GK,Man Utd,412,39,15,2,True,2026-09-13T15:30:00Z,0,1,4,90,0,0,0,1,0,0,0,0,0,1,0,5,6.6,0.0,0.0,0.7,1,0.00,0.00,0.00,1.10,1,5,0,0,50,1178768,-227696,11379,239075,4
Bayindir,GK,Man Utd,413,39,15,0,True,2026-09-13T15:30:00Z,0,1,4,0,0,0,0,0,0,0,0,0,0,0,0,0,0.0,0.0,0.0,0.0,0,0.00,0.00,0.00,0.00,0,0,0,0,45,1335,-137,0,137,4
Heaton,GK,Man Utd,414,39,15,0,True,2026-09-13T15:30:00Z,0,1,4,0,0,0,0,0,0,0,0,0,0,0,0,0,0.0,0.0,0.0,0.0,0,0.00,0.00,0.00,0.00,0,0,0,0,40,8836,-119,696,815,4
Dorgu,MID,Man Utd,415,39,15,4,True,2026-09-13T15:30:00Z,0,1,4,90,0,0,0,1,0,0,0,0,0,0,0,19,19.6,18.7,4.0,4.2,1,0.00,0.03,0.03,1.10,3,3,6,12,58,62553,-16892,2154,19046,4
De Ligt,DEF,Man Utd,416,39,15,0,True,2026-09-13T15:30:00Z,0,1,4,0,0,0,0,0,0,0,0,0,0,0,0,0,0.0,0.0,0.0,0.0,0,0.00,0.00,0.00,0.00,0,0,0,0,50,2411,-177,87,264,4
Dalot,DEF,Man Utd,417,39,15,2,True,2026-09-13T15:30:00Z,0,1,4,90,0,0,0,1,0,0,0,0,0,0,0,9,6.2,16.5,3.0,2.6,1,0.02,0.05,0.07,1.10,2,9,1,3,49,192489,-32120,3882,36002,4
Maguire,DEF,Man Utd,418,39,15,1,True,2026-09-13T15:30:00Z,0,1,4,90,0,0,0,1,0,0,0,1,0,0,0,4,9.4,1.6,11.0,2.2,1,0.12,0.01,0.13,1.10,4,6,1,5,49,1091541,-358924,17287,376211,4
Martinez,DEF,Man Utd,419,39,15,2,True,2026-09-13T15:30:00Z,0,1,4,90,0,0,0,1,0,0,0,0,0,0,0,14,20.2,3.4,7.0,3.1,1,0.03,0.08,0.11,1.10,3,5,3,6,50,130813,-6006,7461,13467,4
Yoro,DEF,Man Utd,420,39,15,0,True,2026-09-13T15:30:00Z,0,1,4,0,0,0,0,0,0,0,0,0,0,0,0,0,0.0,0.0,0.0,0.0,0,0.00,0.00,0.00,0.00,0,0,0,0,49,52988,-6069,894,6963,4
Heaven,DEF,Man Utd,421,39,15,0,True,2026-09-13T15:30:00Z,0,1,4,0,0,0,0,0,0,0,0,0,0,0,0,0,0.0,0.0,0.0,0.0,0,0.00,0.00,0.00,0.00,0,0,0,0,44,31486,-5029,769,5798,4
Mazraoui,DEF,Man Utd,422,39,15,0,True,2026-09-13T15:30:00Z,0,1,4,0,0,0,0,0,0,0,0,0,0,0,0,0,0.0,0.0,0.0,0.0,0,0.00,0.00,0.00,0.00,0,0,0,0,44,59306,-8954,2102,11056,4
Shaw,DEF,Man Utd,423,39,15,0,True,2026-09-13T15:30:00Z,0,1,4,0,0,0,0,0,0,0,0,0,0,0,0,0,0.0,0.0,0.0,0.0,0,0.00,0.00,0.00,0.00,0,0,0,0,44,1210238,-396169,21871,418040,4
Amass,DEF,Man Utd,424,39,15,0,True,2026-09-13T15:30:00Z,0,1,4,0,0,0,0,0,0,0,0,0,0,0,0,0,0.0,0.0,0.0,0.0,0,0.00,0.00,0.00,0.00,0,0,0,0,40,21846,-300,1680,1980,4
Fredricson,DEF,Man Utd,425,39,15,0,True,2026-09-13T15:30:00Z,0,1,4,0,0,0,0,0,0,0,0,0,0,0,0,0,0.0,0.0,0.0,0.0,0,0.00,0.00,0.00,0.00,0,0,0,0,40,1428,-152,0,152,4
B.Fernandes,MID,Man Utd,426,39,15,2,True,2026-09-13T15:30:00Z,0,1,4,90,0,0,0,1,0,0,0,0,0,0,0,17,17.0,31.4,7.0,5.5,1,0.03,0.33,0.36,1.10,1,4,2,7,120,4455713,-615807,123022,738829,4
Mbeumo,MID,Man Utd,427,39,15,2,True,2026-09-13T15:30:00Z,0,1,4,90,0,0,0,1,0,0,0,0,0,0,0,9,11.2,32.8,24.0,6.8,1,0.49,0.08,0.57,1.10,1,3,1,5,79,2456322,-362745,156650,519395,4
Cunha,MID,Man Utd,428,39,15,2,True,2026-09-13T15:30:00Z,0,1,4,90,0,0,0,1,0,0,0,0,0,0,0,8,2.4,14.3,15.0,3.2,1,0.11,0.03,0.14,1.10,0,1,1,2,79,680785,-138505,11751,150256,4
Rashford,MID,Man Utd,429,39,15,2,True,2026-09-13T15:30:00Z,0,1,4,82,0,0,0,1,0,0,0,0,0,0,0,6,5.4,14.1,29.0,4.9,1,0.12,0.08,0.20,1.08,2,2,1,5,70,172900,-3479,24764,28243,4
Mount,MID,Man Utd,430,39,15,0,True,2026-09-13T15:30:00Z,0,1,4,0,0,0,0,0,0,0,0,0,0,0,0,0,0.0,0.0,0.0,0.0,0,0.00,0.00,0.00,0.00,0,0,0,0,54,2733,54,272,218,4
Amad,MID,Man Utd,431,39,15,0,True,2026-09-13T15:30:00Z,0,1,4,0,0,0,0,0,0,0,0,0,0,0,0,0,0.0,0.0,0.0,0.0,0,0.00,0.00,0.00,0.00,0,0,0,0,58,38595,-13432,148,13580,4
Mainoo,MID,Man Utd,432,39,15,4,True,2026-09-13T15:30:00Z,0,1,4,90,0,0,0,1,0,0,0,0,0,0,0,20,19.8,37.2,1.0,5.8,1,0.03,0.07,0.10,1.10,4,9,0,13,55,147734,17969,30157,12188,4
Ugarte,MID,Man Utd,433,39,15,0,True,2026-09-13T15:30:00Z,0,1,4,0,0,0,0,0,0,0,0,0,0,0,0,0,0.0,0.0,0.0,0.0,0,0.00,0.00,0.00,0.00,0,0,0,0,50,388,-22,25,47,4
J.Fletcher,MID,Man Utd,434,39,15,0,True,2026-09-13T15:30:00Z,0,1,4,0,0,0,0,0,0,0,0,0,0,0,0,0,0.0,0.0,0.0,0.0,0,0.00,0.00,0.00,0.00,0,0,0,0,49,1170,-67,101,168,4
Lacey,MID,Man Utd,435,39,15,0,True,2026-09-13T15:30:00Z,0,1,4,0,0,0,0,0,0,0,0,0,0,0,0,0,0.0,0.0,0.0,0.0,0,0.00,0.00,0.00,0.00,0,0,0,0,49,5384,-577,197,774,4
Collyer,MID,Man Utd,436,39,15,0,True,2026-09-13T15:30:00Z,0,1,4,0,0,0,0,0,0,0,0,0,0,0,0,0,0.0,0.0,0.0,0.0,0,0.00,0.00,0.00,0.00,0,0,0,0,50,1225,-257,0,257,4
Bendito Mantato,MID,Man Utd,437,39,15,0,True,2026-09-13T15:30:00Z,0,1,4,0,0,0,0,0,0,0,0,0,0,0,0,0,0.0,0.0,0.0,0.0,0,0.00,0.00,0.00,0.00,0,0,0,0,45,19130,-694,1317,2011,4
Fletcher,MID,Man Utd,438,39,15,0,True,2026-09-13T15:30:00Z,0,1,4,0,0,0,0,0,0,0,0,0,0,0,0,0,0.0,0.0,0.0,0.0,0,0.00,0.00,0.00,0.00,0,0,0,0,45,31369,-1858,1320,3178,4
Šeško,FWD,Man Utd,439,39,15,1,True,2026-09-13T15:30:00Z,0,1,4,23,0,0,0,0,0,0,0,0,0,0,0,4,1.2,0.7,4.0,0.6,0,0.06,0.00,0.06,0.57,0,2,0,2,70,182217,3627,26345,22718,4
Zirkzee,FWD,Man Utd,440,39,15,1,True,2026-09-13T15:30:00Z,0,1,4,7,0,0,0,0,0,0,0,0,0,0,0,4,4.4,4.8,0.0,0.9,0,0.00,0.01,0.01,0.02,1,2,0,3,54,45127,-4849,3614,8463,4
Obi,FWD,Man Utd,441,39,15,0,True,2026-09-13T15:30:00Z,0,1,4,0,0,0,0,0,0,0,0,0,0,0,0,0,0.0,0.0,0.0,0.0,0,0.00,0.00,0.00,0.00,0,0,0,0,45,129085,775,15048,14273,4
Anderson,MID,Man City,481,39,16,5,False,2026-09-13T15:30:00Z,0,1,4,90,0,0,1,0,0,0,0,0,0,0,0,18,15.2,3.3,0.0,1.9,1,0.00,0.01,0.01,1.00,5,6,3,14,63,447292,-76716,16389,93105,4
Rulli,GK,Man City,587,39,16,0,False,2026-09-13T15:30:00Z,0,1,4,0,0,0,0,0,0,0,0,0,0,0,0,0,0.0,0.0,0.0,0.0,0,0.00,0.00,0.00,0.00,0,0,0,0,50,2136,-127,129,256,4
Bouaddi,MID,Man City,616,39,16,0,False,2026-09-13T15:30:00Z,0,1,4,0,0,0,0,0,0,0,0,0,0,0,0,0,0.0,0.0,0.0,0.0,0,0.00,0.00,0.00,0.00,0,0,0,0,55,18618,937,4899,3962,4
McAidoo,MID,Man City,621,39,16,0,False,2026-09-13T15:30:00Z,0,1,4,0,0,0,0,0,0,0,0,0,0,0,0,0,0.0,0.0,0.0,0.0,0,0.00,0.00,0.00,0.00,0,0,0,0,45,13105,1361,3586,2225,4
Braithwaite,DEF,Man City,622,39,16,0,False,2026-09-13T15:30:00Z,0,1,4,0,0,0,0,0,0,0,0,0,0,0,0,0,0.0,0.0,0.0,0.0,0,0.00,0.00,0.00,0.00,0,0,0,0,40,20693,1899,4620,2721,4
Allan,MID,Man City,628,39,16,0,False,2026-09-13T15:30:00Z,0,1,4,0,0,0,0,0,0,0,0,0,0,0,0,0,0.0,0.0,0.0,0.0,0,0.00,0.00,0.00,0.00,0,0,0,0,60,671,117,309,192,4
Samba,MID,Man City,653,39,16,0,False,2026-09-13T15:30:00Z,0,1,4,0,0,0,0,0,0,0,0,0,0,0,0,0,0.0,0.0,0.0,0.0,0,0.00,0.00,0.00,0.00,0,0,0,0,45,5002,2090,2898,808,4
Wilson,MID,Leeds,260,40,17,1,True,2026-09-14T19:00:00Z,4,1,4,18,0,0,0,1,0,0,0,0,0,0,0,4,3.2,4.7,0.0,0.8,0,0.00,0.03,0.03,0.30,1,0,1,2,63,291023,-121524,3258,124782,4
Perri,GK,Leeds,326,40,17,0,True,2026-09-14T19:00:00Z,4,1,4,0,0,0,0,0,0,0,0,0,0,0,0,0,0.0,0.0,0.0,0.0,0,0.00,0.00,0.00,0.00,0,0,0,0,45,38525,-6925,0,6925,4
Bijol,DEF,Leeds,327,40,17,0,True,2026-09-14T19:00:00Z,4,1,4,0,0,0,0,0,0,0,0,0,0,0,0,0,0.0,0.0,0.0,0.0,0,0.00,0.00,0.00,0.00,0,0,0,0,50,87595,-10468,4371,14839,4
Rodon,DEF,Leeds,329,40,17,0,True,2026-09-14T19:00:00Z,4,1,4,0,0,0,0,0,0,0,0,0,0,0,0,0,0.0,0.0,0.0,0.0,0,0.00,0.00,0.00,0.00,0,0,0,0,44,118013,-112676,168,112844,4
Bogle,DEF,Leeds,330,40,17,15,True,2026-09-14T19:00:00Z,4,1,4,82,1,0,1,0,0,0,0,0,0,0,3,45,47.8,18.5,71.0,13.7,1,0.41,0.05,0.46,0.59,1,1,2,3,45,232034,98023,121956,23933,4
Gudmundsson,DEF,Leeds,331,40,17,6,True,2026-09-14T19:00:00Z,4,1,4,72,0,0,1,0,0,0,0,0,0,0,0,26,10.0,8.6,4.0,2.3,1,0.00,0.18,0.18,0.58,1,2,3,4,45,5954,621,1148,527,4
Justin,DEF,Leeds,332,40,17,2,True,2026-09-14T19:00:00Z,4,1,4,90,0,0,0,1,0,0,0,0,0,0,0,11,18.4,25.6,4.0,4.8,1,0.00,0.28,0.28,0.88,3,1,2,5,45,160487,5626,27752,22126,4
Bornauw,DEF,Leeds,333,40,17,0,True,2026-09-14T19:00:00Z,4,1,4,0,0,0,0,0,0,0,0,0,0,0,0,0,0.0,0.0,0.0,0.0,0,0.00,0.00,0.00,0.00,0,0,0,0,45,239,-39,0,39,4
Muharemović,DEF,Leeds,334,40,17,7,True,2026-09-14T19:00:00Z,4,1,4,90,0,1,0,1,0,0,0,0,0,0,0,27,37.0,10.5,2.0,5.0,1,0.00,0.02,0.02,0.88,10,5,1,11,50,410571,66646,135153,68507,4
Stach,MID,Leeds,335,40,17,3,True,2026-09-14T19:00:00Z,4,1,4,87,0,0,1,0,0,0,0,0,0,0,0,16,12.0,40.4,12.0,6.4,1,0.43,0.07,0.50,0.59,3,5,2,10,60,291170,-19365,29721,49086,4
Okafor,MID,Leeds,336,40,17,9,True,2026-09-14T19:00:00Z,4,1,4,71,1,0,1,0,0,0,0,0,0,0,1,35,41.4,17.8,21.0,8.0,1,0.07,0.08,0.15,0.58,1,3,2,6,59,29116,-4605,2061,6666,4
Aaronson,MID,Leeds,337,40,17,1,True,2026-09-14T19:00:00Z,4,1,4,18,0,0,0,1,0,0,0,0,0,0,0,4,0.2,0.3,2.0,0.3,0,0.00,0.00,0.00,0.30,0,1,0,1,54,61613,-10317,1095,11412,4
Ampadu,MID,Leeds,338,40,17,7,True,2026-09-14T19:00:00Z,4,1,4,90,0,1,0,1,0,0,0,0,0,0,0,25,8.0,1.7,4.0,1.4,1,0.07,0.02,0.09,0.88,2,9,1,12,54,103938,-14489,2529,17018,4
Longstaff,MID,Leeds,339,40,17,1,True,2026-09-14T19:00:00Z,4,1,4,2,0,0,0,1,0,0,0,0,0,0,0,4,0.0,0.0,0.0,0.0,0,0.00,0.00,0.00,0.28,0,0,0,0,49,10180,-1113,693,1806,4
Gnonto,MID,Leeds,341,40,17,0,True,2026-09-14T19:00:00Z,4,1,4,0,0,0,0,0,0,0,0,0,0,0,0,0,0.0,0.0,0.0,0.0,0,0.00,0.00,0.00,0.00,0,0,0,0,50,947,-435,0,435,4
Harrison,MID,Leeds,342,40,17,0,True,2026-09-14T19:00:00Z,4,1,4,0,0,0,0,0,0,0,0,0,0,0,0,0,0.0,0.0,0.0,0.0,0,0.00,0.00,0.00,0.00,0,0,0,0,50,71,-11,0,11,4
James,MID,Leeds,343,40,17,1,True,2026-09-14T19:00:00Z,4,1,4,7,0,0,0,1,0,0,0,0,0,0,0,4,0.0,0.0,3.0,0.3,0,0.11,0.00,0.11,0.28,0,2,0,2,50,10690,-1207,786,1993,4
Gruev,MID,Leeds,344,40,17,0,True,2026-09-14T19:00:00Z,4,1,4,0,0,0,0,0,0,0,0,0,0,0,0,0,0.0,0.0,0.0,0.0,0,0.00,0.00,0.00,0.00,0,0,0,0,50,317,-45,13,58,4
Tanaka,MID,Leeds,345,40,17,6,True,2026-09-14T19:00:00Z,4,1,4,71,0,1,1,0,0,0,0,0,0,0,0,24,9.2,3.1,2.0,1.4,1,0.06,0.03,0.09,0.58,1,2,2,5,49,25771,2579,5747,3168,4
Calvert-Lewin,FWD,Leeds,346,40,17,10,True,2026-09-14T19:00:00Z,4,1,4,77,1,1,1,0,0,0,0,1,0,0,2,37,51.0,12.2,67.0,13.0,1,0.87,0.00,0.87,0.59,1,4,0,5,60,2292933,-377508,100296,477804,4
Nmecha,FWD,Leeds,347,40,17,1,True,2026-09-14T19:00:00Z,4,1,4,12,0,0,0,1,0,0,0,0,0,0,0,4,0.2,0.3,0.0,0.1,0,0.00,0.01,0.01,0.28,0,1,0,1,54,51359,-1054,6623,7677,4
Piroe,FWD,Leeds,348,40,17,0,True,2026-09-14T19:00:00Z,4,1,4,0,0,0,0,0,0,0,0,0,0,0,0,0,0.0,0.0,0.0,0.0,0,0.00,0.00,0.00,0.00,0,0,0,0,50,7440,-1516,0,1516,4
Mateo Joseph,FWD,Leeds,349,40,17,0,True,2026-09-14T19:00:00Z,4,1,4,0,0,0,0,0,0,0,0,0,0,0,0,0,0.0,0.0,0.0,0.0,0,0.00,0.00,0.00,0.00,0,0,0,0,45,5498,-257,775,1032,4
Trafford,GK,Leeds,385,40,17,3,True,2026-09-14T19:00:00Z,4,1,4,90,0,0,0,1,0,0,0,0,0,4,0,17,29.0,0.0,0.0,2.9,1,0.00,0.00,0.00,0.88,4,8,0,0,50,583002,15245,64368,49123,4
N.Gonzalez,MID,Newcastle,405,40,13,1,False,2026-09-14T19:00:00Z,4,1,4,18,0,0,0,0,0,0,0,0,0,0,0,3,0.0,0.1,0.0,0.0,1,0.00,0.00,0.00,0.27,0,1,0,1,55,26871,215,3834,3619,4
Pope,GK,Newcastle,442,40,13,0,False,2026-09-14T19:00:00Z,4,1,4,0,0,0,0,0,0,0,0,0,0,0,0,0,0.0,0.0,0.0,0.0,0,0.00,0.00,0.00,0.00,0,0,0,0,49,108982,-8971,3004,11975,4
Gillespie,GK,Newcastle,443,40,13,0,False,2026-09-14T19:00:00Z,4,1,4,0,0,0,0,0,0,0,0,0,0,0,0,0,0.0,0.0,0.0,0.0,0,0.00,0.00,0.00,0.00,0,0,0,0,45,3541,-150,141,291,4
Jaouen,GK,Newcastle,444,40,13,0,False,2026-09-14T19:00:00Z,4,1,4,0,0,0,0,0,0,0,0,0,0,0,0,0,0.0,0.0,0.0,0.0,0,0.00,0.00,0.00,0.00,0,0,0,0,45,2484,-244,97,341,4
Thiaw,DEF,Newcastle,445,40,13,2,False,2026-09-14T19:00:00Z,4,1,4,90,0,0,0,4,0,0,0,0,0,0,0,-6,22.6,0.9,0.0,2.4,1,0.00,0.00,0.00,2.08,11,1,0,11,50,227385,2995,48297,45302,4
Schär,DEF,Newcastle,446,40,13,0,False,2026-09-14T19:00:00Z,4,1,4,0,0,0,0,0,0,0,0,0,0,0,0,0,0.0,0.0,0.0,0.0,0,0.00,0.00,0.00,0.00,0,0,0,0,50,23553,-2216,1440,3656,4
Botman,DEF,Newcastle,447,40,13,2,False,2026-09-14T19:00:00Z,4,1,4,90,0,0,0,4,0,0,0,0,0,0,0,2,31.2,0.3,0.0,3.2,1,0.00,0.00,0.00,2.08,15,4,2,17,50,71884,1208,9972,8764,4
Burn,DEF,Newcastle,448,40,13,0,False,2026-09-14T19:00:00Z,4,1,4,0,0,0,0,0,0,0,0,0,0,0,0,0,0.0,0.0,0.0,0.0,0,0.00,0.00,0.00,0.00,0,0,0,0,49,96018,-20317,239,20556,4
Hall,DEF,Newcastle,449,40,13,0,False,2026-09-14T19:00:00Z,4,1,4,90,0,0,0,4,0,0,0,0,0,0,0,9,21.0,3.9,7.0,3.2,1,0.02,0.01,0.03,2.08,2,4,4,6,52,1512788,448146,563772,115626,4
Livramento,DEF,Newcastle,450,40,13,3,False,2026-09-14T19:00:00Z,4,1,4,32,0,1,0,1,0,0,0,1,0,0,0,9,4.8,3.8,4.0,1.3,0,0.00,0.01,0.01,0.16,1,4,2,3,49,6615,2452,3493,1041,4
A.Murphy,DEF,Newcastle,451,40,13,0,False,2026-09-14T19:00:00Z,4,1,4,0,0,0,0,0,0,0,0,0,0,0,0,0,0.0,0.0,0.0,0.0,0,0.00,0.00,0.00,0.00,0,0,0,0,40,6793,-957,0,957,4
Barnes,MID,Newcastle,453,40,13,2,False,2026-09-14T19:00:00Z,4,1,4,90,0,0,0,4,0,0,0,0,0,0,0,13,12.2,16.8,30.0,5.9,1,0.29,0.31,0.60,2.08,3,3,0,6,60,290007,152668,210527,57859,4
Elanga,MID,Newcastle,454,40,13,0,False,2026-09-14T19:00:00Z,4,1,4,0,0,0,0,0,0,0,0,0,0,0,0,0,0.0,0.0,0.0,0.0,0,0.00,0.00,0.00,0.00,0,0,0,0,62,1209834,130728,326071,195343,4
J.Ramsey,MID,Newcastle,456,40,13,0,False,2026-09-14T19:00:00Z,4,1,4,0,0,0,0,0,0,0,0,0,0,0,0,0,0.0,0.0,0.0,0.0,0,0.00,0.00,0.00,0.00,0,0,0,0,49,39795,6540,11516,4976,4
J.Murphy,MID,Newcastle,457,40,13,0,False,2026-09-14T19:00:00Z,4,1,4,56,0,0,0,3,0,0,0,1,0,0,0,2,1.2,3.7,2.0,0.7,1,0.00,0.14,0.14,1.91,0,3,1,4,59,13575,-1103,1062,2165,4
Joelinton,MID,Newcastle,458,40,13,0,False,2026-09-14T19:00:00Z,4,1,4,0,0,0,0,0,0,0,0,0,0,0,0,0,0.0,0.0,0.0,0.0,0,0.00,0.00,0.00,0.00,0,0,0,0,54,2032,-249,33,282,4
L.Miley,MID,Newcastle,459,40,13,0,False,2026-09-14T19:00:00Z,4,1,4,79,0,0,0,4,1,0,0,0,0,0,0,9,6.6,4.5,0.0,1.1,1,0.00,0.03,0.03,1.97,3,6,1,10,55,8285,-528,1045,1573,4
Willock,MID,Newcastle,460,40,13,1,False,2026-09-14T19:00:00Z,4,1,4,32,0,0,0,1,0,0,0,0,0,0,0,8,7.6,13.3,18.0,3.9,0,0.12,0.06,0.18,0.16,1,2,1,4,50,52306,6640,16531,9891,4
Touré,MID,Newcastle,461,40,13,6,False,2026-09-14T19:00:00Z,4,1,4,33,1,0,0,1,0,0,0,0,0,0,0,24,36.6,5.3,21.0,6.3,0,0.28,0.01,0.29,0.16,0,2,0,2,58,13401,-3031,376,3407,4
Steur,MID,Newcastle,462,40,13,2,False,2026-09-14T19:00:00Z,4,1,4,71,0,0,0,4,0,0,0,0,0,0,0,14,12.0,20.2,0.0,3.2,0,0.00,0.03,0.03,1.81,3,2,2,7,49,8079,-1064,390,1454,4
Woltemade,FWD,Newcastle,463,40,13,0,False,2026-09-14T19:00:00Z,4,1,4,0,0,0,0,0,0,0,0,0,0,0,0,0,0.0,0.0,0.0,0.0,0,0.00,0.00,0.00,0.00,0,0,0,0,59,66136,-39340,0,39340,4
Wissa,FWD,Newcastle,464,40,13,2,False,2026-09-14T19:00:00Z,4,1,4,90,0,0,0,4,0,0,0,0,0,0,0,3,2.2,21.5,12.0,3.6,1,0.16,0.00,0.16,2.08,2,2,1,5,62,1925334,319416,578506,259090,4
Osula,FWD,Newcastle,465,40,13,0,False,2026-09-14T19:00:00Z,4,1,4,0,0,0,0,0,0,0,0,0,0,0,0,0,0.0,0.0,0.0,0.0,0,0.00,0.00,0.00,0.00,0,0,0,0,59,41129,-12652,234,12886,4
Neave,FWD,Newcastle,466,40,13,0,False,2026-09-14T19:00:00Z,4,1,4,0,0,0,0,0,0,0,0,0,0,0,0,0,0.0,0.0,0.0,0.0,0,0.00,0.00,0.00,0.00,0,0,0,0,45,66182,-17854,0,17854,4
Bamba,MID,Newcastle,559,40,13,1,False,2026-09-14T19:00:00Z,4,1,4,10,0,0,0,0,0,0,0,0,0,0,0,4,1.4,0.3,0.0,0.2,0,0.00,0.00,0.00,0.11,0,1,1,2,49,11166,-1098,539,1637,4
Horníček,GK,Newcastle,567,40,13,1,False,2026-09-14T19:00:00Z,4,1,4,90,0,0,0,4,0,0,0,0,0,3,0,2,29.4,0.0,0.0,2.9,1,0.00,0.00,0.00,2.08,3,4,0,0,50,150531,29466,58083,28617,4
Dedić,DEF,Newcastle,593,40,13,0,False,2026-09-14T19:00:00Z,4,1,4,57,0,0,0,3,0,0,0,0,0,0,0,-3,10.4,2.7,0.0,1.3,1,0.00,0.00,0.00,1.91,3,4,3,6,45,313784,-7549,107522,115071,4
Elvedi,DEF,Leeds,598,40,17,2,True,2026-09-14T19:00:00Z,4,1,4,90,0,0,0,1,0,0,0,0,0,0,0,8,18.6,0.9,10.0,3.0,1,0.05,0.00,0.05,0.88,8,3,1,9,45,4919,1498,2774,1276,4
Lienou,DEF,Leeds,603,40,17,0,True,2026-09-14T19:00:00Z,4,1,4,0,0,0,0,0,0,0,0,0,0,0,0,0,0.0,0.0,0.0,0.0,0,0.00,0.00,0.00,0.00,0,0,0,0,40,11191,388,1426,1038,4
Cresswell,MID,Leeds,604,40,17,0,True,2026-09-14T19:00:00Z,4,1,4,0,0,0,0,0,0,0,0,0,0,0,0,0,0.0,0.0,0.0,0.0,0,0.00,0.00,0.00,0.00,0,0,0,0,45,15793,1252,3443,2191,4
Shahar,DEF,Newcastle,609,40,13,0,False,2026-09-14T19:00:00Z,4,1,4,0,0,0,0,0,0,0,0,0,0,0,0,0,0.0,0.0,0.0,0.0,0,0.00,0.00,0.00,0.00,0,0,0,0,40,26576,-1044,3372,4416,4
Cairns,GK,Leeds,625,40,17,0,True,2026-09-14T19:00:00Z,4,1,4,0,0,0,0,0,0,0,0,0,0,0,0,0,0.0,0.0,0.0,0.0,0,0.00,0.00,0.00,0.00,0,0,0,0,40,20648,3754,6067,2313,4
Zetterer,GK,Leeds,629,40,17,0,True,2026-09-14T19:00:00Z,4,1,4,0,0,0,0,0,0,0,0,0,0,0,0,0,0.0,0.0,0.0,0.0,0,0.00,0.00,0.00,0.00,0,0,0,0,40,65838,18112,23210,5098,4
Fernandez-Pardo,FWD,Newcastle,634,40,13,1,False,2026-09-14T19:00:00Z,4,1,4,57,0,0,0,3,0,0,0,0,0,0,0,5,2.2,10.9,4.0,1.7,1,0.00,0.01,0.01,1.91,0,1,1,2,60,10646,4168,6117,1949,4
Bard,DEF,Leeds,641,40,17,1,True,2026-09-14T19:00:00Z,4,1,4,18,0,0,0,1,0,0,0,0,0,0,0,1,4.4,10.3,0.0,1.5,0,0.00,0.00,0.00,0.30,1,2,1,2,45,576,217,322,105,4
Bahoya,MID,Leeds,648,40,17,0,True,2026-09-14T19:00:00Z,4,1,4,0,0,0,0,0,0,0,0,0,0,0,0,0,0.0,0.0,0.0,0.0,0,0.00,0.00,0.00,0.00,0,0,0,0,50,1465,392,754,362,4
Miley,MID,Newcastle,659,40,13,0,False,2026-09-14T19:00:00Z,4,1,4,0,0,0,0,0,0,0,0,0,0,0,0,0,0.0,0.0,0.0,0.0,0,0.00,0.00,0.00,0.00,0,0,0,0,45,0,0,0,0,4
Martinez,GK,Chelsea,28,41,4,2,False,2026-09-18T19:00:00Z,3,0,5,90,0,0,0,3,0,0,0,0,0,3,0,7,26.0,10.0,0.0,3.6,1,0.00,0.00,0.00,2.65,0,6,0,0,50,524629,-32803,20981,53784,5
Rogers,MID,Chelsea,40,41,4,2,False,2026-09-18T19:00:00Z,3,0,5,90,0,0,0,3,0,0,0,0,0,0,0,17,10.0,20.6,30.0,6.1,1,0.33,0.07,0.40,2.65,2,6,0,8,77,4380885,628130,697514,69384,5
Kelleher,GK,Brentford,82,41,6,6,True,2026-09-18T19:00:00Z,3,0,5,90,0,0,1,0,0,0,0,0,0,2,0,27,16.4,0.0,0.0,1.6,1,0.00,0.00,0.00,0.83,2,8,0,0,50,649762,-53924,9126,63050,5
Valdimarsson,GK,Brentford,83,41,6,0,True,2026-09-18T19:00:00Z,3,0,5,0,0,0,0,0,0,0,0,0,0,0,0,0,0.0,0.0,0.0,0.0,0,0.00,0.00,0.00,0.00,0,0,0,0,45,10440,-567,317,884,5
Collins,DEF,Brentford,84,41,6,0,True,2026-09-18T19:00:00Z,3,0,5,0,0,0,0,0,0,0,0,0,0,0,0,0,0.0,0.0,0.0,0.0,0,0.00,0.00,0.00,0.00,0,0,0,0,54,111916,-39288,104,39392,5
Van den Berg,DEF,Brentford,85,41,6,0,True,2026-09-18T19:00:00Z,3,0,5,0,0,0,0,0,0,0,0,0,0,0,0,0,0.0,0.0,0.0,0.0,0,0.00,0.00,0.00,0.00,0,0,0,0,49,6772,-729,37,766,5
Lewis-Potter,MID,Brentford,86,41,6,3,True,2026-09-18T19:00:00Z,3,0,5,80,0,0,1,0,0,0,0,0,0,0,0,15,19.0,15.1,24.0,5.8,1,0.15,0.01,0.16,0.70,5,3,1,9,55,187862,-36251,6251,42502,5
Ajer,DEF,Brentford,87,41,6,7,True,2026-09-18T19:00:00Z,3,0,5,90,0,0,1,0,0,0,0,0,0,0,1,29,19.4,11.3,4.0,3.5,1,0.00,0.05,0.05,0.83,9,3,0,9,45,417707,-65023,8947,73970,5
Kayode,DEF,Brentford,88,41,6,6,True,2026-09-18T19:00:00Z,3,0,5,68,0,0,1,0,0,0,0,0,0,0,0,20,2.6,1.0,0.0,0.4,1,0.00,0.07,0.07,0.55,1,2,1,2,46,819720,-116375,18236,134611,5
Henry,DEF,Brentford,89,41,6,0,True,2026-09-18T19:00:00Z,3,0,5,0,0,0,0,0,0,0,0,0,0,0,0,0,0.0,0.0,0.0,0.0,0,0.00,0.00,0.00,0.00,0,0,0,0,44,20442,-1238,410,1648,5
Hickey,DEF,Brentford,90,41,6,1,True,2026-09-18T19:00:00Z,3,0,5,21,0,0,0,0,0,0,0,0,0,0,0,5,11.2,0.3,0.0,1.2,0,0.00,0.01,0.01,0.28,4,0,0,4,45,7505,-261,329,590,5
Ji-soo,DEF,Brentford,92,41,6,0,True,2026-09-18T19:00:00Z,3,0,5,0,0,0,0,0,0,0,0,0,0,0,0,0,0.0,0.0,0.0,0.0,0,0.00,0.00,0.00,0.00,0,0,0,0,45,1849,-94,69,163,5
Schuster,DEF,Brentford,93,41,6,14,True,2026-09-18T19:00:00Z,3,0,5,90,0,1,1,0,0,0,0,0,0,0,3,43,53.0,10.8,4.0,6.8,1,0.00,0.52,0.52,0.83,15,3,1,16,45,15098,-726,349,1075,5
Schade,MID,Brentford,94,41,6,9,True,2026-09-18T19:00:00Z,3,0,5,90,0,2,1,0,0,0,0,0,0,0,0,27,11.4,3.5,31.0,4.6,1,0.54,0.02,0.56,0.83,2,4,1,7,61,847173,367021,425579,58558,5
O.Dango,MID,Brentford,95,41,6,1,True,2026-09-18T19:00:00Z,3,0,5,9,0,0,0,0,0,0,0,0,0,0,0,2,0.2,0.0,0.0,0.0,0,0.00,0.00,0.00,0.13,0,0,0,0,63,52273,-13619,1029,14648,5
Damsgaard,MID,Brentford,96,41,6,3,True,2026-09-18T19:00:00Z,3,0,5,86,0,0,1,0,0,0,0,0,0,0,0,15,13.2,23.2,5.0,4.1,1,0.04,0.28,0.32,0.70,2,4,4,10,54,45391,-6452,1526,7978,5
Jensen,MID,Brentford,97,41,6,0,True,2026-09-18T19:00:00Z,3,0,5,0,0,0,0,0,0,0,0,0,0,0,0,0,0.0,0.0,0.0,0.0,0,0.00,0.00,0.00,0.00,0,0,0,0,54,10766,-1881,16,1897,5
Janelt,MID,Brentford,98,41,6,3,True,2026-09-18T19:00:00Z,3,0,5,90,0,0,1,0,0,0,0,0,0,0,0,13,18.0,5.8,2.0,2.6,1,0.03,0.04,0.07,0.83,2,4,3,9,50,273119,13473,47235,33762,5
Milambo,MID,Brentford,99,41,6,0,True,2026-09-18T19:00:00Z,3,0,5,0,0,0,0,0,0,0,0,0,0,0,0,0,0.0,0.0,0.0,0.0,0,0.00,0.00,0.00,0.00,0,0,0,0,50,193,-13,20,33,5
Carvalho,MID,Brentford,100,41,6,6,True,2026-09-18T19:00:00Z,3,0,5,3,1,0,0,0,0,0,0,0,0,0,0,23,33.2,0.3,33.0,6.7,0,0.43,0.00,0.43,0.13,0,0,0,0,50,2231,-77,265,342,5
Henderson,MID,Chelsea,101,41,4,2,False,2026-09-18T19:00:00Z,3,0,5,90,0,0,0,3,0,0,0,0,0,0,0,16,16.6,10.4,0.0,2.7,1,0.00,0.08,0.08,2.65,2,7,1,10,49,2692,-383,45,428,5
Yarmoliuk,MID,Brentford,102,41,6,3,True,2026-09-18T19:00:00Z,3,0,5,68,0,0,1,0,0,0,0,0,0,0,0,19,23.4,21.0,7.0,5.1,1,0.03,0.06,0.09,0.55,3,5,2,10,48,72210,-7524,1926,9450,5
Dasilva,MID,Brentford,103,41,6,0,True,2026-09-18T19:00:00Z,3,0,5,0,0,0,0,0,0,0,0,0,0,0,0,0,0.0,0.0,0.0,0.0,0,0.00,0.00,0.00,0.00,0,0,0,0,49,1428,-282,11,293,5
Anthony,MID,Brentford,105,41,6,10,True,2026-09-18T19:00:00Z,3,0,5,80,1,0,1,0,0,0,0,0,0,0,2,31,36.6,11.0,37.0,8.5,1,0.96,0.02,0.98,0.70,1,1,0,2,59,13639,-1462,635,2097,5
Thiago,FWD,Brentford,106,41,6,5,True,2026-09-18T19:00:00Z,3,0,5,90,1,0,1,0,0,0,0,1,0,0,0,26,28.2,16.0,30.0,7.4,1,0.72,0.03,0.75,0.83,0,2,1,3,78,958105,-189492,32439,221931,5
Furo,FWD,Brentford,107,41,6,0,True,2026-09-18T19:00:00Z,3,0,5,0,0,0,0,0,0,0,0,0,0,0,0,0,0.0,0.0,0.0,0.0,0,0.00,0.00,0.00,0.00,0,0,0,0,45,104422,-13858,6535,20393,5
Wilson,FWD,Brentford,108,41,6,0,True,2026-09-18T19:00:00Z,3,0,5,0,0,0,0,0,0,0,0,0,0,0,0,0,0.0,0.0,0.0,0.0,0,0.00,0.00,0.00,0.00,0,0,0,0,55,33179,-4371,1671,6042,5
Welbeck,FWD,Chelsea,136,41,4,2,False,2026-09-18T19:00:00Z,3,0,5,70,0,0,0,1,0,0,0,0,0,0,0,8,7.2,21.8,8.0,3.7,1,0.00,0.08,0.08,1.45,1,2,1,4,59,114052,20936,34909,13973,5
Sánchez,GK,Chelsea,140,41,4,0,False,2026-09-18T19:00:00Z,3,0,5,0,0,0,0,0,0,0,0,0,0,0,0,0,0.0,0.0,0.0,0.0,0,0.00,0.00,0.00,0.00,0,0,0,0,49,79688,-15548,0,15548,5
Jörgensen,GK,Chelsea,141,41,4,0,False,2026-09-18T19:00:00Z,3,0,5,0,0,0,0,0,0,0,0,0,0,0,0,0,0.0,0.0,0.0,0.0,0,0.00,0.00,0.00,0.00,0,0,0,0,50,889,-52,0,52,5
James,DEF,Chelsea,142,41,4,0,False,2026-09-18T19:00:00Z,3,0,5,0,0,0,0,0,0,0,0,0,0,0,0,0,0.0,0.0,0.0,0.0,0,0.00,0.00,0.00,0.00,0,0,0,0,54,704792,-120634,18198,138832,5
Chalobah,DEF,Chelsea,143,41,4,0,False,2026-09-18T19:00:00Z,3,0,5,0,0,0,0,0,0,0,0,0,0,0,0,0,0.0,0.0,0.0,0.0,0,0.00,0.00,0.00,0.00,0,0,0,0,55,7643,-705,0,705,5
Gusto,DEF,Chelsea,144,41,4,0,False,2026-09-18T19:00:00Z,3,0,5,0,0,0,0,0,0,0,0,0,0,0,0,0,0.0,0.0,0.0,0.0,0,0.00,0.00,0.00,0.00,0,0,0,0,50,107892,-9281,4607,13888,5
Fofana,DEF,Chelsea,145,41,4,4,False,2026-09-18T19:00:00Z,3,0,5,70,0,0,0,1,0,0,0,0,0,0,0,11,22.8,0.8,0.0,2.4,1,0.00,0.00,0.00,1.45,13,4,2,15,50,18869,-112,3337,3449,5
B.Badiashile,DEF,Chelsea,146,41,4,0,False,2026-09-18T19:00:00Z,3,0,5,0,0,0,0,0,0,0,0,0,0,0,0,0,0.0,0.0,0.0,0.0,0,0.00,0.00,0.00,0.00,0,0,0,0,45,1061,-128,0,128,5
Hato,DEF,Chelsea,148,41,4,0,False,2026-09-18T19:00:00Z,3,0,5,0,0,0,0,0,0,0,0,0,0,0,0,0,0.0,0.0,0.0,0.0,0,0.00,0.00,0.00,0.00,0,0,0,0,45,93559,-16858,4867,21725,5
Colwill,DEF,Chelsea,149,41,4,1,False,2026-09-18T19:00:00Z,3,0,5,90,0,0,0,3,0,0,0,0,0,0,0,1,15.6,2.4,2.0,2.0,1,0.00,0.01,0.01,2.65,7,4,0,7,49,97080,-16952,2003,18955,5
M.Sarr,DEF,Chelsea,150,41,4,0,False,2026-09-18T19:00:00Z,3,0,5,0,0,0,0,0,0,0,0,0,0,0,0,0,0.0,0.0,0.0,0.0,0,0.00,0.00,0.00,0.00,0,0,0,0,45,3038,-455,0,455,5
Acheampong,DEF,Chelsea,151,41,4,0,False,2026-09-18T19:00:00Z,3,0,5,19,0,0,0,2,0,0,0,0,0,0,0,-4,1.4,1.4,0.0,0.3,0,0.00,0.01,0.01,1.20,0,0,1,1,45,38029,-4505,1529,6034,5
Palestra,DEF,Chelsea,152,41,4,0,False,2026-09-18T19:00:00Z,3,0,5,0,0,0,0,0,0,0,0,0,0,0,0,0,0.0,0.0,0.0,0.0,0,0.00,0.00,0.00,0.00,0,0,0,0,53,68735,-20665,260,20925,5
Palmer,MID,Chelsea,154,41,4,2,False,2026-09-18T19:00:00Z,3,0,5,90,0,0,0,3,0,0,0,0,0,0,0,21,19.4,25.3,20.0,6.5,1,0.13,0.18,0.31,2.65,1,2,3,6,97,2932358,25953,192540,166587,5
Neto,MID,Chelsea,156,41,4,2,False,2026-09-18T19:00:00Z,3,0,5,86,0,0,0,2,0,0,0,0,0,0,0,13,9.6,7.8,25.0,4.2,1,0.16,0.05,0.21,2.22,0,3,3,6,65,151580,-6221,15985,22206,5
Estêvão,MID,Chelsea,157,41,4,1,False,2026-09-18T19:00:00Z,3,0,5,3,0,0,0,1,0,0,0,0,0,0,0,3,0.2,0.3,0.0,0.1,0,0.00,0.00,0.00,0.43,0,0,0,0,63,74742,-7152,2997,10149,5
Gittens,MID,Chelsea,158,41,4,0,False,2026-09-18T19:00:00Z,3,0,5,0,0,0,0,0,0,0,0,0,0,0,0,0,0.0,0.0,0.0,0.0,0,0.00,0.00,0.00,0.00,0,0,0,0,59,2922,-209,198,407,5
Caicedo,MID,Chelsea,159,41,4,0,False,2026-09-18T19:00:00Z,3,0,5,0,0,0,0,0,0,0,0,0,0,0,0,0,0.0,0.0,0.0,0.0,0,0.00,0.00,0.00,0.00,0,0,0,0,53,120861,-31135,584,31719,5
Lavia,MID,Chelsea,161,41,4,0,False,2026-09-18T19:00:00Z,3,0,5,0,0,0,0,0,0,0,0,0,0,0,0,0,0.0,0.0,0.0,0.0,0,0.00,0.00,0.00,0.00,0,0,0,0,50,24300,-1482,2931,4413,5
D.Essugo,MID,Chelsea,163,41,4,0,False,2026-09-18T19:00:00Z,3,0,5,0,0,0,0,0,0,0,0,0,0,0,0,0,0.0,0.0,0.0,0.0,0,0.00,0.00,0.00,0.00,0,0,0,0,45,10348,-2058,0,2058,5
Quenda,MID,Chelsea,164,41,4,1,False,2026-09-18T19:00:00Z,3,0,5,19,0,0,0,2,0,0,0,0,0,0,0,3,0.4,1.8,6.0,0.8,0,0.03,0.01,0.04,1.20,0,0,0,0,53,3422,-378,155,533,5
João Pedro,FWD,Chelsea,165,41,4,0,False,2026-09-18T19:00:00Z,3,0,5,0,0,0,0,0,0,0,0,0,0,0,0,0,0.0,0.0,0.0,0.0,0,0.00,0.00,0.00,0.00,0,0,0,0,78,7300631,-487412,261391,748803,5
Marc Guiu,FWD,Chelsea,168,41,4,0,False,2026-09-18T19:00:00Z,3,0,5,0,0,0,0,0,0,0,0,0,0,0,0,0,0.0,0.0,0.0,0.0,0,0.00,0.00,0.00,0.00,0,0,0,0,50,21634,-4081,0,4081,5
Mheuka,FWD,Chelsea,169,41,4,0,False,2026-09-18T19:00:00Z,3,0,5,0,0,0,0,0,0,0,0,0,0,0,0,0,0.0,0.0,0.0,0.0,0,0.00,0.00,0.00,0.00,0,0,0,0,45,54118,3579,9469,5890,5
Emegha,FWD,Chelsea,170,41,4,0,False,2026-09-18T19:00:00Z,3,0,5,0,0,0,0,0,0,0,0,0,0,0,0,0,0.0,0.0,0.0,0.0,0,0.00,0.00,0.00,0.00,0,0,0,0,50,12321,-2659,122,2781,5
Lacroix,DEF,Chelsea,200,41,4,3,False,2026-09-18T19:00:00Z,3,0,5,90,0,0,0,3,0,0,0,0,0,0,0,-1,29.4,1.3,4.0,3.5,1,0.13,0.01,0.14,2.65,11,3,1,12,60,749577,-111183,9497,120680,5
Penders,GK,Chelsea,560,41,4,0,False,2026-09-18T19:00:00Z,3,0,5,0,0,0,0,0,0,0,0,0,0,0,0,0,0.0,0.0,0.0,0.0,0,0.00,0.00,0.00,0.00,0,0,0,0,44,7232,76,696,620,5
Anselmino,DEF,Chelsea,561,41,4,0,False,2026-09-18T19:00:00Z,3,0,5,0,0,0,0,0,0,0,0,0,0,0,0,0,0.0,0.0,0.0,0.0,0,0.00,0.00,0.00,0.00,0,0,0,0,45,2152,-28,188,216,5
M.Sangaré,MID,Brentford,565,41,6,0,True,2026-09-18T19:00:00Z,3,0,5,21,0,0,0,0,0,0,0,1,0,0,0,0,2.2,0.0,0.0,0.2,0,0.00,0.00,0.00,0.28,1,1,1,3,57,1186508,-184737,29169,213906,5
Barco,MID,Chelsea,568,41,4,2,False,2026-09-18T19:00:00Z,3,0,5,86,0,0,0,2,0,0,0,0,0,0,0,21,11.2,4.3,5.0,2.1,1,0.03,0.02,0.05,2.22,2,4,3,9,54,13260,-902,477,1379,5
Chavarria,DEF,Chelsea,583,41,4,1,False,2026-09-18T19:00:00Z,3,0,5,90,0,0,0,3,0,0,0,0,0,0,0,7,17.6,27.2,4.0,4.9,1,0.04,0.04,0.08,2.65,6,3,3,9,49,16124,-1145,529,1674,5
Diouf,DEF,Brentford,620,41,6,1,True,2026-09-18T19:00:00Z,3,0,5,9,0,0,0,0,0,0,0,0,0,0,0,3,2.2,0.3,0.0,0.3,0,0.00,0.00,0.00,0.13,1,0,0,1,45,9701,-593,1079,1672,5
Nunes,MID,Brentford,657,41,6,0,True,2026-09-18T19:00:00Z,3,0,5,0,0,0,0,0,0,0,0,0,0,0,0,0,0.0,0.0,0.0,0.0,0,0.00,0.00,0.00,0.00,0,0,0,0,45,2569,1349,1742,393,5
Fredrick,DEF,Brentford,660,41,6,0,True,2026-09-18T19:00:00Z,3,0,5,0,0,0,0,0,0,0,0,0,0,0,0,0,0.0,0.0,0.0,0.0,0,0.00,0.00,0.00,0.00,0,0,0,0,40,0,0,0,0,5
Balcombe,GK,Brentford,661,41,6,0,True,2026-09-18T19:00:00Z,3,0,5,0,0,0,0,0,0,0,0,0,0,0,0,0,0.0,0.0,0.0,0.0,0,0.00,0.00,0.00,0.00,0,0,0,0,40,0,0,0,0,5
Nicoll-Jazuli,MID,Chelsea,662,41,4,1,False,2026-09-18T19:00:00Z,3,0,5,3,0,0,0,1,0,0,0,0,0,0,0,5,4.6,1.7,0.0,0.6,0,0.00,0.00,0.00,0.43,0,0,2,2,45,0,0,0,0,5
Raya,GK,Arsenal,1,42,5,1,False,2026-09-19T14:00:00Z,3,0,5,90,0,0,0,3,0,0,0,0,0,2,0,6,20.6,0.0,0.0,2.1,1,0.00,0.00,0.00,1.31,0,14,1,0,60,4487209,212570,279598,67028,5
Arrizabalaga,GK,Arsenal,2,42,5,0,False,2026-09-19T14:00:00Z,3,0,5,0,0,0,0,0,0,0,0,0,0,0,0,0,0.0,0.0,0.0,0.0,0,0.00,0.00,0.00,0.00,0,0,0,0,49,7555,-378,181,559,5
Meslier,GK,Arsenal,3,42,5,0,False,2026-09-19T14:00:00Z,3,0,5,0,0,0,0,0,0,0,0,0,0,0,0,0,0.0,0.0,0.0,0.0,0,0.00,0.00,0.00,0.00,0,0,0,0,49,3038,-115,86,201,5
Gabriel,DEF,Arsenal,4,42,5,1,False,2026-09-19T14:00:00Z,3,0,5,90,0,0,0,3,0,0,0,0,0,0,0,6,25.8,13.1,0.0,3.9,1,0.00,0.14,0.14,1.31,6,4,3,9,80,2494884,-70779,48033,118812,5
J.Timber,DEF,Arsenal,5,42,5,0,False,2026-09-19T14:00:00Z,3,0,5,59,0,0,0,3,0,0,0,0,0,0,0,-6,4.2,2.3,0.0,0.7,1,0.00,0.02,0.02,0.61,0,2,2,2,65,32012,16270,20088,3818,5
Saliba,DEF,Arsenal,6,42,5,0,False,2026-09-19T14:00:00Z,3,0,5,0,0,0,0,0,0,0,0,0,0,0,0,0,0.0,0.0,0.0,0.0,0,0.00,0.00,0.00,0.00,0,0,0,0,59,21924,-1605,399,2004,5
Lewis-Skelly,MID,Arsenal,7,42,5,0,False,2026-09-19T14:00:00Z,3,0,5,0,0,0,0,0,0,0,0,0,0,0,0,0,0.0,0.0,0.0,0.0,0,0.00,0.00,0.00,0.00,0,0,0,0,55,64229,-7916,3227,11143,5
Calafiori,DEF,Arsenal,8,42,5,1,False,2026-09-19T14:00:00Z,3,0,5,90,0,0,0,3,0,0,0,0,0,0,0,-3,11.2,23.7,20.0,5.5,1,0.07,0.03,0.10,1.31,2,5,3,5,58,5451521,183297,266900,83603,5
Hincapie,DEF,Arsenal,9,42,5,0,False,2026-09-19T14:00:00Z,3,0,5,0,0,0,0,0,0,0,0,0,0,0,0,0,0.0,0.0,0.0,0.0,0,0.00,0.00,0.00,0.00,0,0,0,0,53,98376,-13089,2559,15648,5
White,DEF,Arsenal,10,42,5,0,False,2026-09-19T14:00:00Z,3,0,5,0,0,0,0,0,0,0,0,0,0,0,0,0,0.0,0.0,0.0,0.0,0,0.00,0.00,0.00,0.00,0,0,0,0,55,573621,-218227,21167,239394,5
Mosquera,DEF,Arsenal,11,42,5,0,False,2026-09-19T14:00:00Z,3,0,5,0,0,0,0,0,0,0,0,0,0,0,0,0,0.0,0.0,0.0,0.0,0,0.00,0.00,0.00,0.00,0,0,0,0,53,181804,-81401,476,81877,5
Saka,MID,Arsenal,12,42,5,2,False,2026-09-19T14:00:00Z,3,0,5,80,0,0,0,3,0,0,0,0,0,0,0,14,15.8,46.8,36.0,9.9,1,0.34,0.55,0.89,1.00,0,1,1,2,95,1461185,156317,221246,64929,5
Rice,MID,Arsenal,13,42,5,1,False,2026-09-19T14:00:00Z,3,0,5,90,0,0,0,3,0,0,0,1,0,0,0,13,10.6,18.1,1.0,3.0,1,0.02,0.06,0.08,1.31,2,4,2,8,74,1344452,-54820,28685,83505,5
Eze,MID,Arsenal,14,42,5,1,False,2026-09-19T14:00:00Z,3,0,5,17,0,0,0,0,0,0,0,0,0,0,0,5,1.2,2.1,4.0,0.7,0,0.00,0.02,0.02,0.54,0,0,0,0,63,113499,-15015,3026,18041,5
Ødegaard,MID,Arsenal,15,42,5,2,False,2026-09-19T14:00:00Z,3,0,5,72,0,0,0,3,0,0,0,0,0,0,0,10,0.0,6.2,5.0,1.1,1,0.07,0.02,0.09,0.77,1,1,0,2,68,2167651,194248,326276,132028,5
Madueke,MID,Arsenal,16,42,5,0,False,2026-09-19T14:00:00Z,3,0,5,0,0,0,0,0,0,0,0,0,0,0,0,0,0.0,0.0,0.0,0.0,0,0.00,0.00,0.00,0.00,0,0,0,0,62,22229,-2443,1193,3636,5
Merino,MID,Arsenal,17,42,5,1,False,2026-09-19T14:00:00Z,3,0,5,30,0,0,0,0,0,0,0,0,0,0,0,4,3.4,0.8,2.0,0.6,0,0.00,0.13,0.13,0.70,1,3,0,4,58,42609,-4969,1345,6314,5
Martinelli,MID,Arsenal,18,42,5,0,False,2026-09-19T14:00:00Z,3,0,5,0,0,0,0,0,0,0,0,0,0,0,0,0,0.0,0.0,0.0,0.0,0,0.00,0.00,0.00,0.00,0,0,0,0,63,7867,-1499,0,1499,5
Zubimendi,MID,Arsenal,19,42,5,1,False,2026-09-19T14:00:00Z,3,0,5,30,0,0,0,0,0,0,0,0,0,0,0,2,0.0,0.8,18.0,1.9,0,0.13,0.00,0.13,0.70,1,0,0,1,53,64585,-7918,1444,9362,5
Dowman,MID,Arsenal,20,42,5,1,False,2026-09-19T14:00:00Z,3,0,5,9,0,0,0,0,0,0,0,0,0,0,0,4,2.0,14.8,0.0,1.7,0,0.00,0.08,0.08,0.31,0,0,0,0,53,7252,-172,878,1050,5
Nwaneri,MID,Arsenal,22,42,5,0,False,2026-09-19T14:00:00Z,3,0,5,0,0,0,0,0,0,0,0,0,0,0,0,0,0.0,0.0,0.0,0.0,0,0.00,0.00,0.00,0.00,0,0,0,0,54,680,-116,0,116,5
Fábio Vieira,MID,Arsenal,23,42,5,0,False,2026-09-19T14:00:00Z,3,0,5,0,0,0,0,0,0,0,0,0,0,0,0,0,0.0,0.0,0.0,0.0,0,0.00,0.00,0.00,0.00,0,0,0,0,55,633,-88,0,88,5
Nelson,MID,Arsenal,24,42,5,0,False,2026-09-19T14:00:00Z,3,0,5,0,0,0,0,0,0,0,0,0,0,0,0,0,0.0,0.0,0.0,0.0,0,0.00,0.00,0.00,0.00,0,0,0,0,55,500,-66,0,66,5
Gyökeres,FWD,Arsenal,25,42,5,1,False,2026-09-19T14:00:00Z,3,0,5,17,0,0,0,0,0,0,0,0,0,0,0,5,0.0,14.6,0.0,1.4,0,0.00,0.23,0.23,0.54,0,0,0,0,72,342393,-51870,5156,57026,5
Havertz,FWD,Arsenal,26,42,5,2,False,2026-09-19T14:00:00Z,3,0,5,90,0,0,0,3,0,0,0,0,0,0,0,5,5.2,5.3,28.0,3.9,1,0.78,0.02,0.80,1.31,2,1,0,3,76,915557,44371,147342,102971,5
G.Jesus,FWD,Arsenal,27,42,5,0,False,2026-09-19T14:00:00Z,3,0,5,0,0,0,0,0,0,0,0,0,0,0,0,0,0.0,0.0,0.0,0.0,0,0.00,0.00,0.00,0.00,0,0,0,0,59,16588,-2292,0,2292,5
Konsa,DEF,Arsenal,31,42,5,1,False,2026-09-19T14:00:00Z,3,0,5,90,0,0,0,3,0,0,0,0,0,0,0,2,10.6,12.3,10.0,3.3,1,0.23,0.01,0.24,1.31,4,3,0,4,45,2062931,277564,343094,65530,5
Verbruggen,GK,Brighton,109,42,1,6,True,2026-09-19T14:00:00Z,3,0,5,90,0,0,1,0,0,0,0,0,0,2,0,27,20.0,0.0,0.0,2.0,1,0.00,0.00,0.00,1.63,0,4,0,0,45,2292499,-47432,89072,136504,5
Steele,GK,Brighton,111,42,1,0,True,2026-09-19T14:00:00Z,3,0,5,0,0,0,0,0,0,0,0,0,0,0,0,0,0.0,0.0,0.0,0.0,0,0.00,0.00,0.00,0.00,0,0,0,0,40,463243,-988,20424,21412,5
F.Kadıoğlu,DEF,Brighton,113,42,1,5,True,2026-09-19T14:00:00Z,3,0,5,75,0,0,1,0,0,0,0,1,0,0,0,18,9.4,13.5,5.0,2.8,1,0.04,0.02,0.06,0.89,3,3,0,3,44,170937,-13983,4277,18260,5
Boscagli,DEF,Brighton,114,42,1,6,True,2026-09-19T14:00:00Z,3,0,5,90,0,0,1,0,0,0,0,0,0,0,0,24,13.0,5.2,2.0,2.0,1,0.01,0.02,0.03,1.63,5,2,2,7,45,28873,-1117,1382,2499,5
De Cuyper,DEF,Brighton,115,42,1,6,True,2026-09-19T14:00:00Z,3,0,5,90,0,0,1,0,0,0,0,1,0,0,1,30,14.6,33.8,4.0,5.2,1,0.02,0.23,0.25,1.63,3,4,4,7,49,2649636,287563,410558,122995,5
Dunk,DEF,Brighton,116,42,1,0,True,2026-09-19T14:00:00Z,3,0,5,0,0,0,0,0,0,0,0,0,0,0,0,0,0.0,0.0,0.0,0.0,0,0.00,0.00,0.00,0.00,0,0,0,0,45,165566,16492,28113,11621,5
Coppola,DEF,Brighton,117,42,1,0,True,2026-09-19T14:00:00Z,3,0,5,0,0,0,0,0,0,0,0,0,0,0,0,0,0.0,0.0,0.0,0.0,0,0.00,0.00,0.00,0.00,0,0,0,0,45,2071,-33,180,213,5
Igor,DEF,Brighton,118,42,1,0,True,2026-09-19T14:00:00Z,3,0,5,0,0,0,0,0,0,0,0,0,0,0,0,0,0.0,0.0,0.0,0.0,0,0.00,0.00,0.00,0.00,0,0,0,0,45,4271,-883,0,883,5
Costinha,DEF,Brighton,119,42,1,1,True,2026-09-19T14:00:00Z,3,0,5,14,0,0,0,0,0,0,0,0,0,0,0,2,1.2,3.0,0.0,0.4,0,0.00,0.14,0.14,0.74,1,0,0,1,45,3724,-90,216,306,5
Svoboda,DEF,Brighton,120,42,1,1,True,2026-09-19T14:00:00Z,3,0,5,4,0,0,0,0,0,0,0,0,0,0,0,5,2.4,0.0,0.0,0.2,0,0.00,0.00,0.00,0.14,0,1,1,1,50,5657,-310,647,957,5
Mitoma,MID,Brighton,121,42,1,0,True,2026-09-19T14:00:00Z,3,0,5,0,0,0,0,0,0,0,0,0,0,0,0,0,0.0,0.0,0.0,0.0,0,0.00,0.00,0.00,0.00,0,0,0,0,59,3148,-229,63,292,5
Minteh,MID,Brighton,122,42,1,0,True,2026-09-19T14:00:00Z,3,0,5,0,0,0,0,0,0,0,0,0,0,0,0,0,0.0,0.0,0.0,0.0,0,0.00,0.00,0.00,0.00,0,0,0,0,59,3397,-448,28,476,5
Hinshelwood,MID,Brighton,123,42,1,0,True,2026-09-19T14:00:00Z,3,0,5,0,0,0,0,0,0,0,0,0,0,0,0,0,0.0,0.0,0.0,0.0,0,0.00,0.00,0.00,0.00,0,0,0,0,59,66553,-26541,128,26669,5
Groß,MID,Brighton,124,42,1,14,True,2026-09-19T14:00:00Z,3,0,5,90,1,1,1,0,0,0,0,0,0,0,3,47,58.4,30.3,16.0,10.5,1,0.11,0.25,0.36,1.63,3,1,1,5,57,2264407,499051,604409,105358,5
Georginio,FWD,Brighton,125,42,1,1,True,2026-09-19T14:00:00Z,3,0,5,14,0,0,0,0,0,0,0,0,0,0,0,2,0.4,0.3,4.0,0.5,0,0.09,0.01,0.10,0.74,0,2,0,2,54,49762,-10169,2315,12484,5
O'Riley,MID,Brighton,126,42,1,1,True,2026-09-19T14:00:00Z,3,0,5,4,0,0,0,0,0,0,0,0,0,0,0,2,6.0,0.0,19.0,2.5,0,0.28,0.00,0.28,0.14,2,0,0,2,54,10353,-662,577,1239,5
Gomez,MID,Brighton,127,42,1,8,True,2026-09-19T14:00:00Z,3,0,5,85,0,1,1,0,0,0,0,0,0,0,0,19,29.0,22.6,4.0,5.6,1,0.00,0.02,0.02,1.48,1,7,5,13,50,439801,-68669,13377,82046,5
Buonanotte,MID,Brighton,128,42,1,0,True,2026-09-19T14:00:00Z,3,0,5,0,0,0,0,0,0,0,0,0,0,0,0,0,0.0,0.0,0.0,0.0,0,0.00,0.00,0.00,0.00,0,0,0,0,50,206,-17,0,17,5
Ayari,MID,Brighton,129,42,1,3,True,2026-09-19T14:00:00Z,3,0,5,90,0,0,1,0,0,0,0,0,0,0,0,7,5.6,12.3,17.0,3.5,1,0.11,0.08,0.19,1.63,2,4,1,7,54,39428,-939,3453,4392,5
Wieffer,DEF,Brighton,130,42,1,0,True,2026-09-19T14:00:00Z,3,0,5,0,0,0,0,0,0,0,0,0,0,0,0,0,0.0,0.0,0.0,0.0,0,0.00,0.00,0.00,0.00,0,0,0,0,49,20558,-6902,57,6959,5
Howell,MID,Brighton,132,42,1,0,True,2026-09-19T14:00:00Z,3,0,5,0,0,0,0,0,0,0,0,0,0,0,0,0,0.0,0.0,0.0,0.0,0,0.00,0.00,0.00,0.00,0,0,0,0,45,3291,-395,0,395,5
Watson,MID,Brighton,133,42,1,0,True,2026-09-19T14:00:00Z,3,0,5,0,0,0,0,0,0,0,0,0,0,0,0,0,0.0,0.0,0.0,0.0,0,0.00,0.00,0.00,0.00,0,0,0,0,50,112,-10,0,10,5
Oriola,MID,Brighton,134,42,1,0,True,2026-09-19T14:00:00Z,3,0,5,0,0,0,0,0,0,0,0,0,0,0,0,0,0.0,0.0,0.0,0.0,0,0.00,0.00,0.00,0.00,0,0,0,0,45,26306,-2152,890,3042,5
Yohanna,MID,Brighton,135,42,1,0,True,2026-09-19T14:00:00Z,3,0,5,0,0,0,0,0,0,0,0,0,0,0,0,0,0.0,0.0,0.0,0.0,0,0.00,0.00,0.00,0.00,0,0,0,0,49,3954,-1161,35,1196,5
Tzimas,FWD,Brighton,137,42,1,0,True,2026-09-19T14:00:00Z,3,0,5,0,0,0,0,0,0,0,0,0,0,0,0,0,0.0,0.0,0.0,0.0,0,0.00,0.00,0.00,0.00,0,0,0,0,54,710,-21,63,84,5
Kostoulas,FWD,Brighton,138,42,1,10,True,2026-09-19T14:00:00Z,3,0,5,75,1,1,1,0,0,0,0,1,0,0,2,40,48.2,11.3,38.0,9.8,1,0.18,0.01,0.19,0.89,0,3,1,4,55,105077,42079,57158,15079,5
Ferguson,FWD,Brighton,139,42,1,0,True,2026-09-19T14:00:00Z,3,0,5,0,0,0,0,0,0,0,0,0,0,0,0,0,0.0,0.0,0.0,0.0,0,0.00,0.00,0.00,0.00,0,0,0,0,50,3174,-162,242,404,5
Struijk,DEF,Brighton,328,42,1,5,True,2026-09-19T14:00:00Z,3,0,5,85,0,0,1,0,0,0,0,1,0,0,0,24,20.8,0.6,7.0,2.8,1,0.16,0.00,0.16,1.48,5,6,1,6,49,18865,-1949,571,2520,5
Bruno G.,MID,Arsenal,452,42,5,1,False,2026-09-19T14:00:00Z,3,0,5,59,0,0,0,3,0,0,0,0,0,0,0,12,4.2,1.8,6.0,1.2,1,0.00,0.01,0.01,0.61,2,4,0,6,67,192568,6316,16199,9883,5
Vuskovic,DEF,Brighton,504,42,1,8,True,2026-09-19T14:00:00Z,3,0,5,90,0,0,1,0,0,0,0,0,0,0,0,27,20.6,1.6,2.0,2.4,1,0.00,0.00,0.00,1.63,10,4,2,12,50,332297,-7252,27688,34940,5
Tzolis,MID,Arsenal,557,42,5,2,False,2026-09-19T14:00:00Z,3,0,5,72,0,0,0,3,0,0,0,0,0,0,0,9,5.0,6.2,6.0,1.7,1,0.00,0.07,0.07,0.77,1,1,1,3,64,1417272,-263333,39605,302938,5
David,FWD,Brighton,594,42,1,0,True,2026-09-19T14:00:00Z,3,0,5,0,0,0,0,0,0,0,0,0,0,0,0,0,0.0,0.0,0.0,0.0,0,0.00,0.00,0.00,0.00,0,0,0,0,60,21728,-3096,2100,5196,5
Osman,MID,Brighton,600,42,1,0,True,2026-09-19T14:00:00Z,3,0,5,0,0,0,0,0,0,0,0,0,0,0,0,0,0.0,0.0,0.0,0.0,0,0.00,0.00,0.00,0.00,0,0,0,0,50,1757,-93,148,241,5
Yalcouyé,MID,Brighton,605,42,1,1,True,2026-09-19T14:00:00Z,3,0,5,5,0,0,0,0,0,0,0,0,0,0,0,9,2.2,10.3,6.0,1.9,0,0.04,0.18,0.22,0.14,0,0,1,1,45,450411,87628,130693,43065,5
Hadjam,DEF,Brighton,614,42,1,0,True,2026-09-19T14:00:00Z,3,0,5,0,0,0,0,0,0,0,0,0,0,0,0,0,0.0,0.0,0.0,0.0,0,0.00,0.00,0.00,0.00,0,0,0,0,45,4264,-93,513,606,5
Cozier-Duberry,MID,Brighton,624,42,1,0,True,2026-09-19T14:00:00Z,3,0,5,0,0,0,0,0,0,0,0,0,0,0,0,0,0.0,0.0,0.0,0.0,0,0.00,0.00,0.00,0.00,0,0,0,0,50,51,-12,0,12,5
Andrés,MID,Brighton,639,42,1,8,True,2026-09-19T14:00:00Z,3,0,5,84,1,0,1,0,0,0,0,0,0,0,0,27,33.4,4.8,37.0,7.5,1,0.28,0.11,0.39,1.48,2,7,0,9,55,1188,239,470,231,5
Azeez,MID,Brighton,652,42,1,0,True,2026-09-19T14:00:00Z,3,0,5,0,0,0,0,0,0,0,0,0,0,0,0,0,0.0,0.0,0.0,0.0,0,0.00,0.00,0.00,0.00,0,0,0,0,55,308,-10,54,64,5
Ibrahim,MID,Brighton,658,42,1,0,True,2026-09-19T14:00:00Z,3,0,5,0,0,0,0,0,0,0,0,0,0,0,0,0,0.0,0.0,0.0,0.0,0,0.00,0.00,0.00,0.00,0,0,0,0,45,1545,895,1163,268,5
Nørgaard,MID,Everton,21,43,12,0,True,2026-09-19T14:00:00Z,1,0,5,0,0,0,0,0,0,0,0,0,0,0,0,0,0.0,0.0,0.0,0.0,0,0.00,0.00,0.00,0.00,0,0,0,0,49,4666,-737,46,783,5
Johnson,MID,Everton,209,43,12,3,True,2026-09-19T14:00:00Z,1,0,5,65,0,0,1,0,0,0,0,0,0,0,0,6,0.0,0.6,10.0,1.0,1,0.82,0.00,0.82,1.06,1,4,3,8,59,13882,847,2308,1461,5
Pickford,GK,Everton,226,43,12,8,True,2026-09-19T14:00:00Z,1,0,5,90,0,0,1,0,0,0,0,0,0,4,1,34,35.0,0.0,0.0,3.5,1,0.00,0.00,0.00,1.44,1,7,0,0,55,1016911,36703,77729,41026,5
Travers,GK,Everton,227,43,12,0,True,2026-09-19T14:00:00Z,1,0,5,0,0,0,0,0,0,0,0,0,0,0,0,0,0.0,0.0,0.0,0.0,0,0.00,0.00,0.00,0.00,0,0,0,0,50,4152,114,576,462,5
King,GK,Everton,228,43,12,0,True,2026-09-19T14:00:00Z,1,0,5,0,0,0,0,0,0,0,0,0,0,0,0,0,0.0,0.0,0.0,0.0,0,0.00,0.00,0.00,0.00,0,0,0,0,45,4710,-53,243,296,5
Tarkowski,DEF,Everton,229,43,12,14,True,2026-09-19T14:00:00Z,1,0,5,90,0,1,1,0,0,0,0,0,0,0,3,43,36.0,10.7,1.0,4.8,1,0.01,0.01,0.02,1.44,11,5,1,12,61,1610335,243664,292865,49201,5
Branthwaite,DEF,Everton,230,43,12,8,True,2026-09-19T14:00:00Z,1,0,5,90,0,0,1,0,0,0,0,0,0,0,0,27,32.6,0.9,0.0,3.4,1,0.00,0.00,0.00,1.44,14,3,0,14,55,255437,36903,50096,13193,5
Keane,DEF,Everton,231,43,12,0,True,2026-09-19T14:00:00Z,1,0,5,0,0,0,0,0,0,0,0,0,0,0,0,0,0.0,0.0,0.0,0.0,0,0.00,0.00,0.00,0.00,0,0,0,0,48,83228,-10126,2083,12209,5
O'Brien,DEF,Everton,232,43,12,1,True,2026-09-19T14:00:00Z,1,0,5,1,0,0,0,0,0,0,0,0,0,0,0,3,2.0,0.0,0.0,0.2,0,0.00,0.00,0.00,0.16,1,1,0,1,49,31104,-1516,1257,2773,5
Mykolenko,DEF,Everton,233,43,12,5,True,2026-09-19T14:00:00Z,1,0,5,90,0,0,1,0,0,0,0,1,0,0,0,29,18.8,7.1,7.0,3.3,1,0.04,0.02,0.06,1.44,3,11,3,6,45,463207,214484,238606,24122,5
Patterson,DEF,Everton,234,43,12,0,True,2026-09-19T14:00:00Z,1,0,5,0,0,0,0,0,0,0,0,0,0,0,0,0,0.0,0.0,0.0,0.0,0,0.00,0.00,0.00,0.00,0,0,0,0,45,1666,-321,0,321,5
Aznou,DEF,Everton,235,43,12,0,True,2026-09-19T14:00:00Z,1,0,5,0,0,0,0,0,0,0,0,0,0,0,0,0,0.0,0.0,0.0,0.0,0,0.00,0.00,0.00,0.00,0,0,0,0,40,10301,-1647,0,1647,5
Dewsbury-Hall,MID,Everton,236,43,12,3,True,2026-09-19T14:00:00Z,1,0,5,90,0,0,1,0,0,0,0,0,0,0,0,10,1.6,31.2,28.0,6.1,1,0.37,0.34,0.71,1.28,0,5,2,7,65,731679,156556,216116,59560,5
Grealish,MID,Everton,238,43,12,3,True,2026-09-19T14:00:00Z,1,0,5,78,0,0,1,0,0,0,0,0,0,0,0,22,11.2,57.6,8.0,7.7,1,0.00,0.30,0.30,1.06,0,7,0,7,65,48806,4275,10313,6038,5
Garner,MID,Everton,239,43,12,3,True,2026-09-19T14:00:00Z,1,0,5,90,0,0,1,0,0,0,0,0,0,0,0,14,10.0,19.2,4.0,3.3,1,0.16,0.04,0.20,1.44,4,5,0,9,60,25087,9028,12252,3224,5
George,MID,Everton,242,43,12,1,True,2026-09-19T14:00:00Z,1,0,5,11,0,0,0,0,0,0,0,0,0,0,0,4,0.4,0.8,4.0,0.5,0,0.03,0.01,0.04,0.38,0,2,0,2,55,111866,39603,50560,10957,5
Alcaraz,MID,Everton,243,43,12,0,True,2026-09-19T14:00:00Z,1,0,5,0,0,0,0,0,0,0,0,0,0,0,0,0,0.0,0.0,0.0,0.0,0,0.00,0.00,0.00,0.00,0,0,0,0,49,7950,-492,539,1031,5
Armstrong,MID,Everton,244,43,12,2,True,2026-09-19T14:00:00Z,1,0,5,90,0,0,1,0,0,0,0,1,0,0,0,13,5.0,26.3,4.0,3.5,1,0.12,0.37,0.49,1.44,1,2,2,5,50,43182,-2908,5950,8858,5
Dibling,MID,Everton,245,43,12,1,True,2026-09-19T14:00:00Z,1,0,5,24,0,0,0,0,0,0,0,0,0,0,0,10,7.2,24.4,26.0,5.8,0,0.17,0.16,0.33,0.38,0,0,0,0,54,3032,-87,288,375,5
Röhl,MID,Everton,246,43,12,0,True,2026-09-19T14:00:00Z,1,0,5,0,0,0,0,0,0,0,0,0,0,0,0,0,0.0,0.0,0.0,0.0,0,0.00,0.00,0.00,0.00,0,0,0,0,49,4100,-971,285,1256,5
Hackney,MID,Everton,247,43,12,1,True,2026-09-19T14:00:00Z,1,0,5,1,0,0,0,0,0,0,0,0,0,0,0,3,0.2,0.1,0.0,0.0,0,0.00,0.00,0.00,0.16,0,0,0,0,55,20687,-1236,726,1962,5
Beto,FWD,Everton,248,43,12,0,True,2026-09-19T14:00:00Z,1,0,5,0,0,0,0,0,0,0,0,0,0,0,0,0,0.0,0.0,0.0,0.0,0,0.00,0.00,0.00,0.00,0,0,0,0,54,72058,-25316,0,25316,5
Barry,FWD,Everton,249,43,12,6,True,2026-09-19T14:00:00Z,1,0,5,90,1,0,1,0,0,0,0,0,0,0,0,28,34.4,12.3,27.0,7.4,1,0.52,0.01,0.53,1.44,2,3,0,5,56,908127,177881,262211,84330,5
Diop,DEF,Ipswich Town,259,43,9,4,False,2026-09-19T14:00:00Z,1,0,5,90,0,0,0,1,0,0,0,0,0,0,0,13,31.4,10.5,5.0,4.7,1,0.06,0.01,0.07,2.24,10,4,0,10,40,1423347,-93272,19674,112946,5
Lukić,MID,Ipswich Town,267,43,9,2,False,2026-09-19T14:00:00Z,1,0,5,72,0,0,0,1,0,0,0,0,0,0,0,14,9.6,16.8,0.0,2.6,1,0.00,0.25,0.25,1.76,2,3,1,6,50,10737,-916,469,1385,5
Walton,GK,Ipswich Town,300,43,9,2,False,2026-09-19T14:00:00Z,1,0,5,90,0,0,0,1,0,0,0,0,0,1,0,10,12.0,0.0,0.0,1.2,1,0.00,0.01,0.01,2.24,2,17,0,0,44,41812,-1343,763,2106,5
Palmer,GK,Ipswich Town,301,43,9,0,False,2026-09-19T14:00:00Z,1,0,5,0,0,0,0,0,0,0,0,0,0,0,0,0,0.0,0.0,0.0,0.0,0,0.00,0.00,0.00,0.00,0,0,0,0,40,432976,-10957,9183,20140,5
Button,GK,Ipswich Town,302,43,9,0,False,2026-09-19T14:00:00Z,1,0,5,0,0,0,0,0,0,0,0,0,0,0,0,0,0.0,0.0,0.0,0.0,0,0.00,0.00,0.00,0.00,0,0,0,0,40,64291,611,2951,2340,5
Kipré,DEF,Ipswich Town,303,43,9,0,False,2026-09-19T14:00:00Z,1,0,5,0,0,0,0,0,0,0,0,0,0,0,0,0,0.0,0.0,0.0,0.0,0,0.00,0.00,0.00,0.00,0,0,0,0,39,129561,32822,43068,10246,5
O'Shea,DEF,Ipswich Town,304,43,9,2,False,2026-09-19T14:00:00Z,1,0,5,90,0,0,0,1,0,0,0,0,0,0,0,12,28.6,10.5,2.0,4.1,1,0.00,0.00,0.00,2.24,9,5,0,9,40,302768,-14193,7422,21615,5
Davis,DEF,Ipswich Town,305,43,9,2,False,2026-09-19T14:00:00Z,1,0,5,90,0,0,0,1,0,0,0,0,0,0,0,2,10.4,6.3,9.0,2.6,1,0.42,0.02,0.44,2.24,5,2,0,5,40,755615,168534,204377,35843,5
Greaves,DEF,Ipswich Town,306,43,9,0,False,2026-09-19T14:00:00Z,1,0,5,0,0,0,0,0,0,0,0,0,0,0,0,0,0.0,0.0,0.0,0.0,0,0.00,0.00,0.00,0.00,0,0,0,0,40,121588,-6269,1426,7695,5
Johnson,DEF,Ipswich Town,307,43,9,0,False,2026-09-19T14:00:00Z,1,0,5,0,0,0,0,0,0,0,0,0,0,0,0,0,0.0,0.0,0.0,0.0,0,0.00,0.00,0.00,0.00,0,0,0,0,40,6704,-1177,0,1177,5
Furlong,DEF,Ipswich Town,308,43,9,0,False,2026-09-19T14:00:00Z,1,0,5,0,0,0,0,0,0,0,0,0,0,0,0,0,0.0,0.0,0.0,0.0,0,0.00,0.00,0.00,0.00,0,0,0,0,39,80113,7228,11325,4097,5
Núñez,MID,Ipswich Town,309,43,9,0,False,2026-09-19T14:00:00Z,1,0,5,0,0,0,0,0,0,0,0,0,0,0,0,0,0.0,0.0,0.0,0.0,0,0.00,0.00,0.00,0.00,0,0,0,0,49,11613,-1430,337,1767,5
Matusiwa,MID,Ipswich Town,310,43,9,0,False,2026-09-19T14:00:00Z,1,0,5,0,0,0,0,0,0,0,0,0,0,0,0,0,0.0,0.0,0.0,0.0,0,0.00,0.00,0.00,0.00,0,0,0,0,49,330,15,51,36,5
Burns,MID,Ipswich Town,311,43,9,0,False,2026-09-19T14:00:00Z,1,0,5,0,0,0,0,0,0,0,0,0,0,0,0,0,0.0,0.0,0.0,0.0,0,0.00,0.00,0.00,0.00,0,0,0,0,50,223,-21,0,21,5
Taylor,MID,Ipswich Town,312,43,9,0,False,2026-09-19T14:00:00Z,1,0,5,0,0,0,0,0,0,0,0,0,0,0,0,0,0.0,0.0,0.0,0.0,0,0.00,0.00,0.00,0.00,0,0,0,0,45,3061,-250,99,349,5
Clarke,MID,Ipswich Town,313,43,9,2,False,2026-09-19T14:00:00Z,1,0,5,65,0,0,0,1,0,0,0,0,0,0,0,10,10.0,30.1,2.0,4.2,1,0.00,0.33,0.33,1.68,2,2,0,4,54,19907,-2389,514,2903,5
Ogbene,MID,Ipswich Town,314,43,9,0,False,2026-09-19T14:00:00Z,1,0,5,0,0,0,0,0,0,0,0,0,0,0,0,0,0.0,0.0,0.0,0.0,0,0.00,0.00,0.00,0.00,0,0,0,0,49,701,-155,0,155,5
Fatawu,MID,Ipswich Town,315,43,9,-1,False,2026-09-19T14:00:00Z,1,0,5,66,0,0,0,1,0,0,0,0,1,0,0,4,3.2,18.8,21.0,4.3,1,0.14,0.28,0.42,1.68,2,2,0,4,54,19671,-2031,636,2667,5
Emersonn,FWD,Ipswich Town,316,43,9,2,False,2026-09-19T14:00:00Z,1,0,5,80,0,0,0,1,0,0,0,0,0,0,0,9,2.4,0.6,21.0,2.4,1,0.13,0.01,0.14,2.07,0,0,1,1,55,360268,133193,160060,26867,5
Hirst,FWD,Ipswich Town,317,43,9,0,False,2026-09-19T14:00:00Z,1,0,5,0,0,0,0,0,0,0,0,0,0,0,0,0,0.0,0.0,0.0,0.0,0,0.00,0.00,0.00,0.00,0,0,0,0,50,8627,-1398,0,1398,5
Philogene,MID,Ipswich Town,318,43,9,1,False,2026-09-19T14:00:00Z,1,0,5,24,0,0,0,0,0,0,0,0,0,0,0,5,1.4,3.8,4.0,0.9,0,0.06,0.01,0.07,0.56,0,1,0,1,54,7806,-322,83,405,5
Szmodics,MID,Ipswich Town,319,43,9,0,False,2026-09-19T14:00:00Z,1,0,5,0,0,0,0,0,0,0,0,0,0,0,0,0,0.0,0.0,0.0,0.0,0,0.00,0.00,0.00,0.00,0,0,0,0,50,295,-60,0,60,5
Akpom,FWD,Ipswich Town,320,43,9,1,False,2026-09-19T14:00:00Z,1,0,5,9,0,0,0,0,0,0,0,0,0,0,0,3,0.0,0.8,5.0,0.6,0,0.17,0.00,0.17,0.16,0,0,0,0,50,132823,597,22206,21609,5
Walle Egeli,FWD,Ipswich Town,321,43,9,0,False,2026-09-19T14:00:00Z,1,0,5,0,0,0,0,0,0,0,0,0,0,0,0,0,0.0,0.0,0.0,0.0,0,0.00,0.00,0.00,0.00,0,0,0,0,45,402496,12737,62123,49386,5
Al-Hamadi,FWD,Ipswich Town,322,43,9,0,False,2026-09-19T14:00:00Z,1,0,5,0,0,0,0,0,0,0,0,0,0,0,0,0,0.0,0.0,0.0,0.0,0,0.00,0.00,0.00,0.00,0,0,0,0,50,5776,-988,0,988,5
McAteer,MID,Ipswich Town,323,43,9,0,False,2026-09-19T14:00:00Z,1,0,5,0,0,0,0,0,0,0,0,0,0,0,0,0,0.0,0.0,0.0,0.0,0,0.00,0.00,0.00,0.00,0,0,0,0,45,114904,-11642,2383,14025,5
Mehmeti,MID,Ipswich Town,324,43,9,0,False,2026-09-19T14:00:00Z,1,0,5,0,0,0,0,0,0,0,0,0,0,0,0,0,0.0,0.0,0.0,0.0,0,0.00,0.00,0.00,0.00,0,0,0,0,49,3505,-262,80,342,5
Van Oevelen,GK,Ipswich Town,554,43,9,0,False,2026-09-19T14:00:00Z,1,0,5,0,0,0,0,0,0,0,0,0,0,0,0,0,0.0,0.0,0.0,0.0,0,0.00,0.00,0.00,0.00,0,0,0,0,45,1878,-237,0,237,5
Maeda,MID,Ipswich Town,562,43,9,1,False,2026-09-19T14:00:00Z,1,0,5,16,0,0,0,0,0,0,0,0,0,0,0,5,2.2,0.3,4.0,0.7,0,0.00,0.01,0.01,0.48,0,0,1,1,54,25203,-4147,224,4371,5
Scherpen,GK,Ipswich Town,564,43,9,0,False,2026-09-19T14:00:00Z,1,0,5,0,0,0,0,0,0,0,0,0,0,0,0,0,0.0,0.0,0.0,0.0,0,0.00,0.00,0.00,0.00,0,0,0,0,45,63895,-1335,2903,4238,5
Florentino,MID,Ipswich Town,571,43,9,1,False,2026-09-19T14:00:00Z,1,0,5,17,0,0,0,0,0,0,0,0,0,0,0,1,0.0,1.0,0.0,0.0,0,0.00,0.00,0.00,0.48,0,0,0,0,49,8567,-759,181,940,5
Enciso,MID,Ipswich Town,591,43,9,2,False,2026-09-19T14:00:00Z,1,0,5,73,0,0,0,1,0,0,0,0,0,0,0,11,4.4,12.9,25.0,4.2,1,0.34,0.05,0.39,1.76,0,5,0,5,55,89625,-6004,9464,15468,5
Ouattara,DEF,Ipswich Town,592,43,9,2,False,2026-09-19T14:00:00Z,1,0,5,90,0,0,0,1,0,0,0,0,0,0,0,17,20.0,11.4,9.0,4.0,1,0.02,0.01,0.03,2.24,5,10,3,8,40,94948,-2909,2569,5478,5
Humphreys,MID,Ipswich Town,602,43,9,0,False,2026-09-19T14:00:00Z,1,0,5,0,0,0,0,0,0,0,0,0,0,0,0,0,0.0,0.0,0.0,0.0,0,0.00,0.00,0.00,0.00,0,0,0,0,45,2526,-489,0,489,5
Palacios,MID,Ipswich Town,619,43,9,2,False,2026-09-19T14:00:00Z,1,0,5,80,0,0,0,1,0,0,0,0,0,0,0,15,10.0,6.2,0.0,1.6,1,0.00,0.02,0.02,2.07,2,3,1,6,50,7887,3407,4756,1349,5
Flemming,FWD,Ipswich Town,640,43,9,0,False,2026-09-19T14:00:00Z,1,0,5,9,0,0,0,0,0,0,0,1,0,0,0,-2,0.0,10.3,4.0,1.4,0,0.10,0.00,0.10,0.16,0,2,1,3,55,7673,2777,4077,1300,5
Maitland-Niles,DEF,Everton,649,43,12,8,True,2026-09-19T14:00:00Z,1,0,5,90,0,0,1,0,0,0,0,0,0,0,2,39,23.8,26.0,0.0,5.0,1,0.00,0.11,0.11,1.28,5,3,3,8,45,111542,48006,54068,6062,5
Graham,MID,Everton,654,43,12,0,True,2026-09-19T14:00:00Z,1,0,5,0,0,0,0,0,0,0,0,0,0,0,0,0,0.0,0.0,0.0,0.0,0,0.00,0.00,0.00,0.00,0,0,0,0,45,11586,-659,1585,2244,5
Guessand,MID,Crystal Palace,42,44,13,0,False,2026-09-20T13:00:00Z,0,0,5,0,0,0,0,0,0,0,0,0,0,0,0,0,0.0,0.0,0.0,0.0,0,0.00,0.00,0.00,0.00,0,0,0,0,54,4188,-483,319,802,5
Disasi,DEF,Crystal Palace,153,44,13,0,False,2026-09-20T13:00:00Z,0,0,5,0,0,0,0,0,0,0,0,0,0,0,0,0,0.0,0.0,0.0,0.0,0,0.00,0.00,0.00,0.00,0,0,0,0,45,7522,-5081,157,5238,5
Henderson,GK,Crystal Palace,198,44,13,0,False,2026-09-20T13:00:00Z,0,0,5,0,0,0,0,0,0,0,0,0,0,0,0,0,0.0,0.0,0.0,0.0,0,0.00,0.00,0.00,0.00,0,0,0,0,50,148996,-59712,210,59922,5
Benitez,GK,Crystal Palace,199,44,13,6,False,2026-09-20T13:00:00Z,0,0,5,90,0,0,1,0,0,0,0,0,0,2,0,26,18.6,0.0,0.0,1.9,1,0.00,0.00,0.00,1.31,1,4,0,0,45,12323,618,1413,795,5
Richards,DEF,Crystal Palace,202,44,13,8,False,2026-09-20T13:00:00Z,0,0,5,90,0,0,1,0,0,0,0,0,0,0,0,29,22.6,0.5,0.0,2.3,1,0.00,0.01,0.01,1.31,8,3,2,10,50,63648,-7644,1854,9498,5
Canvot,DEF,Crystal Palace,203,44,13,8,False,2026-09-20T13:00:00Z,0,0,5,90,0,0,1,0,0,0,0,0,0,0,0,26,19.8,17.2,2.0,3.9,1,0.00,0.12,0.12,1.31,9,5,1,10,49,20646,-4457,259,4716,5
Mitchell,DEF,Crystal Palace,204,44,13,7,False,2026-09-20T13:00:00Z,0,0,5,90,0,0,1,0,0,0,0,0,0,0,1,30,19.2,3.7,6.0,2.9,1,0.00,0.02,0.02,1.31,3,8,5,8,45,647215,-51939,21781,73720,5
Sosa,DEF,Crystal Palace,205,44,13,0,False,2026-09-20T13:00:00Z,0,0,5,0,0,0,0,0,0,0,0,0,0,0,0,0,0.0,0.0,0.0,0.0,0,0.00,0.00,0.00,0.00,0,0,0,0,45,1673,-274,0,274,5
Chadi Riad,DEF,Crystal Palace,206,44,13,0,False,2026-09-20T13:00:00Z,0,0,5,0,0,0,0,0,0,0,0,0,0,0,0,0,0.0,0.0,0.0,0.0,0,0.00,0.00,0.00,0.00,0,0,0,0,44,2215,-330,53,383,5
Mingueza,DEF,Crystal Palace,207,44,13,0,False,2026-09-20T13:00:00Z,0,0,5,0,0,0,0,0,0,0,0,0,0,0,0,0,0.0,0.0,0.0,0.0,0,0.00,0.00,0.00,0.00,0,0,0,0,44,6288,-708,250,958,5
Sarr,MID,Crystal Palace,208,44,13,1,False,2026-09-20T13:00:00Z,0,0,5,8,0,0,0,0,0,0,0,0,0,0,0,3,0.0,0.5,0.0,0.1,0,0.00,0.01,0.01,0.06,0,0,0,0,62,67923,-10945,1443,12388,5
Wharton,MID,Crystal Palace,210,44,13,2,False,2026-09-20T13:00:00Z,0,0,5,90,0,0,1,0,0,0,0,1,0,0,0,13,20.0,26.8,13.0,6.0,1,0.07,0.22,0.29,1.31,4,1,2,7,55,82270,-9048,2827,11875,5
Yeremy,MID,Crystal Palace,211,44,13,2,False,2026-09-20T13:00:00Z,0,0,5,81,0,0,1,0,0,0,0,1,0,0,0,10,9.4,8.3,10.0,2.8,1,0.16,0.15,0.31,1.26,2,3,0,5,55,38017,-12233,1928,14161,5
Hughes,MID,Crystal Palace,212,44,13,0,False,2026-09-20T13:00:00Z,0,0,5,0,0,0,0,0,0,0,0,0,0,0,0,0,0.0,0.0,0.0,0.0,0,0.00,0.00,0.00,0.00,0,0,0,0,44,838201,-71924,29011,100935,5
Lerma,MID,Crystal Palace,213,44,13,0,False,2026-09-20T13:00:00Z,0,0,5,45,0,0,0,0,0,0,0,1,0,0,0,3,15.4,0.5,11.0,2.7,0,0.26,0.00,0.26,0.77,6,3,2,11,49,7985,-677,179,856,5
Kamada,MID,Crystal Palace,214,44,13,3,False,2026-09-20T13:00:00Z,0,0,5,90,0,0,1,0,0,0,0,0,0,0,0,12,1.8,4.0,27.0,3.3,1,0.42,0.03,0.45,1.31,0,9,1,10,50,59125,14554,22401,7847,5
Devenny,MID,Crystal Palace,215,44,13,0,False,2026-09-20T13:00:00Z,0,0,5,0,0,0,0,0,0,0,0,0,0,0,0,0,0.0,0.0,0.0,0.0,0,0.00,0.00,0.00,0.00,0,0,0,0,50,537,-124,0,124,5
Esse,MID,Crystal Palace,216,44,13,0,False,2026-09-20T13:00:00Z,0,0,5,0,0,0,0,0,0,0,0,0,0,0,0,0,0.0,0.0,0.0,0.0,0,0.00,0.00,0.00,0.00,0,0,0,0,50,1807,-405,0,405,5
M.França,MID,Crystal Palace,217,44,13,0,False,2026-09-20T13:00:00Z,0,0,5,0,0,0,0,0,0,0,0,0,0,0,0,0,0.0,0.0,0.0,0.0,0,0.00,0.00,0.00,0.00,0,0,0,0,49,1249,-675,0,675,5
Doucouré,MID,Crystal Palace,218,44,13,0,False,2026-09-20T13:00:00Z,0,0,5,0,0,0,0,0,0,0,0,0,0,0,0,0,0.0,0.0,0.0,0.0,0,0.00,0.00,0.00,0.00,0,0,0,0,49,5232,-576,272,848,5
J.Rak-Sakyi,MID,Crystal Palace,219,44,13,0,False,2026-09-20T13:00:00Z,0,0,5,0,0,0,0,0,0,0,0,0,0,0,0,0,0.0,0.0,0.0,0.0,0,0.00,0.00,0.00,0.00,0,0,0,0,49,390,-101,0,101,5
Cardines,DEF,Crystal Palace,220,44,13,0,False,2026-09-20T13:00:00Z,0,0,5,0,0,0,0,0,0,0,0,0,0,0,0,0,0.0,0.0,0.0,0.0,0,0.00,0.00,0.00,0.00,0,0,0,0,45,132,-8,0,8,5
Drakes-Thomas,MID,Crystal Palace,221,44,13,0,False,2026-09-20T13:00:00Z,0,0,5,0,0,0,0,0,0,0,0,0,0,0,0,0,0.0,0.0,0.0,0.0,0,0.00,0.00,0.00,0.00,0,0,0,0,45,7788,-630,360,990,5
Strand Larsen,FWD,Crystal Palace,222,44,13,2,False,2026-09-20T13:00:00Z,0,0,5,81,0,0,1,0,0,0,0,0,0,0,0,10,13.2,15.1,13.0,4.1,1,0.04,0.17,0.21,1.26,3,0,0,3,60,69381,4053,15191,11138,5
Mateta,FWD,Crystal Palace,223,44,13,0,False,2026-09-20T13:00:00Z,0,0,5,0,0,0,0,0,0,0,0,0,0,0,0,0,0.0,0.0,0.0,0.0,0,0.00,0.00,0.00,0.00,0,0,0,0,63,148086,-29302,232,29534,5
Nketiah,FWD,Crystal Palace,224,44,13,1,False,2026-09-20T13:00:00Z,0,0,5,8,0,0,0,0,0,0,0,0,0,0,0,2,0.0,0.6,0.0,0.0,0,0.00,0.02,0.02,0.06,0,1,0,1,55,55856,-21953,1026,22979,5
Uche,FWD,Crystal Palace,225,44,13,0,False,2026-09-20T13:00:00Z,0,0,5,0,0,0,0,0,0,0,0,0,0,0,0,0,0.0,0.0,0.0,0.0,0,0.00,0.00,0.00,0.00,0,0,0,0,50,0,0,0,0,5
McNeil,MID,Crystal Palace,241,44,13,0,False,2026-09-20T13:00:00Z,0,0,5,0,0,0,0,0,0,0,0,0,0,0,0,0,0.0,0.0,0.0,0.0,0,0.00,0.00,0.00,0.00,0,0,0,0,54,12442,-1374,185,1559,5
Wilson,MID,Leeds,260,44,8,0,True,2026-09-20T13:00:00Z,0,0,5,0,0,0,0,0,0,0,0,0,0,0,0,0,0.0,0.0,0.0,0.0,0,0.00,0.00,0.00,0.00,0,0,0,0,62,220557,-75090,3457,78547,5
Perri,GK,Leeds,326,44,8,0,True,2026-09-20T13:00:00Z,0,0,5,0,0,0,0,0,0,0,0,0,0,0,0,0,0.0,0.0,0.0,0.0,0,0.00,0.00,0.00,0.00,0,0,0,0,45,35299,-3459,0,3459,5
Bijol,DEF,Leeds,327,44,8,0,True,2026-09-20T13:00:00Z,0,0,5,0,0,0,0,0,0,0,0,0,0,0,0,0,0.0,0.0,0.0,0.0,0,0.00,0.00,0.00,0.00,0,0,0,0,50,79639,-9261,3804,13065,5
Rodon,DEF,Leeds,329,44,8,0,True,2026-09-20T13:00:00Z,0,0,5,0,0,0,0,0,0,0,0,0,0,0,0,0,0.0,0.0,0.0,0.0,0,0.00,0.00,0.00,0.00,0,0,0,0,44,89396,-34904,56,34960,5
Bogle,DEF,Leeds,330,44,8,5,True,2026-09-20T13:00:00Z,0,0,5,66,0,0,1,0,0,0,0,1,0,0,0,14,0.0,2.0,11.0,1.3,1,0.07,0.00,0.07,0.66,1,2,0,1,46,695534,366973,393603,26630,5
Gudmundsson,DEF,Leeds,331,44,8,6,True,2026-09-20T13:00:00Z,0,0,5,90,0,0,1,0,0,0,0,0,0,0,0,27,16.0,19.7,2.0,3.8,1,0.00,0.03,0.03,1.06,2,1,3,5,45,8163,1220,1740,520,5
Justin,DEF,Leeds,332,44,8,8,True,2026-09-20T13:00:00Z,0,0,5,90,0,0,1,0,0,0,0,0,0,0,2,31,19.2,14.9,5.0,3.9,1,0.05,0.12,0.17,1.06,6,2,3,9,45,160178,-1614,10354,11968,5
Bornauw,DEF,Leeds,333,44,8,0,True,2026-09-20T13:00:00Z,0,0,5,0,0,0,0,0,0,0,0,0,0,0,0,0,0.0,0.0,0.0,0.0,0,0.00,0.00,0.00,0.00,0,0,0,0,45,219,-22,0,22,5
Muharemović,DEF,Leeds,334,44,8,6,True,2026-09-20T13:00:00Z,0,0,5,90,0,0,1,0,0,0,0,0,0,0,0,22,14.0,0.9,18.0,3.3,1,0.40,0.01,0.41,1.06,7,5,1,8,50,492213,48147,74089,25942,5
Stach,MID,Leeds,335,44,8,5,True,2026-09-20T13:00:00Z,0,0,5,90,0,0,1,0,0,0,0,0,0,0,0,13,16.6,17.1,4.0,3.8,1,0.05,0.08,0.13,1.06,6,5,2,13,60,291868,-8309,24102,32411,5
Okafor,MID,Leeds,336,44,8,3,True,2026-09-20T13:00:00Z,0,0,5,75,0,0,1,0,0,0,0,0,0,0,0,17,7.8,1.5,3.0,1.2,1,0.02,0.01,0.03,0.68,0,3,2,5,58,50221,14111,19172,5061,5
Aaronson,MID,Leeds,337,44,8,1,True,2026-09-20T13:00:00Z,0,0,5,22,0,0,0,0,0,0,0,0,0,0,0,5,1.4,0.7,0.0,0.2,0,0.00,0.00,0.00,0.40,0,3,1,4,54,54410,-7941,849,8790,5
Ampadu,MID,Leeds,338,44,8,5,True,2026-09-20T13:00:00Z,0,0,5,90,0,0,1,0,0,0,0,0,0,0,0,19,18.8,24.2,0.0,4.3,1,0.00,0.10,0.10,1.06,5,6,3,14,54,102625,-4200,5751,9951,5
Longstaff,MID,Leeds,339,44,8,0,True,2026-09-20T13:00:00Z,0,0,5,0,0,0,0,0,0,0,0,0,0,0,0,0,0.0,0.0,0.0,0.0,0,0.00,0.00,0.00,0.00,0,0,0,0,49,9382,-977,466,1443,5
Gnonto,MID,Leeds,341,44,8,0,True,2026-09-20T13:00:00Z,0,0,5,0,0,0,0,0,0,0,0,0,0,0,0,0,0.0,0.0,0.0,0.0,0,0.00,0.00,0.00,0.00,0,0,0,0,50,790,-179,0,179,5
Harrison,MID,Leeds,342,44,8,0,True,2026-09-20T13:00:00Z,0,0,5,0,0,0,0,0,0,0,0,0,0,0,0,0,0.0,0.0,0.0,0.0,0,0.00,0.00,0.00,0.00,0,0,0,0,50,60,-10,0,10,5
James,MID,Leeds,343,44,8,1,True,2026-09-20T13:00:00Z,0,0,5,23,0,0,0,0,0,0,0,0,0,0,0,3,1.2,0.2,4.0,0.5,0,0.00,0.00,0.00,0.40,1,0,0,1,49,10249,-709,721,1430,5
Gruev,MID,Leeds,344,44,8,0,True,2026-09-20T13:00:00Z,0,0,5,0,0,0,0,0,0,0,0,0,0,0,0,0,0.0,0.0,0.0,0.0,0,0.00,0.00,0.00,0.00,0,0,0,0,50,312,-13,24,37,5
Tanaka,MID,Leeds,345,44,8,2,True,2026-09-20T13:00:00Z,0,0,5,67,0,0,1,0,0,0,0,1,0,0,0,0,0.0,1.2,5.0,0.4,1,0.14,0.00,0.14,0.66,2,2,1,5,49,35115,7073,10406,3333,5
Calvert-Lewin,FWD,Leeds,346,44,8,2,True,2026-09-20T13:00:00Z,0,0,5,90,0,0,1,0,0,0,0,0,0,0,0,7,10.2,1.3,19.0,3.1,1,0.52,0.00,0.52,1.06,4,4,0,8,60,2888883,390459,533433,142974,5
Nmecha,FWD,Leeds,347,44,8,1,True,2026-09-20T13:00:00Z,0,0,5,14,0,0,0,0,0,0,0,0,0,0,0,4,2.0,0.0,0.0,0.2,0,0.00,0.00,0.00,0.37,0,1,1,2,54,51218,-1434,6227,7661,5
Piroe,FWD,Leeds,348,44,8,0,True,2026-09-20T13:00:00Z,0,0,5,0,0,0,0,0,0,0,0,0,0,0,0,0,0.0,0.0,0.0,0.0,0,0.00,0.00,0.00,0.00,0,0,0,0,50,6500,-983,0,983,5
Mateo Joseph,FWD,Leeds,349,44,8,0,True,2026-09-20T13:00:00Z,0,0,5,0,0,0,0,0,0,0,0,0,0,0,0,0,0.0,0.0,0.0,0.0,0,0.00,0.00,0.00,0.00,0,0,0,0,45,5721,-70,739,809,5
Trafford,GK,Leeds,385,44,8,10,True,2026-09-20T13:00:00Z,0,0,5,90,0,0,1,0,0,0,0,0,0,5,3,34,27.8,0.0,0.0,2.8,1,0.00,0.00,0.00,1.06,0,16,0,0,50,601728,1014,32312,31298,5
Matthews,GK,Crystal Palace,555,44,13,0,False,2026-09-20T13:00:00Z,0,0,5,0,0,0,0,0,0,0,0,0,0,0,0,0,0.0,0.0,0.0,0.0,0,0.00,0.00,0.00,0.00,0,0,0,0,40,185661,-2332,3461,5793,5
Tomiyasu,DEF,Crystal Palace,577,44,13,1,False,2026-09-20T13:00:00Z,0,0,5,45,0,0,0,0,0,0,0,0,0,0,0,4,10.6,10.6,2.0,2.3,1,0.00,0.01,0.01,0.54,3,0,0,3,44,29233,-2327,497,2824,5
Khalaili,DEF,Crystal Palace,588,44,13,6,False,2026-09-20T13:00:00Z,0,0,5,90,0,0,1,0,0,0,0,0,0,0,0,23,15.8,2.5,2.0,2.0,1,0.00,0.02,0.02,1.31,4,11,2,6,50,31883,-717,5814,6531,5
Gozo,MID,Crystal Palace,595,44,13,0,False,2026-09-20T13:00:00Z,0,0,5,0,0,0,0,0,0,0,0,0,0,0,0,0,0.0,0.0,0.0,0.0,0,0.00,0.00,0.00,0.00,0,0,0,0,50,1330,-117,81,198,5
Elvedi,DEF,Leeds,598,44,8,6,True,2026-09-20T13:00:00Z,0,0,5,90,0,0,1,0,0,0,0,0,0,0,0,27,20.8,2.3,17.0,4.0,1,0.07,0.01,0.08,1.06,4,1,0,4,45,6514,782,1258,476,5
Lienou,DEF,Leeds,603,44,8,0,True,2026-09-20T13:00:00Z,0,0,5,0,0,0,0,0,0,0,0,0,0,0,0,0,0.0,0.0,0.0,0.0,0,0.00,0.00,0.00,0.00,0,0,0,0,40,11401,249,1223,974,5
Cresswell,MID,Leeds,604,44,8,0,True,2026-09-20T13:00:00Z,0,0,5,0,0,0,0,0,0,0,0,0,0,0,0,0,0.0,0.0,0.0,0.0,0,0.00,0.00,0.00,0.00,0,0,0,0,45,14890,-571,1362,1933,5
Cairns,GK,Leeds,625,44,8,0,True,2026-09-20T13:00:00Z,0,0,5,0,0,0,0,0,0,0,0,0,0,0,0,0,0.0,0.0,0.0,0.0,0,0.00,0.00,0.00,0.00,0,0,0,0,40,23234,2006,3467,1461,5
Zetterer,GK,Leeds,629,44,8,0,True,2026-09-20T13:00:00Z,0,0,5,0,0,0,0,0,0,0,0,0,0,0,0,0,0.0,0.0,0.0,0.0,0,0.00,0.00,0.00,0.00,0,0,0,0,40,86238,13986,18956,4970,5
Ahanor,DEF,Crystal Palace,633,44,13,0,False,2026-09-20T13:00:00Z,0,0,5,0,0,0,0,0,0,0,0,0,0,0,0,0,0.0,0.0,0.0,0.0,0,0.00,0.00,0.00,0.00,0,0,0,0,45,1692,470,710,240,5
Bard,DEF,Leeds,641,44,8,0,True,2026-09-20T13:00:00Z,0,0,5,0,0,0,0,0,0,0,0,0,0,0,0,0,0.0,0.0,0.0,0.0,0,0.00,0.00,0.00,0.00,0,0,0,0,45,877,220,363,143,5
Chilwell,DEF,Crystal Palace,643,44,13,0,False,2026-09-20T13:00:00Z,0,0,5,0,0,0,0,0,0,0,0,0,0,0,0,0,0.0,0.0,0.0,0.0,0,0.00,0.00,0.00,0.00,0,0,0,0,45,50011,-6188,3269,9457,5
Timber,MID,Crystal Palace,644,44,13,3,False,2026-09-20T13:00:00Z,0,0,5,90,0,0,1,0,0,0,0,0,0,0,0,13,8.4,24.0,6.0,3.8,1,0.12,0.03,0.15,1.31,2,1,2,5,50,3505,782,1410,628,5
Osorio,MID,Crystal Palace,647,44,13,0,False,2026-09-20T13:00:00Z,0,0,5,0,0,0,0,0,0,0,0,0,0,0,0,0,0.0,0.0,0.0,0.0,0,0.00,0.00,0.00,0.00,0,0,0,0,55,833,-91,80,171,5
Bahoya,MID,Leeds,648,44,8,1,True,2026-09-20T13:00:00Z,0,0,5,1,0,0,0,0,0,0,0,0,0,0,0,5,1.0,0.3,0.0,0.1,0,0.00,0.00,0.00,0.00,0,0,0,0,50,1449,-47,363,410,5
Enzo,MID,Man City,155,45,20,7,True,2026-09-20T13:00:00Z,5,3,5,90,1,0,0,3,0,0,0,0,0,0,0,33,39.8,21.2,9.0,7.0,1,0.04,0.26,0.30,3.57,1,4,0,5,69,380480,23625,56551,32926,5
Ndiaye,MID,Man City,237,45,20,5,True,2026-09-20T13:00:00Z,5,3,5,74,0,1,0,3,0,0,0,0,0,0,0,31,7.6,28.6,10.0,4.6,1,0.10,0.14,0.24,3.15,1,3,0,4,59,784775,-147652,43488,191140,5
Donnarumma,GK,Man City,384,45,20,2,True,2026-09-20T13:00:00Z,5,3,5,90,0,0,0,3,0,0,0,0,0,4,0,9,31.6,0.0,0.0,3.2,1,0.00,0.00,0.00,3.57,2,8,0,0,55,879025,16386,58809,42423,5
Bettinelli,GK,Man City,386,45,20,0,True,2026-09-20T13:00:00Z,5,3,5,0,0,0,0,0,0,0,0,0,0,0,0,0,0.0,0.0,0.0,0.0,0,0.00,0.00,0.00,0.00,0,0,0,0,45,2873,-106,80,186,5
O'Reilly,DEF,Man City,387,45,20,1,True,2026-09-20T13:00:00Z,5,3,5,5,0,0,0,0,0,0,0,0,0,0,0,3,5.4,0.8,17.0,2.3,0,0.78,0.00,0.78,0.39,1,1,1,2,64,1243931,-178243,12818,191061,5
Guéhi,DEF,Man City,388,45,20,4,True,2026-09-20T13:00:00Z,5,3,5,90,0,1,0,3,0,0,0,0,0,0,0,13,32.8,13.1,9.0,5.5,1,0.06,0.01,0.07,3.57,4,2,0,4,60,2017850,13337,86049,72712,5
Matheus N.,DEF,Man City,389,45,20,1,True,2026-09-20T13:00:00Z,5,3,5,90,0,0,0,3,0,0,0,0,0,0,0,0,25.0,3.3,0.0,2.8,1,0.00,0.01,0.01,3.57,8,0,1,9,59,107181,3022,7244,4222,5
Rúben,DEF,Man City,390,45,20,1,True,2026-09-20T13:00:00Z,5,3,5,90,0,0,0,3,0,0,0,0,0,0,0,-7,4.8,0.3,7.0,1.2,1,0.20,0.00,0.20,3.57,4,0,0,4,55,208870,10534,21282,10748,5
Gvardiol,DEF,Man City,391,45,20,4,True,2026-09-20T13:00:00Z,5,3,5,90,0,1,0,3,0,0,0,0,0,0,0,22,34.0,11.4,2.0,4.7,1,0.00,0.63,0.63,3.57,7,6,0,7,57,2895075,548451,589540,41089,5
Aït-Nouri,DEF,Man City,392,45,20,0,True,2026-09-20T13:00:00Z,5,3,5,0,0,0,0,0,0,0,0,0,0,0,0,0,0.0,0.0,0.0,0.0,0,0.00,0.00,0.00,0.00,0,0,0,0,53,45028,-4869,1361,6230,5
Khusanov,DEF,Man City,393,45,20,0,True,2026-09-20T13:00:00Z,5,3,5,0,0,0,0,0,0,0,0,0,0,0,0,0,0.0,0.0,0.0,0.0,0,0.00,0.00,0.00,0.00,0,0,0,0,54,154215,-15213,3443,18656,5
Alleyne,DEF,Man City,394,45,20,0,True,2026-09-20T13:00:00Z,5,3,5,0,0,0,0,0,0,0,0,0,0,0,0,0,0.0,0.0,0.0,0.0,0,0.00,0.00,0.00,0.00,0,0,0,0,50,500,-39,0,39,5
Lewis,DEF,Man City,395,45,20,0,True,2026-09-20T13:00:00Z,5,3,5,0,0,0,0,0,0,0,0,0,0,0,0,0,0.0,0.0,0.0,0.0,0,0.00,0.00,0.00,0.00,0,0,0,0,44,21617,-1584,1147,2731,5
Vitor Reis,DEF,Man City,396,45,20,0,True,2026-09-20T13:00:00Z,5,3,5,0,0,0,0,0,0,0,0,0,0,0,0,0,0.0,0.0,0.0,0.0,0,0.00,0.00,0.00,0.00,0,0,0,0,45,3479,-82,156,238,5
Semenyo,MID,Man City,397,45,20,17,True,2026-09-20T13:00:00Z,5,3,5,90,2,1,0,3,0,0,0,0,0,0,2,65,95.6,34.2,42.0,17.2,1,0.16,0.17,0.33,3.57,2,3,2,7,84,1598756,-139426,37411,176837,5
Foden,MID,Man City,398,45,20,0,True,2026-09-20T13:00:00Z,5,3,5,0,0,0,0,0,0,0,0,0,0,0,0,0,0.0,0.0,0.0,0.0,0,0.00,0.00,0.00,0.00,0,0,0,0,69,209654,-204579,2056,206635,5
Cherki,MID,Man City,399,45,20,8,True,2026-09-20T13:00:00Z,5,3,5,84,1,0,0,3,0,0,0,0,0,0,1,35,42.8,43.6,27.0,11.3,1,0.13,0.13,0.26,3.18,2,3,0,5,78,3041594,-126234,163004,289238,5
Doku,MID,Man City,400,45,20,1,True,2026-09-20T13:00:00Z,5,3,5,15,0,0,0,0,0,0,0,0,0,0,0,7,3.6,13.8,5.0,2.2,0,0.23,0.32,0.55,0.42,1,1,0,2,74,71797,-6700,271,6971,5
Rodrigo,MID,Man City,402,45,20,0,True,2026-09-20T13:00:00Z,5,3,5,0,0,0,0,0,0,0,0,0,0,0,0,0,0.0,0.0,0.0,0.0,0,0.00,0.00,0.00,0.00,0,0,0,0,65,1158,-52,0,52,5
Reijnders,MID,Man City,404,45,20,0,True,2026-09-20T13:00:00Z,5,3,5,0,0,0,0,0,0,0,0,0,0,0,0,0,0.0,0.0,0.0,0.0,0,0.00,0.00,0.00,0.00,0,0,0,0,60,3723,-224,0,224,5
Kovačić,MID,Man City,406,45,20,0,True,2026-09-20T13:00:00Z,5,3,5,0,0,0,0,0,0,0,0,0,0,0,0,0,0.0,0.0,0.0,0.0,0,0.00,0.00,0.00,0.00,0,0,0,0,54,8157,-731,241,972,5
Echeverri,MID,Man City,407,45,20,0,True,2026-09-20T13:00:00Z,5,3,5,0,0,0,0,0,0,0,0,0,0,0,0,0,0.0,0.0,0.0,0.0,0,0.00,0.00,0.00,0.00,0,0,0,0,49,955,-136,0,136,5
Phillips,MID,Man City,408,45,20,0,True,2026-09-20T13:00:00Z,5,3,5,0,0,0,0,0,0,0,0,0,0,0,0,0,0.0,0.0,0.0,0.0,0,0.00,0.00,0.00,0.00,0,0,0,0,50,517,-39,0,39,5
Mukasa,MID,Man City,409,45,20,0,True,2026-09-20T13:00:00Z,5,3,5,0,0,0,0,0,0,0,0,0,0,0,0,0,0.0,0.0,0.0,0.0,0,0.00,0.00,0.00,0.00,0,0,0,0,45,9744,-1698,0,1698,5
Monga,MID,Man City,410,45,20,0,True,2026-09-20T13:00:00Z,5,3,5,0,0,0,0,0,0,0,0,0,0,0,0,0,0.0,0.0,0.0,0.0,0,0.00,0.00,0.00,0.00,0,0,0,0,49,874,-122,0,122,5
Haaland,FWD,Man City,411,45,20,6,True,2026-09-20T13:00:00Z,5,3,5,90,1,0,0,3,0,0,0,0,0,0,0,25,28.6,2.0,57.0,8.8,1,1.09,0.02,1.11,3.57,2,0,0,2,156,7989349,172491,196912,24421,5
Anderson,MID,Man City,481,45,20,2,True,2026-09-20T13:00:00Z,5,3,5,90,0,0,0,3,0,0,0,0,0,0,0,15,13.4,4.7,1.0,1.9,1,0.02,0.02,0.04,3.57,4,3,2,9,63,452582,-8817,29694,38511,5
Danso,DEF,Sunderland,501,45,15,0,False,2026-09-20T13:00:00Z,5,3,5,90,0,0,0,5,0,0,0,0,0,0,0,-8,17.6,11.0,19.0,4.8,1,0.07,0.01,0.08,2.82,8,5,0,8,50,17126,-16,1530,1546,5
Roefs,GK,Sunderland,529,45,15,0,False,2026-09-20T13:00:00Z,5,3,5,90,0,0,0,5,0,0,0,0,0,1,0,-8,14.4,0.0,0.0,1.4,1,0.00,0.01,0.01,2.82,2,4,0,0,49,271819,-33760,2559,36319,5
Patterson,GK,Sunderland,530,45,15,0,False,2026-09-20T13:00:00Z,5,3,5,0,0,0,0,0,0,0,0,0,0,0,0,0,0.0,0.0,0.0,0.0,0,0.00,0.00,0.00,0.00,0,0,0,0,40,12868,-743,0,743,5
Ellborg,GK,Sunderland,531,45,15,0,False,2026-09-20T13:00:00Z,5,3,5,0,0,0,0,0,0,0,0,0,0,0,0,0,0.0,0.0,0.0,0.0,0,0.00,0.00,0.00,0.00,0,0,0,0,45,8450,-360,190,550,5
Ballard,DEF,Sunderland,532,45,15,2,False,2026-09-20T13:00:00Z,5,3,5,90,0,0,0,5,0,0,0,0,0,0,0,-12,28.4,0.3,11.0,4.0,1,0.14,0.00,0.14,2.82,10,3,4,14,49,279291,-46490,6303,52793,5
Mukiele,DEF,Sunderland,533,45,15,0,False,2026-09-20T13:00:00Z,5,3,5,90,0,0,0,5,0,0,0,0,0,0,0,5,30.2,30.5,11.0,7.2,1,0.05,0.23,0.28,2.82,5,3,4,9,54,207085,-23536,5413,28949,5
Hume,DEF,Sunderland,534,45,15,1,False,2026-09-20T13:00:00Z,5,3,5,11,0,0,0,1,0,0,0,0,0,0,0,-2,0.4,0.4,8.0,0.9,0,0.10,0.01,0.11,1.48,0,0,1,1,44,317533,-88631,1810,90441,5
Alderete,DEF,Sunderland,535,45,15,0,False,2026-09-20T13:00:00Z,5,3,5,0,0,0,0,0,0,0,0,0,0,0,0,0,0.0,0.0,0.0,0.0,0,0.00,0.00,0.00,0.00,0,0,0,0,49,25847,-3936,280,4216,5
Reinildo,DEF,Sunderland,536,45,15,0,False,2026-09-20T13:00:00Z,5,3,5,0,0,0,0,0,0,0,0,0,0,0,0,0,0.0,0.0,0.0,0.0,0,0.00,0.00,0.00,0.00,0,0,0,0,45,28357,-9631,136,9767,5
Seelt,DEF,Sunderland,537,45,15,0,False,2026-09-20T13:00:00Z,5,3,5,0,0,0,0,0,0,0,0,0,0,0,0,0,0.0,0.0,0.0,0.0,0,0.00,0.00,0.00,0.00,0,0,0,0,45,566,-55,0,55,5
Hjelde,DEF,Sunderland,538,45,15,0,False,2026-09-20T13:00:00Z,5,3,5,0,0,0,0,0,0,0,0,0,0,0,0,0,0.0,0.0,0.0,0.0,0,0.00,0.00,0.00,0.00,0,0,0,0,40,3843,-298,0,298,5
O'Nien,DEF,Sunderland,539,45,15,0,False,2026-09-20T13:00:00Z,5,3,5,0,0,0,0,0,0,0,0,0,0,0,0,0,0.0,0.0,0.0,0.0,0,0.00,0.00,0.00,0.00,0,0,0,0,40,258432,-23037,2157,25194,5
Masuaku,DEF,Sunderland,540,45,15,0,False,2026-09-20T13:00:00Z,5,3,5,0,0,0,0,0,0,0,0,0,0,0,0,0,0.0,0.0,0.0,0.0,0,0.00,0.00,0.00,0.00,0,0,0,0,40,14606,-1276,0,1276,5
Meunier,DEF,Sunderland,541,45,15,3,False,2026-09-20T13:00:00Z,5,3,5,78,0,1,0,4,0,0,0,0,0,0,0,5,22.8,12.8,2.0,3.8,1,0.00,0.45,0.45,1.34,2,3,2,4,45,28358,-1159,971,2130,5
E.Le Fée,MID,Sunderland,542,45,15,5,False,2026-09-20T13:00:00Z,5,3,5,90,0,1,0,5,0,0,0,0,0,0,0,33,33.8,72.8,2.0,10.9,1,0.00,0.52,0.52,2.82,2,0,1,3,58,367322,-95316,5741,101057,5
Diarra,MID,Sunderland,543,45,15,0,False,2026-09-20T13:00:00Z,5,3,5,0,0,0,0,0,0,0,0,0,0,0,0,0,0.0,0.0,0.0,0.0,0,0.00,0.00,0.00,0.00,0,0,0,0,54,2684,-660,12,672,5
Xhaka,MID,Sunderland,544,45,15,2,False,2026-09-20T13:00:00Z,5,3,5,90,0,0,0,5,0,0,0,0,0,0,0,25,24.6,37.3,0.0,6.2,1,0.00,0.38,0.38,2.82,3,2,3,8,55,405611,-45393,13122,58515,5
Sadiki,MID,Sunderland,545,45,15,2,False,2026-09-20T13:00:00Z,5,3,5,67,0,0,0,4,0,0,0,0,0,0,0,9,0.0,3.3,1.0,0.3,1,0.04,0.01,0.05,1.02,1,2,0,3,49,24166,-2498,1171,3669,5
Adingra,MID,Sunderland,546,45,15,0,False,2026-09-20T13:00:00Z,5,3,5,0,0,0,0,0,0,0,0,0,0,0,0,0,0.0,0.0,0.0,0.0,0,0.00,0.00,0.00,0.00,0,0,0,0,49,2712,-645,0,645,5
Mundle,MID,Sunderland,547,45,15,0,False,2026-09-20T13:00:00Z,5,3,5,0,0,0,0,0,0,0,0,0,0,0,0,0,0.0,0.0,0.0,0.0,0,0.00,0.00,0.00,0.00,0,0,0,0,49,586,-120,15,135,5
Rigg,MID,Sunderland,548,45,15,0,False,2026-09-20T13:00:00Z,5,3,5,0,0,0,0,0,0,0,0,0,0,0,0,0,0.0,0.0,0.0,0.0,0,0.00,0.00,0.00,0.00,0,0,0,0,49,4992,-439,65,504,5
Talbi,MID,Sunderland,549,45,15,0,False,2026-09-20T13:00:00Z,5,3,5,0,0,0,0,0,0,0,0,0,0,0,0,0,0.0,0.0,0.0,0.0,0,0.00,0.00,0.00,0.00,0,0,0,0,53,14043,-1389,308,1697,5
Jocelin.T,MID,Sunderland,550,45,15,0,False,2026-09-20T13:00:00Z,5,3,5,0,0,0,0,0,0,0,0,0,0,0,0,0,0.0,0.0,0.0,0.0,0,0.00,0.00,0.00,0.00,0,0,0,0,50,627,-24,64,88,5
N.Angulo,MID,Sunderland,551,45,15,4,False,2026-09-20T13:00:00Z,5,3,5,59,0,1,0,4,0,0,0,0,0,0,0,13,21.4,11.7,13.0,4.6,1,0.45,0.01,0.46,0.75,3,1,0,4,50,12830,-1429,718,2147,5
Brobbey,FWD,Sunderland,552,45,15,17,False,2026-09-20T13:00:00Z,5,3,5,90,3,0,0,5,0,0,0,0,0,0,3,92,104.0,16.1,84.0,20.4,1,2.35,0.04,2.39,2.82,0,0,0,0,58,577036,-145137,12010,157147,5
Isidor,FWD,Sunderland,553,45,15,1,False,2026-09-20T13:00:00Z,5,3,5,22,0,0,0,1,0,0,0,0,0,0,0,3,0.2,0.3,0.0,0.1,0,0.00,0.00,0.00,1.79,0,1,1,2,55,143906,-18986,6445,25431,5
Rulli,GK,Man City,587,45,20,0,True,2026-09-20T13:00:00Z,5,3,5,0,0,0,0,0,0,0,0,0,0,0,0,0,0.0,0.0,0.0,0.0,0,0.00,0.00,0.00,0.00,0,0,0,0,50,2254,-29,162,191,5
Methalie,DEF,Sunderland,612,45,15,-1,False,2026-09-20T13:00:00Z,5,3,5,90,0,0,0,5,0,0,0,1,0,0,0,-8,8.0,2.0,2.0,1.2,1,0.03,0.01,0.04,2.82,2,4,1,3,45,834,49,145,96,5
Ahoka,MID,Sunderland,613,45,15,0,False,2026-09-20T13:00:00Z,5,3,5,0,0,0,0,0,0,0,0,0,0,0,0,0,0.0,0.0,0.0,0.0,0,0.00,0.00,0.00,0.00,0,0,0,0,45,26173,-1414,2205,3619,5
Bouaddi,MID,Man City,616,45,20,0,True,2026-09-20T13:00:00Z,5,3,5,0,0,0,0,0,0,0,0,0,0,0,0,0,0.0,0.0,0.0,0.0,0,0.00,0.00,0.00,0.00,0,0,0,0,55,18994,-924,2946,3870,5
McAidoo,MID,Man City,621,45,20,0,True,2026-09-20T13:00:00Z,5,3,5,0,0,0,0,0,0,0,0,0,0,0,0,0,0.0,0.0,0.0,0.0,0,0.00,0.00,0.00,0.00,0,0,0,0,45,11797,-967,905,1872,5
Braithwaite,DEF,Man City,622,45,20,0,True,2026-09-20T13:00:00Z,5,3,5,0,0,0,0,0,0,0,0,0,0,0,0,0,0.0,0.0,0.0,0.0,0,0.00,0.00,0.00,0.00,0,0,0,0,40,18924,-322,2303,2625,5
Allan,MID,Man City,628,45,20,0,True,2026-09-20T13:00:00Z,5,3,5,0,0,0,0,0,0,0,0,0,0,0,0,0,0.0,0.0,0.0,0.0,0,0.00,0.00,0.00,0.00,0,0,0,0,60,959,112,354,242,5
Fofana,MID,Sunderland,646,45,15,1,False,2026-09-20T13:00:00Z,5,3,5,30,0,0,0,1,0,0,0,0,0,0,0,6,12.4,0.8,38.0,5.1,0,0.39,0.01,0.40,2.07,0,2,1,3,55,3082,-160,472,632,5
J.Angulo,FWD,Sunderland,651,45,15,0,False,2026-09-20T13:00:00Z,5,3,5,0,0,0,0,0,0,0,0,0,0,0,0,0,0.0,0.0,0.0,0.0,0,0.00,0.00,0.00,0.00,0,0,0,0,45,87358,21901,33544,11643,5
Samba,MID,Man City,653,45,20,0,True,2026-09-20T13:00:00Z,5,3,5,0,0,0,0,0,0,0,0,0,0,0,0,0,0.0,0.0,0.0,0.0,0,0.00,0.00,0.00,0.00,0,0,0,0,45,3973,-124,751,875,5
Iroegbunam,MID,Hull City,240,46,17,1,False,2026-09-19T14:00:00Z,2,1,5,45,0,0,0,0,0,0,0,0,0,0,0,6,6.2,11.3,10.0,2.8,0,0.12,0.01,0.13,0.25,0,5,2,7,50,1818,101,374,273,5
Phillips,GK,Hull City,273,46,17,0,False,2026-09-19T14:00:00Z,2,1,5,0,0,0,0,0,0,0,0,0,0,0,0,0,0.0,0.0,0.0,0.0,0,0.00,0.00,0.00,0.00,0,0,0,0,40,154014,-1640,5096,6736,5
Butland,GK,Hull City,274,46,17,0,False,2026-09-19T14:00:00Z,2,1,5,0,0,0,0,0,0,0,0,0,0,0,0,0,0.0,0.0,0.0,0.0,0,0.00,0.00,0.00,0.00,0,0,0,0,45,7533,-460,109,569,5
Cartwright,GK,Hull City,275,46,17,0,False,2026-09-19T14:00:00Z,2,1,5,0,0,0,0,0,0,0,0,0,0,0,0,0,0.0,0.0,0.0,0.0,0,0.00,0.00,0.00,0.00,0,0,0,0,40,714,-41,0,41,5
Lo-Tutala,GK,Hull City,276,46,17,0,False,2026-09-19T14:00:00Z,2,1,5,0,0,0,0,0,0,0,0,0,0,0,0,0,0.0,0.0,0.0,0.0,0,0.00,0.00,0.00,0.00,0,0,0,0,40,2510,-135,0,135,5
Egan,DEF,Hull City,277,46,17,1,False,2026-09-19T14:00:00Z,2,1,5,77,0,0,0,2,0,0,0,0,0,0,0,2,14.0,0.2,13.0,2.7,1,0.01,0.00,0.01,1.31,2,1,2,4,41,776181,76284,120781,44497,5
Hughes,DEF,Hull City,278,46,17,0,False,2026-09-19T14:00:00Z,2,1,5,0,0,0,0,0,0,0,0,0,0,0,0,0,0.0,0.0,0.0,0.0,0,0.00,0.00,0.00,0.00,0,0,0,0,39,32994,9741,15378,5637,5
Ajayi,DEF,Hull City,279,46,17,1,False,2026-09-19T14:00:00Z,2,1,5,90,0,0,0,2,0,0,0,0,0,0,0,5,9.4,1.2,10.0,2.1,1,0.01,0.01,0.02,1.44,2,5,2,4,42,1547412,162949,250066,87117,5
Coyle,DEF,Hull City,280,46,17,1,False,2026-09-19T14:00:00Z,2,1,5,90,0,0,0,2,0,0,0,0,0,0,0,3,6.6,2.8,6.0,1.5,1,0.00,0.04,0.04,1.44,1,3,1,2,40,74510,7516,11929,4413,5
Drameh,DEF,Hull City,281,46,17,0,False,2026-09-19T14:00:00Z,2,1,5,0,0,0,0,0,0,0,0,0,0,0,0,0,0.0,0.0,0.0,0.0,0,0.00,0.00,0.00,0.00,0,0,0,0,40,4645,-664,0,664,5
Giles,DEF,Hull City,282,46,17,0,False,2026-09-19T14:00:00Z,2,1,5,90,0,0,0,2,0,0,0,1,0,0,0,-1,12.2,38.8,0.0,5.1,1,0.00,0.08,0.08,1.44,4,2,1,5,40,326502,118366,141201,22835,5
Jacob,DEF,Hull City,283,46,17,0,False,2026-09-19T14:00:00Z,2,1,5,0,0,0,0,0,0,0,0,0,0,0,0,0,0.0,0.0,0.0,0.0,0,0.00,0.00,0.00,0.00,0,0,0,0,40,831,-94,0,94,5
McCarthy,DEF,Hull City,284,46,17,0,False,2026-09-19T14:00:00Z,2,1,5,0,0,0,0,0,0,0,0,0,0,0,0,0,0.0,0.0,0.0,0.0,0,0.00,0.00,0.00,0.00,0,0,0,0,40,10301,425,1366,941,5
McNair,DEF,Hull City,285,46,17,0,False,2026-09-19T14:00:00Z,2,1,5,0,0,0,0,0,0,0,0,0,0,0,0,0,0.0,0.0,0.0,0.0,0,0.00,0.00,0.00,0.00,0,0,0,0,40,12664,-192,725,917,5
Belloumi,MID,Hull City,286,46,17,4,False,2026-09-19T14:00:00Z,2,1,5,82,0,1,0,2,0,0,0,1,0,0,0,22,33.0,29.1,41.0,10.3,1,0.35,0.31,0.66,1.31,0,5,6,11,51,497698,329008,362918,33910,5
Millar,MID,Hull City,287,46,17,0,False,2026-09-19T14:00:00Z,2,1,5,0,0,0,0,0,0,0,0,0,0,0,0,0,0.0,0.0,0.0,0.0,0,0.00,0.00,0.00,0.00,0,0,0,0,50,3415,-1008,0,1008,5
Dowell,MID,Hull City,288,46,17,0,False,2026-09-19T14:00:00Z,2,1,5,0,0,0,0,0,0,0,0,0,0,0,0,0,0.0,0.0,0.0,0.0,0,0.00,0.00,0.00,0.00,0,0,0,0,45,33164,-2921,1553,4474,5
Crooks,MID,Hull City,289,46,17,0,False,2026-09-19T14:00:00Z,2,1,5,45,0,0,0,2,0,0,0,1,0,0,0,6,7.8,14.5,0.0,2.2,1,0.00,0.12,0.12,1.19,0,0,2,2,45,51411,-2230,4076,6306,5
Slater,MID,Hull City,290,46,17,2,False,2026-09-19T14:00:00Z,2,1,5,77,0,0,0,2,0,0,0,0,0,0,0,9,4.2,23.8,9.0,3.7,1,0.13,0.03,0.16,1.31,1,2,0,3,45,597244,-886,62686,63572,5
Matazo,MID,Hull City,291,46,17,0,False,2026-09-19T14:00:00Z,2,1,5,0,0,0,0,0,0,0,0,0,0,0,0,0,0.0,0.0,0.0,0.0,0,0.00,0.00,0.00,0.00,0,0,0,0,45,638,-23,67,90,5
Ömür,MID,Hull City,292,46,17,0,False,2026-09-19T14:00:00Z,2,1,5,0,0,0,0,0,0,0,0,0,0,0,0,0,0.0,0.0,0.0,0.0,0,0.00,0.00,0.00,0.00,0,0,0,0,49,1845,-24,288,312,5
Kamara,MID,Hull City,293,46,17,0,False,2026-09-19T14:00:00Z,2,1,5,0,0,0,0,0,0,0,0,0,0,0,0,0,0.0,0.0,0.0,0.0,0,0.00,0.00,0.00,0.00,0,0,0,0,50,193,-22,0,22,5
Zambrano,MID,Hull City,294,46,17,0,False,2026-09-19T14:00:00Z,2,1,5,0,0,0,0,0,0,0,0,0,0,0,0,0,0.0,0.0,0.0,0.0,0,0.00,0.00,0.00,0.00,0,0,0,0,45,10217,63,1214,1151,5
McBurnie,FWD,Hull City,295,46,17,1,False,2026-09-19T14:00:00Z,2,1,5,90,0,0,0,2,0,0,0,1,0,0,0,5,3.0,12.6,20.0,3.6,1,0.36,0.02,0.38,1.44,3,3,0,6,55,213941,6823,35498,28675,5
Akintola,MID,Hull City,296,46,17,0,False,2026-09-19T14:00:00Z,2,1,5,0,0,0,0,0,0,0,0,0,0,0,0,0,0.0,0.0,0.0,0.0,0,0.00,0.00,0.00,0.00,0,0,0,0,50,2690,-1213,0,1213,5
Gyabi,MID,Hull City,297,46,17,0,False,2026-09-19T14:00:00Z,2,1,5,0,0,0,0,0,0,0,0,0,0,0,0,0,0.0,0.0,0.0,0.0,0,0.00,0.00,0.00,0.00,0,0,0,0,45,1875,-156,61,217,5
Destan,FWD,Hull City,298,46,17,0,False,2026-09-19T14:00:00Z,2,1,5,0,0,0,0,0,0,0,0,0,0,0,0,0,0.0,0.0,0.0,0.0,0,0.00,0.00,0.00,0.00,0,0,0,0,45,19933,-2761,0,2761,5
Burstow,FWD,Hull City,299,46,17,0,False,2026-09-19T14:00:00Z,2,1,5,0,0,0,0,0,0,0,0,0,0,0,0,0,0.0,0.0,0.0,0.0,0,0.00,0.00,0.00,0.00,0,0,0,0,45,3535,-365,0,365,5
Gelhardt,MID,Hull City,340,46,17,1,False,2026-09-19T14:00:00Z,2,1,5,7,0,0,0,0,0,0,0,0,0,0,0,5,1.6,1.3,12.0,1.5,0,0.10,0.02,0.12,0.13,0,1,0,1,50,1289,48,281,233,5
N.Gonzalez,MID,Newcastle,405,46,11,0,True,2026-09-19T14:00:00Z,2,1,5,0,0,0,0,0,0,0,0,0,0,0,0,0,0.0,0.0,0.0,0.0,0,0.00,0.00,0.00,0.00,0,0,0,0,55,21094,-5729,1106,6835,5
Pope,GK,Newcastle,442,46,11,0,True,2026-09-19T14:00:00Z,2,1,5,0,0,0,0,0,0,0,0,0,0,0,0,0,0.0,0.0,0.0,0.0,0,0.00,0.00,0.00,0.00,0,0,0,0,49,105050,-5404,1831,7235,5
Gillespie,GK,Newcastle,443,46,11,0,True,2026-09-19T14:00:00Z,2,1,5,0,0,0,0,0,0,0,0,0,0,0,0,0,0.0,0.0,0.0,0.0,0,0.00,0.00,0.00,0.00,0,0,0,0,45,3606,-33,183,216,5
Jaouen,GK,Newcastle,444,46,11,0,True,2026-09-19T14:00:00Z,2,1,5,0,0,0,0,0,0,0,0,0,0,0,0,0,0.0,0.0,0.0,0.0,0,0.00,0.00,0.00,0.00,0,0,0,0,45,2273,-225,30,255,5
Thiaw,DEF,Newcastle,445,46,11,4,True,2026-09-19T14:00:00Z,2,1,5,90,0,0,0,1,0,0,0,0,0,0,0,13,31.4,1.4,2.0,3.5,1,0.00,0.01,0.01,1.59,13,3,0,13,50,240813,4121,28969,24848,5
Schär,DEF,Newcastle,446,46,11,1,True,2026-09-19T14:00:00Z,2,1,5,24,0,0,0,1,0,0,0,0,0,0,0,1,25.0,10.5,0.0,3.6,0,0.00,0.01,0.01,1.08,7,0,0,7,49,22572,-1391,1121,2512,5
Botman,DEF,Newcastle,447,46,11,4,True,2026-09-19T14:00:00Z,2,1,5,90,0,0,0,1,0,0,0,0,0,0,0,12,35.2,0.8,17.0,5.3,1,0.05,0.00,0.05,1.59,17,1,1,18,50,76821,1958,8365,6407,5
Burn,DEF,Newcastle,448,46,11,0,True,2026-09-19T14:00:00Z,2,1,5,0,0,0,0,0,0,0,0,0,0,0,0,0,0.0,0.0,0.0,0.0,0,0.00,0.00,0.00,0.00,0,0,0,0,49,84798,-11893,180,12073,5
Hall,DEF,Newcastle,449,46,11,13,True,2026-09-19T14:00:00Z,2,1,5,90,1,0,0,1,0,0,0,0,0,0,3,38,65.6,29.2,24.0,11.9,1,0.19,0.11,0.30,1.59,9,7,1,10,52,1629142,107688,220393,112705,5
Livramento,DEF,Newcastle,450,46,11,0,True,2026-09-19T14:00:00Z,2,1,5,0,0,0,0,0,0,0,0,0,0,0,0,0,0.0,0.0,0.0,0.0,0,0.00,0.00,0.00,0.00,0,0,0,0,49,12541,4786,6097,1311,5
A.Murphy,DEF,Newcastle,451,46,11,0,True,2026-09-19T14:00:00Z,2,1,5,0,0,0,0,0,0,0,0,0,0,0,0,0,0.0,0.0,0.0,0.0,0,0.00,0.00,0.00,0.00,0,0,0,0,40,6248,-592,0,592,5
Barnes,MID,Newcastle,453,46,11,9,True,2026-09-19T14:00:00Z,2,1,5,90,0,2,0,1,0,0,0,0,0,0,1,34,47.6,36.8,27.0,11.1,1,0.11,0.11,0.22,1.59,4,5,0,9,60,496155,179416,220394,40978,5
Elanga,MID,Newcastle,454,46,11,0,True,2026-09-19T14:00:00Z,2,1,5,0,0,0,0,0,0,0,0,0,0,0,0,0,0.0,0.0,0.0,0.0,0,0.00,0.00,0.00,0.00,0,0,0,0,62,616024,-564623,53653,618276,5
J.Ramsey,MID,Newcastle,456,46,11,0,True,2026-09-19T14:00:00Z,2,1,5,0,0,0,0,0,0,0,0,0,0,0,0,0,0.0,0.0,0.0,0.0,0,0.00,0.00,0.00,0.00,0,0,0,0,49,30346,-8206,1789,9995,5
J.Murphy,MID,Newcastle,457,46,11,1,True,2026-09-19T14:00:00Z,2,1,5,90,0,0,0,1,0,0,0,1,0,0,0,12,9.4,19.7,4.0,3.3,1,0.03,0.07,0.10,1.59,3,3,2,8,59,14522,349,2209,1860,5
Joelinton,MID,Newcastle,458,46,11,0,True,2026-09-19T14:00:00Z,2,1,5,0,0,0,0,0,0,0,0,0,0,0,0,0,0.0,0.0,0.0,0.0,0,0.00,0.00,0.00,0.00,0,0,0,0,54,1916,-136,44,180,5
L.Miley,MID,Newcastle,459,46,11,4,True,2026-09-19T14:00:00Z,2,1,5,90,0,0,0,1,0,0,0,0,0,0,0,19,21.8,15.6,0.0,3.7,1,0.00,0.04,0.04,1.59,7,5,4,16,55,8479,-101,1217,1318,5
Willock,MID,Newcastle,460,46,11,10,True,2026-09-19T14:00:00Z,2,1,5,86,1,0,0,1,0,0,0,0,0,0,3,38,40.2,7.3,22.0,7.0,1,0.17,0.04,0.21,1.46,1,4,1,6,50,51669,-1121,7299,8420,5
Touré,MID,Newcastle,461,46,11,1,True,2026-09-19T14:00:00Z,2,1,5,16,0,0,0,0,0,0,0,0,0,0,0,2,1.0,0.0,0.0,0.1,0,0.00,0.00,0.00,0.60,1,1,0,2,58,14309,325,1837,1512,5
Steur,MID,Newcastle,462,46,11,3,True,2026-09-19T14:00:00Z,2,1,5,65,0,0,1,0,0,0,0,0,0,0,0,18,16.0,30.3,0.0,4.6,1,0.00,0.03,0.03,0.52,2,3,2,7,49,7714,-576,420,996,5
Woltemade,FWD,Newcastle,463,46,11,0,True,2026-09-19T14:00:00Z,2,1,5,0,0,0,0,0,0,0,0,0,0,0,0,0,0.0,0.0,0.0,0.0,0,0.00,0.00,0.00,0.00,0,0,0,0,59,55762,-11535,0,11535,5
Wissa,FWD,Newcastle,464,46,11,0,True,2026-09-19T14:00:00Z,2,1,5,90,0,0,0,1,0,0,1,0,0,0,0,0,8.8,5.2,20.0,3.4,1,0.84,0.01,0.85,1.59,2,3,0,5,62,2094339,124486,338910,214424,5
Osula,FWD,Newcastle,465,46,11,0,True,2026-09-19T14:00:00Z,2,1,5,0,0,0,0,0,0,0,0,0,0,0,0,0,0.0,0.0,0.0,0.0,0,0.00,0.00,0.00,0.00,0,0,0,0,59,35111,-6475,188,6663,5
Neave,FWD,Newcastle,466,46,11,0,True,2026-09-19T14:00:00Z,2,1,5,0,0,0,0,0,0,0,0,0,0,0,0,0,0.0,0.0,0.0,0.0,0,0.00,0.00,0.00,0.00,0,0,0,0,45,58232,-9244,0,9244,5
Targett,DEF,Hull City,556,46,17,0,False,2026-09-19T14:00:00Z,2,1,5,0,0,0,0,0,0,0,0,0,0,0,0,0,0.0,0.0,0.0,0.0,0,0.00,0.00,0.00,0.00,0,0,0,0,40,187250,-15803,3674,19477,5
Bamba,MID,Newcastle,559,46,11,1,True,2026-09-19T14:00:00Z,2,1,5,3,0,0,0,0,0,0,0,0,0,0,0,3,6.2,0.1,0.0,0.6,0,0.00,0.00,0.00,0.14,2,1,1,4,49,10531,-781,377,1158,5
Morita,MID,Hull City,563,46,17,0,False,2026-09-19T14:00:00Z,2,1,5,0,0,0,0,0,0,0,0,0,0,0,0,0,0.0,0.0,0.0,0.0,0,0.00,0.00,0.00,0.00,0,0,0,0,50,1759,-418,23,441,5
Horníček,GK,Newcastle,567,46,11,3,True,2026-09-19T14:00:00Z,2,1,5,90,0,0,0,1,0,0,0,0,0,3,0,14,17.0,0.0,0.0,1.7,1,0.00,0.00,0.00,1.59,3,12,0,0,50,163512,8198,22769,14571,5
Tzolakis,GK,Hull City,572,46,17,6,False,2026-09-19T14:00:00Z,2,1,5,90,0,0,0,2,0,1,0,1,0,3,0,16,48.2,0.0,0.0,4.8,1,0.00,0.00,0.00,1.44,0,11,1,0,46,1243266,108104,162718,54614,5
Hjertø-Dahl,MID,Hull City,574,46,17,0,False,2026-09-19T14:00:00Z,2,1,5,0,0,0,0,0,0,0,0,0,0,0,0,0,0.0,0.0,0.0,0.0,0,0.00,0.00,0.00,0.00,0,0,0,0,49,6046,-537,289,826,5
Stroud,MID,Hull City,576,46,17,0,False,2026-09-19T14:00:00Z,2,1,5,0,0,0,0,0,0,0,0,0,0,0,0,0,0.0,0.0,0.0,0.0,0,0.00,0.00,0.00,0.00,0,0,0,0,50,8823,-208,701,909,5
Herrington,DEF,Hull City,585,46,17,1,False,2026-09-19T14:00:00Z,2,1,5,90,0,0,0,2,0,0,0,0,0,0,0,11,23.6,22.4,11.0,5.7,1,0.02,0.03,0.05,1.44,7,5,1,8,40,63742,-136,3458,3594,5
Mendy,DEF,Hull City,586,46,17,0,False,2026-09-19T14:00:00Z,2,1,5,0,0,0,0,0,0,0,0,0,0,0,0,0,0.0,0.0,0.0,0.0,0,0.00,0.00,0.00,0.00,0,0,0,0,41,693276,-152875,13422,166297,5
Gourna-Douath,MID,Hull City,589,46,17,1,False,2026-09-19T14:00:00Z,2,1,5,12,0,0,0,0,0,0,0,0,0,0,0,5,3.2,11.0,2.0,1.6,0,0.03,0.01,0.04,0.13,0,0,1,1,50,2600,-143,149,292,5
Dedić,DEF,Newcastle,593,46,11,0,True,2026-09-19T14:00:00Z,2,1,5,0,0,0,0,0,0,0,0,0,0,0,0,0,0.0,0.0,0.0,0.0,0,0.00,0.00,0.00,0.00,0,0,0,0,45,219257,-92524,11096,103620,5
Shahar,DEF,Newcastle,609,46,11,0,True,2026-09-19T14:00:00Z,2,1,5,0,0,0,0,0,0,0,0,0,0,0,0,0,0.0,0.0,0.0,0.0,0,0.00,0.00,0.00,0.00,0,0,0,0,40,20140,-5521,0,5521,5
Cho,MID,Hull City,617,46,17,6,False,2026-09-19T14:00:00Z,2,1,5,27,1,0,0,0,0,0,0,0,0,0,0,25,39.2,25.1,17.0,8.1,0,0.27,0.20,0.47,0.16,0,0,0,0,50,1422,172,401,229,5
Ansah,FWD,Hull City,632,46,17,0,False,2026-09-19T14:00:00Z,2,1,5,0,0,0,0,0,0,0,0,0,0,0,0,0,0.0,0.0,0.0,0.0,0,0.00,0.00,0.00,0.00,0,0,0,0,50,3032,-1167,151,1318,5
Fernandez-Pardo,FWD,Newcastle,634,46,11,2,True,2026-09-19T14:00:00Z,2,1,5,73,0,0,0,1,0,0,0,0,0,0,0,7,1.2,0.8,5.0,0.7,1,0.05,0.00,0.05,0.99,0,1,1,2,60,12360,1205,3570,2365,5
Vaz,FWD,Hull City,637,46,17,1,False,2026-09-19T14:00:00Z,2,1,5,12,0,0,0,0,0,0,0,0,0,0,0,5,2.4,11.2,2.0,1.6,0,0.00,0.01,0.01,0.13,0,1,0,1,50,10422,3868,5586,1718,5
Norton-Cuffy,DEF,Hull City,638,46,17,0,False,2026-09-19T14:00:00Z,2,1,5,0,0,0,0,0,0,0,0,0,0,0,0,0,0.0,0.0,0.0,0.0,0,0.00,0.00,0.00,0.00,0,0,0,0,40,29384,1437,5014,3577,5
Thomas,MID,Hull City,642,46,17,2,False,2026-09-19T14:00:00Z,2,1,5,62,0,0,0,2,0,0,0,0,0,0,0,2,0.0,15.3,8.0,2.0,1,0.19,0.04,0.23,1.28,0,2,1,3,55,2637,761,1275,514,5
Mouzakitis,MID,Hull City,645,46,17,0,False,2026-09-19T14:00:00Z,2,1,5,0,0,0,0,0,0,0,0,0,0,0,0,0,0.0,0.0,0.0,0.0,0,0.00,0.00,0.00,0.00,0,0,0,0,50,784,100,212,112,5
Miley,MID,Newcastle,659,46,11,0,True,2026-09-19T14:00:00Z,2,1,5,0,0,0,0,0,0,0,0,0,0,0,0,0,0.0,0.0,0.0,0.0,0,0.00,0.00,0.00,0.00,0,0,0,0,45,4509,2836,3438,602,5
Pivas,DEF,Newcastle,663,46,11,0,True,2026-09-19T14:00:00Z,2,1,5,0,0,0,0,0,0,0,0,0,0,0,0,0,0.0,0.0,0.0,0.0,0,0.00,0.00,0.00,0.00,0,0,0,0,40,0,0,0,0,5
Salia,FWD,Newcastle,664,46,11,0,True,2026-09-19T14:00:00Z,2,1,5,0,0,0,0,0,0,0,0,0,0,0,0,0,0.0,0.0,0.0,0.0,0,0.00,0.00,0.00,0.00,0,0,0,0,45,0,0,0,0,5
Mills,MID,Newcastle,665,46,11,0,True,2026-09-19T14:00:00Z,2,1,5,0,0,0,0,0,0,0,0,0,0,0,0,0,0.0,0.0,0.0,0.0,0,0.00,0.00,0.00,0.00,0,0,0,0,45,0,0,0,0,5
Thompson,MID,Newcastle,666,46,11,0,True,2026-09-19T14:00:00Z,2,1,5,0,0,0,0,0,0,0,0,0,0,0,0,0,0.0,0.0,0.0,0.0,0,0.00,0.00,0.00,0.00,0,0,0,0,45,0,0,0,0,5
Pinnock,DEF,Coventry City,91,47,18,8,False,2026-09-19T16:30:00Z,0,1,5,90,0,0,1,0,0,0,0,0,0,0,0,24,50.8,0.3,0.0,5.1,1,0.00,0.00,0.00,1.10,19,1,0,19,45,7218,-312,402,714,5
Onyeka,MID,Coventry City,104,47,18,3,False,2026-09-19T16:30:00Z,0,1,5,90,0,0,1,0,0,0,0,0,0,0,0,10,9.2,1.8,0.0,1.1,1,0.00,0.00,0.00,1.10,4,3,2,9,49,10664,-1263,346,1609,5
Rushworth,GK,Coventry City,110,47,18,11,False,2026-09-19T16:30:00Z,0,1,5,90,0,1,1,0,0,0,0,0,0,2,2,38,29.0,10.0,0.0,3.9,1,0.00,0.00,0.00,1.10,0,10,0,0,45,84063,-11924,928,12852,5
Delap,FWD,Nott'm Forest,167,47,7,1,True,2026-09-19T16:30:00Z,0,1,5,90,0,0,0,1,0,0,0,1,0,0,0,9,5.0,25.1,21.0,5.1,1,0.13,0.21,0.34,0.67,2,5,1,8,55,344489,200788,222393,21605,5
Dovin,GK,Coventry City,171,47,18,0,False,2026-09-19T16:30:00Z,0,1,5,0,0,0,0,0,0,0,0,0,0,0,0,0,0.0,0.0,0.0,0.0,0,0.00,0.00,0.00,0.00,0,0,0,0,40,112931,-10379,0,10379,5
Wilson,GK,Coventry City,172,47,18,0,False,2026-09-19T16:30:00Z,0,1,5,0,0,0,0,0,0,0,0,0,0,0,0,0,0.0,0.0,0.0,0.0,0,0.00,0.00,0.00,0.00,0,0,0,0,44,39278,-1300,436,1736,5
Thomas,DEF,Coventry City,173,47,18,9,False,2026-09-19T16:30:00Z,0,1,5,90,0,0,1,0,0,0,0,0,0,0,1,37,27.2,0.6,8.0,3.6,1,0.06,0.04,0.10,1.10,12,3,1,13,40,932075,-45227,30974,76201,5
Kitching,DEF,Coventry City,174,47,18,0,False,2026-09-19T16:30:00Z,0,1,5,0,0,0,0,0,0,0,0,0,0,0,0,0,0.0,0.0,0.0,0.0,0,0.00,0.00,0.00,0.00,0,0,0,0,40,38582,-5337,0,5337,5
van Ewijk,DEF,Coventry City,175,47,18,0,False,2026-09-19T16:30:00Z,0,1,5,0,0,0,0,0,0,0,0,0,0,0,0,0,0.0,0.0,0.0,0.0,0,0.00,0.00,0.00,0.00,0,0,0,0,40,1016866,-100781,13159,113940,5
Dasilva,DEF,Coventry City,176,47,18,15,False,2026-09-19T16:30:00Z,0,1,5,90,1,0,1,0,0,0,0,0,0,0,3,40,47.0,15.7,18.0,8.1,1,0.32,0.04,0.36,1.10,4,4,0,4,40,73323,-4010,903,4913,5
Kesler-Hayden,DEF,Coventry City,177,47,18,0,False,2026-09-19T16:30:00Z,0,1,5,0,0,0,0,0,0,0,0,0,0,0,0,0,0.0,0.0,0.0,0.0,0,0.00,0.00,0.00,0.00,0,0,0,0,40,3839,-317,186,503,5
Bidwell,DEF,Coventry City,178,47,18,0,False,2026-09-19T16:30:00Z,0,1,5,0,0,0,0,0,0,0,0,0,0,0,0,0,0.0,0.0,0.0,0.0,0,0.00,0.00,0.00,0.00,0,0,0,0,40,8565,-211,493,704,5
Latibeaudiere,DEF,Coventry City,179,47,18,1,False,2026-09-19T16:30:00Z,0,1,5,1,0,0,0,0,0,0,0,0,0,0,0,3,7.0,0.0,0.0,0.7,0,0.00,0.00,0.00,0.02,2,0,0,2,40,3922,-170,155,325,5
Woolfenden,DEF,Coventry City,180,47,18,0,False,2026-09-19T16:30:00Z,0,1,5,0,0,0,0,0,0,0,0,0,0,0,0,0,0.0,0.0,0.0,0.0,0,0.00,0.00,0.00,0.00,0,0,0,0,40,12244,-1023,255,1278,5
Brau,DEF,Coventry City,181,47,18,0,False,2026-09-19T16:30:00Z,0,1,5,0,0,0,0,0,0,0,0,0,0,0,0,0,0.0,0.0,0.0,0.0,0,0.00,0.00,0.00,0.00,0,0,0,0,40,2378,-280,0,280,5
Amenda,DEF,Coventry City,182,47,18,0,False,2026-09-19T16:30:00Z,0,1,5,0,0,0,0,0,0,0,0,0,0,0,0,0,0.0,0.0,0.0,0.0,0,0.00,0.00,0.00,0.00,0,0,0,0,40,71956,-7286,1397,8683,5
Rudoni,MID,Coventry City,183,47,18,5,False,2026-09-19T16:30:00Z,0,1,5,73,0,0,1,0,0,0,0,0,0,0,0,16,13.6,25.3,1.0,4.0,1,0.09,0.20,0.29,0.85,4,8,1,13,49,10665,-1195,549,1744,5
Grimes,MID,Coventry City,184,47,18,3,False,2026-09-19T16:30:00Z,0,1,5,90,0,0,1,0,0,0,0,0,0,0,0,17,12.6,15.3,1.0,2.9,1,0.02,0.06,0.08,1.10,4,3,3,10,49,13370,-1624,594,2218,5
Sakamoto,MID,Coventry City,185,47,18,0,False,2026-09-19T16:30:00Z,0,1,5,0,0,0,0,0,0,0,0,0,0,0,0,0,0.0,0.0,0.0,0.0,0,0.00,0.00,0.00,0.00,0,0,0,0,48,6925,-850,142,992,5
Mason-Clark,MID,Coventry City,186,47,18,1,False,2026-09-19T16:30:00Z,0,1,5,45,0,0,0,0,0,0,0,0,0,0,0,6,5.2,33.8,6.0,4.5,1,0.02,0.05,0.07,0.60,0,2,0,2,54,8948,-836,100,936,5
Eccles,MID,Coventry City,187,47,18,0,False,2026-09-19T16:30:00Z,0,1,5,0,0,0,0,0,0,0,0,0,0,0,0,0,0.0,0.0,0.0,0.0,0,0.00,0.00,0.00,0.00,0,0,0,0,49,1002,-314,17,331,5
Torp,MID,Coventry City,188,47,18,0,False,2026-09-19T16:30:00Z,0,1,5,0,0,0,0,0,0,0,0,0,0,0,0,0,0.0,0.0,0.0,0.0,0,0.00,0.00,0.00,0.00,0,0,0,0,54,10920,-1090,52,1142,5
Shepherd,MID,Coventry City,189,47,18,0,False,2026-09-19T16:30:00Z,0,1,5,0,0,0,0,0,0,0,0,0,0,0,0,0,0.0,0.0,0.0,0.0,0,0.00,0.00,0.00,0.00,0,0,0,0,44,30329,-251,2708,2959,5
Tchaouna,MID,Coventry City,190,47,18,1,False,2026-09-19T16:30:00Z,0,1,5,45,0,0,0,0,0,0,0,0,0,0,0,5,8.4,1.2,17.0,2.7,0,0.04,0.00,0.04,0.50,1,2,0,3,54,10419,-1058,39,1097,5
Borges Rodrigues,MID,Coventry City,191,47,18,0,False,2026-09-19T16:30:00Z,0,1,5,0,0,0,0,0,0,0,0,0,0,0,0,0,0.0,0.0,0.0,0.0,0,0.00,0.00,0.00,0.00,0,0,0,0,45,9331,-1935,0,1935,5
Andrews,MID,Coventry City,192,47,18,0,False,2026-09-19T16:30:00Z,0,1,5,0,0,0,0,0,0,0,0,0,0,0,0,0,0.0,0.0,0.0,0.0,0,0.00,0.00,0.00,0.00,0,0,0,0,45,31304,-5803,0,5803,5
Wright,FWD,Coventry City,193,47,18,0,False,2026-09-19T16:30:00Z,0,1,5,0,0,0,0,0,0,0,0,0,0,0,0,0,0.0,0.0,0.0,0.0,0,0.00,0.00,0.00,0.00,0,0,0,0,54,7895,-1150,97,1247,5
Thomas-Asante,FWD,Coventry City,194,47,18,4,False,2026-09-19T16:30:00Z,0,1,5,90,0,0,1,0,0,0,0,0,0,0,0,16,15.8,0.6,19.0,3.5,1,0.13,0.01,0.13,1.10,6,7,3,16,50,81447,-4476,8488,12964,5
Simms,FWD,Coventry City,195,47,18,1,False,2026-09-19T16:30:00Z,0,1,5,16,0,0,0,0,0,0,0,0,0,0,0,3,0.2,0.3,0.0,0.1,0,0.00,0.00,0.00,0.24,0,0,0,0,50,72122,-10520,2905,13425,5
Markelo,FWD,Coventry City,196,47,18,0,False,2026-09-19T16:30:00Z,0,1,5,0,0,0,0,0,0,0,0,0,0,0,0,0,0.0,0.0,0.0,0.0,0,0.00,0.00,0.00,0.00,0,0,0,0,50,704,-105,0,105,5
Bassette,FWD,Coventry City,197,47,18,0,False,2026-09-19T16:30:00Z,0,1,5,0,0,0,0,0,0,0,0,0,0,0,0,0,0.0,0.0,0.0,0.0,0,0.00,0.00,0.00,0.00,0,0,0,0,45,2648,-273,0,273,5
Muñoz,DEF,Nott'm Forest,201,47,7,2,True,2026-09-19T16:30:00Z,0,1,5,82,0,0,0,1,0,0,0,0,0,0,0,5,4.0,3.8,15.0,2.3,1,0.12,0.02,0.14,0.67,2,3,1,3,54,706118,48095,100431,52336,5
Sels,GK,Nott'm Forest,467,47,7,2,True,2026-09-19T16:30:00Z,0,1,5,90,0,0,0,1,0,0,0,0,0,2,0,10,13.8,0.0,0.0,1.4,1,0.00,0.00,0.00,0.67,0,9,0,0,50,207232,26195,39386,13191,5
John,GK,Nott'm Forest,468,47,7,0,True,2026-09-19T16:30:00Z,0,1,5,0,0,0,0,0,0,0,0,0,0,0,0,0,0.0,0.0,0.0,0.0,0,0.00,0.00,0.00,0.00,0,0,0,0,45,6278,-135,197,332,5
N.Williams,DEF,Nott'm Forest,469,47,7,2,True,2026-09-19T16:30:00Z,0,1,5,90,0,0,0,1,0,0,0,0,0,0,0,19,20.6,61.8,16.0,9.8,1,0.09,0.21,0.30,0.67,1,8,1,2,50,1063643,105000,154932,49932,5
Morato,DEF,Nott'm Forest,470,47,7,0,True,2026-09-19T16:30:00Z,0,1,5,0,0,0,0,0,0,0,0,0,0,0,0,0,0.0,0.0,0.0,0.0,0,0.00,0.00,0.00,0.00,0,0,0,0,50,2127,-425,0,425,5
Milenković,DEF,Nott'm Forest,471,47,7,0,True,2026-09-19T16:30:00Z,0,1,5,0,0,0,0,0,0,0,0,0,0,0,0,0,0.0,0.0,0.0,0.0,0,0.00,0.00,0.00,0.00,0,0,0,0,55,119506,-50208,256,50464,5
Murillo,DEF,Nott'm Forest,472,47,7,4,True,2026-09-19T16:30:00Z,0,1,5,90,0,0,0,1,0,0,0,0,0,0,0,16,30.0,24.3,9.0,6.3,1,0.07,0.08,0.15,0.67,10,2,1,11,55,260474,50117,61530,11413,5
Aina,DEF,Nott'm Forest,473,47,7,0,True,2026-09-19T16:30:00Z,0,1,5,0,0,0,0,0,0,0,0,0,0,0,0,0,0.0,0.0,0.0,0.0,0,0.00,0.00,0.00,0.00,0,0,0,0,45,278049,-3199,21418,24617,5
Jair Cunha,DEF,Nott'm Forest,474,47,7,1,True,2026-09-19T16:30:00Z,0,1,5,90,0,0,0,1,0,0,0,1,0,0,0,5,14.2,11.8,1.0,2.7,1,0.02,0.01,0.03,0.67,6,3,2,8,45,19913,-4535,225,4760,5
Savona,DEF,Nott'm Forest,475,47,7,0,True,2026-09-19T16:30:00Z,0,1,5,0,0,0,0,0,0,0,0,0,0,0,0,0,0.0,0.0,0.0,0.0,0,0.00,0.00,0.00,0.00,0,0,0,0,45,237,-22,17,39,5
O.Richards,DEF,Nott'm Forest,476,47,7,0,True,2026-09-19T16:30:00Z,0,1,5,0,0,0,0,0,0,0,0,0,0,0,0,0,0.0,0.0,0.0,0.0,0,0.00,0.00,0.00,0.00,0,0,0,0,40,22848,-649,1022,1671,5
Abbott,DEF,Nott'm Forest,477,47,7,0,True,2026-09-19T16:30:00Z,0,1,5,0,0,0,0,0,0,0,0,0,0,0,0,0,0.0,0.0,0.0,0.0,0,0.00,0.00,0.00,0.00,0,0,0,0,40,16093,-2263,0,2263,5
Netz,DEF,Nott'm Forest,478,47,7,1,True,2026-09-19T16:30:00Z,0,1,5,7,0,0,0,0,0,0,0,0,0,0,0,5,4.0,16.6,2.0,2.3,0,0.00,0.02,0.02,0.00,0,0,0,0,44,3276,-97,246,343,5
Bindon,DEF,Nott'm Forest,479,47,7,0,True,2026-09-19T16:30:00Z,0,1,5,0,0,0,0,0,0,0,0,0,0,0,0,0,0.0,0.0,0.0,0.0,0,0.00,0.00,0.00,0.00,0,0,0,0,40,12104,-1397,0,1397,5
Gibbs-White,MID,Nott'm Forest,480,47,7,2,True,2026-09-19T16:30:00Z,0,1,5,90,0,0,0,1,0,0,0,0,0,0,0,25,22.4,81.4,6.0,11.0,1,0.00,0.40,0.40,0.67,0,2,0,2,80,1912107,705914,744604,38690,5
Hudson-Odoi,MID,Nott'm Forest,482,47,7,0,True,2026-09-19T16:30:00Z,0,1,5,0,0,0,0,0,0,0,0,0,0,0,0,0,0.0,0.0,0.0,0.0,0,0.00,0.00,0.00,0.00,0,0,0,0,58,16903,-730,1902,2632,5
Ndoye,MID,Nott'm Forest,483,47,7,1,True,2026-09-19T16:30:00Z,0,1,5,58,0,0,0,1,0,0,0,0,0,0,0,3,1.4,25.3,16.0,4.3,1,0.20,0.05,0.25,0.63,1,0,0,1,55,87185,14955,26545,11590,5
Hutchinson,MID,Nott'm Forest,484,47,7,0,True,2026-09-19T16:30:00Z,0,1,5,0,0,0,0,0,0,0,0,0,0,0,0,0,0.0,0.0,0.0,0.0,0,0.00,0.00,0.00,0.00,0,0,0,0,54,7897,-1093,0,1093,5
Bakwa,MID,Nott'm Forest,485,47,7,0,True,2026-09-19T16:30:00Z,0,1,5,0,0,0,0,0,0,0,0,0,0,0,0,0,0.0,0.0,0.0,0.0,0,0.00,0.00,0.00,0.00,0,0,0,0,55,579,-60,0,60,5
McAtee,MID,Nott'm Forest,486,47,7,2,True,2026-09-19T16:30:00Z,0,1,5,82,0,0,0,1,0,0,0,0,0,0,0,17,13.6,27.0,18.0,5.9,1,0.21,0.04,0.25,0.67,1,2,1,4,55,11916,1989,3622,1633,5
Dominguez,MID,Nott'm Forest,487,47,7,0,True,2026-09-19T16:30:00Z,0,1,5,0,0,0,0,0,0,0,0,0,0,0,0,0,0.0,0.0,0.0,0.0,0,0.00,0.00,0.00,0.00,0,0,0,0,49,6327,-459,254,713,5
I.Sangaré,MID,Nott'm Forest,488,47,7,1,True,2026-09-19T16:30:00Z,0,1,5,7,0,0,0,0,0,0,0,0,0,0,0,3,1.4,0.3,0.0,0.2,0,0.00,0.00,0.00,0.00,0,0,0,0,49,48314,-5438,1567,7005,5
Yates,MID,Nott'm Forest,489,47,7,0,True,2026-09-19T16:30:00Z,0,1,5,0,0,0,0,0,0,0,0,0,0,0,0,0,0.0,0.0,0.0,0.0,0,0.00,0.00,0.00,0.00,0,0,0,0,45,132416,-12157,2939,15096,5
Wood,FWD,Nott'm Forest,490,47,7,1,True,2026-09-19T16:30:00Z,0,1,5,17,0,0,0,0,0,0,0,0,0,0,0,4,1.0,2.3,0.0,0.3,0,0.00,0.00,0.00,0.04,0,0,0,0,58,100797,-9928,5666,15594,5
Igor Jesus,FWD,Nott'm Forest,491,47,7,1,True,2026-09-19T16:30:00Z,0,1,5,31,0,0,0,0,0,0,0,0,0,0,0,4,3.4,9.2,14.0,2.7,0,0.16,0.01,0.17,0.04,0,3,0,3,58,310521,37689,70541,32852,5
Awoniyi,FWD,Coventry City,492,47,18,0,False,2026-09-19T16:30:00Z,0,1,5,0,0,0,0,0,0,0,0,0,0,0,0,0,0.0,0.0,0.0,0.0,0,0.00,0.00,0.00,0.00,0,0,0,0,55,46922,-21461,586,22047,5
Kalimuendo,FWD,Nott'm Forest,493,47,7,0,True,2026-09-19T16:30:00Z,0,1,5,0,0,0,0,0,0,0,0,0,0,0,0,0,0.0,0.0,0.0,0.0,0,0.00,0.00,0.00,0.00,0,0,0,0,54,5589,-342,483,825,5
Schlager,MID,Nott'm Forest,558,47,7,2,True,2026-09-19T16:30:00Z,0,1,5,90,0,0,0,1,0,0,0,0,0,0,0,16,13.6,5.8,4.0,2.3,1,0.05,0.10,0.15,0.67,2,3,2,7,50,12605,1774,3063,1289,5
Yirenkyi,MID,Coventry City,575,47,18,3,False,2026-09-19T16:30:00Z,0,1,5,90,0,0,1,0,0,0,0,0,0,0,0,10,5.0,11.7,0.0,1.7,1,0.00,0.01,0.01,1.08,2,2,1,5,49,15964,-2510,236,2746,5
Diomande,DEF,Nott'm Forest,581,47,7,2,True,2026-09-19T16:30:00Z,0,1,5,72,0,0,0,1,0,0,0,0,0,0,0,4,7.8,0.6,8.0,1.6,1,0.05,0.01,0.06,0.63,5,7,0,5,54,59651,619,4010,3391,5
Hamer,MID,Coventry City,584,47,18,0,False,2026-09-19T16:30:00Z,0,1,5,0,0,0,0,0,0,0,0,0,0,0,0,0,0.0,0.0,0.0,0.0,0,0.00,0.00,0.00,0.00,0,0,0,0,54,10051,-947,64,1011,5
Benda,GK,Nott'm Forest,590,47,7,0,True,2026-09-19T16:30:00Z,0,1,5,0,0,0,0,0,0,0,0,0,0,0,0,0,0.0,0.0,0.0,0.0,0,0.00,0.00,0.00,0.00,0,0,0,0,45,7565,-141,422,563,5
Cherif,FWD,Coventry City,599,47,18,0,False,2026-09-19T16:30:00Z,0,1,5,0,0,0,0,0,0,0,0,0,0,0,0,0,0.0,0.0,0.0,0.0,0,0.00,0.00,0.00,0.00,0,0,0,0,50,10975,173,1653,1480,5
Bentley,GK,Coventry City,623,47,18,0,False,2026-09-19T16:30:00Z,0,1,5,0,0,0,0,0,0,0,0,0,0,0,0,0,0.0,0.0,0.0,0.0,0,0.00,0.00,0.00,0.00,0,0,0,0,40,66230,10344,13315,2971,5
Gboho,MID,Coventry City,655,47,18,0,False,2026-09-19T16:30:00Z,0,1,5,0,0,0,0,0,0,0,0,0,0,0,0,0,0.0,0.0,0.0,0.0,0,0.00,0.00,0.00,0.00,0,0,0,0,55,195,91,133,42,5
Mfuni,DEF,Coventry City,656,47,18,6,False,2026-09-19T16:30:00Z,0,1,5,90,0,0,1,0,0,0,0,0,0,0,0,27,17.6,0.7,4.0,2.2,1,0.00,0.01,0.01,1.10,7,3,1,8,40,10713,3967,5501,1534,5
M.Bizot,GK,Aston Villa,29,48,19,0,False,2026-09-19T11:30:00Z,2,3,5,0,0,0,0,0,0,0,0,0,0,0,0,0,0.0,0.0,0.0,0.0,0,0.00,0.00,0.00,0.00,0,0,0,0,45,13259,-1076,416,1492,5
Digne,DEF,Aston Villa,30,48,19,0,False,2026-09-19T11:30:00Z,2,3,5,0,0,0,0,0,0,0,0,0,0,0,0,0,0.0,0.0,0.0,0.0,0,0.00,0.00,0.00,0.00,0,0,0,0,45,5450,-431,0,431,5
Cash,DEF,Aston Villa,32,48,19,-1,False,2026-09-19T11:30:00Z,2,3,5,45,0,0,0,2,0,0,0,1,0,0,0,-7,4.0,3.1,0.0,0.7,0,0.00,0.00,0.00,0.92,3,0,0,3,44,542880,-105428,5264,110692,5
Mings,DEF,Aston Villa,33,48,19,3,False,2026-09-19T11:30:00Z,2,3,5,90,0,0,0,2,0,0,0,0,0,0,0,10,27.4,0.6,0.0,2.8,1,0.00,0.00,0.00,1.56,12,3,1,13,45,41769,-1624,3533,5157,5
Pau,DEF,Aston Villa,34,48,19,0,False,2026-09-19T11:30:00Z,2,3,5,0,0,0,0,0,0,0,0,0,0,0,0,0,0.0,0.0,0.0,0.0,0,0.00,0.00,0.00,0.00,0,0,0,0,45,34289,-9138,237,9375,5
Bogarde,MID,Aston Villa,35,48,19,0,False,2026-09-19T11:30:00Z,2,3,5,0,0,0,0,0,0,0,0,0,0,0,0,0,0.0,0.0,0.0,0.0,0,0.00,0.00,0.00,0.00,0,0,0,0,50,6803,-487,474,961,5
Maatsen,DEF,Aston Villa,36,48,19,0,False,2026-09-19T11:30:00Z,2,3,5,0,0,0,0,0,0,0,0,0,0,0,0,0,0.0,0.0,0.0,0.0,0,0.00,0.00,0.00,0.00,0,0,0,0,45,58351,-30695,548,31243,5
Lindelöf,DEF,Aston Villa,37,48,19,1,False,2026-09-19T11:30:00Z,2,3,5,90,0,0,0,2,0,0,0,0,0,0,0,1,18.8,10.0,0.0,2.9,1,0.00,0.00,0.00,1.56,6,2,0,6,45,33907,-415,3502,3917,5
A.García,DEF,Aston Villa,38,48,19,0,False,2026-09-19T11:30:00Z,2,3,5,0,0,0,0,0,0,0,0,0,0,0,0,0,0.0,0.0,0.0,0.0,0,0.00,0.00,0.00,0.00,0,0,0,0,40,171537,-7021,7152,14173,5
Nedeljkovic,DEF,Aston Villa,39,48,19,0,False,2026-09-19T11:30:00Z,2,3,5,0,0,0,0,0,0,0,0,0,0,0,0,0,0.0,0.0,0.0,0.0,0,0.00,0.00,0.00,0.00,0,0,0,0,40,14409,-1273,0,1273,5
Buendía,MID,Aston Villa,41,48,19,12,False,2026-09-19T11:30:00Z,2,3,5,90,1,0,0,2,0,0,0,0,0,0,3,50,61.0,36.3,35.0,13.2,1,0.14,0.07,0.21,1.56,2,6,7,15,59,94622,-16876,6405,23281,5
Bailey,MID,Aston Villa,44,48,19,0,False,2026-09-19T11:30:00Z,2,3,5,0,0,0,0,0,0,0,0,0,0,0,0,0,0.0,0.0,0.0,0.0,0,0.00,0.00,0.00,0.00,0,0,0,0,54,6080,-1648,0,1648,5
McGinn,MID,Aston Villa,45,48,19,6,False,2026-09-19T11:30:00Z,2,3,5,83,0,1,1,0,0,0,0,0,0,0,0,19,23.0,33.5,0.0,5.7,1,0.00,0.04,0.04,0.78,2,4,0,6,54,240695,-5772,18814,24586,5
Barkley,MID,Aston Villa,46,48,19,1,False,2026-09-19T11:30:00Z,2,3,5,6,0,0,0,2,0,0,0,0,0,0,0,3,0.6,0.8,0.0,0.1,0,0.00,0.00,0.00,0.78,1,3,0,4,50,28594,-1310,2694,4004,5
Kamara,MID,Aston Villa,47,48,19,6,False,2026-09-19T11:30:00Z,2,3,5,83,0,1,1,0,0,0,0,0,0,0,0,26,21.0,13.2,4.0,3.8,1,0.12,0.01,0.13,0.78,1,3,2,6,50,32641,-2746,1988,4734,5
Onana,MID,Aston Villa,48,48,19,0,False,2026-09-19T11:30:00Z,2,3,5,0,0,0,0,0,0,0,0,0,0,0,0,0,0.0,0.0,0.0,0.0,0,0.00,0.00,0.00,0.00,0,0,0,0,49,1654,-137,66,203,5
Iling Jr,MID,Aston Villa,49,48,19,0,False,2026-09-19T11:30:00Z,2,3,5,0,0,0,0,0,0,0,0,0,0,0,0,0,0.0,0.0,0.0,0.0,0,0.00,0.00,0.00,0.00,0,0,0,0,50,169,-20,0,20,5
Burrowes,MID,Aston Villa,50,48,19,0,False,2026-09-19T11:30:00Z,2,3,5,0,0,0,0,0,0,0,0,0,0,0,0,0,0.0,0.0,0.0,0.0,0,0.00,0.00,0.00,0.00,0,0,0,0,45,63804,-5269,1961,7230,5
George Hemmings,MID,Aston Villa,51,48,19,1,False,2026-09-19T11:30:00Z,2,3,5,18,0,0,0,2,0,0,0,0,0,0,0,2,0.0,1.2,0.0,0.0,0,0.00,0.00,0.00,0.87,0,0,0,0,45,135094,-3198,14076,17274,5
Alysson,MID,Aston Villa,52,48,19,0,False,2026-09-19T11:30:00Z,2,3,5,0,0,0,0,0,0,0,0,0,0,0,0,0,0.0,0.0,0.0,0.0,0,0.00,0.00,0.00,0.00,0,0,0,0,50,6101,983,1608,625,5
Manzambi,MID,Aston Villa,53,48,19,13,False,2026-09-19T11:30:00Z,2,3,5,71,1,1,1,0,0,0,0,0,0,0,2,45,63.2,25.8,60.0,14.9,1,0.44,0.16,0.60,0.68,2,4,1,7,59,14639,853,1843,990,5
Gomes,MID,Aston Villa,54,48,19,4,False,2026-09-19T11:30:00Z,2,3,5,90,0,0,0,2,0,0,0,0,0,0,0,13,22.6,13.8,0.0,3.6,1,0.00,0.02,0.02,1.56,5,3,5,13,55,4213,137,464,327,5
Watkins,FWD,Aston Villa,55,48,19,0,False,2026-09-19T11:30:00Z,2,3,5,0,0,0,0,0,0,0,0,0,0,0,0,0,0.0,0.0,0.0,0.0,0,0.00,0.00,0.00,0.00,0,0,0,0,78,284909,-35250,0,35250,5
Abraham,FWD,Aston Villa,56,48,19,1,False,2026-09-19T11:30:00Z,2,3,5,2,0,0,0,1,0,0,0,0,0,0,0,3,0.0,2.4,0.0,0.2,0,0.00,0.00,0.00,0.43,0,0,0,0,55,19806,1415,4340,2925,5
Van Hecke,DEF,Spurs,112,48,2,6,True,2026-09-19T11:30:00Z,2,3,5,90,1,0,0,3,0,0,0,1,0,0,0,17,62.0,30.4,17.0,10.9,1,0.35,0.30,0.65,1.16,6,4,3,9,49,721559,-3149,40803,43952,5
Tosin,DEF,Spurs,147,48,2,0,True,2026-09-19T11:30:00Z,2,3,5,0,0,0,0,0,0,0,0,0,0,0,0,0,0.0,0.0,0.0,0.0,0,0.00,0.00,0.00,0.00,0,0,0,0,44,16621,-600,437,1037,5
Garnacho,MID,Aston Villa,160,48,19,0,False,2026-09-19T11:30:00Z,2,3,5,0,0,0,0,0,0,0,0,0,0,0,0,0,0.0,0.0,0.0,0.0,0,0.00,0.00,0.00,0.00,0,0,0,0,58,35129,-6202,839,7041,5
N.Jackson,FWD,Aston Villa,166,48,19,6,False,2026-09-19T11:30:00Z,2,3,5,87,1,0,0,1,0,0,0,1,0,0,1,31,37.4,11.4,52.0,10.1,1,0.44,0.02,0.46,1.13,1,3,0,4,65,125508,-17305,18834,36139,5
Marmoush,FWD,Spurs,401,48,2,2,True,2026-09-19T11:30:00Z,2,3,5,90,0,0,0,3,0,0,0,0,0,0,0,8,5.6,6.4,6.0,1.8,1,0.02,0.04,0.06,1.16,0,3,1,4,70,240325,-10121,35220,45341,5
Sávio,MID,Spurs,403,48,2,2,True,2026-09-19T11:30:00Z,2,3,5,90,0,0,0,3,0,0,0,0,0,0,0,29,24.4,59.0,53.0,13.6,1,0.29,0.17,0.46,1.16,2,3,0,5,65,74946,-481,12804,13285,5
Tonali,MID,Spurs,455,48,2,2,True,2026-09-19T11:30:00Z,2,3,5,83,0,0,0,3,0,0,0,0,0,0,0,18,16.8,17.6,10.0,4.4,1,0.06,0.21,0.27,1.10,1,4,6,11,54,210274,-56370,4540,60910,5
Vicario,GK,Spurs,494,48,2,0,True,2026-09-19T11:30:00Z,2,3,5,0,0,0,0,0,0,0,0,0,0,0,0,0,0.0,0.0,0.0,0.0,0,0.00,0.00,0.00,0.00,0,0,0,0,45,14414,-1689,0,1689,5
Austin,GK,Spurs,495,48,2,0,True,2026-09-19T11:30:00Z,2,3,5,0,0,0,0,0,0,0,0,0,0,0,0,0,0.0,0.0,0.0,0.0,0,0.00,0.00,0.00,0.00,0,0,0,0,40,112272,1559,6139,4580,5
Kinsky,GK,Spurs,496,48,2,2,True,2026-09-19T11:30:00Z,2,3,5,90,0,0,0,3,0,0,0,0,0,3,0,5,27.2,0.0,0.0,2.7,1,0.00,0.00,0.00,1.16,0,5,0,0,45,1963942,-1315,95710,97025,5
Dubravka,GK,Spurs,497,48,2,0,True,2026-09-19T11:30:00Z,2,3,5,0,0,0,0,0,0,0,0,0,0,0,0,0,0.0,0.0,0.0,0.0,0,0.00,0.00,0.00,0.00,0,0,0,0,40,1908194,-25006,59833,84839,5
Senesi,DEF,Spurs,498,48,2,0,True,2026-09-19T11:30:00Z,2,3,5,0,0,0,0,0,0,0,0,0,0,0,0,0,0.0,0.0,0.0,0.0,0,0.00,0.00,0.00,0.00,0,0,0,0,58,403044,-70189,2509,72698,5
Pedro Porro,DEF,Spurs,499,48,2,1,True,2026-09-19T11:30:00Z,2,3,5,18,0,0,0,0,0,0,0,0,0,0,0,4,0.0,3.9,1.0,0.5,1,0.01,0.00,0.01,0.04,0,0,1,1,54,889495,-237532,5333,242865,5
Romero,DEF,Spurs,500,48,2,0,True,2026-09-19T11:30:00Z,2,3,5,0,0,0,0,0,0,0,0,0,0,0,0,0,0.0,0.0,0.0,0.0,0,0.00,0.00,0.00,0.00,0,0,0,0,50,9526,-610,0,610,5
Robertson,DEF,Spurs,502,48,2,4,True,2026-09-19T11:30:00Z,2,3,5,90,0,1,0,3,0,0,0,0,0,0,0,15,29.8,56.1,6.0,9.2,1,0.00,0.26,0.26,1.16,1,7,2,3,44,283003,-2558,20149,22707,5
Van de Ven,DEF,Spurs,503,48,2,1,True,2026-09-19T11:30:00Z,2,3,5,90,0,0,0,3,0,0,0,0,0,0,0,7,24.2,2.3,4.0,3.1,1,0.02,0.01,0.03,1.16,5,5,1,6,50,429279,8883,29652,20769,5
Spence,DEF,Spurs,505,48,2,0,True,2026-09-19T11:30:00Z,2,3,5,0,0,0,0,0,0,0,0,0,0,0,0,0,0.0,0.0,0.0,0.0,0,0.00,0.00,0.00,0.00,0,0,0,0,45,25713,-2653,0,2653,5
Udogie,DEF,Spurs,506,48,2,0,True,2026-09-19T11:30:00Z,2,3,5,0,0,0,0,0,0,0,0,0,0,0,0,0,0.0,0.0,0.0,0.0,0,0.00,0.00,0.00,0.00,0,0,0,0,44,37654,-4010,949,4959,5
Phillips,DEF,Spurs,507,48,2,0,True,2026-09-19T11:30:00Z,2,3,5,0,0,0,0,0,0,0,0,0,0,0,0,0,0.0,0.0,0.0,0.0,0,0.00,0.00,0.00,0.00,0,0,0,0,45,1372,-106,0,106,5
Davies,DEF,Spurs,508,48,2,0,True,2026-09-19T11:30:00Z,2,3,5,0,0,0,0,0,0,0,0,0,0,0,0,0,0.0,0.0,0.0,0.0,0,0.00,0.00,0.00,0.00,0,0,0,0,40,88779,-5694,2044,7738,5
Byfield,DEF,Spurs,509,48,2,0,True,2026-09-19T11:30:00Z,2,3,5,0,0,0,0,0,0,0,0,0,0,0,0,0,0.0,0.0,0.0,0.0,0,0.00,0.00,0.00,0.00,0,0,0,0,40,6772,-17,556,573,5
Rowswell,DEF,Spurs,510,48,2,0,True,2026-09-19T11:30:00Z,2,3,5,0,0,0,0,0,0,0,0,0,0,0,0,0,0.0,0.0,0.0,0.0,0,0.00,0.00,0.00,0.00,0,0,0,0,40,9834,-78,672,750,5
Souza,DEF,Spurs,511,48,2,0,True,2026-09-19T11:30:00Z,2,3,5,0,0,0,0,0,0,0,0,0,0,0,0,0,0.0,0.0,0.0,0.0,0,0.00,0.00,0.00,0.00,0,0,0,0,40,18271,-2391,0,2391,5
Kudus,MID,Spurs,512,48,2,4,True,2026-09-19T11:30:00Z,2,3,5,45,0,1,0,2,0,0,0,0,0,0,0,24,24.8,17.5,7.0,4.9,0,0.07,0.20,0.27,0.35,0,5,2,7,65,14877,-95,2728,2823,5
Xavi,MID,Spurs,513,48,2,0,True,2026-09-19T11:30:00Z,2,3,5,0,0,0,0,0,0,0,0,0,0,0,0,0,0.0,0.0,0.0,0.0,0,0.00,0.00,0.00,0.00,0,0,0,0,59,1301,-71,51,122,5
Tel,MID,Spurs,514,48,2,0,True,2026-09-19T11:30:00Z,2,3,5,0,0,0,0,0,0,0,0,0,0,0,0,0,0.0,0.0,0.0,0.0,0,0.00,0.00,0.00,0.00,0,0,0,0,58,21179,-5320,897,6217,5
Maddison,MID,Spurs,515,48,2,1,True,2026-09-19T11:30:00Z,2,3,5,24,0,0,0,2,0,0,0,0,0,0,0,9,10.6,2.4,11.0,2.4,0,0.06,0.02,0.08,0.15,0,2,4,6,63,43979,-2925,1741,4666,5
Bentancur,MID,Spurs,516,48,2,4,True,2026-09-19T11:30:00Z,2,3,5,83,0,0,0,3,0,0,0,0,0,0,0,15,19.0,6.3,2.0,2.7,1,0.00,0.04,0.04,1.10,3,8,6,17,55,19246,497,2106,1609,5
Odobert,MID,Spurs,517,48,2,0,True,2026-09-19T11:30:00Z,2,3,5,0,0,0,0,0,0,0,0,0,0,0,0,0,0.0,0.0,0.0,0.0,0,0.00,0.00,0.00,0.00,0,0,0,0,55,159,3,23,20,5
P.M.Sarr,MID,Spurs,518,48,2,0,True,2026-09-19T11:30:00Z,2,3,5,0,0,0,0,0,0,0,0,0,0,0,0,0,0.0,0.0,0.0,0.0,0,0.00,0.00,0.00,0.00,0,0,0,0,49,8302,-2148,0,2148,5
Gallagher,MID,Spurs,519,48,2,6,True,2026-09-19T11:30:00Z,2,3,5,6,1,0,0,0,0,0,0,0,0,0,0,24,38.4,2.3,33.0,7.4,0,0.35,0.00,0.35,0.07,0,1,3,4,53,19752,-1786,812,2598,5
Bergvall,MID,Spurs,520,48,2,1,True,2026-09-19T11:30:00Z,2,3,5,6,0,0,0,0,0,0,0,0,0,0,0,3,3.0,0.9,2.0,0.6,0,0.00,0.01,0.01,0.07,0,0,1,1,54,15731,-913,344,1257,5
Kulusevski,MID,Spurs,521,48,2,0,True,2026-09-19T11:30:00Z,2,3,5,0,0,0,0,0,0,0,0,0,0,0,0,0,0.0,0.0,0.0,0.0,0,0.00,0.00,0.00,0.00,0,0,0,0,65,892,-30,63,93,5
Gray,MID,Spurs,522,48,2,2,True,2026-09-19T11:30:00Z,2,3,5,71,0,0,0,3,0,0,0,0,0,0,0,14,10.8,3.1,17.0,3.1,0,0.14,0.01,0.15,1.12,1,2,2,5,49,19727,-637,1629,2266,5
Moore,MID,Spurs,523,48,2,0,True,2026-09-19T11:30:00Z,2,3,5,0,0,0,0,0,0,0,0,0,0,0,0,0,0.0,0.0,0.0,0.0,0,0.00,0.00,0.00,0.00,0,0,0,0,50,6388,-1980,0,1980,5
Olusesi,MID,Spurs,524,48,2,0,True,2026-09-19T11:30:00Z,2,3,5,0,0,0,0,0,0,0,0,0,0,0,0,0,0.0,0.0,0.0,0.0,0,0.00,0.00,0.00,0.00,0,0,0,0,44,117471,17246,32226,14980,5
Fernandes,MID,Spurs,525,48,2,1,True,2026-09-19T11:30:00Z,2,3,5,45,0,0,0,1,0,0,0,0,0,0,0,2,0.0,5.7,9.0,1.1,1,0.07,0.02,0.09,0.82,2,4,1,7,58,89133,-11274,2671,13945,5
Solanke,FWD,Spurs,526,48,2,2,True,2026-09-19T11:30:00Z,2,3,5,65,0,0,0,1,0,0,0,0,0,0,0,9,5.2,12.6,16.0,3.4,1,0.12,0.00,0.12,1.01,1,3,2,6,58,92077,-7033,6047,13080,5
Richarlison,FWD,Spurs,527,48,2,0,True,2026-09-19T11:30:00Z,2,3,5,0,0,0,0,0,0,0,0,0,0,0,0,0,0.0,0.0,0.0,0.0,0,0.00,0.00,0.00,0.00,0,0,0,0,59,74547,-22415,0,22415,5
Scarlett,FWD,Spurs,528,48,2,0,True,2026-09-19T11:30:00Z,2,3,5,0,0,0,0,0,0,0,0,0,0,0,0,0,0.0,0.0,0.0,0.0,0,0.00,0.00,0.00,0.00,0,0,0,0,45,125898,-18539,0,18539,5
Mudryk,MID,Spurs,578,48,2,0,True,2026-09-19T11:30:00Z,2,3,5,0,0,0,0,0,0,0,0,0,0,0,0,0,0.0,0.0,0.0,0.0,0,0.00,0.00,0.00,0.00,0,0,0,0,54,4612,-2108,32,2140,5
Madjo,FWD,Aston Villa,582,48,19,0,False,2026-09-19T11:30:00Z,2,3,5,0,0,0,0,0,0,0,0,0,0,0,0,0,0.0,0.0,0.0,0.0,0,0.00,0.00,0.00,0.00,0,0,0,0,54,22744,-4377,268,4645,5
Ruggeri,DEF,Aston Villa,596,48,19,3,False,2026-09-19T11:30:00Z,2,3,5,90,0,0,0,2,0,0,0,0,0,0,0,11,19.4,11.5,1.0,3.2,1,0.03,0.01,0.04,1.56,13,9,0,13,45,9272,-395,779,1174,5
Suzuki,GK,Aston Villa,597,48,19,2,False,2026-09-19T11:30:00Z,2,3,5,90,0,0,0,2,0,0,0,0,0,5,0,17,36.2,0.0,0.0,3.6,1,0.00,0.00,0.00,1.56,3,12,0,0,50,196011,-2224,16586,18810,5
Williams-Barnett,MID,Spurs,601,48,2,0,True,2026-09-19T11:30:00Z,2,3,5,0,0,0,0,0,0,0,0,0,0,0,0,0,0.0,0.0,0.0,0.0,0,0.00,0.00,0.00,0.00,0,0,0,0,45,13898,-957,655,1612,5
Rowe,DEF,Aston Villa,606,48,19,0,False,2026-09-19T11:30:00Z,2,3,5,0,0,0,0,0,0,0,0,0,0,0,0,0,0.0,0.0,0.0,0.0,0,0.00,0.00,0.00,0.00,0,0,0,0,40,18299,223,1822,1599,5
Lynch,MID,Aston Villa,607,48,19,0,False,2026-09-19T11:30:00Z,2,3,5,0,0,0,0,0,0,0,0,0,0,0,0,0,0.0,0.0,0.0,0.0,0,0.00,0.00,0.00,0.00,0,0,0,0,45,7636,-1367,0,1367,5
Wan-Bissaka,DEF,Aston Villa,611,48,19,1,False,2026-09-19T11:30:00Z,2,3,5,45,0,0,0,0,0,0,0,0,0,0,0,6,10.4,1.4,0.0,1.2,1,0.00,0.01,0.01,0.64,4,0,2,6,45,23660,2283,4595,2312,5
Goretzka,MID,Aston Villa,618,48,19,0,False,2026-09-19T11:30:00Z,2,3,5,0,0,0,0,0,0,0,0,0,0,0,0,0,0.0,0.0,0.0,0.0,0,0.00,0.00,0.00,0.00,0,0,0,0,59,2971,-1317,47,1364,5
Harwood-Bellis,DEF,Aston Villa,630,48,19,0,False,2026-09-19T11:30:00Z,2,3,5,0,0,0,0,0,0,0,0,0,0,0,0,0,0.0,0.0,0.0,0.0,0,0.00,0.00,0.00,0.00,0,0,0,0,45,1743,28,379,351,5
Mbaye,MID,Aston Villa,631,48,19,1,False,2026-09-19T11:30:00Z,2,3,5,6,0,0,0,2,0,0,0,0,0,0,0,2,0.0,0.0,0.0,0.0,0,0.00,0.00,0.00,0.78,0,0,0,0,60,7570,1194,2665,1471,5
Wright,GK,Aston Villa,667,48,19,0,False,2026-09-19T11:30:00Z,2,3,5,0,0,0,0,0,0,0,0,0,0,0,0,0,0.0,0.0,0.0,0.0,0,0.00,0.00,0.00,0.00,0,0,0,0,40,0,0,0,0,5
Petrović,GK,Bournemouth,57,49,14,2,True,2026-09-20T13:00:00Z,0,1,5,90,0,0,0,1,0,0,0,0,0,2,0,12,18.2,0.0,0.0,1.8,1,0.00,0.00,0.00,1.65,0,12,0,0,45,325591,-19421,7119,26540,5
Forster,GK,Bournemouth,58,49,14,0,True,2026-09-20T13:00:00Z,0,1,5,0,0,0,0,0,0,0,0,0,0,0,0,0,0.0,0.0,0.0,0.0,0,0.00,0.00,0.00,0.00,0,0,0,0,40,391157,6886,22505,15619,5
Dennis,GK,Bournemouth,59,49,14,0,True,2026-09-20T13:00:00Z,0,1,5,0,0,0,0,0,0,0,0,0,0,0,0,0,0.0,0.0,0.0,0.0,0,0.00,0.00,0.00,0.00,0,0,0,0,40,13258,-1059,0,1059,5
Hill,DEF,Bournemouth,60,49,14,4,True,2026-09-20T13:00:00Z,0,1,5,90,0,0,0,1,0,0,0,0,0,0,0,15,43.6,5.1,0.0,4.9,1,0.00,0.02,0.02,1.65,11,3,4,15,55,80776,-8309,3321,11630,5
Truffert,DEF,Bournemouth,61,49,14,2,True,2026-09-20T13:00:00Z,0,1,5,90,0,0,0,1,0,0,0,0,0,0,0,6,12.6,11.8,5.0,2.9,1,0.02,0.06,0.08,1.65,5,3,2,7,55,334232,-27978,6520,34498,5
Diakité,DEF,Bournemouth,62,49,14,0,True,2026-09-20T13:00:00Z,0,1,5,0,0,0,0,0,0,0,0,0,0,0,0,0,0.0,0.0,0.0,0.0,0,0.00,0.00,0.00,0.00,0,0,0,0,50,17170,-1312,916,2228,5
Milosavljević,DEF,Bournemouth,63,49,14,0,True,2026-09-20T13:00:00Z,0,1,5,0,0,0,0,0,0,0,0,0,0,0,0,0,0.0,0.0,0.0,0.0,0,0.00,0.00,0.00,0.00,0,0,0,0,49,843,-21,74,95,5
Smith,DEF,Bournemouth,64,49,14,2,True,2026-09-20T13:00:00Z,0,1,5,74,0,0,0,1,0,0,0,0,0,0,0,3,0.0,0.8,0.0,0.0,1,0.00,0.02,0.02,1.40,0,2,0,0,45,13093,-1163,818,1981,5
J.Araujo,DEF,Bournemouth,65,49,14,0,True,2026-09-20T13:00:00Z,0,1,5,0,0,0,0,0,0,0,0,0,0,0,0,0,0.0,0.0,0.0,0.0,0,0.00,0.00,0.00,0.00,0,0,0,0,44,1281,-50,101,151,5
Soler,DEF,Bournemouth,66,49,14,0,True,2026-09-20T13:00:00Z,0,1,5,0,0,0,0,0,0,0,0,0,0,0,0,0,0.0,0.0,0.0,0.0,0,0.00,0.00,0.00,0.00,0,0,0,0,40,28923,-57,2347,2404,5
Rayan,MID,Bournemouth,67,49,14,2,True,2026-09-20T13:00:00Z,0,1,5,87,0,0,0,1,0,0,0,0,0,0,0,17,8.4,16.9,8.0,3.3,1,0.00,0.35,0.35,1.40,1,1,2,4,64,173374,-30627,4733,35360,5
Tavernier,MID,Bournemouth,68,49,14,2,True,2026-09-20T13:00:00Z,0,1,5,74,0,0,0,1,0,0,0,0,0,0,0,14,10.8,19.1,4.0,3.4,1,0.00,0.11,0.11,1.40,0,3,3,6,61,709800,257318,318303,60985,5
Scott,MID,Bournemouth,69,49,14,2,True,2026-09-20T13:00:00Z,0,1,5,90,0,0,0,1,0,0,0,0,0,0,0,17,8.2,40.5,13.0,6.2,1,0.12,0.07,0.19,1.65,0,8,0,8,61,624564,-5057,72063,77120,5
Kluivert,MID,Bournemouth,70,49,14,0,True,2026-09-20T13:00:00Z,0,1,5,0,0,0,0,0,0,0,0,0,0,0,0,0,0.0,0.0,0.0,0.0,0,0.00,0.00,0.00,0.00,0,0,0,0,60,110738,3462,14541,11079,5
Cook,MID,Bournemouth,71,49,14,1,True,2026-09-20T13:00:00Z,0,1,5,15,0,0,0,0,0,0,0,0,0,0,0,3,2.8,0.3,0.0,0.3,0,0.00,0.00,0.00,0.25,1,1,0,2,50,19112,-2898,841,3739,5
Gannon-Doak,MID,Bournemouth,72,49,14,1,True,2026-09-20T13:00:00Z,0,1,5,2,0,0,0,0,0,0,0,0,0,0,0,3,0.2,0.8,2.0,0.3,0,0.00,0.02,0.02,0.25,0,0,0,0,49,6412,-515,338,853,5
Adams,MID,Bournemouth,73,49,14,4,True,2026-09-20T13:00:00Z,0,1,5,87,0,0,0,1,0,0,0,0,0,0,0,13,15.4,12.9,0.0,2.8,1,0.00,0.04,0.04,1.40,5,6,2,13,50,29052,-871,2995,3866,5
Brooks,MID,Bournemouth,74,49,14,1,True,2026-09-20T13:00:00Z,0,1,5,15,0,0,0,0,0,0,0,0,0,0,0,4,5.0,21.7,0.0,2.7,0,0.00,0.06,0.06,0.25,0,2,0,2,50,5709,-394,503,897,5
Christie,MID,Bournemouth,75,49,14,2,True,2026-09-20T13:00:00Z,0,1,5,74,0,0,0,1,0,0,0,0,0,0,0,0,0.0,2.4,27.0,2.4,1,0.50,0.01,0.51,1.40,0,5,0,5,50,3511,-118,541,659,5
Tóth.A,MID,Bournemouth,76,49,14,1,True,2026-09-20T13:00:00Z,0,1,5,2,0,0,0,0,0,0,0,0,0,0,0,3,0.2,0.1,0.0,0.0,0,0.00,0.00,0.00,0.25,0,0,0,0,49,1445,-80,62,142,5
Adli,MID,Bournemouth,77,49,14,0,True,2026-09-20T13:00:00Z,0,1,5,0,0,0,0,0,0,0,0,0,0,0,0,0,0.0,0.0,0.0,0.0,0,0.00,0.00,0.00,0.00,0,0,0,0,49,1387,-184,25,209,5
Kroupi.Jr,MID,Bournemouth,78,49,14,0,True,2026-09-20T13:00:00Z,0,1,5,0,0,0,0,0,0,0,0,0,0,0,0,0,0.0,0.0,0.0,0.0,0,0.00,0.00,0.00,0.00,0,0,0,0,74,19554,-1688,141,1829,5
Evanilson,FWD,Bournemouth,79,49,14,2,True,2026-09-20T13:00:00Z,0,1,5,90,0,0,0,1,0,0,0,0,0,0,0,12,11.0,3.4,50.0,6.4,1,0.16,0.01,0.17,1.65,1,2,2,5,60,350510,-2578,44404,46982,5
Enes Ünal,FWD,Bournemouth,80,49,14,0,True,2026-09-20T13:00:00Z,0,1,5,0,0,0,0,0,0,0,0,0,0,0,0,0,0.0,0.0,0.0,0.0,0,0.00,0.00,0.00,0.00,0,0,0,0,55,1665,-121,0,121,5
Rodríguez,FWD,Bournemouth,81,49,14,0,True,2026-09-20T13:00:00Z,0,1,5,0,0,0,0,0,0,0,0,0,0,0,0,0,0.0,0.0,0.0,0.0,0,0.00,0.00,0.00,0.00,0,0,0,0,60,12687,-435,939,1374,5
A.Becker,GK,Liverpool,350,49,3,8,False,2026-09-20T13:00:00Z,0,1,5,90,0,0,1,0,0,0,0,0,0,2,2,30,22.4,0.0,0.0,2.2,1,0.00,0.00,0.00,0.79,4,9,0,0,55,422308,-4413,20069,24482,5
Mamardashvili,GK,Liverpool,351,49,3,0,False,2026-09-20T13:00:00Z,0,1,5,0,0,0,0,0,0,0,0,0,0,0,0,0,0.0,0.0,0.0,0.0,0,0.00,0.00,0.00,0.00,0,0,0,0,49,13807,-846,439,1285,5
Woodman,GK,Liverpool,352,49,3,0,False,2026-09-20T13:00:00Z,0,1,5,0,0,0,0,0,0,0,0,0,0,0,0,0,0.0,0.0,0.0,0.0,0,0.00,0.00,0.00,0.00,0,0,0,0,40,112455,-1961,2495,4456,5
Pecsi,GK,Liverpool,353,49,3,0,False,2026-09-20T13:00:00Z,0,1,5,0,0,0,0,0,0,0,0,0,0,0,0,0,0.0,0.0,0.0,0.0,0,0.00,0.00,0.00,0.00,0,0,0,0,40,1905,-109,0,109,5
Jaros,GK,Liverpool,354,49,3,0,False,2026-09-20T13:00:00Z,0,1,5,0,0,0,0,0,0,0,0,0,0,0,0,0,0.0,0.0,0.0,0.0,0,0.00,0.00,0.00,0.00,0,0,0,0,40,2153,107,268,161,5
Davies,GK,Liverpool,355,49,3,0,False,2026-09-20T13:00:00Z,0,1,5,0,0,0,0,0,0,0,0,0,0,0,0,0,0.0,0.0,0.0,0.0,0,0.00,0.00,0.00,0.00,0,0,0,0,40,17657,96,896,800,5
Virgil,DEF,Liverpool,356,49,3,8,False,2026-09-20T13:00:00Z,0,1,5,90,0,0,1,0,0,0,0,0,0,0,0,26,25.8,1.8,0.0,2.8,1,0.00,0.01,0.01,0.79,13,2,0,13,65,1767010,-57021,34977,91998,5
Frimpong,DEF,Liverpool,357,49,3,0,False,2026-09-20T13:00:00Z,0,1,5,0,0,0,0,0,0,0,0,0,0,0,0,0,0.0,0.0,0.0,0.0,0,0.00,0.00,0.00,0.00,0,0,0,0,53,198877,-39805,3000,42805,5
Kerkez,DEF,Liverpool,358,49,3,6,False,2026-09-20T13:00:00Z,0,1,5,90,0,0,1,0,0,0,0,0,0,0,0,22,9.8,2.3,2.0,1.4,1,0.05,0.01,0.06,0.79,6,2,1,7,54,246708,-40437,3035,43472,5
Gomez,DEF,Liverpool,359,49,3,0,False,2026-09-20T13:00:00Z,0,1,5,0,0,0,0,0,0,0,0,0,0,0,0,0,0.0,0.0,0.0,0.0,0,0.00,0.00,0.00,0.00,0,0,0,0,49,1679,78,197,119,5
Bradley,DEF,Liverpool,360,49,3,0,False,2026-09-20T13:00:00Z,0,1,5,0,0,0,0,0,0,0,0,0,0,0,0,0,0.0,0.0,0.0,0.0,0,0.00,0.00,0.00,0.00,0,0,0,0,50,1005,-57,57,114,5
Lucky,DEF,Liverpool,361,49,3,0,False,2026-09-20T13:00:00Z,0,1,5,0,0,0,0,0,0,0,0,0,0,0,0,0,0.0,0.0,0.0,0.0,0,0.00,0.00,0.00,0.00,0,0,0,0,40,13179,-466,717,1183,5
Jacquet,DEF,Liverpool,362,49,3,6,False,2026-09-20T13:00:00Z,0,1,5,90,0,0,1,0,0,0,0,0,0,0,0,26,20.0,1.7,0.0,2.2,1,0.00,0.02,0.02,0.79,5,6,3,8,50,355709,50743,69754,19011,5
Leoni,DEF,Liverpool,363,49,3,0,False,2026-09-20T13:00:00Z,0,1,5,0,0,0,0,0,0,0,0,0,0,0,0,0,0.0,0.0,0.0,0.0,0,0.00,0.00,0.00,0.00,0,0,0,0,40,3493,-211,126,337,5
Tsimikas,DEF,Liverpool,364,49,3,0,False,2026-09-20T13:00:00Z,0,1,5,0,0,0,0,0,0,0,0,0,0,0,0,0,0.0,0.0,0.0,0.0,0,0.00,0.00,0.00,0.00,0,0,0,0,49,7658,-362,299,661,5
Ramsay,DEF,Liverpool,365,49,3,0,False,2026-09-20T13:00:00Z,0,1,5,0,0,0,0,0,0,0,0,0,0,0,0,0,0.0,0.0,0.0,0.0,0,0.00,0.00,0.00,0.00,0,0,0,0,40,10034,-1195,0,1195,5
Wirtz,MID,Liverpool,366,49,3,6,False,2026-09-20T13:00:00Z,0,1,5,70,0,1,1,0,0,0,0,0,0,0,0,25,13.2,39.3,16.0,6.9,1,0.22,0.05,0.27,0.66,1,4,3,8,73,650329,-173849,5737,179586,5
Gakpo,MID,Liverpool,367,49,3,3,False,2026-09-20T13:00:00Z,0,1,5,90,0,0,1,0,0,0,0,0,0,0,0,13,15.8,43.0,7.0,6.6,1,0.20,0.49,0.69,0.79,2,1,2,5,72,1383393,19543,175676,156133,5
Szoboszlai,MID,Liverpool,368,49,3,2,False,2026-09-20T13:00:00Z,0,1,5,80,0,0,1,0,0,0,0,1,0,0,0,5,1.6,4.6,2.0,0.8,1,0.13,0.02,0.15,0.66,2,2,2,6,70,3685230,-405826,91695,497521,5
Ngumoha,MID,Liverpool,369,49,3,0,False,2026-09-20T13:00:00Z,0,1,5,0,0,0,0,0,0,0,0,0,0,0,0,0,0.0,0.0,0.0,0.0,0,0.00,0.00,0.00,0.00,0,0,0,0,58,52264,-9591,1736,11327,5
Chiesa,MID,Liverpool,370,49,3,0,False,2026-09-20T13:00:00Z,0,1,5,0,0,0,0,0,0,0,0,0,0,0,0,0,0.0,0.0,0.0,0.0,0,0.00,0.00,0.00,0.00,0,0,0,0,54,5019,-641,16,657,5
Gravenberch,MID,Liverpool,371,49,3,1,False,2026-09-20T13:00:00Z,0,1,5,9,0,0,0,0,0,0,0,0,0,0,0,3,0.0,1.5,0.0,0.1,0,0.00,0.01,0.01,0.14,0,1,0,1,59,124836,-19324,3604,22928,5
Mac Allister,MID,Liverpool,372,49,3,5,False,2026-09-20T13:00:00Z,0,1,5,90,0,0,1,0,0,0,0,0,0,0,0,19,14.0,6.5,4.0,2.5,1,0.00,0.05,0.05,0.79,4,7,2,13,54,141772,-7900,11435,19335,5
C.Jones,MID,Liverpool,373,49,3,0,False,2026-09-20T13:00:00Z,0,1,5,0,0,0,0,0,0,0,0,0,0,0,0,0,0.0,0.0,0.0,0.0,0,0.00,0.00,0.00,0.00,0,0,0,0,55,2382,-157,0,157,5
Endo,MID,Liverpool,374,49,3,0,False,2026-09-20T13:00:00Z,0,1,5,0,0,0,0,0,0,0,0,0,0,0,0,0,0.0,0.0,0.0,0.0,0,0.00,0.00,0.00,0.00,0,0,0,0,49,6761,-487,349,836,5
Nyoni,MID,Liverpool,375,49,3,1,False,2026-09-20T13:00:00Z,0,1,5,19,0,0,0,0,0,0,0,0,0,0,0,3,9.6,0.6,0.0,1.0,0,0.00,0.00,0.00,0.14,5,0,0,5,49,4129,-350,188,538,5
Bajcetic,MID,Liverpool,376,49,3,0,False,2026-09-20T13:00:00Z,0,1,5,0,0,0,0,0,0,0,0,0,0,0,0,0,0.0,0.0,0.0,0.0,0,0.00,0.00,0.00,0.00,0,0,0,0,50,119,-9,0,9,5
Munoz,MID,Liverpool,377,49,3,1,False,2026-09-20T13:00:00Z,0,1,5,18,0,0,0,0,0,0,0,0,0,0,0,7,5.8,11.0,0.0,1.7,0,0.00,0.06,0.06,0.14,1,1,1,3,65,105157,-24989,5622,30611,5
McConnell,MID,Liverpool,378,49,3,0,False,2026-09-20T13:00:00Z,0,1,5,0,0,0,0,0,0,0,0,0,0,0,0,0,0.0,0.0,0.0,0.0,0,0.00,0.00,0.00,0.00,0,0,0,0,44,26448,98,2718,2620,5
Isak,FWD,Liverpool,379,49,3,8,False,2026-09-20T13:00:00Z,0,1,5,80,1,0,1,0,0,0,0,1,0,0,3,31,32.6,13.4,31.0,7.7,1,0.75,0.02,0.77,0.66,1,0,0,1,91,2350302,-103033,139899,242932,5
Ekitiké,FWD,Liverpool,380,49,3,0,False,2026-09-20T13:00:00Z,0,1,5,0,0,0,0,0,0,0,0,0,0,0,0,0,0.0,0.0,0.0,0.0,0,0.00,0.00,0.00,0.00,0,0,0,0,74,11579,-790,393,1183,5
Koumas,MID,Liverpool,381,49,3,1,False,2026-09-20T13:00:00Z,0,1,5,9,0,0,0,0,0,0,0,0,0,0,0,7,3.0,0.0,17.0,2.0,0,0.25,0.00,0.25,0.14,0,0,0,0,50,2933,-88,207,295,5
Danns,FWD,Liverpool,382,49,3,0,False,2026-09-20T13:00:00Z,0,1,5,0,0,0,0,0,0,0,0,0,0,0,0,0,0.0,0.0,0.0,0.0,0,0.00,0.00,0.00,0.00,0,0,0,0,45,25967,6226,9567,3341,5
Elliott,MID,Liverpool,383,49,3,0,False,2026-09-20T13:00:00Z,0,1,5,0,0,0,0,0,0,0,0,0,0,0,0,0,0.0,0.0,0.0,0.0,0,0.00,0.00,0.00,0.00,0,0,0,0,54,3642,-576,0,576,5
Silva,DEF,Bournemouth,566,49,14,3,True,2026-09-20T13:00:00Z,0,1,5,90,0,0,0,1,0,0,0,1,0,0,0,8,32.8,1.5,2.0,3.6,1,0.00,0.02,0.02,1.65,13,2,2,15,50,40509,-3903,2672,6575,5
Sanchez,DEF,Bournemouth,573,49,14,0,True,2026-09-20T13:00:00Z,0,1,5,0,0,0,0,0,0,0,0,0,0,0,0,0,0.0,0.0,0.0,0.0,0,0.00,0.00,0.00,0.00,0,0,0,0,44,18099,-982,314,1296,5
Araujo,DEF,Liverpool,579,49,3,7,False,2026-09-20T13:00:00Z,0,1,5,90,0,0,1,0,0,0,0,0,0,0,1,28,12.0,2.8,2.0,1.7,1,0.00,0.01,0.01,0.79,3,6,2,5,54,315443,19285,36773,17488,5
Jebbison,FWD,Bournemouth,608,49,14,1,True,2026-09-20T13:00:00Z,0,1,5,15,0,0,0,0,0,0,0,0,0,0,0,3,0.2,0.8,4.0,0.5,0,0.00,0.00,0.00,0.25,0,0,0,0,50,11675,-62,1986,2048,5
Di Gregorio,GK,Bournemouth,615,49,14,0,True,2026-09-20T13:00:00Z,0,1,5,0,0,0,0,0,0,0,0,0,0,0,0,0,0.0,0.0,0.0,0.0,0,0.00,0.00,0.00,0.00,0,0,0,0,45,3687,-198,343,541,5
Barcola,MID,Liverpool,627,49,3,3,False,2026-09-20T13:00:00Z,0,1,5,71,0,0,1,0,0,0,0,0,0,0,0,8,2.2,3.3,21.0,2.7,1,0.05,0.03,0.08,0.66,0,3,0,3,80,203917,-20897,24870,45767,5
Tielemans,MID,Man Utd,43,50,10,4,False,2026-09-20T15:30:00Z,1,1,5,90,0,0,0,1,0,0,0,0,0,0,0,22,18.2,22.3,6.0,4.7,1,0.09,0.20,0.29,1.62,2,8,3,13,58,165689,-17007,8170,25177,5
Baleba,MID,Man Utd,131,50,10,0,False,2026-09-20T15:30:00Z,1,1,5,0,0,0,0,0,0,0,0,0,0,0,0,0,0.0,0.0,0.0,0.0,0,0.00,0.00,0.00,0.00,0,0,0,0,49,12600,-1080,636,1716,5
Andrey Santos,MID,Man Utd,162,50,10,0,False,2026-09-20T15:30:00Z,1,1,5,0,0,0,0,0,0,0,0,0,0,0,0,0,0.0,0.0,0.0,0.0,0,0.00,0.00,0.00,0.00,0,0,0,0,48,64624,-9593,2868,12461,5
Leno,GK,Fulham,250,50,16,3,True,2026-09-20T15:30:00Z,1,1,5,90,0,0,0,1,0,0,0,0,0,5,0,18,34.6,0.0,0.0,3.5,1,0.00,0.00,0.00,1.60,2,8,0,0,45,335875,19961,37373,17412,5
Lecomte,GK,Fulham,251,50,16,0,True,2026-09-20T15:30:00Z,1,1,5,0,0,0,0,0,0,0,0,0,0,0,0,0,0.0,0.0,0.0,0.0,0,0.00,0.00,0.00,0.00,0,0,0,0,40,123460,-651,3635,4286,5
McNally,GK,Fulham,252,50,16,0,True,2026-09-20T15:30:00Z,1,1,5,0,0,0,0,0,0,0,0,0,0,0,0,0,0.0,0.0,0.0,0.0,0,0.00,0.00,0.00,0.00,0,0,0,0,40,12542,-908,0,908,5
Andersen,DEF,Fulham,253,50,16,1,True,2026-09-20T15:30:00Z,1,1,5,10,0,0,0,1,0,0,0,0,0,0,0,0,10.0,0.0,0.0,1.0,0,0.00,0.00,0.00,0.36,5,0,0,5,50,14092,-246,1831,2077,5
Robinson,DEF,Fulham,254,50,16,2,True,2026-09-20T15:30:00Z,1,1,5,90,0,0,0,1,0,0,0,0,0,0,0,19,30.0,30.0,0.0,6.0,1,0.00,0.09,0.09,1.60,4,4,3,7,45,147666,290,11569,11279,5
J.Cuenca,DEF,Fulham,255,50,16,0,True,2026-09-20T15:30:00Z,1,1,5,0,0,0,0,0,0,0,0,0,0,0,0,0,0.0,0.0,0.0,0.0,0,0.00,0.00,0.00,0.00,0,0,0,0,45,2849,-243,89,332,5
Tete,DEF,Fulham,256,50,16,0,True,2026-09-20T15:30:00Z,1,1,5,0,0,0,0,0,0,0,0,0,0,0,0,0,0.0,0.0,0.0,0.0,0,0.00,0.00,0.00,0.00,0,0,0,0,44,20252,-1747,326,2073,5
Bassey,DEF,Fulham,257,50,16,6,True,2026-09-20T15:30:00Z,1,1,5,90,0,1,0,1,0,0,0,0,0,0,1,26,26.6,1.8,17.0,4.5,1,0.06,0.01,0.07,1.60,6,7,2,8,45,72972,-255,3658,3913,5
Castagne,DEF,Fulham,258,50,16,1,True,2026-09-20T15:30:00Z,1,1,5,90,0,0,0,1,0,0,0,1,0,0,0,3,20.6,5.2,2.0,2.8,1,0.00,0.01,0.01,1.60,9,4,0,9,45,92417,6515,14129,7614,5
Iwobi,MID,Fulham,261,50,16,5,True,2026-09-20T15:30:00Z,1,1,5,70,0,0,1,0,0,0,0,0,0,0,2,27,21.0,63.3,26.0,11.0,1,0.19,0.41,0.60,1.12,1,5,1,7,54,70405,-6504,3075,9579,5
Smith Rowe,MID,Fulham,262,50,16,0,True,2026-09-20T15:30:00Z,1,1,5,0,0,0,0,0,0,0,0,0,0,0,0,0,0.0,0.0,0.0,0.0,0,0.00,0.00,0.00,0.00,0,0,0,0,54,26201,-2909,582,3491,5
Kevin,MID,Fulham,263,50,16,1,True,2026-09-20T15:30:00Z,1,1,5,19,0,0,0,1,0,0,0,0,0,0,0,6,5.2,0.1,17.0,2.2,0,0.04,0.00,0.04,0.49,1,1,0,2,53,4353,-75,596,671,5
Bobb,MID,Fulham,264,50,16,3,True,2026-09-20T15:30:00Z,1,1,5,70,0,0,1,0,0,0,0,0,0,0,0,6,4.0,3.7,8.0,1.6,1,0.22,0.09,0.31,1.12,1,3,2,6,55,30671,-1134,2742,3876,5
Berge,MID,Fulham,265,50,16,3,True,2026-09-20T15:30:00Z,1,1,5,76,0,0,1,0,0,0,0,0,0,0,0,16,10.0,15.4,7.0,3.2,1,0.05,0.02,0.07,1.18,2,0,0,2,49,31167,-1553,1643,3196,5
Cairney,MID,Fulham,266,50,16,0,True,2026-09-20T15:30:00Z,1,1,5,0,0,0,0,0,0,0,0,0,0,0,0,0,0.0,0.0,0.0,0.0,0,0.00,0.00,0.00,0.00,0,0,0,0,49,305,-46,15,61,5
King,MID,Fulham,268,50,16,2,True,2026-09-20T15:30:00Z,1,1,5,79,0,0,1,0,0,0,0,1,0,0,0,10,3.2,6.8,46.0,5.6,1,0.38,0.03,0.41,1.25,1,4,0,5,55,214660,78271,104721,26450,5
Sessegnon,DEF,Fulham,269,50,16,0,True,2026-09-20T15:30:00Z,1,1,5,0,0,0,0,0,0,0,0,0,0,0,0,0,0.0,0.0,0.0,0.0,0,0.00,0.00,0.00,0.00,0,0,0,0,44,29229,-5062,228,5290,5
Reed,MID,Fulham,270,50,16,0,True,2026-09-20T15:30:00Z,1,1,5,0,0,0,0,0,0,0,0,0,0,0,0,0,0.0,0.0,0.0,0.0,0,0.00,0.00,0.00,0.00,0,0,0,0,44,130240,-430,16215,16645,5
Muniz,FWD,Fulham,271,50,16,0,True,2026-09-20T15:30:00Z,1,1,5,10,0,0,0,1,0,0,0,1,0,0,0,-1,0.2,0.3,0.0,0.1,0,0.00,0.00,0.00,0.36,1,0,0,1,54,44522,-2843,3484,6327,5
Kusi-Asare,FWD,Fulham,272,50,16,0,True,2026-09-20T15:30:00Z,1,1,5,0,0,0,0,0,0,0,0,0,0,0,0,0,0.0,0.0,0.0,0.0,0,0.00,0.00,0.00,0.00,0,0,0,0,45,610960,-40658,30186,70844,5
Darlow,GK,Man Utd,325,50,10,0,False,2026-09-20T15:30:00Z,1,1,5,0,0,0,0,0,0,0,0,0,0,0,0,0,0.0,0.0,0.0,0.0,0,0.00,0.00,0.00,0.00,0,0,0,0,45,4302,-148,169,317,5
Lammens,GK,Man Utd,412,50,10,4,False,2026-09-20T15:30:00Z,1,1,5,90,0,0,0,1,0,0,0,0,0,6,0,22,47.2,0.0,0.0,4.7,1,0.00,0.00,0.00,1.62,0,5,0,0,49,1105256,-106249,13915,120164,5
Bayindir,GK,Man Utd,413,50,10,0,False,2026-09-20T15:30:00Z,1,1,5,0,0,0,0,0,0,0,0,0,0,0,0,0,0.0,0.0,0.0,0.0,0,0.00,0.00,0.00,0.00,0,0,0,0,45,1255,-93,0,93,5
Heaton,GK,Man Utd,414,50,10,0,False,2026-09-20T15:30:00Z,1,1,5,0,0,0,0,0,0,0,0,0,0,0,0,0,0.0,0.0,0.0,0.0,0,0.00,0.00,0.00,0.00,0,0,0,0,40,8762,-118,373,491,5
Dorgu,MID,Man Utd,415,50,10,4,False,2026-09-20T15:30:00Z,1,1,5,6,0,1,0,0,0,0,0,0,0,0,0,12,18.4,11.2,11.0,4.1,0,0.13,0.01,0.14,0.00,2,0,0,2,58,58577,-6276,2869,9145,5
De Ligt,DEF,Man Utd,416,50,10,0,False,2026-09-20T15:30:00Z,1,1,5,0,0,0,0,0,0,0,0,0,0,0,0,0,0.0,0.0,0.0,0.0,0,0.00,0.00,0.00,0.00,0,0,0,0,50,2417,-119,79,198,5
Dalot,DEF,Man Utd,417,50,10,2,False,2026-09-20T15:30:00Z,1,1,5,90,0,0,0,1,0,0,0,0,0,0,0,11,8.6,15.0,7.0,3.1,1,0.06,0.05,0.11,1.62,1,7,1,2,49,180890,-16480,3696,20176,5
Maguire,DEF,Man Utd,418,50,10,2,False,2026-09-20T15:30:00Z,1,1,5,90,0,0,0,1,0,0,0,0,0,0,0,17,17.2,17.1,12.0,4.6,1,0.01,0.03,0.04,1.62,4,4,1,5,49,993742,-142518,13938,156456,5
Martinez,DEF,Man Utd,419,50,10,0,False,2026-09-20T15:30:00Z,1,1,5,90,0,0,0,1,1,0,0,0,0,0,0,6,12.4,13.3,22.0,4.8,1,0.15,0.02,0.17,1.62,4,1,0,4,50,138877,823,10516,9693,5
Yoro,DEF,Man Utd,420,50,10,0,False,2026-09-20T15:30:00Z,1,1,5,0,0,0,0,0,0,0,0,0,0,0,0,0,0.0,0.0,0.0,0.0,0,0.00,0.00,0.00,0.00,0,0,0,0,49,50197,-4322,617,4939,5
Heaven,DEF,Man Utd,421,50,10,0,False,2026-09-20T15:30:00Z,1,1,5,0,0,0,0,0,0,0,0,0,0,0,0,0,0.0,0.0,0.0,0.0,0,0.00,0.00,0.00,0.00,0,0,0,0,44,29351,-3023,613,3636,5
Mazraoui,DEF,Man Utd,422,50,10,0,False,2026-09-20T15:30:00Z,1,1,5,0,0,0,0,0,0,0,0,0,0,0,0,0,0.0,0.0,0.0,0.0,0,0.00,0.00,0.00,0.00,0,0,0,0,44,55791,-5332,2584,7916,5
Shaw,DEF,Man Utd,423,50,10,2,False,2026-09-20T15:30:00Z,1,1,5,83,0,0,0,1,0,0,0,0,0,0,0,7,6.6,6.0,4.0,1.7,1,0.01,0.07,0.08,1.62,3,1,0,3,44,879239,-360683,2227,362910,5
Amass,DEF,Man Utd,424,50,10,0,False,2026-09-20T15:30:00Z,1,1,5,0,0,0,0,0,0,0,0,0,0,0,0,0,0.0,0.0,0.0,0.0,0,0.00,0.00,0.00,0.00,0,0,0,0,40,21588,-321,1392,1713,5
Fredricson,DEF,Man Utd,425,50,10,0,False,2026-09-20T15:30:00Z,1,1,5,0,0,0,0,0,0,0,0,0,0,0,0,0,0.0,0.0,0.0,0.0,0,0.00,0.00,0.00,0.00,0,0,0,0,40,1329,-107,0,107,5
B.Fernandes,MID,Man Utd,426,50,10,2,False,2026-09-20T15:30:00Z,1,1,5,90,0,0,0,1,0,0,0,0,0,0,0,15,14.0,58.8,13.0,8.6,1,0.28,0.19,0.47,1.62,0,5,1,6,120,4318751,-282231,68228,350459,5
Mbeumo,MID,Man Utd,427,50,10,2,False,2026-09-20T15:30:00Z,1,1,5,90,0,0,0,1,0,0,0,0,0,0,0,23,14.6,46.3,30.0,9.1,1,0.27,0.25,0.52,1.62,2,1,1,4,79,2322581,-206528,95476,302004,5
Cunha,MID,Man Utd,428,50,10,10,False,2026-09-20T15:30:00Z,1,1,5,90,1,0,0,1,0,0,0,0,0,0,3,32,42.4,35.2,26.0,10.4,1,0.05,0.39,0.44,1.62,1,2,0,3,79,620030,-75494,11557,87051,5
Rashford,MID,Man Utd,429,50,10,2,False,2026-09-20T15:30:00Z,1,1,5,76,0,0,0,1,0,0,0,0,0,0,0,15,16.6,53.7,58.0,12.8,1,0.40,0.14,0.54,1.62,2,0,0,2,70,171653,-4515,18390,22905,5
Mount,MID,Man Utd,430,50,10,1,False,2026-09-20T15:30:00Z,1,1,5,10,0,0,0,0,0,0,0,0,0,0,0,3,0.6,1.1,5.0,0.7,0,0.09,0.01,0.10,0.00,0,1,0,1,54,3100,88,361,273,5
Amad,MID,Man Utd,431,50,10,0,False,2026-09-20T15:30:00Z,1,1,5,0,0,0,0,0,0,0,0,0,0,0,0,0,0.0,0.0,0.0,0.0,0,0.00,0.00,0.00,0.00,0,0,0,0,57,33185,-5804,75,5879,5
Mainoo,MID,Man Utd,432,50,10,4,False,2026-09-20T15:30:00Z,1,1,5,79,0,0,0,1,0,0,0,0,0,0,0,18,11.2,17.4,9.0,3.8,1,0.06,0.10,0.16,1.62,1,10,1,12,55,177650,20730,33995,13265,5
Ugarte,MID,Man Utd,433,50,10,0,False,2026-09-20T15:30:00Z,1,1,5,0,0,0,0,0,0,0,0,0,0,0,0,0,0.0,0.0,0.0,0.0,0,0.00,0.00,0.00,0.00,0,0,0,0,50,386,-21,15,36,5
J.Fletcher,MID,Man Utd,434,50,10,0,False,2026-09-20T15:30:00Z,1,1,5,0,0,0,0,0,0,0,0,0,0,0,0,0,0.0,0.0,0.0,0.0,0,0.00,0.00,0.00,0.00,0,0,0,0,49,1151,-71,54,125,5
Lacey,MID,Man Utd,435,50,10,0,False,2026-09-20T15:30:00Z,1,1,5,0,0,0,0,0,0,0,0,0,0,0,0,0,0.0,0.0,0.0,0.0,0,0.00,0.00,0.00,0.00,0,0,0,0,49,5831,-32,531,563,5
Collyer,MID,Man Utd,436,50,10,0,False,2026-09-20T15:30:00Z,1,1,5,0,0,0,0,0,0,0,0,0,0,0,0,0,0.0,0.0,0.0,0.0,0,0.00,0.00,0.00,0.00,0,0,0,0,50,1099,-135,0,135,5
Bendito Mantato,MID,Man Utd,437,50,10,0,False,2026-09-20T15:30:00Z,1,1,5,0,0,0,0,0,0,0,0,0,0,0,0,0,0.0,0.0,0.0,0.0,0,0.00,0.00,0.00,0.00,0,0,0,0,45,18231,-1079,624,1703,5
Fletcher,MID,Man Utd,438,50,10,0,False,2026-09-20T15:30:00Z,1,1,5,0,0,0,0,0,0,0,0,0,0,0,0,0,0.0,0.0,0.0,0.0,0,0.00,0.00,0.00,0.00,0,0,0,0,44,36458,250,3537,3287,5
Šeško,FWD,Man Utd,439,50,10,0,False,2026-09-20T15:30:00Z,1,1,5,0,0,0,0,0,0,0,0,0,0,0,0,0,0.0,0.0,0.0,0.0,0,0.00,0.00,0.00,0.00,0,0,0,0,70,192336,1630,24959,23329,5
Zirkzee,FWD,Man Utd,440,50,10,1,False,2026-09-20T15:30:00Z,1,1,5,13,0,0,0,0,0,0,0,0,0,0,0,4,3.2,10.1,0.0,1.3,0,0.00,0.00,0.00,0.00,1,0,0,1,54,43505,-3447,2606,6053,5
Obi,FWD,Man Utd,441,50,10,0,False,2026-09-20T15:30:00Z,1,1,5,0,0,0,0,0,0,0,0,0,0,0,0,0,0.0,0.0,0.0,0.0,0,0.00,0.00,0.00,0.00,0,0,0,0,45,111907,-16201,5061,21262,5
Gonzalo,FWD,Fulham,569,50,16,2,True,2026-09-20T15:30:00Z,1,1,5,79,0,0,1,0,0,0,0,0,0,0,0,3,0.0,14.8,12.0,2.3,1,0.69,0.33,1.02,1.25,1,1,0,2,60,386933,-31297,42871,74168,5
Palacios,MID,Fulham,570,50,16,1,True,2026-09-20T15:30:00Z,1,1,5,19,0,0,0,1,0,0,0,0,0,0,0,5,5.8,10.3,0.0,1.6,0,0.00,0.00,0.00,0.49,1,2,1,4,54,18361,-456,1918,2374,5
Charles,MID,Fulham,580,50,16,4,True,2026-09-20T15:30:00Z,1,1,5,90,0,0,0,1,0,0,0,0,0,0,0,16,40.0,3.4,0.0,4.3,1,0.00,0.02,0.02,1.60,11,0,2,13,50,7677,49,742,693,5
De Fougerolles,DEF,Fulham,610,50,16,0,True,2026-09-20T15:30:00Z,1,1,5,0,0,0,0,0,0,0,0,0,0,0,0,0,0.0,0.0,0.0,0.0,0,0.00,0.00,0.00,0.00,0,0,0,0,40,7831,-1168,0,1168,5
Zepa,MID,Fulham,626,50,16,0,True,2026-09-20T15:30:00Z,1,1,5,0,0,0,0,0,0,0,0,0,0,0,0,0,0.0,0.0,0.0,0.0,0,0.00,0.00,0.00,0.00,0,0,0,0,45,32375,-3861,996,4857,5
Larsson,MID,Fulham,635,50,16,1,True,2026-09-20T15:30:00Z,1,1,5,13,0,0,0,1,0,0,0,0,0,0,0,3,3.2,0.1,0.0,0.3,0,0.00,0.00,0.00,0.42,2,2,0,4,50,760,66,191,125,5
Ángel,MID,Fulham,636,50,16,0,True,2026-09-20T15:30:00Z,1,1,5,0,0,0,0,0,0,0,0,0,0,0,0,0,0.0,0.0,0.0,0.0,0,0.00,0.00,0.00,0.00,0,0,0,0,50,361,10,84,74,5
Affengruber,DEF,Fulham,650,50,16,4,True,2026-09-20T15:30:00Z,1,1,5,90,0,0,0,1,0,0,0,0,0,0,0,17,32.4,11.3,0.0,4.4,1,0.00,0.02,0.02,1.60,9,4,2,11,45,2846,1907,2400,493,5
