player_id,name,position,team,price,opponent,home,difficulty,fixture_count,xmins,xmins_available,start_probability,start_probability_available,availability_multiplier,availability,status,chance_of_playing_next_round,ml_prediction,predicted_points,value,history_gw_count,history_cutoff_gw,feature_contract_version,xp_source,history_complete,prediction_event,prediction_season
411,Haaland,FWD,Man City,15.6,Liverpool,False,4.0,1,90.0,90.0,1.0,1.0,1.0,AVAILABLE,a,,5.547,5.547,0.356,5,5,3,previous_completed_gw_points_mean_v1,True,6,2026-27
426,B.Fernandes,MID,Man Utd,11.9,Spurs,True,2.0,1,90.0,90.0,1.0,1.0,1.0,AVAILABLE,a,,5.072,5.072,0.426,5,5,3,previous_completed_gw_points_mean_v1,True,6,2026-27
12,Saka,MID,Arsenal,9.5,Leeds,True,3.0,1,88.0,88.0,0.978,0.978,1.0,AVAILABLE,a,,4.994,4.994,0.526,5,5,3,previous_completed_gw_points_mean_v1,True,6,2026-27
429,Rashford,MID,Man Utd,7.0,Spurs,True,2.0,1,53.6,71.5,0.596,0.794,0.75,MINOR_RISK,d,75.0,6.277,4.708,0.673,5,5,3,previous_completed_gw_points_mean_v1,True,6,2026-27
428,Cunha,MID,Man Utd,7.9,Spurs,True,2.0,1,87.4,87.4,0.971,0.971,1.0,AVAILABLE,a,,4.599,4.599,0.582,5,5,3,previous_completed_gw_points_mean_v1,True,6,2026-27
40,Rogers,MID,Chelsea,7.7,Bournemouth,True,3.0,1,89.2,89.2,0.991,0.991,1.0,AVAILABLE,a,,4.502,4.502,0.585,5,5,3,previous_completed_gw_points_mean_v1,True,6,2026-27
4,Gabriel,DEF,Arsenal,8.0,Leeds,True,3.0,1,90.0,90.0,1.0,1.0,1.0,AVAILABLE,a,,4.473,4.473,0.559,5,5,3,previous_completed_gw_points_mean_v1,True,6,2026-27
124,Groß,MID,Brighton,5.9,Sunderland,False,3.0,1,90.0,90.0,1.0,1.0,1.0,AVAILABLE,a,,4.465,4.465,0.757,5,5,3,previous_completed_gw_points_mean_v1,True,6,2026-27
236,Dewsbury-Hall,MID,Everton,6.6,Hull City,False,2.0,1,90.0,90.0,1.0,1.0,1.0,AVAILABLE,a,,4.411,4.411,0.668,5,5,3,previous_completed_gw_points_mean_v1,True,6,2026-27
94,Schade,MID,Brentford,6.2,Aston Villa,False,3.0,1,89.8,89.8,0.998,0.998,1.0,AVAILABLE,a,,4.408,4.408,0.711,5,5,3,previous_completed_gw_points_mean_v1,True,6,2026-27
229,Tarkowski,DEF,Everton,6.2,Hull City,False,2.0,1,90.0,90.0,1.0,1.0,1.0,AVAILABLE,a,,4.366,4.366,0.704,5,5,3,previous_completed_gw_points_mean_v1,True,6,2026-27
427,Mbeumo,MID,Man Utd,7.9,Spurs,True,2.0,1,90.0,90.0,1.0,1.0,1.0,AVAILABLE,a,,4.315,4.315,0.546,5,5,3,previous_completed_gw_points_mean_v1,True,6,2026-27
15,Ødegaard,MID,Arsenal,6.8,Leeds,True,3.0,1,85.6,85.6,0.951,0.951,1.0,AVAILABLE,a,,4.303,4.303,0.633,5,5,3,previous_completed_gw_points_mean_v1,True,6,2026-27
480,Gibbs-White,MID,Nott'm Forest,8.0,Crystal Palace,False,3.0,1,90.0,90.0,1.0,1.0,1.0,AVAILABLE,a,100.0,4.119,4.119,0.515,5,5,3,previous_completed_gw_points_mean_v1,True,6,2026-27
268,King,MID,Fulham,5.5,Ipswich Town,False,2.0,1,88.5,88.5,0.983,0.983,1.0,AVAILABLE,a,,4.08,4.08,0.742,5,5,3,previous_completed_gw_points_mean_v1,True,6,2026-27
249,Barry,FWD,Everton,5.7,Hull City,False,2.0,1,88.0,88.0,0.978,0.978,1.0,AVAILABLE,a,,4.017,4.017,0.705,5,5,3,previous_completed_gw_points_mean_v1,True,6,2026-27
230,Branthwaite,DEF,Everton,5.5,Hull City,False,2.0,1,90.0,90.0,1.0,1.0,1.0,AVAILABLE,a,,3.919,3.919,0.713,5,5,3,previous_completed_gw_points_mean_v1,True,6,2026-27
115,De Cuyper,DEF,Brighton,5.0,Sunderland,False,3.0,1,88.4,88.4,0.982,0.982,1.0,AVAILABLE,a,,3.787,3.787,0.757,5,5,3,previous_completed_gw_points_mean_v1,True,6,2026-27
226,Pickford,GKP,Everton,5.5,Hull City,False,2.0,1,90.0,90.0,1.0,1.0,1.0,AVAILABLE,a,,3.734,3.734,0.679,5,5,3,previous_completed_gw_points_mean_v1,True,6,2026-27
106,Thiago,FWD,Brentford,7.8,Aston Villa,False,3.0,1,89.5,89.5,0.994,0.994,1.0,AVAILABLE,a,,3.715,3.715,0.476,5,5,3,previous_completed_gw_points_mean_v1,True,6,2026-27
453,Barnes,MID,Newcastle,6.1,Coventry City,False,2.0,1,90.0,90.0,1.0,1.0,1.0,AVAILABLE,a,,3.709,3.709,0.608,5,5,3,previous_completed_gw_points_mean_v1,True,6,2026-27
43,Tielemans,MID,Man Utd,5.8,Spurs,True,2.0,1,87.1,87.1,0.968,0.968,1.0,AVAILABLE,a,100.0,3.683,3.683,0.635,5,5,3,previous_completed_gw_points_mean_v1,True,6,2026-27
542,E.Le Fée,MID,Sunderland,5.7,Brighton,True,3.0,1,89.3,89.3,0.992,0.992,1.0,AVAILABLE,a,,3.667,3.667,0.643,5,5,3,previous_completed_gw_points_mean_v1,True,6,2026-27
261,Iwobi,MID,Fulham,5.4,Ipswich Town,False,2.0,1,87.5,87.5,0.972,0.972,1.0,AVAILABLE,a,,3.659,3.659,0.678,5,5,3,previous_completed_gw_points_mean_v1,True,6,2026-27
1,Raya,GKP,Arsenal,6.1,Leeds,True,3.0,1,90.0,90.0,1.0,1.0,1.0,AVAILABLE,a,,3.642,3.642,0.597,5,5,3,previous_completed_gw_points_mean_v1,True,6,2026-27
316,Emersonn,FWD,Ipswich Town,5.5,Fulham,True,2.0,1,69.4,69.4,0.771,0.771,1.0,AVAILABLE,a,100.0,3.639,3.639,0.662,5,5,3,previous_completed_gw_points_mean_v1,True,6,2026-27
447,Botman,DEF,Newcastle,5.0,Coventry City,False,2.0,1,90.0,90.0,1.0,1.0,1.0,AVAILABLE,a,,3.633,3.633,0.727,5,5,3,previous_completed_gw_points_mean_v1,True,6,2026-27
572,Tzolakis,GKP,Hull City,4.7,Everton,True,3.0,1,90.0,90.0,1.0,1.0,1.0,AVAILABLE,a,,3.588,3.588,0.763,5,5,3,previous_completed_gw_points_mean_v1,True,6,2026-27
250,Leno,GKP,Fulham,4.5,Ipswich Town,False,2.0,1,90.0,90.0,1.0,1.0,1.0,AVAILABLE,a,,3.58,3.58,0.796,5,5,3,previous_completed_gw_points_mean_v1,True,6,2026-27
82,Kelleher,GKP,Brentford,5.0,Aston Villa,False,3.0,1,90.0,90.0,1.0,1.0,1.0,AVAILABLE,a,,3.56,3.56,0.712,5,5,3,previous_completed_gw_points_mean_v1,True,6,2026-27
544,Xhaka,MID,Sunderland,5.5,Brighton,True,3.0,1,90.0,90.0,1.0,1.0,1.0,AVAILABLE,a,,3.553,3.553,0.646,5,5,3,previous_completed_gw_points_mean_v1,True,6,2026-27
68,Tavernier,MID,Bournemouth,6.1,Chelsea,False,4.0,1,88.4,88.4,0.982,0.982,1.0,AVAILABLE,a,,3.498,3.498,0.573,5,5,3,previous_completed_gw_points_mean_v1,True,6,2026-27
138,Kostoulas,FWD,Brighton,5.6,Sunderland,False,3.0,1,71.6,71.6,0.796,0.796,1.0,AVAILABLE,a,,3.497,3.497,0.624,5,5,3,previous_completed_gw_points_mean_v1,True,6,2026-27
366,Wirtz,MID,Liverpool,7.3,Man City,True,4.0,1,87.1,87.1,0.968,0.968,1.0,AVAILABLE,a,,3.476,3.476,0.476,5,5,3,previous_completed_gw_points_mean_v1,True,6,2026-27
391,Gvardiol,DEF,Man City,5.7,Liverpool,False,4.0,1,89.0,89.0,0.989,0.989,1.0,AVAILABLE,a,,3.475,3.475,0.61,5,5,3,previous_completed_gw_points_mean_v1,True,6,2026-27
567,Horníček,GKP,Newcastle,5.0,Coventry City,False,2.0,1,90.0,90.0,1.0,1.0,1.0,AVAILABLE,a,,3.465,3.465,0.693,5,5,3,previous_completed_gw_points_mean_v1,True,6,2026-27
13,Rice,MID,Arsenal,7.4,Leeds,True,3.0,1,65.8,87.7,0.731,0.974,0.75,MINOR_RISK,d,75.0,4.608,3.456,0.467,5,5,3,previous_completed_gw_points_mean_v1,True,6,2026-27
368,Szoboszlai,MID,Liverpool,6.9,Man City,True,4.0,1,89.4,89.4,0.993,0.993,1.0,AVAILABLE,a,,3.45,3.45,0.5,5,5,3,previous_completed_gw_points_mean_v1,True,6,2026-27
449,Hall,DEF,Newcastle,5.3,Coventry City,False,2.0,1,89.9,89.9,0.999,0.999,1.0,AVAILABLE,a,,3.435,3.435,0.648,5,5,3,previous_completed_gw_points_mean_v1,True,6,2026-27
41,Buendía,MID,Aston Villa,5.9,Brentford,True,3.0,1,87.1,87.1,0.968,0.968,1.0,AVAILABLE,a,,3.434,3.434,0.582,5,5,3,previous_completed_gw_points_mean_v1,True,6,2026-27
504,Vuskovic,DEF,Brighton,5.0,Sunderland,False,3.0,1,89.2,89.2,0.991,0.991,1.0,AVAILABLE,a,,3.405,3.405,0.681,5,5,3,previous_completed_gw_points_mean_v1,True,6,2026-27
412,Lammens,GKP,Man Utd,4.9,Spurs,True,2.0,1,90.0,90.0,1.0,1.0,1.0,AVAILABLE,a,,3.395,3.395,0.693,5,5,3,previous_completed_gw_points_mean_v1,True,6,2026-27
264,Bobb,MID,Fulham,5.5,Ipswich Town,False,2.0,1,83.6,83.6,0.929,0.929,1.0,AVAILABLE,a,,3.377,3.377,0.614,5,5,3,previous_completed_gw_points_mean_v1,True,6,2026-27
472,Murillo,DEF,Nott'm Forest,5.5,Crystal Palace,False,3.0,1,89.9,89.9,0.999,0.999,1.0,AVAILABLE,a,100.0,3.363,3.363,0.611,5,5,3,previous_completed_gw_points_mean_v1,True,6,2026-27
156,Neto,MID,Chelsea,6.5,Bournemouth,True,3.0,1,70.3,70.3,0.781,0.781,1.0,AVAILABLE,a,,3.347,3.347,0.515,5,5,3,previous_completed_gw_points_mean_v1,True,6,2026-27
109,Verbruggen,GKP,Brighton,4.5,Sunderland,False,3.0,1,90.0,90.0,1.0,1.0,1.0,AVAILABLE,a,,3.343,3.343,0.743,5,5,3,previous_completed_gw_points_mean_v1,True,6,2026-27
8,Calafiori,DEF,Arsenal,5.8,Leeds,True,3.0,1,88.0,88.0,0.978,0.978,1.0,AVAILABLE,a,,3.29,3.29,0.567,5,5,3,previous_completed_gw_points_mean_v1,True,6,2026-27
86,Lewis-Potter,MID,Brentford,5.5,Aston Villa,False,3.0,1,74.8,74.8,0.831,0.831,1.0,AVAILABLE,a,,3.287,3.287,0.598,5,5,3,previous_completed_gw_points_mean_v1,True,6,2026-27
295,McBurnie,FWD,Hull City,5.5,Everton,True,3.0,1,89.5,89.5,0.994,0.994,1.0,AVAILABLE,a,,3.267,3.267,0.594,5,5,3,previous_completed_gw_points_mean_v1,True,6,2026-27
486,McAtee,MID,Nott'm Forest,5.5,Crystal Palace,False,3.0,1,88.0,88.0,0.978,0.978,1.0,AVAILABLE,a,,3.262,3.262,0.593,5,5,3,previous_completed_gw_points_mean_v1,True,6,2026-27
110,Rushworth,GKP,Coventry City,4.5,Newcastle,True,3.0,1,90.0,90.0,1.0,1.0,1.0,AVAILABLE,a,,3.242,3.242,0.721,5,5,3,previous_completed_gw_points_mean_v1,True,6,2026-27
467,Sels,GKP,Nott'm Forest,5.0,Crystal Palace,False,3.0,1,90.0,90.0,1.0,1.0,1.0,AVAILABLE,a,,3.238,3.238,0.648,5,5,3,previous_completed_gw_points_mean_v1,True,6,2026-27
26,Havertz,FWD,Arsenal,7.6,Leeds,True,3.0,1,66.9,89.2,0.743,0.991,0.75,MINOR_RISK,d,75.0,4.314,3.235,0.426,5,5,3,previous_completed_gw_points_mean_v1,True,6,2026-27
591,Enciso,MID,Ipswich Town,5.5,Fulham,True,2.0,1,87.8,87.8,0.976,0.976,1.0,AVAILABLE,a,100.0,3.215,3.215,0.584,5,5,3,previous_completed_gw_points_mean_v1,True,6,2026-27
286,Belloumi,MID,Hull City,5.1,Everton,True,3.0,1,74.0,74.0,0.822,0.822,1.0,AVAILABLE,a,,3.182,3.182,0.624,5,5,3,previous_completed_gw_points_mean_v1,True,6,2026-27
399,Cherki,MID,Man City,7.8,Liverpool,False,4.0,1,55.9,55.9,0.621,0.621,1.0,AVAILABLE,a,,3.181,3.181,0.408,5,5,3,previous_completed_gw_points_mean_v1,True,6,2026-27
242,George,MID,Everton,5.5,Hull City,False,2.0,1,68.9,68.9,0.766,0.766,1.0,AVAILABLE,a,,3.179,3.179,0.578,5,5,3,previous_completed_gw_points_mean_v1,True,6,2026-27
305,Davis,DEF,Ipswich Town,4.0,Fulham,True,2.0,1,90.0,90.0,1.0,1.0,1.0,AVAILABLE,a,,3.169,3.169,0.792,5,5,3,previous_completed_gw_points_mean_v1,True,6,2026-27
384,Donnarumma,GKP,Man City,5.5,Liverpool,False,4.0,1,90.0,90.0,1.0,1.0,1.0,AVAILABLE,a,,3.164,3.164,0.575,5,5,3,previous_completed_gw_points_mean_v1,True,6,2026-27
202,Richards,DEF,Crystal Palace,4.9,Nott'm Forest,True,3.0,1,90.0,90.0,1.0,1.0,1.0,AVAILABLE,a,,3.161,3.161,0.645,5,5,3,previous_completed_gw_points_mean_v1,True,6,2026-27
214,Kamada,MID,Crystal Palace,5.0,Nott'm Forest,True,3.0,1,89.5,89.5,0.994,0.994,1.0,AVAILABLE,a,,3.157,3.157,0.631,5,5,3,previous_completed_gw_points_mean_v1,True,6,2026-27
569,Gonzalo,FWD,Fulham,6.0,Ipswich Town,False,2.0,1,88.5,88.5,0.983,0.983,1.0,AVAILABLE,a,,3.157,3.157,0.526,5,5,3,previous_completed_gw_points_mean_v1,True,6,2026-27
403,Sávio,MID,Spurs,6.5,Man Utd,False,4.0,1,52.2,52.2,0.58,0.58,1.0,AVAILABLE,a,100.0,3.15,3.15,0.485,5,5,3,previous_completed_gw_points_mean_v1,True,6,2026-27
597,Suzuki,GKP,Aston Villa,5.0,Brentford,True,3.0,1,72.0,72.0,0.8,0.8,1.0,AVAILABLE,a,,3.141,3.141,0.628,5,5,3,previous_completed_gw_points_mean_v1,True,6,2026-27
350,A.Becker,GKP,Liverpool,5.5,Man City,True,4.0,1,90.0,90.0,1.0,1.0,1.0,AVAILABLE,a,,3.133,3.133,0.57,5,5,3,previous_completed_gw_points_mean_v1,True,6,2026-27
356,Virgil,DEF,Liverpool,6.5,Man City,True,4.0,1,90.0,90.0,1.0,1.0,1.0,AVAILABLE,a,,3.128,3.128,0.481,5,5,3,previous_completed_gw_points_mean_v1,True,6,2026-27
445,Thiaw,DEF,Newcastle,5.0,Coventry City,False,2.0,1,90.0,90.0,1.0,1.0,1.0,AVAILABLE,a,,3.121,3.121,0.624,5,5,3,previous_completed_gw_points_mean_v1,True,6,2026-27
127,Gomez,MID,Brighton,5.0,Sunderland,False,3.0,1,89.0,89.0,0.989,0.989,1.0,AVAILABLE,a,,3.092,3.092,0.618,5,5,3,previous_completed_gw_points_mean_v1,True,6,2026-27
649,Maitland-Niles,DEF,Everton,4.5,Hull City,False,2.0,1,59.7,59.7,0.663,0.663,1.0,AVAILABLE,a,,3.087,3.087,0.686,3,5,3,previous_completed_gw_points_mean_v1,True,6,2026-27
254,Robinson,DEF,Fulham,4.5,Ipswich Town,False,2.0,1,88.7,88.7,0.986,0.986,1.0,AVAILABLE,a,,3.086,3.086,0.686,5,5,3,previous_completed_gw_points_mean_v1,True,6,2026-27
464,Wissa,FWD,Newcastle,6.2,Coventry City,False,2.0,1,89.5,89.5,0.994,0.994,1.0,AVAILABLE,a,,3.086,3.086,0.498,5,5,3,previous_completed_gw_points_mean_v1,True,6,2026-27
418,Maguire,DEF,Man Utd,4.8,Spurs,True,2.0,1,90.0,90.0,1.0,1.0,1.0,AVAILABLE,a,,3.083,3.083,0.642,5,5,3,previous_completed_gw_points_mean_v1,True,6,2026-27
469,N.Williams,DEF,Nott'm Forest,5.0,Crystal Palace,False,3.0,1,90.0,90.0,1.0,1.0,1.0,AVAILABLE,a,,3.081,3.081,0.616,5,5,3,previous_completed_gw_points_mean_v1,True,6,2026-27
69,Scott,MID,Bournemouth,6.1,Chelsea,False,4.0,1,89.8,89.8,0.998,0.998,1.0,AVAILABLE,a,,3.075,3.075,0.504,5,5,3,previous_completed_gw_points_mean_v1,True,6,2026-27
379,Isak,FWD,Liverpool,9.1,Man City,True,4.0,1,65.8,87.8,0.732,0.976,0.75,MINOR_RISK,d,75.0,4.099,3.074,0.338,5,5,3,previous_completed_gw_points_mean_v1,True,6,2026-27
388,Guéhi,DEF,Man City,6.0,Liverpool,False,4.0,1,90.0,90.0,1.0,1.0,1.0,AVAILABLE,a,,3.071,3.071,0.512,5,5,3,previous_completed_gw_points_mean_v1,True,6,2026-27
173,Thomas,DEF,Coventry City,4.0,Newcastle,True,3.0,1,89.2,89.2,0.991,0.991,1.0,AVAILABLE,a,,3.067,3.067,0.767,5,5,3,previous_completed_gw_points_mean_v1,True,6,2026-27
204,Mitchell,DEF,Crystal Palace,4.5,Nott'm Forest,True,3.0,1,88.1,88.1,0.979,0.979,1.0,AVAILABLE,a,,3.054,3.054,0.679,5,5,3,previous_completed_gw_points_mean_v1,True,6,2026-27
257,Bassey,DEF,Fulham,4.5,Ipswich Town,False,2.0,1,90.0,90.0,1.0,1.0,1.0,AVAILABLE,a,,3.044,3.044,0.676,5,5,3,previous_completed_gw_points_mean_v1,True,6,2026-27
154,Palmer,MID,Chelsea,9.7,Bournemouth,True,3.0,1,67.1,89.5,0.746,0.994,0.75,MINOR_RISK,d,75.0,4.04,3.03,0.312,5,5,3,previous_completed_gw_points_mean_v1,True,6,2026-27
37,Lindelöf,DEF,Aston Villa,4.5,Brentford,True,3.0,1,90.0,90.0,1.0,1.0,1.0,AVAILABLE,a,,3.022,3.022,0.672,5,5,3,previous_completed_gw_points_mean_v1,True,6,2026-27
45,McGinn,MID,Aston Villa,5.4,Brentford,True,3.0,1,89.0,89.0,0.989,0.989,1.0,AVAILABLE,a,,3.008,3.008,0.557,5,5,3,previous_completed_gw_points_mean_v1,True,6,2026-27
60,Hill,DEF,Bournemouth,5.5,Chelsea,False,4.0,1,90.0,90.0,1.0,1.0,1.0,AVAILABLE,a,,3.004,3.004,0.546,5,5,3,previous_completed_gw_points_mean_v1,True,6,2026-27
432,Mainoo,MID,Man Utd,5.5,Spurs,True,2.0,1,53.7,71.6,0.597,0.796,0.75,MINOR_RISK,d,75.0,3.978,2.984,0.542,5,5,3,previous_completed_gw_points_mean_v1,True,6,2026-27
166,N.Jackson,FWD,Aston Villa,6.5,Brentford,True,3.0,1,55.0,55.0,0.611,0.611,1.0,AVAILABLE,a,,2.96,2.96,0.455,5,5,3,previous_completed_gw_points_mean_v1,True,6,2026-27
98,Janelt,MID,Brentford,5.0,Aston Villa,False,3.0,1,90.0,90.0,1.0,1.0,1.0,AVAILABLE,a,,2.951,2.951,0.59,5,5,3,previous_completed_gw_points_mean_v1,True,6,2026-27
237,Ndiaye,MID,Man City,5.8,Liverpool,False,4.0,1,73.5,73.5,0.817,0.817,1.0,AVAILABLE,a,,2.951,2.951,0.509,5,5,3,previous_completed_gw_points_mean_v1,True,6,2026-27
239,Garner,MID,Everton,6.0,Hull City,False,2.0,1,70.1,70.1,0.779,0.779,1.0,AVAILABLE,a,100.0,2.935,2.935,0.489,5,5,3,previous_completed_gw_points_mean_v1,True,6,2026-27
87,Ajer,DEF,Brentford,4.5,Aston Villa,False,3.0,1,90.0,90.0,1.0,1.0,1.0,AVAILABLE,a,,2.934,2.934,0.652,5,5,3,previous_completed_gw_points_mean_v1,True,6,2026-27
496,Kinsky,GKP,Spurs,4.5,Man Utd,False,4.0,1,90.0,90.0,1.0,1.0,1.0,AVAILABLE,a,,2.91,2.91,0.647,5,5,3,previous_completed_gw_points_mean_v1,True,6,2026-27
28,Martinez,GKP,Chelsea,5.0,Bournemouth,True,3.0,1,72.0,72.0,0.8,0.8,1.0,AVAILABLE,a,,2.904,2.904,0.581,5,5,3,previous_completed_gw_points_mean_v1,True,6,2026-27
282,Giles,DEF,Hull City,4.0,Everton,True,3.0,1,89.6,89.6,0.996,0.996,1.0,AVAILABLE,a,,2.9,2.9,0.725,5,5,3,previous_completed_gw_points_mean_v1,True,6,2026-27
529,Roefs,GKP,Sunderland,4.9,Brighton,True,3.0,1,90.0,90.0,1.0,1.0,1.0,AVAILABLE,a,,2.896,2.896,0.591,5,5,3,previous_completed_gw_points_mean_v1,True,6,2026-27
417,Dalot,DEF,Man Utd,4.9,Spurs,True,2.0,1,71.2,71.2,0.791,0.791,1.0,AVAILABLE,a,,2.892,2.892,0.59,5,5,3,previous_completed_gw_points_mean_v1,True,6,2026-27
481,Anderson,MID,Man City,6.3,Liverpool,False,4.0,1,87.8,87.8,0.976,0.976,1.0,AVAILABLE,a,100.0,2.892,2.892,0.459,5,5,3,previous_completed_gw_points_mean_v1,True,6,2026-27
588,Khalaili,DEF,Crystal Palace,5.0,Nott'm Forest,True,3.0,1,73.1,73.1,0.812,0.812,1.0,AVAILABLE,a,,2.888,2.888,0.578,5,5,3,previous_completed_gw_points_mean_v1,True,6,2026-27
222,Strand Larsen,FWD,Crystal Palace,6.0,Nott'm Forest,True,3.0,1,55.7,55.7,0.619,0.619,1.0,AVAILABLE,a,,2.869,2.869,0.478,5,5,3,previous_completed_gw_points_mean_v1,True,6,2026-27
650,Affengruber,DEF,Fulham,4.5,Ipswich Town,False,2.0,1,60.0,60.0,0.667,0.667,1.0,AVAILABLE,a,,2.865,2.865,0.637,3,5,3,previous_completed_gw_points_mean_v1,True,6,2026-27
165,João Pedro,FWD,Chelsea,7.7,Bournemouth,True,3.0,1,54.0,72.0,0.6,0.8,0.75,MINOR_RISK,d,75.0,3.804,2.853,0.37,5,5,3,previous_completed_gw_points_mean_v1,True,6,2026-27
566,Silva,DEF,Bournemouth,5.0,Chelsea,False,4.0,1,90.0,90.0,1.0,1.0,1.0,AVAILABLE,a,,2.843,2.843,0.569,5,5,3,previous_completed_gw_points_mean_v1,True,6,2026-27
304,O'Shea,DEF,Ipswich Town,4.0,Fulham,True,2.0,1,90.0,90.0,1.0,1.0,1.0,AVAILABLE,a,,2.842,2.842,0.711,5,5,3,previous_completed_gw_points_mean_v1,True,6,2026-27
183,Rudoni,MID,Coventry City,4.9,Newcastle,True,3.0,1,68.2,68.2,0.758,0.758,1.0,AVAILABLE,a,100.0,2.824,2.824,0.576,5,5,3,previous_completed_gw_points_mean_v1,True,6,2026-27
460,Willock,MID,Newcastle,5.0,Coventry City,False,2.0,1,54.8,54.8,0.609,0.609,1.0,AVAILABLE,a,,2.782,2.782,0.556,5,5,3,previous_completed_gw_points_mean_v1,True,6,2026-27
644,Timber,MID,Crystal Palace,5.0,Nott'm Forest,True,3.0,1,88.3,88.3,0.981,0.981,1.0,AVAILABLE,a,,2.78,2.78,0.556,3,5,3,previous_completed_gw_points_mean_v1,True,6,2026-27
114,Boscagli,DEF,Brighton,4.5,Sunderland,False,3.0,1,89.2,89.2,0.991,0.991,1.0,AVAILABLE,a,,2.776,2.776,0.617,5,5,3,previous_completed_gw_points_mean_v1,True,6,2026-27
105,Anthony,MID,Brentford,5.9,Aston Villa,False,3.0,1,41.2,41.2,0.458,0.458,1.0,AVAILABLE,a,,2.771,2.771,0.47,5,5,3,previous_completed_gw_points_mean_v1,True,6,2026-27
47,Kamara,MID,Aston Villa,5.0,Brentford,True,3.0,1,89.6,89.6,0.996,0.996,1.0,AVAILABLE,a,100.0,2.744,2.744,0.549,5,5,3,previous_completed_gw_points_mean_v1,True,6,2026-27
491,Igor Jesus,FWD,Nott'm Forest,5.8,Crystal Palace,False,3.0,1,40.6,40.6,0.451,0.451,1.0,AVAILABLE,a,,2.743,2.743,0.473,5,5,3,previous_completed_gw_points_mean_v1,True,6,2026-27
167,Delap,FWD,Nott'm Forest,5.6,Crystal Palace,False,3.0,1,54.4,54.4,0.604,0.604,1.0,AVAILABLE,a,,2.738,2.738,0.489,5,5,3,previous_completed_gw_points_mean_v1,True,6,2026-27
258,Castagne,DEF,Fulham,4.5,Ipswich Town,False,2.0,1,87.5,87.5,0.972,0.972,1.0,AVAILABLE,a,,2.726,2.726,0.606,5,5,3,previous_completed_gw_points_mean_v1,True,6,2026-27
580,Charles,MID,Fulham,5.0,Ipswich Town,False,2.0,1,56.0,56.0,0.622,0.622,1.0,AVAILABLE,a,,2.706,2.706,0.541,5,5,3,previous_completed_gw_points_mean_v1,True,6,2026-27
238,Grealish,MID,Everton,6.5,Hull City,False,2.0,1,20.7,20.7,0.23,0.23,1.0,AVAILABLE,a,100.0,2.684,2.684,0.413,5,5,3,previous_completed_gw_points_mean_v1,True,6,2026-27
552,Brobbey,FWD,Sunderland,5.7,Brighton,True,3.0,1,65.2,86.9,0.724,0.966,0.75,MINOR_RISK,d,75.0,3.569,2.677,0.47,5,5,3,previous_completed_gw_points_mean_v1,True,6,2026-27
605,Yalcouyé,MID,Brighton,4.5,Sunderland,False,3.0,1,52.0,52.0,0.578,0.578,1.0,AVAILABLE,a,,2.663,2.663,0.592,5,5,3,previous_completed_gw_points_mean_v1,True,6,2026-27
619,Palacios,MID,Ipswich Town,5.0,Fulham,True,2.0,1,67.9,67.9,0.754,0.754,1.0,AVAILABLE,a,,2.659,2.659,0.532,4,5,3,previous_completed_gw_points_mean_v1,True,6,2026-27
129,Ayari,MID,Brighton,5.4,Sunderland,False,3.0,1,70.4,70.4,0.782,0.782,1.0,AVAILABLE,a,100.0,2.657,2.657,0.492,5,5,3,previous_completed_gw_points_mean_v1,True,6,2026-27
277,Egan,DEF,Hull City,4.1,Everton,True,3.0,1,89.2,89.2,0.991,0.991,1.0,AVAILABLE,a,,2.652,2.652,0.647,5,5,3,previous_completed_gw_points_mean_v1,True,6,2026-27
423,Shaw,DEF,Man Utd,4.3,Spurs,True,2.0,1,70.5,70.5,0.783,0.783,1.0,AVAILABLE,a,100.0,2.648,2.648,0.616,5,5,3,previous_completed_gw_points_mean_v1,True,6,2026-27
203,Canvot,DEF,Crystal Palace,4.8,Nott'm Forest,True,3.0,1,72.0,72.0,0.8,0.8,1.0,AVAILABLE,a,,2.647,2.647,0.551,5,5,3,previous_completed_gw_points_mean_v1,True,6,2026-27
176,Dasilva,DEF,Coventry City,4.0,Newcastle,True,3.0,1,89.6,89.6,0.996,0.996,1.0,AVAILABLE,a,,2.64,2.64,0.66,5,5,3,previous_completed_gw_points_mean_v1,True,6,2026-27
390,Rúben,DEF,Man City,5.5,Liverpool,False,4.0,1,90.0,90.0,1.0,1.0,1.0,AVAILABLE,a,,2.628,2.628,0.478,5,5,3,previous_completed_gw_points_mean_v1,True,6,2026-27
57,Petrović,GKP,Bournemouth,4.5,Chelsea,False,4.0,1,90.0,90.0,1.0,1.0,1.0,AVAILABLE,a,,2.619,2.619,0.582,5,5,3,previous_completed_gw_points_mean_v1,True,6,2026-27
210,Wharton,MID,Crystal Palace,5.4,Nott'm Forest,True,3.0,1,89.2,89.2,0.991,0.991,1.0,AVAILABLE,a,100.0,2.598,2.598,0.481,5,5,3,previous_completed_gw_points_mean_v1,True,6,2026-27
244,Armstrong,MID,Everton,5.0,Hull City,False,2.0,1,89.8,89.8,0.998,0.998,1.0,AVAILABLE,a,100.0,2.591,2.591,0.518,5,5,3,previous_completed_gw_points_mean_v1,True,6,2026-27
397,Semenyo,MID,Man City,8.4,Liverpool,False,4.0,1,67.5,90.0,0.75,1.0,0.75,MINOR_RISK,d,75.0,3.454,2.59,0.308,5,5,3,previous_completed_gw_points_mean_v1,True,6,2026-27
79,Evanilson,FWD,Bournemouth,6.0,Chelsea,False,4.0,1,88.4,88.4,0.982,0.982,1.0,AVAILABLE,a,,2.58,2.58,0.43,5,5,3,previous_completed_gw_points_mean_v1,True,6,2026-27
419,Martinez,DEF,Man Utd,4.9,Spurs,True,2.0,1,72.0,72.0,0.8,0.8,1.0,AVAILABLE,a,100.0,2.576,2.576,0.526,5,5,3,previous_completed_gw_points_mean_v1,True,6,2026-27
335,Stach,MID,Leeds,6.0,Arsenal,False,5.0,1,89.8,89.8,0.998,0.998,1.0,AVAILABLE,a,,2.573,2.573,0.429,5,5,3,previous_completed_gw_points_mean_v1,True,6,2026-27
61,Truffert,DEF,Bournemouth,5.4,Chelsea,False,4.0,1,90.0,90.0,1.0,1.0,1.0,AVAILABLE,a,,2.557,2.557,0.474,5,5,3,previous_completed_gw_points_mean_v1,True,6,2026-27
533,Mukiele,DEF,Sunderland,5.4,Brighton,True,3.0,1,72.0,72.0,0.8,0.8,1.0,AVAILABLE,a,100.0,2.551,2.551,0.472,5,5,3,previous_completed_gw_points_mean_v1,True,6,2026-27
200,Lacroix,DEF,Chelsea,5.9,Bournemouth,True,3.0,1,72.2,72.2,0.802,0.802,1.0,AVAILABLE,a,,2.539,2.539,0.43,5,5,3,previous_completed_gw_points_mean_v1,True,6,2026-27
259,Diop,DEF,Ipswich Town,4.0,Fulham,True,2.0,1,90.0,90.0,1.0,1.0,1.0,AVAILABLE,a,,2.516,2.516,0.629,5,5,3,previous_completed_gw_points_mean_v1,True,6,2026-27
639,Andrés,MID,Brighton,5.5,Sunderland,False,3.0,1,31.9,31.9,0.354,0.354,1.0,AVAILABLE,a,,2.512,2.512,0.457,3,5,3,previous_completed_gw_points_mean_v1,True,6,2026-27
145,Fofana,DEF,Chelsea,5.0,Bournemouth,True,3.0,1,69.1,69.1,0.768,0.768,1.0,AVAILABLE,a,100.0,2.507,2.507,0.501,5,5,3,previous_completed_gw_points_mean_v1,True,6,2026-27
211,Yeremy,MID,Crystal Palace,5.5,Nott'm Forest,True,3.0,1,56.2,56.2,0.624,0.624,1.0,AVAILABLE,a,,2.501,2.501,0.455,5,5,3,previous_completed_gw_points_mean_v1,True,6,2026-27
233,Mykolenko,DEF,Everton,4.6,Hull City,False,2.0,1,67.5,90.0,0.75,1.0,0.75,MINOR_RISK,d,75.0,3.333,2.5,0.543,5,5,3,previous_completed_gw_points_mean_v1,True,6,2026-27
570,Palacios,MID,Fulham,5.4,Ipswich Town,False,2.0,1,51.4,51.4,0.571,0.571,1.0,AVAILABLE,a,,2.489,2.489,0.461,5,5,3,previous_completed_gw_points_mean_v1,True,6,2026-27
67,Rayan,MID,Bournemouth,6.3,Chelsea,False,4.0,1,89.0,89.0,0.989,0.989,1.0,AVAILABLE,a,,2.488,2.488,0.395,5,5,3,previous_completed_gw_points_mean_v1,True,6,2026-27
155,Enzo,MID,Man City,6.9,Liverpool,False,4.0,1,54.1,54.1,0.601,0.601,1.0,AVAILABLE,a,,2.488,2.488,0.361,5,5,3,previous_completed_gw_points_mean_v1,True,6,2026-27
93,Schuster,DEF,Brentford,4.5,Aston Villa,False,3.0,1,53.0,53.0,0.589,0.589,1.0,AVAILABLE,a,,2.471,2.471,0.549,5,5,3,previous_completed_gw_points_mean_v1,True,6,2026-27
184,Grimes,MID,Coventry City,4.9,Newcastle,True,3.0,1,89.6,89.6,0.996,0.996,1.0,AVAILABLE,a,,2.442,2.442,0.498,5,5,3,previous_completed_gw_points_mean_v1,True,6,2026-27
367,Gakpo,MID,Liverpool,7.2,Man City,True,4.0,1,54.4,72.6,0.605,0.807,0.75,MINOR_RISK,d,75.0,3.254,2.441,0.339,5,5,3,previous_completed_gw_points_mean_v1,True,6,2026-27
557,Tzolis,MID,Arsenal,6.3,Leeds,True,3.0,1,54.1,72.1,0.601,0.801,0.75,MINOR_RISK,d,75.0,3.245,2.434,0.386,5,5,3,previous_completed_gw_points_mean_v1,True,6,2026-27
54,Gomes,MID,Aston Villa,5.5,Brentford,True,3.0,1,20.3,20.3,0.226,0.226,1.0,AVAILABLE,a,100.0,2.38,2.38,0.433,5,5,3,previous_completed_gw_points_mean_v1,True,6,2026-27
565,M.Sangaré,MID,Brentford,5.6,Aston Villa,False,3.0,1,57.1,57.1,0.634,0.634,1.0,AVAILABLE,a,,2.376,2.376,0.424,5,5,3,previous_completed_gw_points_mean_v1,True,6,2026-27
209,Johnson,MID,Everton,5.9,Hull City,False,2.0,1,52.1,52.1,0.579,0.579,1.0,AVAILABLE,a,,2.374,2.374,0.402,5,5,3,previous_completed_gw_points_mean_v1,True,6,2026-27
91,Pinnock,DEF,Coventry City,4.5,Newcastle,True,3.0,1,54.7,54.7,0.608,0.608,1.0,AVAILABLE,a,,2.347,2.347,0.522,5,5,3,previous_completed_gw_points_mean_v1,True,6,2026-27
586,Mendy,DEF,Hull City,4.1,Everton,True,3.0,1,40.1,40.1,0.446,0.446,1.0,AVAILABLE,a,100.0,2.335,2.335,0.57,5,5,3,previous_completed_gw_points_mean_v1,True,6,2026-27
455,Tonali,MID,Spurs,5.3,Man Utd,False,4.0,1,88.6,88.6,0.984,0.984,1.0,AVAILABLE,a,100.0,2.329,2.329,0.439,5,5,3,previous_completed_gw_points_mean_v1,True,6,2026-27
640,Flemming,FWD,Ipswich Town,5.5,Fulham,True,2.0,1,15.0,15.0,0.167,0.167,1.0,AVAILABLE,a,,2.325,2.325,0.423,3,5,3,previous_completed_gw_points_mean_v1,True,6,2026-27
31,Konsa,DEF,Arsenal,4.6,Leeds,True,3.0,1,54.7,54.7,0.608,0.608,1.0,AVAILABLE,a,,2.317,2.317,0.504,5,5,3,previous_completed_gw_points_mean_v1,True,6,2026-27
545,Sadiki,MID,Sunderland,4.9,Brighton,True,3.0,1,87.6,87.6,0.973,0.973,1.0,AVAILABLE,a,,2.316,2.316,0.473,5,5,3,previous_completed_gw_points_mean_v1,True,6,2026-27
265,Berge,MID,Fulham,4.9,Ipswich Town,False,2.0,1,71.3,71.3,0.792,0.792,1.0,AVAILABLE,a,,2.314,2.314,0.472,5,5,3,previous_completed_gw_points_mean_v1,True,6,2026-27
385,Trafford,GKP,Leeds,5.0,Arsenal,False,5.0,1,90.0,90.0,1.0,1.0,1.0,AVAILABLE,a,,2.314,2.314,0.463,5,5,3,previous_completed_gw_points_mean_v1,True,6,2026-27
46,Barkley,MID,Aston Villa,5.0,Brentford,True,3.0,1,68.9,68.9,0.766,0.766,1.0,AVAILABLE,a,,2.302,2.302,0.46,5,5,3,previous_completed_gw_points_mean_v1,True,6,2026-27
642,Thomas,MID,Hull City,5.5,Everton,True,3.0,1,32.9,32.9,0.366,0.366,1.0,AVAILABLE,a,,2.299,2.299,0.418,3,5,3,previous_completed_gw_points_mean_v1,True,6,2026-27
634,Fernandez-Pardo,FWD,Newcastle,6.0,Coventry City,False,2.0,1,36.7,36.7,0.408,0.408,1.0,AVAILABLE,a,,2.288,2.288,0.381,3,5,3,previous_completed_gw_points_mean_v1,True,6,2026-27
290,Slater,MID,Hull City,4.5,Everton,True,3.0,1,89.2,89.2,0.991,0.991,1.0,AVAILABLE,a,,2.269,2.269,0.504,5,5,3,previous_completed_gw_points_mean_v1,True,6,2026-27
113,F.Kadıoğlu,DEF,Brighton,4.4,Sunderland,False,3.0,1,70.3,70.3,0.781,0.781,1.0,AVAILABLE,a,100.0,2.265,2.265,0.515,5,5,3,previous_completed_gw_points_mean_v1,True,6,2026-27
532,Ballard,DEF,Sunderland,4.9,Brighton,True,3.0,1,67.5,90.0,0.75,1.0,0.75,MINOR_RISK,d,75.0,3.019,2.264,0.462,5,5,3,previous_completed_gw_points_mean_v1,True,6,2026-27
558,Schlager,MID,Nott'm Forest,5.0,Crystal Palace,False,3.0,1,73.0,73.0,0.811,0.811,1.0,AVAILABLE,a,,2.233,2.233,0.447,5,5,3,previous_completed_gw_points_mean_v1,True,6,2026-27
516,Bentancur,MID,Spurs,5.5,Man Utd,False,4.0,1,72.6,72.6,0.807,0.807,1.0,AVAILABLE,a,,2.232,2.232,0.406,5,5,3,previous_completed_gw_points_mean_v1,True,6,2026-27
33,Mings,DEF,Aston Villa,4.5,Brentford,True,3.0,1,53.5,53.5,0.594,0.594,1.0,AVAILABLE,a,,2.225,2.225,0.495,5,5,3,previous_completed_gw_points_mean_v1,True,6,2026-27
358,Kerkez,DEF,Liverpool,5.3,Man City,True,4.0,1,73.5,73.5,0.817,0.817,1.0,AVAILABLE,a,,2.221,2.221,0.419,5,5,3,previous_completed_gw_points_mean_v1,True,6,2026-27
201,Muñoz,DEF,Nott'm Forest,5.4,Crystal Palace,False,3.0,1,40.6,40.6,0.451,0.451,1.0,AVAILABLE,a,,2.199,2.199,0.407,5,5,3,previous_completed_gw_points_mean_v1,True,6,2026-27
362,Jacquet,DEF,Liverpool,5.0,Man City,True,4.0,1,87.9,87.9,0.977,0.977,1.0,AVAILABLE,a,100.0,2.197,2.197,0.439,5,5,3,previous_completed_gw_points_mean_v1,True,6,2026-27
346,Calvert-Lewin,FWD,Leeds,6.0,Arsenal,False,5.0,1,88.1,88.1,0.979,0.979,1.0,AVAILABLE,a,,2.184,2.184,0.364,5,5,3,previous_completed_gw_points_mean_v1,True,6,2026-27
267,Lukić,MID,Ipswich Town,4.9,Fulham,True,2.0,1,87.0,87.0,0.967,0.967,1.0,AVAILABLE,a,,2.175,2.175,0.444,5,5,3,previous_completed_gw_points_mean_v1,True,6,2026-27
401,Marmoush,FWD,Spurs,7.0,Man Utd,False,4.0,1,70.7,70.7,0.786,0.786,1.0,AVAILABLE,a,,2.175,2.175,0.311,5,5,3,previous_completed_gw_points_mean_v1,True,6,2026-27
474,Jair Cunha,DEF,Nott'm Forest,4.5,Crystal Palace,False,3.0,1,72.0,72.0,0.8,0.8,1.0,AVAILABLE,a,100.0,2.173,2.173,0.483,5,5,3,previous_completed_gw_points_mean_v1,True,6,2026-27
551,N.Angulo,MID,Sunderland,5.0,Brighton,True,3.0,1,56.6,56.6,0.629,0.629,1.0,AVAILABLE,a,,2.172,2.172,0.434,5,5,3,previous_completed_gw_points_mean_v1,True,6,2026-27
377,Munoz,MID,Liverpool,6.5,Man City,True,4.0,1,40.6,40.6,0.451,0.451,1.0,AVAILABLE,a,,2.163,2.163,0.333,5,5,3,previous_completed_gw_points_mean_v1,True,6,2026-27
88,Kayode,DEF,Brentford,4.6,Aston Villa,False,3.0,1,55.4,55.4,0.616,0.616,1.0,AVAILABLE,a,,2.157,2.157,0.469,5,5,3,previous_completed_gw_points_mean_v1,True,6,2026-27
389,Matheus N.,DEF,Man City,5.9,Liverpool,False,4.0,1,38.0,38.0,0.422,0.422,1.0,AVAILABLE,a,100.0,2.154,2.154,0.365,5,5,3,previous_completed_gw_points_mean_v1,True,6,2026-27
53,Manzambi,MID,Aston Villa,5.9,Brentford,True,3.0,1,18.5,18.5,0.206,0.206,1.0,AVAILABLE,a,100.0,2.132,2.132,0.361,5,5,3,previous_completed_gw_points_mean_v1,True,6,2026-27
541,Meunier,DEF,Sunderland,4.5,Brighton,True,3.0,1,86.8,86.8,0.964,0.964,1.0,AVAILABLE,a,100.0,2.127,2.127,0.473,5,5,3,previous_completed_gw_points_mean_v1,True,6,2026-27
483,Ndoye,MID,Nott'm Forest,5.5,Crystal Palace,False,3.0,1,56.8,56.8,0.631,0.631,1.0,AVAILABLE,a,,2.125,2.125,0.386,5,5,3,previous_completed_gw_points_mean_v1,True,6,2026-27
579,Araujo,DEF,Liverpool,5.4,Man City,True,4.0,1,54.8,54.8,0.609,0.609,1.0,AVAILABLE,a,,2.125,2.125,0.394,5,5,3,previous_completed_gw_points_mean_v1,True,6,2026-27
136,Welbeck,FWD,Chelsea,5.9,Bournemouth,True,3.0,1,17.7,17.7,0.197,0.197,1.0,AVAILABLE,a,100.0,2.117,2.117,0.359,5,5,3,previous_completed_gw_points_mean_v1,True,6,2026-27
627,Barcola,MID,Liverpool,8.0,Man City,True,4.0,1,58.8,58.8,0.653,0.653,1.0,AVAILABLE,a,,2.08,2.08,0.26,3,5,3,previous_completed_gw_points_mean_v1,True,6,2026-27
564,Scherpen,GKP,Ipswich Town,4.5,Fulham,True,2.0,1,72.0,72.0,0.8,0.8,1.0,AVAILABLE,a,,2.066,2.066,0.459,5,5,3,previous_completed_gw_points_mean_v1,True,6,2026-27
95,O.Dango,MID,Brentford,6.3,Aston Villa,False,3.0,1,23.3,23.3,0.259,0.259,1.0,AVAILABLE,a,,2.053,2.053,0.326,5,5,3,previous_completed_gw_points_mean_v1,True,6,2026-27
503,Van de Ven,DEF,Spurs,5.0,Man Utd,False,4.0,1,72.0,72.0,0.8,0.8,1.0,AVAILABLE,a,100.0,2.041,2.041,0.408,5,5,3,previous_completed_gw_points_mean_v1,True,6,2026-27
96,Damsgaard,MID,Brentford,5.4,Aston Villa,False,3.0,1,41.1,54.8,0.457,0.609,0.75,MINOR_RISK,d,75.0,2.71,2.032,0.376,5,5,3,previous_completed_gw_points_mean_v1,True,6,2026-27
372,Mac Allister,MID,Liverpool,5.4,Man City,True,4.0,1,56.2,56.2,0.624,0.624,1.0,AVAILABLE,a,,2.025,2.025,0.375,5,5,3,previous_completed_gw_points_mean_v1,True,6,2026-27
336,Okafor,MID,Leeds,5.8,Arsenal,False,5.0,1,68.3,68.3,0.759,0.759,1.0,AVAILABLE,a,,2.006,2.006,0.346,5,5,3,previous_completed_gw_points_mean_v1,True,6,2026-27
459,L.Miley,MID,Newcastle,5.5,Coventry City,False,2.0,1,65.1,86.8,0.723,0.964,0.75,MINOR_RISK,d,75.0,2.667,2.0,0.364,5,5,3,previous_completed_gw_points_mean_v1,True,6,2026-27
73,Adams,MID,Bournemouth,5.0,Chelsea,False,4.0,1,54.5,54.5,0.606,0.606,1.0,AVAILABLE,a,100.0,1.996,1.996,0.399,5,5,3,previous_completed_gw_points_mean_v1,True,6,2026-27
338,Ampadu,MID,Leeds,5.4,Arsenal,False,5.0,1,90.0,90.0,1.0,1.0,1.0,AVAILABLE,a,,1.993,1.993,0.369,5,5,3,previous_completed_gw_points_mean_v1,True,6,2026-27
452,Bruno G.,MID,Arsenal,6.7,Leeds,True,3.0,1,18.5,18.5,0.206,0.206,1.0,AVAILABLE,a,100.0,1.991,1.991,0.297,5,5,3,previous_completed_gw_points_mean_v1,True,6,2026-27
224,Nketiah,FWD,Crystal Palace,5.5,Nott'm Forest,True,3.0,1,23.1,23.1,0.257,0.257,1.0,AVAILABLE,a,100.0,1.98,1.98,0.36,5,5,3,previous_completed_gw_points_mean_v1,True,6,2026-27
415,Dorgu,MID,Man Utd,5.8,Spurs,True,2.0,1,17.2,22.9,0.191,0.254,0.75,MINOR_RISK,d,75.0,2.627,1.97,0.34,5,5,3,previous_completed_gw_points_mean_v1,True,6,2026-27
502,Robertson,DEF,Spurs,4.4,Man Utd,False,4.0,1,72.4,72.4,0.804,0.804,1.0,AVAILABLE,a,,1.966,1.966,0.447,5,5,3,previous_completed_gw_points_mean_v1,True,6,2026-27
102,Yarmoliuk,MID,Brentford,4.8,Aston Villa,False,3.0,1,25.6,25.6,0.284,0.284,1.0,AVAILABLE,a,,1.96,1.96,0.408,5,5,3,previous_completed_gw_points_mean_v1,True,6,2026-27
194,Thomas-Asante,FWD,Coventry City,5.0,Newcastle,True,3.0,1,38.8,38.8,0.431,0.431,1.0,AVAILABLE,a,,1.934,1.934,0.387,5,5,3,previous_completed_gw_points_mean_v1,True,6,2026-27
334,Muharemović,DEF,Leeds,5.0,Arsenal,False,5.0,1,90.0,90.0,1.0,1.0,1.0,AVAILABLE,a,,1.928,1.928,0.386,5,5,3,previous_completed_gw_points_mean_v1,True,6,2026-27
247,Hackney,MID,Everton,5.4,Hull City,False,2.0,1,20.8,20.8,0.231,0.231,1.0,AVAILABLE,a,100.0,1.925,1.925,0.356,5,5,3,previous_completed_gw_points_mean_v1,True,6,2026-27
186,Mason-Clark,MID,Coventry City,5.3,Newcastle,True,3.0,1,26.5,26.5,0.294,0.294,1.0,AVAILABLE,a,100.0,1.913,1.913,0.361,5,5,3,previous_completed_gw_points_mean_v1,True,6,2026-27
462,Steur,MID,Newcastle,4.9,Coventry City,False,2.0,1,38.6,38.6,0.429,0.429,1.0,AVAILABLE,a,,1.913,1.913,0.39,5,5,3,previous_completed_gw_points_mean_v1,True,6,2026-27
313,Clarke,MID,Ipswich Town,5.4,Fulham,True,2.0,1,35.4,35.4,0.393,0.393,1.0,AVAILABLE,a,,1.905,1.905,0.353,5,5,3,previous_completed_gw_points_mean_v1,True,6,2026-27
501,Danso,DEF,Sunderland,5.0,Brighton,True,3.0,1,54.0,54.0,0.6,0.6,1.0,AVAILABLE,a,,1.902,1.902,0.38,5,5,3,previous_completed_gw_points_mean_v1,True,6,2026-27
646,Fofana,MID,Sunderland,5.5,Brighton,True,3.0,1,15.0,15.0,0.167,0.167,1.0,AVAILABLE,a,,1.899,1.899,0.345,3,5,3,previous_completed_gw_points_mean_v1,True,6,2026-27
562,Maeda,MID,Ipswich Town,5.3,Fulham,True,2.0,1,53.3,53.3,0.592,0.592,1.0,AVAILABLE,a,,1.886,1.886,0.356,5,5,3,previous_completed_gw_points_mean_v1,True,6,2026-27
253,Andersen,DEF,Fulham,5.0,Ipswich Town,False,2.0,1,36.6,36.6,0.407,0.407,1.0,AVAILABLE,a,100.0,1.86,1.86,0.372,5,5,3,previous_completed_gw_points_mean_v1,True,6,2026-27
199,Benitez,GKP,Crystal Palace,4.5,Nott'm Forest,True,3.0,1,36.0,36.0,0.4,0.4,1.0,AVAILABLE,a,,1.857,1.857,0.413,5,5,3,previous_completed_gw_points_mean_v1,True,6,2026-27
104,Onyeka,MID,Coventry City,4.9,Newcastle,True,3.0,1,69.2,69.2,0.769,0.769,1.0,AVAILABLE,a,100.0,1.851,1.851,0.378,5,5,3,previous_completed_gw_points_mean_v1,True,6,2026-27
461,Touré,MID,Newcastle,5.8,Coventry City,False,2.0,1,7.5,7.5,0.083,0.083,1.0,AVAILABLE,a,,1.843,1.843,0.318,5,5,3,previous_completed_gw_points_mean_v1,True,6,2026-27
116,Dunk,DEF,Brighton,4.5,Sunderland,False,3.0,1,54.0,72.0,0.6,0.8,0.75,MINOR_RISK,d,75.0,2.441,1.831,0.407,5,5,3,previous_completed_gw_points_mean_v1,True,6,2026-27
439,Šeško,FWD,Man Utd,7.0,Spurs,True,2.0,1,8.6,11.4,0.095,0.127,0.75,MINOR_RISK,d,75.0,2.438,1.829,0.261,5,5,3,previous_completed_gw_points_mean_v1,True,6,2026-27
112,Van Hecke,DEF,Spurs,4.9,Man Utd,False,4.0,1,67.5,90.0,0.75,1.0,0.75,MINOR_RISK,d,75.0,2.407,1.805,0.368,5,5,3,previous_completed_gw_points_mean_v1,True,6,2026-27
525,Fernandes,MID,Spurs,5.7,Man Utd,False,4.0,1,40.1,40.1,0.446,0.446,1.0,AVAILABLE,a,,1.796,1.796,0.315,5,5,3,previous_completed_gw_points_mean_v1,True,6,2026-27
617,Cho,MID,Hull City,5.0,Everton,True,3.0,1,13.5,13.5,0.15,0.15,1.0,AVAILABLE,a,,1.793,1.793,0.359,4,5,3,previous_completed_gw_points_mean_v1,True,6,2026-27
514,Tel,MID,Spurs,5.7,Man Utd,False,4.0,1,53.2,53.2,0.591,0.591,1.0,AVAILABLE,a,,1.787,1.787,0.313,5,5,3,previous_completed_gw_points_mean_v1,True,6,2026-27
512,Kudus,MID,Spurs,6.5,Man Utd,False,4.0,1,18.5,18.5,0.206,0.206,1.0,AVAILABLE,a,100.0,1.784,1.784,0.274,5,5,3,previous_completed_gw_points_mean_v1,True,6,2026-27
581,Diomande,DEF,Nott'm Forest,5.4,Crystal Palace,False,3.0,1,35.0,35.0,0.389,0.389,1.0,AVAILABLE,a,,1.783,1.783,0.33,5,5,3,previous_completed_gw_points_mean_v1,True,6,2026-27
279,Ajayi,DEF,Hull City,4.2,Everton,True,3.0,1,88.4,88.4,0.982,0.982,1.0,AVAILABLE,a,100.0,1.778,1.778,0.423,5,5,3,previous_completed_gw_points_mean_v1,True,6,2026-27
405,N.Gonzalez,MID,Newcastle,5.5,Coventry City,False,2.0,1,35.0,35.0,0.389,0.389,1.0,AVAILABLE,a,100.0,1.772,1.772,0.322,5,5,3,previous_completed_gw_points_mean_v1,True,6,2026-27
519,Gallagher,MID,Spurs,5.3,Man Utd,False,4.0,1,20.6,20.6,0.229,0.229,1.0,AVAILABLE,a,,1.772,1.772,0.334,5,5,3,previous_completed_gw_points_mean_v1,True,6,2026-27
32,Cash,DEF,Aston Villa,4.4,Brentford,True,3.0,1,55.6,55.6,0.618,0.618,1.0,AVAILABLE,a,100.0,1.761,1.761,0.4,5,5,3,previous_completed_gw_points_mean_v1,True,6,2026-27
51,George Hemmings,MID,Aston Villa,4.5,Brentford,True,3.0,1,55.6,55.6,0.618,0.618,1.0,AVAILABLE,a,,1.702,1.702,0.378,5,5,3,previous_completed_gw_points_mean_v1,True,6,2026-27
553,Isidor,FWD,Sunderland,5.5,Brighton,True,3.0,1,17.5,17.5,0.194,0.194,1.0,AVAILABLE,a,,1.688,1.688,0.307,5,5,3,previous_completed_gw_points_mean_v1,True,6,2026-27
583,Chavarria,DEF,Chelsea,4.9,Bournemouth,True,3.0,1,25.1,25.1,0.279,0.279,1.0,AVAILABLE,a,,1.685,1.685,0.344,5,5,3,previous_completed_gw_points_mean_v1,True,6,2026-27
280,Coyle,DEF,Hull City,4.0,Everton,True,3.0,1,71.3,71.3,0.792,0.792,1.0,AVAILABLE,a,100.0,1.664,1.664,0.416,5,5,3,previous_completed_gw_points_mean_v1,True,6,2026-27
345,Tanaka,MID,Leeds,4.9,Arsenal,False,5.0,1,53.1,53.1,0.59,0.59,1.0,AVAILABLE,a,,1.653,1.653,0.337,5,5,3,previous_completed_gw_points_mean_v1,True,6,2026-27
161,Lavia,MID,Chelsea,5.0,Bournemouth,True,3.0,1,53.3,53.3,0.592,0.592,1.0,AVAILABLE,a,,1.641,1.641,0.328,5,5,3,previous_completed_gw_points_mean_v1,True,6,2026-27
7,Lewis-Skelly,MID,Arsenal,5.4,Leeds,True,3.0,1,54.1,54.1,0.601,0.601,1.0,AVAILABLE,a,,1.636,1.636,0.303,5,5,3,previous_completed_gw_points_mean_v1,True,6,2026-27
10,White,DEF,Arsenal,5.5,Leeds,True,3.0,1,42.5,56.7,0.473,0.63,0.75,MINOR_RISK,d,75.0,2.182,1.636,0.298,5,5,3,previous_completed_gw_points_mean_v1,True,6,2026-27
611,Wan-Bissaka,DEF,Aston Villa,4.5,Brentford,True,3.0,1,27.1,27.1,0.301,0.301,1.0,AVAILABLE,a,,1.618,1.618,0.359,4,5,3,previous_completed_gw_points_mean_v1,True,6,2026-27
473,Aina,DEF,Nott'm Forest,4.4,Crystal Palace,False,3.0,1,56.2,56.2,0.624,0.624,1.0,AVAILABLE,a,,1.605,1.605,0.365,5,5,3,previous_completed_gw_points_mean_v1,True,6,2026-27
332,Justin,DEF,Leeds,4.5,Arsenal,False,5.0,1,90.0,90.0,1.0,1.0,1.0,AVAILABLE,a,,1.604,1.604,0.357,5,5,3,previous_completed_gw_points_mean_v1,True,6,2026-27
157,Estêvão,MID,Chelsea,6.3,Bournemouth,True,3.0,1,3.4,3.4,0.038,0.038,1.0,AVAILABLE,a,,1.576,1.576,0.25,5,5,3,previous_completed_gw_points_mean_v1,True,6,2026-27
457,J.Murphy,MID,Newcastle,5.9,Coventry City,False,2.0,1,23.5,23.5,0.261,0.261,1.0,AVAILABLE,a,,1.571,1.571,0.266,5,5,3,previous_completed_gw_points_mean_v1,True,6,2026-27
56,Abraham,FWD,Aston Villa,5.5,Brentford,True,3.0,1,10.6,10.6,0.118,0.118,1.0,AVAILABLE,a,100.0,1.569,1.569,0.285,5,5,3,previous_completed_gw_points_mean_v1,True,6,2026-27
148,Hato,DEF,Chelsea,4.5,Bournemouth,True,3.0,1,40.7,40.7,0.452,0.452,1.0,AVAILABLE,a,,1.563,1.563,0.347,5,5,3,previous_completed_gw_points_mean_v1,True,6,2026-27
576,Stroud,MID,Hull City,5.0,Everton,True,3.0,1,40.1,40.1,0.446,0.446,1.0,AVAILABLE,a,,1.563,1.563,0.313,5,5,3,previous_completed_gw_points_mean_v1,True,6,2026-27
5,J.Timber,DEF,Arsenal,6.5,Leeds,True,3.0,1,15.6,15.6,0.173,0.173,1.0,AVAILABLE,a,100.0,1.557,1.557,0.24,5,5,3,previous_completed_gw_points_mean_v1,True,6,2026-27
490,Wood,FWD,Nott'm Forest,5.8,Crystal Palace,False,3.0,1,9.3,9.3,0.103,0.103,1.0,AVAILABLE,a,,1.554,1.554,0.268,5,5,3,previous_completed_gw_points_mean_v1,True,6,2026-27
633,Ahanor,DEF,Crystal Palace,4.5,Nott'm Forest,True,3.0,1,30.0,30.0,0.333,0.333,1.0,AVAILABLE,a,,1.551,1.551,0.345,3,5,3,previous_completed_gw_points_mean_v1,True,6,2026-27
631,Mbaye,MID,Aston Villa,6.0,Brentford,True,3.0,1,8.2,8.2,0.091,0.091,1.0,AVAILABLE,a,,1.537,1.537,0.256,3,5,3,previous_completed_gw_points_mean_v1,True,6,2026-27
144,Gusto,DEF,Chelsea,4.9,Bournemouth,True,3.0,1,54.1,54.1,0.601,0.601,1.0,AVAILABLE,a,,1.536,1.536,0.313,5,5,3,previous_completed_gw_points_mean_v1,True,6,2026-27
393,Khusanov,DEF,Man City,5.4,Liverpool,False,4.0,1,53.9,53.9,0.599,0.599,1.0,AVAILABLE,a,,1.531,1.531,0.283,5,5,3,previous_completed_gw_points_mean_v1,True,6,2026-27
575,Yirenkyi,MID,Coventry City,4.8,Newcastle,True,3.0,1,53.7,53.7,0.597,0.597,1.0,AVAILABLE,a,,1.523,1.523,0.317,5,5,3,previous_completed_gw_points_mean_v1,True,6,2026-27
522,Gray,MID,Spurs,4.9,Man Utd,False,4.0,1,68.8,68.8,0.764,0.764,1.0,AVAILABLE,a,,1.506,1.506,0.307,5,5,3,previous_completed_gw_points_mean_v1,True,6,2026-27
596,Ruggeri,DEF,Aston Villa,4.5,Brentford,True,3.0,1,19.4,19.4,0.216,0.216,1.0,AVAILABLE,a,,1.506,1.506,0.335,5,5,3,previous_completed_gw_points_mean_v1,True,6,2026-27
592,Ouattara,DEF,Ipswich Town,4.0,Fulham,True,2.0,1,20.5,20.5,0.228,0.228,1.0,AVAILABLE,a,,1.493,1.493,0.373,5,5,3,previous_completed_gw_points_mean_v1,True,6,2026-27
589,Gourna-Douath,MID,Hull City,5.0,Everton,True,3.0,1,20.9,20.9,0.232,0.232,1.0,AVAILABLE,a,,1.492,1.492,0.298,5,5,3,previous_completed_gw_points_mean_v1,True,6,2026-27
371,Gravenberch,MID,Liverpool,5.8,Man City,True,4.0,1,24.0,24.0,0.267,0.267,1.0,AVAILABLE,a,,1.489,1.489,0.257,5,5,3,previous_completed_gw_points_mean_v1,True,6,2026-27
515,Maddison,MID,Spurs,6.3,Man Utd,False,4.0,1,8.9,8.9,0.099,0.099,1.0,AVAILABLE,a,100.0,1.483,1.483,0.235,5,5,3,previous_completed_gw_points_mean_v1,True,6,2026-27
19,Zubimendi,MID,Arsenal,5.3,Leeds,True,3.0,1,13.4,13.4,0.149,0.149,1.0,AVAILABLE,a,,1.479,1.479,0.279,5,5,3,previous_completed_gw_points_mean_v1,True,6,2026-27
330,Bogle,DEF,Leeds,4.6,Arsenal,False,5.0,1,84.9,84.9,0.943,0.943,1.0,AVAILABLE,a,,1.473,1.473,0.32,5,5,3,previous_completed_gw_points_mean_v1,True,6,2026-27
190,Tchaouna,MID,Coventry City,5.4,Newcastle,True,3.0,1,25.3,25.3,0.281,0.281,1.0,AVAILABLE,a,,1.468,1.468,0.272,5,5,3,previous_completed_gw_points_mean_v1,True,6,2026-27
271,Muniz,FWD,Fulham,5.4,Ipswich Town,False,2.0,1,5.7,5.7,0.063,0.063,1.0,AVAILABLE,a,,1.467,1.467,0.272,5,5,3,previous_completed_gw_points_mean_v1,True,6,2026-27
149,Colwill,DEF,Chelsea,4.8,Bournemouth,True,3.0,1,70.9,70.9,0.788,0.788,1.0,AVAILABLE,a,,1.466,1.466,0.305,5,5,3,previous_completed_gw_points_mean_v1,True,6,2026-27
656,Mfuni,DEF,Coventry City,4.0,Newcastle,True,3.0,1,45.0,45.0,0.5,0.5,1.0,AVAILABLE,a,,1.46,1.46,0.365,2,5,3,previous_completed_gw_points_mean_v1,True,6,2026-27
119,Costinha,DEF,Brighton,4.5,Sunderland,False,3.0,1,10.2,10.2,0.113,0.113,1.0,AVAILABLE,a,,1.457,1.457,0.324,5,5,3,previous_completed_gw_points_mean_v1,True,6,2026-27
526,Solanke,FWD,Spurs,5.8,Man Utd,False,4.0,1,35.4,35.4,0.393,0.393,1.0,AVAILABLE,a,,1.45,1.45,0.25,5,5,3,previous_completed_gw_points_mean_v1,True,6,2026-27
90,Hickey,DEF,Brentford,4.5,Aston Villa,False,3.0,1,21.7,21.7,0.241,0.241,1.0,AVAILABLE,a,,1.443,1.443,0.321,5,5,3,previous_completed_gw_points_mean_v1,True,6,2026-27
64,Smith,DEF,Bournemouth,4.5,Chelsea,False,4.0,1,89.0,89.0,0.989,0.989,1.0,AVAILABLE,a,,1.4,1.4,0.311,5,5,3,previous_completed_gw_points_mean_v1,True,6,2026-27
499,Pedro Porro,DEF,Spurs,5.4,Man Utd,False,4.0,1,27.8,37.1,0.309,0.412,0.75,MINOR_RISK,d,75.0,1.84,1.38,0.256,5,5,3,previous_completed_gw_points_mean_v1,True,6,2026-27
598,Elvedi,DEF,Leeds,4.5,Arsenal,False,5.0,1,57.4,57.4,0.638,0.638,1.0,AVAILABLE,a,,1.367,1.367,0.304,5,5,3,previous_completed_gw_points_mean_v1,True,6,2026-27
14,Eze,MID,Arsenal,6.2,Leeds,True,3.0,1,12.8,12.8,0.142,0.142,1.0,AVAILABLE,a,,1.364,1.364,0.22,5,5,3,previous_completed_gw_points_mean_v1,True,6,2026-27
142,James,DEF,Chelsea,5.3,Bournemouth,True,3.0,1,41.5,55.3,0.461,0.614,0.75,MINOR_RISK,d,75.0,1.78,1.335,0.252,5,5,3,previous_completed_gw_points_mean_v1,True,6,2026-27
643,Chilwell,DEF,Crystal Palace,4.5,Nott'm Forest,True,3.0,1,7.2,7.2,0.08,0.08,1.0,AVAILABLE,a,,1.324,1.324,0.294,3,5,3,previous_completed_gw_points_mean_v1,True,6,2026-27
328,Struijk,DEF,Brighton,4.9,Sunderland,False,3.0,1,13.9,18.5,0.154,0.206,0.75,MINOR_RISK,d,75.0,1.732,1.299,0.265,5,5,3,previous_completed_gw_points_mean_v1,True,6,2026-27
75,Christie,MID,Bournemouth,5.0,Chelsea,False,4.0,1,18.7,18.7,0.208,0.208,1.0,AVAILABLE,a,100.0,1.297,1.297,0.259,5,5,3,previous_completed_gw_points_mean_v1,True,6,2026-27
585,Herrington,DEF,Hull City,4.0,Everton,True,3.0,1,24.4,24.4,0.271,0.271,1.0,AVAILABLE,a,,1.284,1.284,0.321,5,5,3,previous_completed_gw_points_mean_v1,True,6,2026-27
306,Greaves,DEF,Ipswich Town,4.0,Fulham,True,2.0,1,71.8,71.8,0.798,0.798,1.0,AVAILABLE,a,,1.279,1.279,0.32,5,5,3,previous_completed_gw_points_mean_v1,True,6,2026-27
446,Schär,DEF,Newcastle,4.9,Coventry City,False,2.0,1,3.8,3.8,0.042,0.042,1.0,AVAILABLE,a,100.0,1.278,1.278,0.261,5,5,3,previous_completed_gw_points_mean_v1,True,6,2026-27
534,Hume,DEF,Sunderland,4.3,Brighton,True,3.0,1,37.6,37.6,0.418,0.418,1.0,AVAILABLE,a,,1.27,1.27,0.295,5,5,3,previous_completed_gw_points_mean_v1,True,6,2026-27
357,Frimpong,DEF,Liverpool,5.3,Man City,True,4.0,1,35.9,35.9,0.399,0.399,1.0,AVAILABLE,a,,1.261,1.261,0.238,5,5,3,previous_completed_gw_points_mean_v1,True,6,2026-27
635,Larsson,MID,Fulham,5.0,Ipswich Town,False,2.0,1,9.2,9.2,0.102,0.102,1.0,AVAILABLE,a,,1.258,1.258,0.252,3,5,3,previous_completed_gw_points_mean_v1,True,6,2026-27
318,Philogene,MID,Ipswich Town,5.4,Fulham,True,2.0,1,7.8,7.8,0.087,0.087,1.0,AVAILABLE,a,100.0,1.256,1.256,0.233,5,5,3,previous_completed_gw_points_mean_v1,True,6,2026-27
16,Madueke,MID,Arsenal,6.2,Leeds,True,3.0,1,3.4,3.4,0.038,0.038,1.0,AVAILABLE,a,,1.255,1.255,0.202,5,5,3,previous_completed_gw_points_mean_v1,True,6,2026-27
422,Mazraoui,DEF,Man Utd,4.4,Spurs,True,2.0,1,18.4,18.4,0.204,0.204,1.0,AVAILABLE,a,,1.25,1.25,0.284,5,5,3,previous_completed_gw_points_mean_v1,True,6,2026-27
195,Simms,FWD,Coventry City,4.9,Newcastle,True,3.0,1,18.8,18.8,0.209,0.209,1.0,AVAILABLE,a,,1.249,1.249,0.255,5,5,3,previous_completed_gw_points_mean_v1,True,6,2026-27
387,O'Reilly,DEF,Man City,6.3,Liverpool,False,4.0,1,26.2,35.0,0.292,0.389,0.75,MINOR_RISK,d,75.0,1.666,1.249,0.198,5,5,3,previous_completed_gw_points_mean_v1,True,6,2026-27
400,Doku,MID,Man City,7.4,Liverpool,False,4.0,1,2.2,2.2,0.024,0.024,1.0,AVAILABLE,a,100.0,1.249,1.249,0.169,5,5,3,previous_completed_gw_points_mean_v1,True,6,2026-27
331,Gudmundsson,DEF,Leeds,4.5,Arsenal,False,5.0,1,52.9,52.9,0.588,0.588,1.0,AVAILABLE,a,100.0,1.242,1.242,0.276,5,5,3,previous_completed_gw_points_mean_v1,True,6,2026-27
17,Merino,MID,Arsenal,5.7,Leeds,True,3.0,1,12.1,12.1,0.134,0.134,1.0,AVAILABLE,a,,1.233,1.233,0.216,5,5,3,previous_completed_gw_points_mean_v1,True,6,2026-27
101,Henderson,MID,Chelsea,4.9,Bournemouth,True,3.0,1,18.0,18.0,0.2,0.2,1.0,AVAILABLE,a,100.0,1.232,1.232,0.251,5,5,3,previous_completed_gw_points_mean_v1,True,6,2026-27
568,Barco,MID,Chelsea,5.4,Bournemouth,True,3.0,1,19.5,19.5,0.217,0.217,1.0,AVAILABLE,a,,1.215,1.215,0.225,5,5,3,previous_completed_gw_points_mean_v1,True,6,2026-27
450,Livramento,DEF,Newcastle,4.9,Coventry City,False,2.0,1,3.7,4.9,0.041,0.054,0.75,MINOR_RISK,d,75.0,1.606,1.204,0.246,5,5,3,previous_completed_gw_points_mean_v1,True,6,2026-27
245,Dibling,MID,Everton,5.4,Hull City,False,2.0,1,3.6,3.6,0.04,0.04,1.0,AVAILABLE,a,,1.201,1.201,0.222,5,5,3,previous_completed_gw_points_mean_v1,True,6,2026-27
25,Gyökeres,FWD,Arsenal,7.1,Leeds,True,3.0,1,4.3,4.3,0.048,0.048,1.0,AVAILABLE,a,,1.187,1.187,0.167,5,5,3,previous_completed_gw_points_mean_v1,True,6,2026-27
300,Walton,GKP,Ipswich Town,4.4,Fulham,True,2.0,1,18.0,18.0,0.2,0.2,1.0,AVAILABLE,a,,1.175,1.175,0.267,5,5,3,previous_completed_gw_points_mean_v1,True,6,2026-27
151,Acheampong,DEF,Chelsea,4.5,Bournemouth,True,3.0,1,38.5,38.5,0.428,0.428,1.0,AVAILABLE,a,,1.167,1.167,0.259,5,5,3,previous_completed_gw_points_mean_v1,True,6,2026-27
100,Carvalho,MID,Brentford,5.0,Aston Villa,False,3.0,1,0.4,0.4,0.004,0.004,1.0,AVAILABLE,a,100.0,1.166,1.166,0.233,5,5,3,previous_completed_gw_points_mean_v1,True,6,2026-27
175,van Ewijk,DEF,Coventry City,4.0,Newcastle,True,3.0,1,54.0,72.0,0.6,0.8,0.75,MINOR_RISK,d,75.0,1.53,1.147,0.287,5,5,3,previous_completed_gw_points_mean_v1,True,6,2026-27
52,Alysson,MID,Aston Villa,5.0,Brentford,True,3.0,1,9.8,13.0,0.108,0.144,0.75,MINOR_RISK,d,75.0,1.528,1.146,0.229,5,5,3,previous_completed_gw_points_mean_v1,True,6,2026-27
337,Aaronson,MID,Leeds,5.3,Arsenal,False,5.0,1,24.2,24.2,0.269,0.269,1.0,AVAILABLE,a,,1.14,1.14,0.215,5,5,3,previous_completed_gw_points_mean_v1,True,6,2026-27
506,Udogie,DEF,Spurs,4.4,Man Utd,False,4.0,1,17.8,17.8,0.198,0.198,1.0,AVAILABLE,a,100.0,1.128,1.128,0.256,5,5,3,previous_completed_gw_points_mean_v1,True,6,2026-27
262,Smith Rowe,MID,Fulham,5.3,Ipswich Town,False,2.0,1,5.7,5.7,0.063,0.063,1.0,AVAILABLE,a,,1.124,1.124,0.212,5,5,3,previous_completed_gw_points_mean_v1,True,6,2026-27
347,Nmecha,FWD,Leeds,5.4,Arsenal,False,5.0,1,9.6,9.6,0.107,0.107,1.0,AVAILABLE,a,,1.12,1.12,0.207,5,5,3,previous_completed_gw_points_mean_v1,True,6,2026-27
616,Bouaddi,MID,Man City,5.5,Liverpool,False,4.0,1,4.1,4.1,0.046,0.046,1.0,AVAILABLE,a,,1.112,1.112,0.202,4,5,3,previous_completed_gw_points_mean_v1,True,6,2026-27
488,I.Sangaré,MID,Nott'm Forest,4.8,Crystal Palace,False,3.0,1,18.9,18.9,0.21,0.21,1.0,AVAILABLE,a,100.0,1.111,1.111,0.231,5,5,3,previous_completed_gw_points_mean_v1,True,6,2026-27
263,Kevin,MID,Fulham,5.3,Ipswich Town,False,2.0,1,9.1,9.1,0.101,0.101,1.0,AVAILABLE,a,,1.11,1.11,0.209,5,5,3,previous_completed_gw_points_mean_v1,True,6,2026-27
320,Akpom,FWD,Ipswich Town,5.0,Fulham,True,2.0,1,11.7,11.7,0.13,0.13,1.0,AVAILABLE,a,,1.109,1.109,0.222,5,5,3,previous_completed_gw_points_mean_v1,True,6,2026-27
269,Sessegnon,DEF,Fulham,4.3,Ipswich Town,False,2.0,1,7.5,7.5,0.083,0.083,1.0,AVAILABLE,a,100.0,1.103,1.103,0.256,5,5,3,previous_completed_gw_points_mean_v1,True,6,2026-27
536,Reinildo,DEF,Sunderland,4.4,Brighton,True,3.0,1,72.0,72.0,0.8,0.8,1.0,AVAILABLE,a,100.0,1.044,1.044,0.237,5,5,3,previous_completed_gw_points_mean_v1,True,6,2026-27
420,Yoro,DEF,Man Utd,4.8,Spurs,True,2.0,1,3.3,3.3,0.037,0.037,1.0,AVAILABLE,a,,1.025,1.025,0.214,5,5,3,previous_completed_gw_points_mean_v1,True,6,2026-27
369,Ngumoha,MID,Liverpool,5.7,Man City,True,4.0,1,18.5,18.5,0.206,0.206,1.0,AVAILABLE,a,,0.999,0.999,0.175,5,5,3,previous_completed_gw_points_mean_v1,True,6,2026-27
125,Georginio,FWD,Brighton,5.3,Sunderland,False,3.0,1,18.8,18.8,0.209,0.209,1.0,AVAILABLE,a,100.0,0.997,0.997,0.188,5,5,3,previous_completed_gw_points_mean_v1,True,6,2026-27
72,Gannon-Doak,MID,Bournemouth,4.9,Chelsea,False,4.0,1,1.8,1.8,0.02,0.02,1.0,AVAILABLE,a,,0.993,0.993,0.203,5,5,3,previous_completed_gw_points_mean_v1,True,6,2026-27
71,Cook,MID,Bournemouth,5.0,Chelsea,False,4.0,1,36.0,36.0,0.4,0.4,1.0,AVAILABLE,a,,0.988,0.988,0.198,5,5,3,previous_completed_gw_points_mean_v1,True,6,2026-27
74,Brooks,MID,Bournemouth,5.0,Chelsea,False,4.0,1,6.8,6.8,0.076,0.076,1.0,AVAILABLE,a,100.0,0.988,0.988,0.198,5,5,3,previous_completed_gw_points_mean_v1,True,6,2026-27
375,Nyoni,MID,Liverpool,4.9,Man City,True,4.0,1,5.7,5.7,0.063,0.063,1.0,AVAILABLE,a,,0.987,0.987,0.201,5,5,3,previous_completed_gw_points_mean_v1,True,6,2026-27
232,O'Brien,DEF,Everton,4.8,Hull City,False,2.0,1,2.4,2.4,0.027,0.027,1.0,AVAILABLE,a,,0.974,0.974,0.203,5,5,3,previous_completed_gw_points_mean_v1,True,6,2026-27
520,Bergvall,MID,Spurs,5.3,Man Utd,False,4.0,1,11.7,11.7,0.13,0.13,1.0,AVAILABLE,a,,0.968,0.968,0.183,5,5,3,previous_completed_gw_points_mean_v1,True,6,2026-27
289,Crooks,MID,Hull City,4.4,Everton,True,3.0,1,37.4,37.4,0.416,0.416,1.0,AVAILABLE,a,100.0,0.951,0.951,0.216,5,5,3,previous_completed_gw_points_mean_v1,True,6,2026-27
620,Diouf,DEF,Brentford,4.5,Aston Villa,False,3.0,1,7.3,7.3,0.081,0.081,1.0,AVAILABLE,a,,0.945,0.945,0.21,4,5,3,previous_completed_gw_points_mean_v1,True,6,2026-27
160,Garnacho,MID,Aston Villa,5.8,Brentford,True,3.0,1,4.7,4.7,0.052,0.052,1.0,AVAILABLE,a,,0.943,0.943,0.163,5,5,3,previous_completed_gw_points_mean_v1,True,6,2026-27
162,Andrey Santos,MID,Man Utd,4.8,Spurs,True,2.0,1,17.5,17.5,0.194,0.194,1.0,AVAILABLE,a,,0.941,0.941,0.196,5,5,3,previous_completed_gw_points_mean_v1,True,6,2026-27
440,Zirkzee,FWD,Man Utd,5.3,Spurs,True,2.0,1,3.0,3.0,0.033,0.033,1.0,AVAILABLE,a,,0.928,0.928,0.175,5,5,3,previous_completed_gw_points_mean_v1,True,6,2026-27
108,Wilson,FWD,Brentford,5.4,Aston Villa,False,3.0,1,2.0,2.0,0.022,0.022,1.0,AVAILABLE,a,,0.913,0.913,0.169,5,5,3,previous_completed_gw_points_mean_v1,True,6,2026-27
9,Hincapie,DEF,Arsenal,5.2,Leeds,True,3.0,1,4.8,4.8,0.053,0.053,1.0,AVAILABLE,a,,0.908,0.908,0.175,5,5,3,previous_completed_gw_points_mean_v1,True,6,2026-27
584,Hamer,MID,Coventry City,5.4,Newcastle,True,3.0,1,4.8,4.8,0.053,0.053,1.0,AVAILABLE,a,,0.905,0.905,0.168,5,5,3,previous_completed_gw_points_mean_v1,True,6,2026-27
213,Lerma,MID,Crystal Palace,4.8,Nott'm Forest,True,3.0,1,7.6,7.6,0.084,0.084,1.0,AVAILABLE,a,,0.897,0.897,0.187,5,5,3,previous_completed_gw_points_mean_v1,True,6,2026-27
327,Bijol,DEF,Leeds,5.0,Arsenal,False,5.0,1,22.4,22.4,0.249,0.249,1.0,AVAILABLE,a,,0.887,0.887,0.177,5,5,3,previous_completed_gw_points_mean_v1,True,6,2026-27
240,Iroegbunam,MID,Hull City,5.0,Everton,True,3.0,1,10.5,10.5,0.117,0.117,1.0,AVAILABLE,a,100.0,0.866,0.866,0.173,5,5,3,previous_completed_gw_points_mean_v1,True,6,2026-27
608,Jebbison,FWD,Bournemouth,5.0,Chelsea,False,4.0,1,4.7,4.7,0.052,0.052,1.0,AVAILABLE,a,,0.862,0.862,0.172,5,5,3,previous_completed_gw_points_mean_v1,True,6,2026-27
120,Svoboda,DEF,Brighton,5.0,Sunderland,False,3.0,1,0.6,0.6,0.007,0.007,1.0,AVAILABLE,a,,0.854,0.854,0.171,5,5,3,previous_completed_gw_points_mean_v1,True,6,2026-27
600,Osman,MID,Brighton,5.0,Sunderland,False,3.0,1,6.0,6.0,0.067,0.067,1.0,AVAILABLE,a,,0.852,0.852,0.17,5,5,3,previous_completed_gw_points_mean_v1,True,6,2026-27
637,Vaz,FWD,Hull City,5.0,Everton,True,3.0,1,5.0,5.0,0.056,0.056,1.0,AVAILABLE,a,,0.852,0.852,0.17,3,5,3,previous_completed_gw_points_mean_v1,True,6,2026-27
126,O'Riley,MID,Brighton,5.4,Sunderland,False,3.0,1,1.5,1.5,0.017,0.017,1.0,AVAILABLE,a,,0.838,0.838,0.155,5,5,3,previous_completed_gw_points_mean_v1,True,6,2026-27
364,Tsimikas,DEF,Liverpool,4.9,Man City,True,4.0,1,9.6,9.6,0.107,0.107,1.0,AVAILABLE,a,,0.838,0.838,0.171,5,5,3,previous_completed_gw_points_mean_v1,True,6,2026-27
498,Senesi,DEF,Spurs,5.8,Man Utd,False,4.0,1,18.0,18.0,0.2,0.2,1.0,AVAILABLE,a,,0.834,0.834,0.144,5,5,3,previous_completed_gw_points_mean_v1,True,6,2026-27
188,Torp,MID,Coventry City,5.3,Newcastle,True,3.0,1,7.9,7.9,0.088,0.088,1.0,AVAILABLE,a,,0.831,0.831,0.157,5,5,3,previous_completed_gw_points_mean_v1,True,6,2026-27
577,Tomiyasu,DEF,Crystal Palace,4.4,Nott'm Forest,True,3.0,1,17.9,23.9,0.199,0.266,0.75,MINOR_RISK,d,75.0,1.084,0.813,0.185,5,5,3,previous_completed_gw_points_mean_v1,True,6,2026-27
255,J.Cuenca,DEF,Fulham,4.5,Ipswich Town,False,2.0,1,18.0,18.0,0.2,0.2,1.0,AVAILABLE,a,,0.812,0.812,0.18,5,5,3,previous_completed_gw_points_mean_v1,True,6,2026-27
381,Koumas,MID,Liverpool,5.0,Man City,True,4.0,1,3.3,3.3,0.037,0.037,1.0,AVAILABLE,a,,0.811,0.811,0.162,5,5,3,previous_completed_gw_points_mean_v1,True,6,2026-27
343,James,MID,Leeds,4.9,Arsenal,False,5.0,1,7.8,7.8,0.087,0.087,1.0,AVAILABLE,a,,0.791,0.791,0.161,5,5,3,previous_completed_gw_points_mean_v1,True,6,2026-27
571,Florentino,MID,Ipswich Town,4.8,Fulham,True,2.0,1,4.5,4.5,0.05,0.05,1.0,AVAILABLE,a,100.0,0.79,0.79,0.165,5,5,3,previous_completed_gw_points_mean_v1,True,6,2026-27
559,Bamba,MID,Newcastle,4.9,Coventry City,False,2.0,1,4.1,4.1,0.046,0.046,1.0,AVAILABLE,a,,0.789,0.789,0.161,5,5,3,previous_completed_gw_points_mean_v1,True,6,2026-27
599,Cherif,FWD,Coventry City,5.0,Newcastle,True,3.0,1,4.5,4.5,0.05,0.05,1.0,AVAILABLE,a,,0.788,0.788,0.158,5,5,3,previous_completed_gw_points_mean_v1,True,6,2026-27
430,Mount,MID,Man Utd,5.4,Spurs,True,2.0,1,1.5,1.5,0.017,0.017,1.0,AVAILABLE,a,100.0,0.782,0.782,0.145,5,5,3,previous_completed_gw_points_mean_v1,True,6,2026-27
164,Quenda,MID,Chelsea,5.3,Bournemouth,True,3.0,1,4.1,4.1,0.046,0.046,1.0,AVAILABLE,a,100.0,0.77,0.77,0.145,5,5,3,previous_completed_gw_points_mean_v1,True,6,2026-27
647,Osorio,MID,Crystal Palace,5.5,Nott'm Forest,True,3.0,1,0.2,0.2,0.002,0.002,1.0,AVAILABLE,a,,0.765,0.765,0.139,3,5,3,previous_completed_gw_points_mean_v1,True,6,2026-27
208,Sarr,MID,Crystal Palace,6.2,Nott'm Forest,True,3.0,1,1.2,1.2,0.013,0.013,1.0,AVAILABLE,a,100.0,0.754,0.754,0.122,5,5,3,previous_completed_gw_points_mean_v1,True,6,2026-27
478,Netz,DEF,Nott'm Forest,4.4,Crystal Palace,False,3.0,1,4.1,4.1,0.046,0.046,1.0,AVAILABLE,a,,0.723,0.723,0.164,5,5,3,previous_completed_gw_points_mean_v1,True,6,2026-27
641,Bard,DEF,Leeds,4.5,Arsenal,False,5.0,1,4.5,4.5,0.05,0.05,1.0,AVAILABLE,a,,0.712,0.712,0.158,3,5,3,previous_completed_gw_points_mean_v1,True,6,2026-27
212,Hughes,MID,Crystal Palace,4.4,Nott'm Forest,True,3.0,1,4.3,4.3,0.048,0.048,1.0,AVAILABLE,a,,0.709,0.709,0.161,5,5,3,previous_completed_gw_points_mean_v1,True,6,2026-27
595,Gozo,MID,Crystal Palace,4.9,Nott'm Forest,True,3.0,1,4.2,4.2,0.047,0.047,1.0,AVAILABLE,a,,0.707,0.707,0.144,5,5,3,previous_completed_gw_points_mean_v1,True,6,2026-27
81,Rodríguez,FWD,Bournemouth,6.0,Chelsea,False,4.0,1,1.5,1.5,0.017,0.017,1.0,AVAILABLE,a,100.0,0.705,0.705,0.118,5,5,3,previous_completed_gw_points_mean_v1,True,6,2026-27
20,Dowman,MID,Arsenal,5.3,Leeds,True,3.0,1,1.4,1.4,0.016,0.016,1.0,AVAILABLE,a,,0.687,0.687,0.13,5,5,3,previous_completed_gw_points_mean_v1,True,6,2026-27
76,Tóth.A,MID,Bournemouth,4.9,Chelsea,False,4.0,1,2.5,2.5,0.028,0.028,1.0,AVAILABLE,a,,0.668,0.668,0.136,5,5,3,previous_completed_gw_points_mean_v1,True,6,2026-27
594,David,FWD,Brighton,5.9,Sunderland,False,3.0,1,3.4,3.4,0.038,0.038,1.0,AVAILABLE,a,,0.668,0.668,0.113,5,5,3,previous_completed_gw_points_mean_v1,True,6,2026-27
207,Mingueza,DEF,Crystal Palace,4.4,Nott'm Forest,True,3.0,1,2.4,2.4,0.027,0.027,1.0,AVAILABLE,a,,0.666,0.666,0.151,5,5,3,previous_completed_gw_points_mean_v1,True,6,2026-27
323,McAteer,MID,Ipswich Town,4.4,Fulham,True,2.0,1,6.3,6.3,0.07,0.07,1.0,AVAILABLE,a,,0.651,0.651,0.148,5,5,3,previous_completed_gw_points_mean_v1,True,6,2026-27
227,Travers,GKP,Everton,5.0,Hull City,False,2.0,1,0.0,0.0,0.0,0.0,1.0,AVAILABLE,a,,0.647,0.647,0.129,5,5,3,previous_completed_gw_points_mean_v1,True,6,2026-27
11,Mosquera,DEF,Arsenal,5.3,Leeds,True,3.0,1,35.3,35.3,0.392,0.392,1.0,AVAILABLE,a,100.0,0.632,0.632,0.119,5,5,3,previous_completed_gw_points_mean_v1,True,6,2026-27
340,Gelhardt,MID,Hull City,5.0,Everton,True,3.0,1,1.0,1.0,0.011,0.011,1.0,AVAILABLE,a,100.0,0.627,0.627,0.125,5,5,3,previous_completed_gw_points_mean_v1,True,6,2026-27
587,Rulli,GKP,Man City,5.0,Liverpool,False,4.0,1,0.0,0.0,0.0,0.0,1.0,AVAILABLE,a,,0.618,0.618,0.124,5,5,3,previous_completed_gw_points_mean_v1,True,6,2026-27
662,Nicoll-Jazuli,MID,Chelsea,4.5,Bournemouth,True,3.0,1,2.2,2.2,0.024,0.024,1.0,AVAILABLE,a,,0.558,0.558,0.124,1,5,3,previous_completed_gw_points_mean_v1,True,6,2026-27
309,Núñez,MID,Ipswich Town,4.9,Fulham,True,2.0,1,33.6,33.6,0.373,0.373,1.0,AVAILABLE,a,,0.555,0.555,0.113,5,5,3,previous_completed_gw_points_mean_v1,True,6,2026-27
628,Allan,MID,Man City,6.0,Liverpool,False,4.0,1,0.0,0.0,0.0,0.0,1.0,AVAILABLE,a,,0.553,0.553,0.092,3,5,3,previous_completed_gw_points_mean_v1,True,6,2026-27
621,McAidoo,MID,Man City,4.5,Liverpool,False,4.0,1,2.1,2.1,0.023,0.023,1.0,AVAILABLE,a,,0.546,0.546,0.121,4,5,3,previous_completed_gw_points_mean_v1,True,6,2026-27
392,Aït-Nouri,DEF,Man City,5.2,Liverpool,False,4.0,1,0.0,0.0,0.0,0.0,1.0,AVAILABLE,a,,0.543,0.543,0.104,5,5,3,previous_completed_gw_points_mean_v1,True,6,2026-27
612,Methalie,DEF,Sunderland,4.5,Brighton,True,3.0,1,22.5,22.5,0.25,0.25,1.0,AVAILABLE,a,100.0,0.533,0.533,0.119,4,5,3,previous_completed_gw_points_mean_v1,True,6,2026-27
648,Bahoya,MID,Leeds,5.0,Arsenal,False,5.0,1,0.2,0.2,0.002,0.002,1.0,AVAILABLE,a,,0.527,0.527,0.105,3,5,3,previous_completed_gw_points_mean_v1,True,6,2026-27
421,Heaven,DEF,Man Utd,4.3,Spurs,True,2.0,1,18.0,18.0,0.2,0.2,1.0,AVAILABLE,a,,0.509,0.509,0.118,5,5,3,previous_completed_gw_points_mean_v1,True,6,2026-27
655,Gboho,MID,Coventry City,5.5,Newcastle,True,3.0,1,0.0,0.0,0.0,0.0,1.0,AVAILABLE,a,,0.496,0.496,0.09,2,5,3,previous_completed_gw_points_mean_v1,True,6,2026-27
638,Norton-Cuffy,DEF,Hull City,4.0,Everton,True,3.0,1,6.4,8.5,0.071,0.094,0.75,MINOR_RISK,d,75.0,0.645,0.484,0.121,3,5,3,previous_completed_gw_points_mean_v1,True,6,2026-27
147,Tosin,DEF,Spurs,4.4,Man Utd,False,4.0,1,0.8,0.8,0.009,0.009,1.0,AVAILABLE,a,,0.458,0.458,0.104,5,5,3,previous_completed_gw_points_mean_v1,True,6,2026-27
574,Hjertø-Dahl,MID,Hull City,4.9,Everton,True,3.0,1,1.2,1.2,0.013,0.013,1.0,AVAILABLE,a,,0.453,0.453,0.092,5,5,3,previous_completed_gw_points_mean_v1,True,6,2026-27
395,Lewis,DEF,Man City,4.4,Liverpool,False,4.0,1,8.4,8.4,0.093,0.093,1.0,AVAILABLE,a,,0.435,0.435,0.099,5,5,3,previous_completed_gw_points_mean_v1,True,6,2026-27
256,Tete,DEF,Fulham,4.4,Ipswich Town,False,2.0,1,4.1,4.1,0.046,0.046,1.0,AVAILABLE,a,100.0,0.432,0.432,0.098,5,5,3,previous_completed_gw_points_mean_v1,True,6,2026-27
482,Hudson-Odoi,MID,Nott'm Forest,5.8,Crystal Palace,False,3.0,1,0.2,0.2,0.002,0.002,1.0,AVAILABLE,a,100.0,0.417,0.417,0.072,5,5,3,previous_completed_gw_points_mean_v1,True,6,2026-27
535,Alderete,DEF,Sunderland,4.8,Brighton,True,3.0,1,3.4,3.4,0.038,0.038,1.0,AVAILABLE,a,100.0,0.417,0.417,0.087,5,5,3,previous_completed_gw_points_mean_v1,True,6,2026-27
42,Guessand,MID,Crystal Palace,5.4,Nott'm Forest,True,3.0,1,8.1,8.1,0.09,0.09,1.0,AVAILABLE,a,,0.414,0.414,0.077,5,5,3,previous_completed_gw_points_mean_v1,True,6,2026-27
241,McNeil,MID,Crystal Palace,5.3,Nott'm Forest,True,3.0,1,17.6,17.6,0.196,0.196,1.0,AVAILABLE,a,,0.388,0.388,0.073,5,5,3,previous_completed_gw_points_mean_v1,True,6,2026-27
185,Sakamoto,MID,Coventry City,4.8,Newcastle,True,3.0,1,4.7,4.7,0.052,0.052,1.0,AVAILABLE,a,,0.381,0.381,0.079,5,5,3,previous_completed_gw_points_mean_v1,True,6,2026-27
231,Keane,DEF,Everton,4.8,Hull City,False,2.0,1,0.0,0.0,0.0,0.0,1.0,AVAILABLE,a,,0.379,0.379,0.079,5,5,3,previous_completed_gw_points_mean_v1,True,6,2026-27
339,Longstaff,MID,Leeds,4.8,Arsenal,False,5.0,1,1.5,1.5,0.017,0.017,1.0,AVAILABLE,a,,0.376,0.376,0.078,5,5,3,previous_completed_gw_points_mean_v1,True,6,2026-27
406,Kovačić,MID,Man City,5.3,Liverpool,False,4.0,1,6.3,6.3,0.07,0.07,1.0,AVAILABLE,a,,0.365,0.365,0.069,5,5,3,previous_completed_gw_points_mean_v1,True,6,2026-27
179,Latibeaudiere,DEF,Coventry City,4.0,Newcastle,True,3.0,1,0.2,0.2,0.002,0.002,1.0,AVAILABLE,a,,0.352,0.352,0.088,5,5,3,previous_completed_gw_points_mean_v1,True,6,2026-27
549,Talbi,MID,Sunderland,5.3,Brighton,True,3.0,1,4.7,4.7,0.052,0.052,1.0,AVAILABLE,a,,0.35,0.35,0.066,5,5,3,previous_completed_gw_points_mean_v1,True,6,2026-27
35,Bogarde,MID,Aston Villa,4.9,Brentford,True,3.0,1,2.4,2.4,0.027,0.027,1.0,AVAILABLE,a,,0.328,0.328,0.067,5,5,3,previous_completed_gw_points_mean_v1,True,6,2026-27
539,O'Nien,DEF,Sunderland,3.9,Brighton,True,3.0,1,16.6,16.6,0.184,0.184,1.0,AVAILABLE,a,,0.326,0.326,0.084,5,5,3,previous_completed_gw_points_mean_v1,True,6,2026-27
158,Gittens,MID,Chelsea,5.8,Bournemouth,True,3.0,1,0.0,0.0,0.0,0.0,0.75,MINOR_RISK,d,75.0,0.42,0.315,0.054,5,5,3,previous_completed_gw_points_mean_v1,True,6,2026-27
308,Furlong,DEF,Ipswich Town,3.9,Fulham,True,2.0,1,2.5,2.5,0.028,0.028,1.0,AVAILABLE,a,,0.291,0.291,0.075,5,5,3,previous_completed_gw_points_mean_v1,True,6,2026-27
152,Palestra,DEF,Chelsea,5.3,Bournemouth,True,3.0,1,0.0,0.0,0.0,0.0,0.5,RISK,d,50.0,0.576,0.288,0.054,5,5,3,previous_completed_gw_points_mean_v1,True,6,2026-27
243,Alcaraz,MID,Everton,4.9,Hull City,False,2.0,1,0.8,0.8,0.009,0.009,1.0,AVAILABLE,a,,0.277,0.277,0.056,5,5,3,previous_completed_gw_points_mean_v1,True,6,2026-27
285,McNair,DEF,Hull City,4.0,Everton,True,3.0,1,3.9,3.9,0.043,0.043,1.0,AVAILABLE,a,100.0,0.267,0.267,0.067,5,5,3,previous_completed_gw_points_mean_v1,True,6,2026-27
548,Rigg,MID,Sunderland,4.9,Brighton,True,3.0,1,2.5,2.5,0.028,0.028,1.0,AVAILABLE,a,,0.264,0.264,0.054,5,5,3,previous_completed_gw_points_mean_v1,True,6,2026-27
435,Lacey,MID,Man Utd,4.9,Spurs,True,2.0,1,1.5,1.5,0.017,0.017,1.0,AVAILABLE,a,,0.25,0.25,0.051,5,5,3,previous_completed_gw_points_mean_v1,True,6,2026-27
636,Ángel,MID,Fulham,5.0,Ipswich Town,False,2.0,1,0.0,0.0,0.0,0.0,1.0,AVAILABLE,a,,0.23,0.23,0.046,3,5,3,previous_completed_gw_points_mean_v1,True,6,2026-27
396,Vitor Reis,DEF,Man City,4.5,Liverpool,False,4.0,1,0.2,0.2,0.002,0.002,1.0,AVAILABLE,a,,0.228,0.228,0.051,5,5,3,previous_completed_gw_points_mean_v1,True,6,2026-27
442,Pope,GKP,Newcastle,4.9,Coventry City,False,2.0,1,0.0,0.0,0.0,0.0,1.0,AVAILABLE,a,,0.226,0.226,0.046,5,5,3,previous_completed_gw_points_mean_v1,True,6,2026-27
550,Jocelin.T,MID,Sunderland,5.0,Brighton,True,3.0,1,0.0,0.0,0.0,0.0,1.0,AVAILABLE,a,,0.223,0.223,0.045,5,5,3,previous_completed_gw_points_mean_v1,True,6,2026-27
645,Mouzakitis,MID,Hull City,5.0,Everton,True,3.0,1,0.0,0.0,0.0,0.0,1.0,AVAILABLE,a,,0.223,0.223,0.045,3,5,3,previous_completed_gw_points_mean_v1,True,6,2026-27
2,Arrizabalaga,GKP,Arsenal,4.9,Leeds,True,3.0,1,0.0,0.0,0.0,0.0,1.0,AVAILABLE,a,,0.203,0.203,0.041,5,5,3,previous_completed_gw_points_mean_v1,True,6,2026-27
3,Meslier,GKP,Arsenal,4.9,Leeds,True,3.0,1,0.0,0.0,0.0,0.0,1.0,AVAILABLE,a,,0.203,0.203,0.041,5,5,3,previous_completed_gw_points_mean_v1,True,6,2026-27
351,Mamardashvili,GKP,Liverpool,4.8,Man City,True,4.0,1,0.0,0.0,0.0,0.0,1.0,AVAILABLE,a,,0.203,0.203,0.042,5,5,3,previous_completed_gw_points_mean_v1,True,6,2026-27
561,Anselmino,DEF,Chelsea,4.5,Bournemouth,True,3.0,1,0.0,0.0,0.0,0.0,1.0,AVAILABLE,a,100.0,0.2,0.2,0.044,5,5,3,previous_completed_gw_points_mean_v1,True,6,2026-27
630,Harwood-Bellis,DEF,Aston Villa,4.5,Brentford,True,3.0,1,0.0,0.0,0.0,0.0,1.0,AVAILABLE,a,,0.2,0.2,0.044,3,5,3,previous_completed_gw_points_mean_v1,True,6,2026-27
493,Kalimuendo,FWD,Nott'm Forest,5.4,Crystal Palace,False,3.0,1,0.2,0.2,0.002,0.002,1.0,AVAILABLE,a,,0.198,0.198,0.037,5,5,3,previous_completed_gw_points_mean_v1,True,6,2026-27
117,Coppola,DEF,Brighton,4.5,Sunderland,False,3.0,1,0.0,0.0,0.0,0.0,1.0,AVAILABLE,a,,0.195,0.195,0.043,5,5,3,previous_completed_gw_points_mean_v1,True,6,2026-27
614,Hadjam,DEF,Brighton,4.5,Sunderland,False,3.0,1,0.0,0.0,0.0,0.0,1.0,AVAILABLE,a,,0.195,0.195,0.043,4,5,3,previous_completed_gw_points_mean_v1,True,6,2026-27
344,Gruev,MID,Leeds,5.0,Arsenal,False,5.0,1,0.0,0.0,0.0,0.0,1.0,AVAILABLE,a,100.0,0.193,0.193,0.039,5,5,3,previous_completed_gw_points_mean_v1,True,6,2026-27
321,Walle Egeli,FWD,Ipswich Town,4.5,Fulham,True,2.0,1,1.5,1.5,0.017,0.017,1.0,AVAILABLE,a,,0.187,0.187,0.042,5,5,3,previous_completed_gw_points_mean_v1,True,6,2026-27
359,Gomez,DEF,Liverpool,4.9,Man City,True,4.0,1,0.0,0.0,0.0,0.0,1.0,AVAILABLE,a,100.0,0.167,0.167,0.034,5,5,3,previous_completed_gw_points_mean_v1,True,6,2026-27
159,Caicedo,MID,Chelsea,5.3,Bournemouth,True,3.0,1,1.0,2.0,0.011,0.022,0.5,RISK,d,50.0,0.327,0.164,0.031,5,5,3,previous_completed_gw_points_mean_v1,True,6,2026-27
62,Diakité,DEF,Bournemouth,4.9,Chelsea,False,4.0,1,0.0,0.0,0.0,0.0,1.0,AVAILABLE,a,,0.161,0.161,0.033,5,5,3,previous_completed_gw_points_mean_v1,True,6,2026-27
228,King,GKP,Everton,4.5,Hull City,False,2.0,1,0.0,0.0,0.0,0.0,1.0,AVAILABLE,a,,0.154,0.154,0.034,5,5,3,previous_completed_gw_points_mean_v1,True,6,2026-27
443,Gillespie,GKP,Newcastle,4.5,Coventry City,False,2.0,1,0.0,0.0,0.0,0.0,1.0,AVAILABLE,a,,0.154,0.154,0.034,5,5,3,previous_completed_gw_points_mean_v1,True,6,2026-27
83,Valdimarsson,GKP,Brentford,4.5,Aston Villa,False,3.0,1,0.0,0.0,0.0,0.0,1.0,AVAILABLE,a,,0.129,0.129,0.029,5,5,3,previous_completed_gw_points_mean_v1,True,6,2026-27
386,Bettinelli,GKP,Man City,4.5,Liverpool,False,4.0,1,0.0,0.0,0.0,0.0,1.0,AVAILABLE,a,,0.129,0.129,0.029,5,5,3,previous_completed_gw_points_mean_v1,True,6,2026-27
468,John,GKP,Nott'm Forest,4.5,Crystal Palace,False,3.0,1,0.0,0.0,0.0,0.0,1.0,AVAILABLE,a,,0.129,0.129,0.029,5,5,3,previous_completed_gw_points_mean_v1,True,6,2026-27
590,Benda,GKP,Nott'm Forest,4.5,Crystal Palace,False,3.0,1,0.0,0.0,0.0,0.0,1.0,AVAILABLE,a,,0.129,0.129,0.029,5,5,3,previous_completed_gw_points_mean_v1,True,6,2026-27
615,Di Gregorio,GKP,Bournemouth,4.5,Chelsea,False,4.0,1,0.0,0.0,0.0,0.0,1.0,AVAILABLE,a,,0.129,0.129,0.029,4,5,3,previous_completed_gw_points_mean_v1,True,6,2026-27
325,Darlow,GKP,Man Utd,4.5,Spurs,True,2.0,1,0.0,0.0,0.0,0.0,0.75,MINOR_RISK,d,75.0,0.159,0.12,0.027,5,5,3,previous_completed_gw_points_mean_v1,True,6,2026-27
89,Henry,DEF,Brentford,4.4,Aston Villa,False,3.0,1,0.3,0.3,0.003,0.003,1.0,AVAILABLE,a,,0.113,0.113,0.026,5,5,3,previous_completed_gw_points_mean_v1,True,6,2026-27
92,Ji-soo,DEF,Brentford,4.4,Aston Villa,False,3.0,1,0.0,0.0,0.0,0.0,1.0,AVAILABLE,a,,0.113,0.113,0.026,5,5,3,previous_completed_gw_points_mean_v1,True,6,2026-27
622,Braithwaite,DEF,Man City,4.0,Liverpool,False,4.0,1,0.2,0.2,0.002,0.002,1.0,AVAILABLE,a,,0.111,0.111,0.028,4,5,3,previous_completed_gw_points_mean_v1,True,6,2026-27
131,Baleba,MID,Man Utd,4.9,Spurs,True,2.0,1,0.0,0.0,0.0,0.0,1.0,AVAILABLE,a,100.0,0.105,0.105,0.021,5,5,3,previous_completed_gw_points_mean_v1,True,6,2026-27
310,Matusiwa,MID,Ipswich Town,4.9,Fulham,True,2.0,1,0.0,0.0,0.0,0.0,1.0,AVAILABLE,a,100.0,0.105,0.105,0.021,5,5,3,previous_completed_gw_points_mean_v1,True,6,2026-27
324,Mehmeti,MID,Ipswich Town,4.8,Fulham,True,2.0,1,0.0,0.0,0.0,0.0,1.0,AVAILABLE,a,,0.105,0.105,0.022,5,5,3,previous_completed_gw_points_mean_v1,True,6,2026-27
434,J.Fletcher,MID,Man Utd,4.9,Spurs,True,2.0,1,0.0,0.0,0.0,0.0,1.0,AVAILABLE,a,,0.105,0.105,0.021,5,5,3,previous_completed_gw_points_mean_v1,True,6,2026-27
573,Sanchez,DEF,Bournemouth,4.4,Chelsea,False,4.0,1,0.0,0.0,0.0,0.0,1.0,AVAILABLE,a,,0.105,0.105,0.024,5,5,3,previous_completed_gw_points_mean_v1,True,6,2026-27
218,Doucouré,MID,Crystal Palace,4.8,Nott'm Forest,True,3.0,1,0.0,0.0,0.0,0.0,1.0,AVAILABLE,a,,0.092,0.092,0.019,5,5,3,previous_completed_gw_points_mean_v1,True,6,2026-27
292,Ömür,MID,Hull City,4.9,Everton,True,3.0,1,0.0,0.0,0.0,0.0,1.0,AVAILABLE,a,,0.092,0.092,0.019,5,5,3,previous_completed_gw_points_mean_v1,True,6,2026-27
374,Endo,MID,Liverpool,4.9,Man City,True,4.0,1,0.0,0.0,0.0,0.0,1.0,AVAILABLE,a,100.0,0.092,0.092,0.019,5,5,3,previous_completed_gw_points_mean_v1,True,6,2026-27
487,Dominguez,MID,Nott'm Forest,4.9,Crystal Palace,False,3.0,1,0.2,0.2,0.002,0.002,1.0,AVAILABLE,a,,0.087,0.087,0.018,5,5,3,previous_completed_gw_points_mean_v1,True,6,2026-27
172,Wilson,GKP,Coventry City,4.4,Newcastle,True,3.0,1,0.0,0.0,0.0,0.0,1.0,AVAILABLE,a,,0.082,0.082,0.019,5,5,3,previous_completed_gw_points_mean_v1,True,6,2026-27
531,Ellborg,GKP,Sunderland,4.4,Brighton,True,3.0,1,0.0,0.0,0.0,0.0,1.0,AVAILABLE,a,,0.082,0.082,0.019,5,5,3,previous_completed_gw_points_mean_v1,True,6,2026-27
560,Penders,GKP,Chelsea,4.4,Bournemouth,True,3.0,1,0.0,0.0,0.0,0.0,1.0,AVAILABLE,a,,0.082,0.082,0.019,5,5,3,previous_completed_gw_points_mean_v1,True,6,2026-27
556,Targett,DEF,Hull City,4.0,Everton,True,3.0,1,0.6,0.8,0.007,0.009,0.75,MINOR_RISK,d,75.0,0.104,0.078,0.019,5,5,3,previous_completed_gw_points_mean_v1,True,6,2026-27
50,Burrowes,MID,Aston Villa,4.5,Brentford,True,3.0,1,0.0,0.0,0.0,0.0,1.0,AVAILABLE,a,,0.066,0.066,0.015,5,5,3,previous_completed_gw_points_mean_v1,True,6,2026-27
189,Shepherd,MID,Coventry City,4.4,Newcastle,True,3.0,1,0.0,0.0,0.0,0.0,1.0,AVAILABLE,a,,0.066,0.066,0.015,5,5,3,previous_completed_gw_points_mean_v1,True,6,2026-27
221,Drakes-Thomas,MID,Crystal Palace,4.5,Nott'm Forest,True,3.0,1,0.0,0.0,0.0,0.0,1.0,AVAILABLE,a,,0.066,0.066,0.015,5,5,3,previous_completed_gw_points_mean_v1,True,6,2026-27
288,Dowell,MID,Hull City,4.4,Everton,True,3.0,1,0.0,0.0,0.0,0.0,1.0,AVAILABLE,a,,0.066,0.066,0.015,5,5,3,previous_completed_gw_points_mean_v1,True,6,2026-27
294,Zambrano,MID,Hull City,4.5,Everton,True,3.0,1,0.0,0.0,0.0,0.0,1.0,AVAILABLE,a,100.0,0.066,0.066,0.015,5,5,3,previous_completed_gw_points_mean_v1,True,6,2026-27
378,McConnell,MID,Liverpool,4.4,Man City,True,4.0,1,0.0,0.0,0.0,0.0,1.0,AVAILABLE,a,,0.066,0.066,0.015,5,5,3,previous_completed_gw_points_mean_v1,True,6,2026-27
437,Bendito Mantato,MID,Man Utd,4.4,Spurs,True,2.0,1,0.0,0.0,0.0,0.0,1.0,AVAILABLE,a,,0.066,0.066,0.015,5,5,3,previous_completed_gw_points_mean_v1,True,6,2026-27
438,Fletcher,MID,Man Utd,4.4,Spurs,True,2.0,1,0.0,0.0,0.0,0.0,1.0,AVAILABLE,a,,0.066,0.066,0.015,5,5,3,previous_completed_gw_points_mean_v1,True,6,2026-27
613,Ahoka,MID,Sunderland,4.5,Brighton,True,3.0,1,0.0,0.0,0.0,0.0,1.0,AVAILABLE,a,,0.066,0.066,0.015,4,5,3,previous_completed_gw_points_mean_v1,True,6,2026-27
654,Graham,MID,Everton,4.5,Hull City,False,2.0,1,0.0,0.0,0.0,0.0,1.0,AVAILABLE,a,,0.062,0.062,0.014,3,5,3,previous_completed_gw_points_mean_v1,True,6,2026-27
659,Miley,MID,Newcastle,4.5,Coventry City,False,2.0,1,0.0,0.0,0.0,0.0,1.0,AVAILABLE,a,,0.062,0.062,0.014,2,5,3,previous_completed_gw_points_mean_v1,True,6,2026-27
665,Mills,MID,Newcastle,4.5,Coventry City,False,2.0,1,0.0,0.0,0.0,0.0,1.0,AVAILABLE,a,,0.062,0.062,0.014,1,5,3,previous_completed_gw_points_mean_v1,True,6,2026-27
666,Thompson,MID,Newcastle,4.5,Coventry City,False,2.0,1,0.0,0.0,0.0,0.0,1.0,AVAILABLE,a,,0.062,0.062,0.014,1,5,3,previous_completed_gw_points_mean_v1,True,6,2026-27
134,Oriola,MID,Brighton,4.5,Sunderland,False,3.0,1,0.0,0.0,0.0,0.0,1.0,AVAILABLE,a,,0.061,0.061,0.014,5,5,3,previous_completed_gw_points_mean_v1,True,6,2026-27
270,Reed,MID,Fulham,4.4,Ipswich Town,False,2.0,1,0.0,0.0,0.0,0.0,1.0,AVAILABLE,a,,0.061,0.061,0.014,5,5,3,previous_completed_gw_points_mean_v1,True,6,2026-27
489,Yates,MID,Nott'm Forest,4.5,Crystal Palace,False,3.0,1,0.0,0.0,0.0,0.0,1.0,AVAILABLE,a,100.0,0.061,0.061,0.014,5,5,3,previous_completed_gw_points_mean_v1,True,6,2026-27
524,Olusesi,MID,Spurs,4.4,Man Utd,False,4.0,1,0.0,0.0,0.0,0.0,1.0,AVAILABLE,a,,0.061,0.061,0.014,5,5,3,previous_completed_gw_points_mean_v1,True,6,2026-27
601,Williams-Barnett,MID,Spurs,4.5,Man Utd,False,4.0,1,0.0,0.0,0.0,0.0,1.0,AVAILABLE,a,,0.061,0.061,0.014,5,5,3,previous_completed_gw_points_mean_v1,True,6,2026-27
626,Zepa,MID,Fulham,4.4,Ipswich Town,False,2.0,1,0.0,0.0,0.0,0.0,1.0,AVAILABLE,a,,0.061,0.061,0.014,4,5,3,previous_completed_gw_points_mean_v1,True,6,2026-27
653,Samba,MID,Man City,4.5,Liverpool,False,4.0,1,0.0,0.0,0.0,0.0,1.0,AVAILABLE,a,,0.061,0.061,0.014,3,5,3,previous_completed_gw_points_mean_v1,True,6,2026-27
657,Nunes,MID,Brentford,4.5,Aston Villa,False,3.0,1,0.0,0.0,0.0,0.0,1.0,AVAILABLE,a,,0.061,0.061,0.014,2,5,3,previous_completed_gw_points_mean_v1,True,6,2026-27
658,Ibrahim,MID,Brighton,4.5,Sunderland,False,3.0,1,0.0,0.0,0.0,0.0,1.0,AVAILABLE,a,,0.061,0.061,0.014,2,5,3,previous_completed_gw_points_mean_v1,True,6,2026-27
169,Mheuka,FWD,Chelsea,4.5,Bournemouth,True,3.0,1,0.0,0.0,0.0,0.0,1.0,AVAILABLE,a,,0.055,0.055,0.012,5,5,3,previous_completed_gw_points_mean_v1,True,6,2026-27
382,Danns,FWD,Liverpool,4.5,Man City,True,4.0,1,0.0,0.0,0.0,0.0,1.0,AVAILABLE,a,100.0,0.055,0.055,0.012,5,5,3,previous_completed_gw_points_mean_v1,True,6,2026-27
651,J.Angulo,FWD,Sunderland,4.5,Brighton,True,3.0,1,0.0,0.0,0.0,0.0,1.0,AVAILABLE,a,,0.055,0.055,0.012,3,5,3,previous_completed_gw_points_mean_v1,True,6,2026-27
38,A.García,DEF,Aston Villa,4.0,Brentford,True,3.0,1,0.0,0.0,0.0,0.0,1.0,AVAILABLE,a,,0.051,0.051,0.013,5,5,3,previous_completed_gw_points_mean_v1,True,6,2026-27
178,Bidwell,DEF,Coventry City,4.0,Newcastle,True,3.0,1,0.0,0.0,0.0,0.0,1.0,AVAILABLE,a,,0.051,0.051,0.013,5,5,3,previous_completed_gw_points_mean_v1,True,6,2026-27
272,Kusi-Asare,FWD,Fulham,4.5,Ipswich Town,False,2.0,1,0.0,0.0,0.0,0.0,1.0,AVAILABLE,a,,0.051,0.051,0.011,5,5,3,previous_completed_gw_points_mean_v1,True,6,2026-27
284,McCarthy,DEF,Hull City,4.0,Everton,True,3.0,1,0.0,0.0,0.0,0.0,1.0,AVAILABLE,a,,0.051,0.051,0.013,5,5,3,previous_completed_gw_points_mean_v1,True,6,2026-27
303,Kipré,DEF,Ipswich Town,3.9,Fulham,True,2.0,1,0.0,0.0,0.0,0.0,1.0,AVAILABLE,a,,0.051,0.051,0.013,5,5,3,previous_completed_gw_points_mean_v1,True,6,2026-27
361,Lucky,DEF,Liverpool,4.0,Man City,True,4.0,1,0.0,0.0,0.0,0.0,1.0,AVAILABLE,a,,0.051,0.051,0.013,5,5,3,previous_completed_gw_points_mean_v1,True,6,2026-27
424,Amass,DEF,Man Utd,4.0,Spurs,True,2.0,1,0.0,0.0,0.0,0.0,1.0,AVAILABLE,a,,0.051,0.051,0.013,5,5,3,previous_completed_gw_points_mean_v1,True,6,2026-27
444,Jaouen,GKP,Newcastle,4.4,Coventry City,False,2.0,1,0.0,0.0,0.0,0.0,0.5,RISK,d,50.0,0.102,0.051,0.012,5,5,3,previous_completed_gw_points_mean_v1,True,6,2026-27
606,Rowe,DEF,Aston Villa,4.0,Brentford,True,3.0,1,0.0,0.0,0.0,0.0,1.0,AVAILABLE,a,,0.051,0.051,0.013,5,5,3,previous_completed_gw_points_mean_v1,True,6,2026-27
664,Salia,FWD,Newcastle,4.5,Coventry City,False,2.0,1,0.0,0.0,0.0,0.0,1.0,AVAILABLE,a,,0.051,0.051,0.011,1,5,3,previous_completed_gw_points_mean_v1,True,6,2026-27
273,Phillips,GKP,Hull City,4.0,Everton,True,3.0,1,0.0,0.0,0.0,0.0,1.0,AVAILABLE,a,,0.048,0.048,0.012,5,5,3,previous_completed_gw_points_mean_v1,True,6,2026-27
301,Palmer,GKP,Ipswich Town,4.0,Fulham,True,2.0,1,0.0,0.0,0.0,0.0,1.0,AVAILABLE,a,,0.048,0.048,0.012,5,5,3,previous_completed_gw_points_mean_v1,True,6,2026-27
302,Button,GKP,Ipswich Town,4.0,Fulham,True,2.0,1,0.0,0.0,0.0,0.0,1.0,AVAILABLE,a,,0.048,0.048,0.012,5,5,3,previous_completed_gw_points_mean_v1,True,6,2026-27
352,Woodman,GKP,Liverpool,4.0,Man City,True,4.0,1,0.0,0.0,0.0,0.0,1.0,AVAILABLE,a,,0.048,0.048,0.012,5,5,3,previous_completed_gw_points_mean_v1,True,6,2026-27
355,Davies,GKP,Liverpool,4.0,Man City,True,4.0,1,0.0,0.0,0.0,0.0,1.0,AVAILABLE,a,,0.048,0.048,0.012,5,5,3,previous_completed_gw_points_mean_v1,True,6,2026-27
555,Matthews,GKP,Crystal Palace,4.0,Nott'm Forest,True,3.0,1,0.0,0.0,0.0,0.0,1.0,AVAILABLE,a,,0.048,0.048,0.012,5,5,3,previous_completed_gw_points_mean_v1,True,6,2026-27
623,Bentley,GKP,Coventry City,4.0,Newcastle,True,3.0,1,0.0,0.0,0.0,0.0,1.0,AVAILABLE,a,,0.048,0.048,0.012,4,5,3,previous_completed_gw_points_mean_v1,True,6,2026-27
667,Wright,GKP,Aston Villa,4.0,Brentford,True,3.0,1,0.0,0.0,0.0,0.0,1.0,AVAILABLE,a,,0.048,0.048,0.012,1,5,3,previous_completed_gw_points_mean_v1,True,6,2026-27
663,Pivas,DEF,Newcastle,4.0,Coventry City,False,2.0,1,0.0,0.0,0.0,0.0,1.0,AVAILABLE,a,,0.046,0.046,0.012,1,5,3,previous_completed_gw_points_mean_v1,True,6,2026-27
66,Soler,DEF,Bournemouth,4.0,Chelsea,False,4.0,1,0.0,0.0,0.0,0.0,1.0,AVAILABLE,a,100.0,0.045,0.045,0.011,5,5,3,previous_completed_gw_points_mean_v1,True,6,2026-27
476,O.Richards,DEF,Nott'm Forest,4.0,Crystal Palace,False,3.0,1,0.0,0.0,0.0,0.0,1.0,AVAILABLE,a,,0.045,0.045,0.011,5,5,3,previous_completed_gw_points_mean_v1,True,6,2026-27
508,Davies,DEF,Spurs,3.9,Man Utd,False,4.0,1,0.0,0.0,0.0,0.0,1.0,AVAILABLE,a,,0.045,0.045,0.012,5,5,3,previous_completed_gw_points_mean_v1,True,6,2026-27
509,Byfield,DEF,Spurs,4.0,Man Utd,False,4.0,1,0.0,0.0,0.0,0.0,1.0,AVAILABLE,a,,0.045,0.045,0.011,5,5,3,previous_completed_gw_points_mean_v1,True,6,2026-27
510,Rowswell,DEF,Spurs,4.0,Man Utd,False,4.0,1,0.0,0.0,0.0,0.0,1.0,AVAILABLE,a,,0.045,0.045,0.011,5,5,3,previous_completed_gw_points_mean_v1,True,6,2026-27
660,Fredrick,DEF,Brentford,4.0,Aston Villa,False,3.0,1,0.0,0.0,0.0,0.0,1.0,AVAILABLE,a,,0.045,0.045,0.011,1,5,3,previous_completed_gw_points_mean_v1,True,6,2026-27
58,Forster,GKP,Bournemouth,4.0,Chelsea,False,4.0,1,0.0,0.0,0.0,0.0,1.0,AVAILABLE,a,,0.043,0.043,0.011,5,5,3,previous_completed_gw_points_mean_v1,True,6,2026-27
111,Steele,GKP,Brighton,4.0,Sunderland,False,3.0,1,0.0,0.0,0.0,0.0,1.0,AVAILABLE,a,,0.043,0.043,0.011,5,5,3,previous_completed_gw_points_mean_v1,True,6,2026-27
251,Lecomte,GKP,Fulham,4.0,Ipswich Town,False,2.0,1,0.0,0.0,0.0,0.0,1.0,AVAILABLE,a,,0.043,0.043,0.011,5,5,3,previous_completed_gw_points_mean_v1,True,6,2026-27
495,Austin,GKP,Spurs,4.0,Man Utd,False,4.0,1,0.0,0.0,0.0,0.0,1.0,AVAILABLE,a,,0.043,0.043,0.011,5,5,3,previous_completed_gw_points_mean_v1,True,6,2026-27
497,Dubravka,GKP,Spurs,4.0,Man Utd,False,4.0,1,0.0,0.0,0.0,0.0,1.0,AVAILABLE,a,,0.043,0.043,0.011,5,5,3,previous_completed_gw_points_mean_v1,True,6,2026-27
661,Balcombe,GKP,Brentford,4.0,Aston Villa,False,3.0,1,0.0,0.0,0.0,0.0,1.0,AVAILABLE,a,,0.043,0.043,0.011,1,5,3,previous_completed_gw_points_mean_v1,True,6,2026-27
604,Cresswell,MID,Leeds,4.5,Arsenal,False,5.0,1,0.0,0.0,0.0,0.0,1.0,AVAILABLE,a,,0.042,0.042,0.009,5,5,3,previous_completed_gw_points_mean_v1,True,6,2026-27
603,Lienou,DEF,Leeds,4.0,Arsenal,False,5.0,1,0.0,0.0,0.0,0.0,1.0,AVAILABLE,a,,0.025,0.025,0.006,5,5,3,previous_completed_gw_points_mean_v1,True,6,2026-27
625,Cairns,GKP,Leeds,4.0,Arsenal,False,5.0,1,0.0,0.0,0.0,0.0,1.0,AVAILABLE,a,,0.023,0.023,0.006,4,5,3,previous_completed_gw_points_mean_v1,True,6,2026-27
629,Zetterer,GKP,Leeds,4.0,Arsenal,False,5.0,1,0.0,0.0,0.0,0.0,1.0,AVAILABLE,a,,0.023,0.023,0.006,3,5,3,previous_completed_gw_points_mean_v1,True,6,2026-27
6,Saliba,DEF,Arsenal,5.9,Leeds,True,3.0,1,0.0,0.0,0.0,0.0,0.0,UNAVAILABLE,i,0.0,0.824,0.0,0.0,5,5,3,previous_completed_gw_points_mean_v1,True,6,2026-27
18,Martinelli,MID,Arsenal,6.3,Leeds,True,3.0,1,0.0,0.0,0.0,0.0,0.0,UNAVAILABLE,u,0.0,0.539,0.0,0.0,5,5,3,previous_completed_gw_points_mean_v1,True,6,2026-27
21,Nørgaard,MID,Everton,4.8,Hull City,False,2.0,1,0.0,0.0,0.0,0.0,0.0,UNAVAILABLE,i,0.0,0.099,0.0,0.0,5,5,3,previous_completed_gw_points_mean_v1,True,6,2026-27
22,Nwaneri,MID,Arsenal,5.4,Leeds,True,3.0,1,0.0,0.0,0.0,0.0,0.0,UNAVAILABLE,u,0.0,0.223,0.0,0.0,5,5,3,previous_completed_gw_points_mean_v1,True,6,2026-27
23,Fábio Vieira,MID,Arsenal,5.5,Leeds,True,3.0,1,0.0,0.0,0.0,0.0,0.0,UNAVAILABLE,u,0.0,0.496,0.0,0.0,5,5,3,previous_completed_gw_points_mean_v1,True,6,2026-27
24,Nelson,MID,Arsenal,5.5,Leeds,True,3.0,1,0.0,0.0,0.0,0.0,0.0,UNAVAILABLE,u,0.0,0.496,0.0,0.0,5,5,3,previous_completed_gw_points_mean_v1,True,6,2026-27
27,G.Jesus,FWD,Arsenal,5.9,Leeds,True,3.0,1,0.0,0.0,0.0,0.0,0.0,UNAVAILABLE,u,0.0,0.408,0.0,0.0,5,5,3,previous_completed_gw_points_mean_v1,True,6,2026-27
29,M.Bizot,GKP,Aston Villa,4.5,Brentford,True,3.0,1,0.0,18.0,0.0,0.2,0.0,UNAVAILABLE,i,0.0,0.554,0.0,0.0,5,5,3,previous_completed_gw_points_mean_v1,True,6,2026-27
30,Digne,DEF,Aston Villa,4.5,Brentford,True,3.0,1,0.0,0.0,0.0,0.0,0.0,UNAVAILABLE,u,0.0,0.2,0.0,0.0,5,5,3,previous_completed_gw_points_mean_v1,True,6,2026-27
34,Pau,DEF,Aston Villa,4.4,Brentford,True,3.0,1,0.0,36.4,0.0,0.404,0.0,UNAVAILABLE,i,0.0,0.88,0.0,0.0,5,5,3,previous_completed_gw_points_mean_v1,True,6,2026-27
36,Maatsen,DEF,Aston Villa,4.4,Brentford,True,3.0,1,0.0,70.5,0.0,0.783,0.0,UNAVAILABLE,i,0.0,2.081,0.0,0.0,5,5,3,previous_completed_gw_points_mean_v1,True,6,2026-27
39,Nedeljkovic,DEF,Aston Villa,4.0,Brentford,True,3.0,1,0.0,0.0,0.0,0.0,0.0,UNAVAILABLE,u,0.0,0.051,0.0,0.0,5,5,3,previous_completed_gw_points_mean_v1,True,6,2026-27
44,Bailey,MID,Aston Villa,5.4,Brentford,True,3.0,1,0.0,0.0,0.0,0.0,0.0,UNAVAILABLE,u,0.0,0.223,0.0,0.0,5,5,3,previous_completed_gw_points_mean_v1,True,6,2026-27
48,Onana,MID,Aston Villa,4.9,Brentford,True,3.0,1,0.0,0.0,0.0,0.0,0.0,UNAVAILABLE,i,0.0,0.092,0.0,0.0,5,5,3,previous_completed_gw_points_mean_v1,True,6,2026-27
49,Iling Jr,MID,Aston Villa,5.0,Brentford,True,3.0,1,0.0,0.0,0.0,0.0,0.0,UNAVAILABLE,u,0.0,0.223,0.0,0.0,5,5,3,previous_completed_gw_points_mean_v1,True,6,2026-27
55,Watkins,FWD,Aston Villa,7.8,Brentford,True,3.0,1,0.0,0.0,0.0,0.0,0.0,UNAVAILABLE,u,0.0,0.756,0.0,0.0,5,5,3,previous_completed_gw_points_mean_v1,True,6,2026-27
59,Dennis,GKP,Bournemouth,4.0,Chelsea,False,4.0,1,0.0,0.0,0.0,0.0,0.0,UNAVAILABLE,u,0.0,0.043,0.0,0.0,5,5,3,previous_completed_gw_points_mean_v1,True,6,2026-27
63,Milosavljević,DEF,Bournemouth,4.9,Chelsea,False,4.0,1,0.0,0.0,0.0,0.0,0.0,UNAVAILABLE,i,0.0,0.161,0.0,0.0,5,5,3,previous_completed_gw_points_mean_v1,True,6,2026-27
65,J.Araujo,DEF,Bournemouth,4.4,Chelsea,False,4.0,1,0.0,0.0,0.0,0.0,0.0,UNAVAILABLE,i,0.0,0.105,0.0,0.0,5,5,3,previous_completed_gw_points_mean_v1,True,6,2026-27
70,Kluivert,MID,Bournemouth,6.0,Chelsea,False,4.0,1,0.0,68.0,0.0,0.756,0.0,UNAVAILABLE,i,0.0,2.426,0.0,0.0,5,5,3,previous_completed_gw_points_mean_v1,True,6,2026-27
77,Adli,MID,Bournemouth,4.9,Chelsea,False,4.0,1,0.0,0.0,0.0,0.0,0.0,UNAVAILABLE,i,0.0,0.087,0.0,0.0,5,5,3,previous_completed_gw_points_mean_v1,True,6,2026-27
78,Kroupi.Jr,MID,Bournemouth,7.4,Chelsea,False,4.0,1,0.0,0.0,0.0,0.0,0.0,UNAVAILABLE,i,0.0,0.585,0.0,0.0,5,5,3,previous_completed_gw_points_mean_v1,True,6,2026-27
80,Enes Ünal,FWD,Bournemouth,5.5,Chelsea,False,4.0,1,0.0,0.0,0.0,0.0,0.0,UNAVAILABLE,u,0.0,0.427,0.0,0.0,5,5,3,previous_completed_gw_points_mean_v1,True,6,2026-27
84,Collins,DEF,Brentford,5.4,Aston Villa,False,3.0,1,0.0,37.0,0.0,0.411,0.0,UNAVAILABLE,i,0.0,1.257,0.0,0.0,5,5,3,previous_completed_gw_points_mean_v1,True,6,2026-27
85,Van den Berg,DEF,Brentford,4.9,Aston Villa,False,3.0,1,0.0,0.0,0.0,0.0,0.0,UNAVAILABLE,i,0.0,0.205,0.0,0.0,5,5,3,previous_completed_gw_points_mean_v1,True,6,2026-27
97,Jensen,MID,Brentford,5.4,Aston Villa,False,3.0,1,0.0,16.6,0.0,0.184,0.0,UNAVAILABLE,i,0.0,0.543,0.0,0.0,5,5,3,previous_completed_gw_points_mean_v1,True,6,2026-27
99,Milambo,MID,Brentford,5.0,Aston Villa,False,3.0,1,0.0,0.0,0.0,0.0,0.0,UNAVAILABLE,i,0.0,0.218,0.0,0.0,5,5,3,previous_completed_gw_points_mean_v1,True,6,2026-27
103,Dasilva,MID,Brentford,4.9,Aston Villa,False,3.0,1,0.0,0.0,0.0,0.0,0.0,UNAVAILABLE,i,0.0,0.087,0.0,0.0,5,5,3,previous_completed_gw_points_mean_v1,True,6,2026-27
107,Furo,FWD,Brentford,4.5,Aston Villa,False,3.0,1,0.0,0.0,0.0,0.0,0.0,UNAVAILABLE,i,0.0,0.05,0.0,0.0,5,5,3,previous_completed_gw_points_mean_v1,True,6,2026-27
118,Igor,DEF,Brighton,4.5,Sunderland,False,3.0,1,0.0,0.0,0.0,0.0,0.0,UNAVAILABLE,u,0.0,0.195,0.0,0.0,5,5,3,previous_completed_gw_points_mean_v1,True,6,2026-27
121,Mitoma,MID,Brighton,5.9,Sunderland,False,3.0,1,0.0,0.0,0.0,0.0,0.0,UNAVAILABLE,i,0.0,0.415,0.0,0.0,5,5,3,previous_completed_gw_points_mean_v1,True,6,2026-27
122,Minteh,MID,Brighton,5.8,Sunderland,False,3.0,1,0.0,0.0,0.0,0.0,0.0,UNAVAILABLE,i,0.0,0.415,0.0,0.0,5,5,3,previous_completed_gw_points_mean_v1,True,6,2026-27
123,Hinshelwood,MID,Brighton,5.9,Sunderland,False,3.0,1,0.0,16.4,0.0,0.182,0.0,UNAVAILABLE,i,0.0,0.841,0.0,0.0,5,5,3,previous_completed_gw_points_mean_v1,True,6,2026-27
128,Buonanotte,MID,Brighton,5.0,Sunderland,False,3.0,1,0.0,0.0,0.0,0.0,0.0,UNAVAILABLE,u,0.0,0.218,0.0,0.0,5,5,3,previous_completed_gw_points_mean_v1,True,6,2026-27
130,Wieffer,DEF,Brighton,4.9,Sunderland,False,3.0,1,0.0,34.6,0.0,0.384,0.0,UNAVAILABLE,i,0.0,0.791,0.0,0.0,5,5,3,previous_completed_gw_points_mean_v1,True,6,2026-27
132,Howell,MID,Brighton,4.5,Sunderland,False,3.0,1,0.0,0.0,0.0,0.0,0.0,UNAVAILABLE,u,0.0,0.061,0.0,0.0,5,5,3,previous_completed_gw_points_mean_v1,True,6,2026-27
133,Watson,MID,Brighton,5.0,Sunderland,False,3.0,1,0.0,0.0,0.0,0.0,0.0,UNAVAILABLE,u,0.0,0.218,0.0,0.0,5,5,3,previous_completed_gw_points_mean_v1,True,6,2026-27
135,Yohanna,MID,Brighton,4.8,Sunderland,False,3.0,1,0.0,1.8,0.0,0.02,0.0,UNAVAILABLE,i,0.0,0.323,0.0,0.0,5,5,3,previous_completed_gw_points_mean_v1,True,6,2026-27
137,Tzimas,FWD,Brighton,5.4,Sunderland,False,3.0,1,0.0,0.0,0.0,0.0,0.0,UNAVAILABLE,i,0.0,0.198,0.0,0.0,5,5,3,previous_completed_gw_points_mean_v1,True,6,2026-27
139,Ferguson,FWD,Brighton,5.0,Sunderland,False,3.0,1,0.0,0.0,0.0,0.0,0.0,UNAVAILABLE,i,0.0,0.198,0.0,0.0,5,5,3,previous_completed_gw_points_mean_v1,True,6,2026-27
140,Sánchez,GKP,Chelsea,4.9,Bournemouth,True,3.0,1,0.0,18.0,0.0,0.2,0.0,UNAVAILABLE,u,0.0,0.598,0.0,0.0,5,5,3,previous_completed_gw_points_mean_v1,True,6,2026-27
141,Jörgensen,GKP,Chelsea,5.0,Bournemouth,True,3.0,1,0.0,0.0,0.0,0.0,0.0,UNAVAILABLE,u,0.0,0.623,0.0,0.0,5,5,3,previous_completed_gw_points_mean_v1,True,6,2026-27
143,Chalobah,DEF,Chelsea,5.5,Bournemouth,True,3.0,1,0.0,0.0,0.0,0.0,0.0,UNAVAILABLE,u,0.0,1.189,0.0,0.0,5,5,3,previous_completed_gw_points_mean_v1,True,6,2026-27
146,B.Badiashile,DEF,Chelsea,4.5,Bournemouth,True,3.0,1,0.0,0.0,0.0,0.0,0.0,UNAVAILABLE,u,0.0,0.2,0.0,0.0,5,5,3,previous_completed_gw_points_mean_v1,True,6,2026-27
150,M.Sarr,DEF,Chelsea,4.5,Bournemouth,True,3.0,1,0.0,0.0,0.0,0.0,0.0,UNAVAILABLE,u,0.0,0.2,0.0,0.0,5,5,3,previous_completed_gw_points_mean_v1,True,6,2026-27
153,Disasi,DEF,Crystal Palace,4.5,Nott'm Forest,True,3.0,1,0.0,20.9,0.0,0.232,0.0,UNAVAILABLE,s,0.0,1.078,0.0,0.0,5,5,3,previous_completed_gw_points_mean_v1,True,6,2026-27
163,D.Essugo,MID,Chelsea,4.5,Bournemouth,True,3.0,1,0.0,0.0,0.0,0.0,0.0,UNAVAILABLE,u,0.0,0.066,0.0,0.0,5,5,3,previous_completed_gw_points_mean_v1,True,6,2026-27
168,Marc Guiu,FWD,Chelsea,5.0,Bournemouth,True,3.0,1,0.0,0.0,0.0,0.0,0.0,UNAVAILABLE,u,0.0,0.204,0.0,0.0,5,5,3,previous_completed_gw_points_mean_v1,True,6,2026-27
170,Emegha,FWD,Chelsea,4.9,Bournemouth,True,3.0,1,0.0,0.0,0.0,0.0,0.0,UNAVAILABLE,i,0.0,0.074,0.0,0.0,5,5,3,previous_completed_gw_points_mean_v1,True,6,2026-27
171,Dovin,GKP,Coventry City,4.0,Newcastle,True,3.0,1,0.0,0.0,0.0,0.0,0.0,UNAVAILABLE,u,0.0,0.048,0.0,0.0,5,5,3,previous_completed_gw_points_mean_v1,True,6,2026-27
174,Kitching,DEF,Coventry City,4.0,Newcastle,True,3.0,1,0.0,0.0,0.0,0.0,0.0,UNAVAILABLE,u,0.0,0.051,0.0,0.0,5,5,3,previous_completed_gw_points_mean_v1,True,6,2026-27
177,Kesler-Hayden,DEF,Coventry City,3.9,Newcastle,True,3.0,1,0.0,0.0,0.0,0.0,0.0,UNAVAILABLE,i,0.0,0.051,0.0,0.0,5,5,3,previous_completed_gw_points_mean_v1,True,6,2026-27
180,Woolfenden,DEF,Coventry City,3.9,Newcastle,True,3.0,1,0.0,0.0,0.0,0.0,0.0,UNAVAILABLE,i,0.0,0.051,0.0,0.0,5,5,3,previous_completed_gw_points_mean_v1,True,6,2026-27
181,Brau,DEF,Coventry City,4.0,Newcastle,True,3.0,1,0.0,0.0,0.0,0.0,0.0,UNAVAILABLE,u,0.0,0.051,0.0,0.0,5,5,3,previous_completed_gw_points_mean_v1,True,6,2026-27
182,Amenda,DEF,Coventry City,4.0,Newcastle,True,3.0,1,0.0,72.0,0.0,0.8,0.0,UNAVAILABLE,i,0.0,1.402,0.0,0.0,5,5,3,previous_completed_gw_points_mean_v1,True,6,2026-27
187,Eccles,MID,Coventry City,4.8,Newcastle,True,3.0,1,0.0,0.0,0.0,0.0,0.0,UNAVAILABLE,i,0.0,0.092,0.0,0.0,5,5,3,previous_completed_gw_points_mean_v1,True,6,2026-27
191,Borges Rodrigues,MID,Coventry City,4.5,Newcastle,True,3.0,1,0.0,0.0,0.0,0.0,0.0,UNAVAILABLE,u,0.0,0.066,0.0,0.0,5,5,3,previous_completed_gw_points_mean_v1,True,6,2026-27
192,Andrews,MID,Coventry City,4.5,Newcastle,True,3.0,1,0.0,0.0,0.0,0.0,0.0,UNAVAILABLE,u,0.0,0.066,0.0,0.0,5,5,3,previous_completed_gw_points_mean_v1,True,6,2026-27
193,Wright,FWD,Coventry City,5.3,Newcastle,True,3.0,1,0.0,0.0,0.0,0.0,0.0,UNAVAILABLE,i,0.0,0.204,0.0,0.0,5,5,3,previous_completed_gw_points_mean_v1,True,6,2026-27
196,Markelo,FWD,Coventry City,5.0,Newcastle,True,3.0,1,0.0,0.0,0.0,0.0,0.0,UNAVAILABLE,u,0.0,0.204,0.0,0.0,5,5,3,previous_completed_gw_points_mean_v1,True,6,2026-27
197,Bassette,FWD,Coventry City,4.5,Newcastle,True,3.0,1,0.0,0.0,0.0,0.0,0.0,UNAVAILABLE,u,0.0,0.055,0.0,0.0,5,5,3,previous_completed_gw_points_mean_v1,True,6,2026-27
198,Henderson,GKP,Crystal Palace,4.9,Nott'm Forest,True,3.0,1,0.0,54.0,0.0,0.6,0.0,UNAVAILABLE,i,0.0,1.518,0.0,0.0,5,5,3,previous_completed_gw_points_mean_v1,True,6,2026-27
205,Sosa,DEF,Crystal Palace,4.5,Nott'm Forest,True,3.0,1,0.0,0.0,0.0,0.0,0.0,UNAVAILABLE,u,0.0,0.2,0.0,0.0,5,5,3,previous_completed_gw_points_mean_v1,True,6,2026-27
206,Chadi Riad,DEF,Crystal Palace,4.3,Nott'm Forest,True,3.0,1,0.0,16.9,0.0,0.188,0.0,UNAVAILABLE,i,0.0,0.382,0.0,0.0,5,5,3,previous_completed_gw_points_mean_v1,True,6,2026-27
215,Devenny,MID,Crystal Palace,5.0,Nott'm Forest,True,3.0,1,0.0,0.0,0.0,0.0,0.0,UNAVAILABLE,u,0.0,0.223,0.0,0.0,5,5,3,previous_completed_gw_points_mean_v1,True,6,2026-27
216,Esse,MID,Crystal Palace,5.0,Nott'm Forest,True,3.0,1,0.0,0.0,0.0,0.0,0.0,UNAVAILABLE,u,0.0,0.223,0.0,0.0,5,5,3,previous_completed_gw_points_mean_v1,True,6,2026-27
217,M.França,MID,Crystal Palace,4.9,Nott'm Forest,True,3.0,1,0.0,0.0,0.0,0.0,0.0,UNAVAILABLE,u,0.0,0.092,0.0,0.0,5,5,3,previous_completed_gw_points_mean_v1,True,6,2026-27
219,J.Rak-Sakyi,MID,Crystal Palace,4.9,Nott'm Forest,True,3.0,1,0.0,0.0,0.0,0.0,0.0,UNAVAILABLE,u,0.0,0.092,0.0,0.0,5,5,3,previous_completed_gw_points_mean_v1,True,6,2026-27
220,Cardines,DEF,Crystal Palace,4.5,Nott'm Forest,True,3.0,1,0.0,0.0,0.0,0.0,0.0,UNAVAILABLE,u,0.0,0.2,0.0,0.0,5,5,3,previous_completed_gw_points_mean_v1,True,6,2026-27
223,Mateta,FWD,Crystal Palace,6.3,Nott'm Forest,True,3.0,1,0.0,16.3,0.0,0.181,0.0,UNAVAILABLE,i,0.0,0.961,0.0,0.0,5,5,3,previous_completed_gw_points_mean_v1,True,6,2026-27
225,Uche,FWD,Crystal Palace,5.0,Nott'm Forest,True,3.0,1,0.0,0.0,0.0,0.0,0.0,UNAVAILABLE,u,0.0,0.204,0.0,0.0,5,5,3,previous_completed_gw_points_mean_v1,True,6,2026-27
234,Patterson,DEF,Everton,4.5,Hull City,False,2.0,1,0.0,0.0,0.0,0.0,0.0,UNAVAILABLE,u,0.0,0.299,0.0,0.0,5,5,3,previous_completed_gw_points_mean_v1,True,6,2026-27
235,Aznou,DEF,Everton,4.0,Hull City,False,2.0,1,0.0,0.0,0.0,0.0,0.0,UNAVAILABLE,u,0.0,0.046,0.0,0.0,5,5,3,previous_completed_gw_points_mean_v1,True,6,2026-27
246,Röhl,MID,Everton,4.9,Hull City,False,2.0,1,0.0,52.7,0.0,0.586,0.0,UNAVAILABLE,i,0.0,1.042,0.0,0.0,5,5,3,previous_completed_gw_points_mean_v1,True,6,2026-27
248,Beto,FWD,Everton,5.4,Hull City,False,2.0,1,0.0,4.7,0.0,0.052,0.0,UNAVAILABLE,u,0.0,0.401,0.0,0.0,5,5,3,previous_completed_gw_points_mean_v1,True,6,2026-27
252,McNally,GKP,Fulham,4.0,Ipswich Town,False,2.0,1,0.0,0.0,0.0,0.0,0.0,UNAVAILABLE,u,0.0,0.043,0.0,0.0,5,5,3,previous_completed_gw_points_mean_v1,True,6,2026-27
260,Wilson,MID,Leeds,6.2,Arsenal,False,5.0,1,0.0,21.3,0.0,0.237,0.0,UNAVAILABLE,i,0.0,0.984,0.0,0.0,5,5,3,previous_completed_gw_points_mean_v1,True,6,2026-27
266,Cairney,MID,Fulham,4.9,Ipswich Town,False,2.0,1,0.0,0.0,0.0,0.0,0.0,UNAVAILABLE,i,0.0,0.099,0.0,0.0,5,5,3,previous_completed_gw_points_mean_v1,True,6,2026-27
274,Butland,GKP,Hull City,4.4,Everton,True,3.0,1,0.0,0.0,0.0,0.0,0.0,UNAVAILABLE,i,0.0,0.082,0.0,0.0,5,5,3,previous_completed_gw_points_mean_v1,True,6,2026-27
275,Cartwright,GKP,Hull City,4.0,Everton,True,3.0,1,0.0,0.0,0.0,0.0,0.0,UNAVAILABLE,u,0.0,0.048,0.0,0.0,5,5,3,previous_completed_gw_points_mean_v1,True,6,2026-27
276,Lo-Tutala,GKP,Hull City,4.0,Everton,True,3.0,1,0.0,0.0,0.0,0.0,0.0,UNAVAILABLE,u,0.0,0.048,0.0,0.0,5,5,3,previous_completed_gw_points_mean_v1,True,6,2026-27
278,Hughes,DEF,Hull City,3.9,Everton,True,3.0,1,0.0,0.0,0.0,0.0,0.0,UNAVAILABLE,i,0.0,0.051,0.0,0.0,5,5,3,previous_completed_gw_points_mean_v1,True,6,2026-27
281,Drameh,DEF,Hull City,4.0,Everton,True,3.0,1,0.0,9.8,0.0,0.109,0.0,UNAVAILABLE,u,0.0,0.288,0.0,0.0,5,5,3,previous_completed_gw_points_mean_v1,True,6,2026-27
283,Jacob,DEF,Hull City,4.0,Everton,True,3.0,1,0.0,0.0,0.0,0.0,0.0,UNAVAILABLE,u,0.0,0.051,0.0,0.0,5,5,3,previous_completed_gw_points_mean_v1,True,6,2026-27
287,Millar,MID,Hull City,5.0,Everton,True,3.0,1,0.0,7.5,0.0,0.083,0.0,UNAVAILABLE,u,0.0,0.5,0.0,0.0,5,5,3,previous_completed_gw_points_mean_v1,True,6,2026-27
291,Matazo,MID,Hull City,4.5,Everton,True,3.0,1,0.0,0.0,0.0,0.0,0.0,UNAVAILABLE,i,0.0,0.066,0.0,0.0,5,5,3,previous_completed_gw_points_mean_v1,True,6,2026-27
293,Kamara,MID,Hull City,5.0,Everton,True,3.0,1,0.0,0.0,0.0,0.0,0.0,UNAVAILABLE,u,0.0,0.223,0.0,0.0,5,5,3,previous_completed_gw_points_mean_v1,True,6,2026-27
296,Akintola,MID,Hull City,5.0,Everton,True,3.0,1,0.0,0.0,0.0,0.0,0.0,UNAVAILABLE,u,0.0,0.223,0.0,0.0,5,5,3,previous_completed_gw_points_mean_v1,True,6,2026-27
297,Gyabi,MID,Hull City,4.4,Everton,True,3.0,1,0.0,0.0,0.0,0.0,0.0,UNAVAILABLE,i,0.0,0.066,0.0,0.0,5,5,3,previous_completed_gw_points_mean_v1,True,6,2026-27
298,Destan,FWD,Hull City,4.5,Everton,True,3.0,1,0.0,0.0,0.0,0.0,0.0,UNAVAILABLE,u,0.0,0.055,0.0,0.0,5,5,3,previous_completed_gw_points_mean_v1,True,6,2026-27
299,Burstow,FWD,Hull City,4.5,Everton,True,3.0,1,0.0,0.0,0.0,0.0,0.0,UNAVAILABLE,u,0.0,0.055,0.0,0.0,5,5,3,previous_completed_gw_points_mean_v1,True,6,2026-27
307,Johnson,DEF,Ipswich Town,4.0,Fulham,True,2.0,1,0.0,0.0,0.0,0.0,0.0,UNAVAILABLE,u,0.0,0.051,0.0,0.0,5,5,3,previous_completed_gw_points_mean_v1,True,6,2026-27
311,Burns,MID,Ipswich Town,5.0,Fulham,True,2.0,1,0.0,0.0,0.0,0.0,0.0,UNAVAILABLE,u,0.0,0.236,0.0,0.0,5,5,3,previous_completed_gw_points_mean_v1,True,6,2026-27
312,Taylor,MID,Ipswich Town,4.4,Fulham,True,2.0,1,0.0,0.0,0.0,0.0,0.0,UNAVAILABLE,i,0.0,0.066,0.0,0.0,5,5,3,previous_completed_gw_points_mean_v1,True,6,2026-27
314,Ogbene,MID,Ipswich Town,4.9,Fulham,True,2.0,1,0.0,0.0,0.0,0.0,0.0,UNAVAILABLE,u,0.0,0.105,0.0,0.0,5,5,3,previous_completed_gw_points_mean_v1,True,6,2026-27
315,Fatawu,MID,Ipswich Town,5.4,Fulham,True,2.0,1,0.0,84.1,0.0,0.934,0.0,UNAVAILABLE,s,0.0,2.261,0.0,0.0,5,5,3,previous_completed_gw_points_mean_v1,True,6,2026-27
317,Hirst,FWD,Ipswich Town,5.0,Fulham,True,2.0,1,0.0,0.0,0.0,0.0,0.0,UNAVAILABLE,u,0.0,0.216,0.0,0.0,5,5,3,previous_completed_gw_points_mean_v1,True,6,2026-27
319,Szmodics,MID,Ipswich Town,5.0,Fulham,True,2.0,1,0.0,0.0,0.0,0.0,0.0,UNAVAILABLE,u,0.0,0.236,0.0,0.0,5,5,3,previous_completed_gw_points_mean_v1,True,6,2026-27
322,Al-Hamadi,FWD,Ipswich Town,5.0,Fulham,True,2.0,1,0.0,0.0,0.0,0.0,0.0,UNAVAILABLE,u,0.0,0.216,0.0,0.0,5,5,3,previous_completed_gw_points_mean_v1,True,6,2026-27
326,Perri,GKP,Leeds,4.5,Arsenal,False,5.0,1,0.0,0.0,0.0,0.0,0.0,UNAVAILABLE,u,0.0,0.099,0.0,0.0,5,5,3,previous_completed_gw_points_mean_v1,True,6,2026-27
329,Rodon,DEF,Leeds,4.3,Arsenal,False,5.0,1,0.0,20.0,0.0,0.222,0.0,UNAVAILABLE,i,0.0,0.382,0.0,0.0,5,5,3,previous_completed_gw_points_mean_v1,True,6,2026-27
333,Bornauw,DEF,Leeds,4.5,Arsenal,False,5.0,1,0.0,0.0,0.0,0.0,0.0,UNAVAILABLE,u,0.0,0.132,0.0,0.0,5,5,3,previous_completed_gw_points_mean_v1,True,6,2026-27
341,Gnonto,MID,Leeds,5.0,Arsenal,False,5.0,1,0.0,0.0,0.0,0.0,0.0,UNAVAILABLE,u,0.0,0.193,0.0,0.0,5,5,3,previous_completed_gw_points_mean_v1,True,6,2026-27
342,Harrison,MID,Leeds,5.0,Arsenal,False,5.0,1,0.0,0.0,0.0,0.0,0.0,UNAVAILABLE,u,0.0,0.193,0.0,0.0,5,5,3,previous_completed_gw_points_mean_v1,True,6,2026-27
348,Piroe,FWD,Leeds,5.0,Arsenal,False,5.0,1,0.0,0.0,0.0,0.0,0.0,UNAVAILABLE,u,0.0,0.175,0.0,0.0,5,5,3,previous_completed_gw_points_mean_v1,True,6,2026-27
349,Mateo Joseph,FWD,Leeds,4.5,Arsenal,False,5.0,1,0.0,0.0,0.0,0.0,0.0,UNAVAILABLE,i,0.0,0.028,0.0,0.0,5,5,3,previous_completed_gw_points_mean_v1,True,6,2026-27
353,Pecsi,GKP,Liverpool,4.0,Man City,True,4.0,1,0.0,0.0,0.0,0.0,0.0,UNAVAILABLE,u,0.0,0.048,0.0,0.0,5,5,3,previous_completed_gw_points_mean_v1,True,6,2026-27
354,Jaros,GKP,Liverpool,4.0,Man City,True,4.0,1,0.0,0.0,0.0,0.0,0.0,UNAVAILABLE,i,0.0,0.048,0.0,0.0,5,5,3,previous_completed_gw_points_mean_v1,True,6,2026-27
360,Bradley,DEF,Liverpool,5.0,Man City,True,4.0,1,0.0,0.0,0.0,0.0,0.0,UNAVAILABLE,i,0.0,0.549,0.0,0.0,5,5,3,previous_completed_gw_points_mean_v1,True,6,2026-27
363,Leoni,DEF,Liverpool,4.0,Man City,True,4.0,1,0.0,0.0,0.0,0.0,0.0,UNAVAILABLE,i,0.0,0.051,0.0,0.0,5,5,3,previous_completed_gw_points_mean_v1,True,6,2026-27
365,Ramsay,DEF,Liverpool,4.0,Man City,True,4.0,1,0.0,0.0,0.0,0.0,0.0,UNAVAILABLE,u,0.0,0.051,0.0,0.0,5,5,3,previous_completed_gw_points_mean_v1,True,6,2026-27
370,Chiesa,MID,Liverpool,5.3,Man City,True,4.0,1,0.0,0.0,0.0,0.0,0.0,UNAVAILABLE,i,0.0,0.223,0.0,0.0,5,5,3,previous_completed_gw_points_mean_v1,True,6,2026-27
373,C.Jones,MID,Liverpool,5.5,Man City,True,4.0,1,0.0,0.0,0.0,0.0,0.0,UNAVAILABLE,u,0.0,0.489,0.0,0.0,5,5,3,previous_completed_gw_points_mean_v1,True,6,2026-27
376,Bajcetic,MID,Liverpool,5.0,Man City,True,4.0,1,0.0,0.0,0.0,0.0,0.0,UNAVAILABLE,u,0.0,0.223,0.0,0.0,5,5,3,previous_completed_gw_points_mean_v1,True,6,2026-27
380,Ekitiké,FWD,Liverpool,7.4,Man City,True,4.0,1,0.0,0.0,0.0,0.0,0.0,UNAVAILABLE,i,0.0,0.53,0.0,0.0,5,5,3,previous_completed_gw_points_mean_v1,True,6,2026-27
383,Elliott,MID,Liverpool,5.4,Man City,True,4.0,1,0.0,0.0,0.0,0.0,0.0,UNAVAILABLE,u,0.0,0.223,0.0,0.0,5,5,3,previous_completed_gw_points_mean_v1,True,6,2026-27
394,Alleyne,DEF,Man City,5.0,Liverpool,False,4.0,1,0.0,0.0,0.0,0.0,0.0,UNAVAILABLE,u,0.0,0.543,0.0,0.0,5,5,3,previous_completed_gw_points_mean_v1,True,6,2026-27
398,Foden,MID,Man City,6.9,Liverpool,False,4.0,1,0.0,38.2,0.0,0.424,0.0,UNAVAILABLE,s,0.0,0.844,0.0,0.0,5,5,3,previous_completed_gw_points_mean_v1,True,6,2026-27
402,Rodrigo,MID,Man City,6.5,Liverpool,False,4.0,1,0.0,0.0,0.0,0.0,0.0,UNAVAILABLE,u,0.0,0.549,0.0,0.0,5,5,3,previous_completed_gw_points_mean_v1,True,6,2026-27
404,Reijnders,MID,Man City,6.0,Liverpool,False,4.0,1,0.0,0.0,0.0,0.0,0.0,UNAVAILABLE,u,0.0,0.553,0.0,0.0,5,5,3,previous_completed_gw_points_mean_v1,True,6,2026-27
407,Echeverri,MID,Man City,4.9,Liverpool,False,4.0,1,0.0,0.0,0.0,0.0,0.0,UNAVAILABLE,u,0.0,0.087,0.0,0.0,5,5,3,previous_completed_gw_points_mean_v1,True,6,2026-27
408,Phillips,MID,Man City,5.0,Liverpool,False,4.0,1,0.0,0.0,0.0,0.0,0.0,UNAVAILABLE,u,0.0,0.218,0.0,0.0,5,5,3,previous_completed_gw_points_mean_v1,True,6,2026-27
409,Mukasa,MID,Man City,4.5,Liverpool,False,4.0,1,0.0,0.0,0.0,0.0,0.0,UNAVAILABLE,u,0.0,0.061,0.0,0.0,5,5,3,previous_completed_gw_points_mean_v1,True,6,2026-27
410,Monga,MID,Man City,4.9,Liverpool,False,4.0,1,0.0,0.0,0.0,0.0,0.0,UNAVAILABLE,u,0.0,0.087,0.0,0.0,5,5,3,previous_completed_gw_points_mean_v1,True,6,2026-27
413,Bayindir,GKP,Man Utd,4.5,Spurs,True,2.0,1,0.0,0.0,0.0,0.0,0.0,UNAVAILABLE,u,0.0,0.159,0.0,0.0,5,5,3,previous_completed_gw_points_mean_v1,True,6,2026-27
414,Heaton,GKP,Man Utd,4.0,Spurs,True,2.0,1,0.0,0.0,0.0,0.0,0.0,UNAVAILABLE,i,0.0,0.048,0.0,0.0,5,5,3,previous_completed_gw_points_mean_v1,True,6,2026-27
416,De Ligt,DEF,Man Utd,5.0,Spurs,True,2.0,1,0.0,0.0,0.0,0.0,0.0,UNAVAILABLE,i,0.0,0.819,0.0,0.0,5,5,3,previous_completed_gw_points_mean_v1,True,6,2026-27
425,Fredricson,DEF,Man Utd,4.0,Spurs,True,2.0,1,0.0,0.0,0.0,0.0,0.0,UNAVAILABLE,u,0.0,0.051,0.0,0.0,5,5,3,previous_completed_gw_points_mean_v1,True,6,2026-27
431,Amad,MID,Man Utd,5.7,Spurs,True,2.0,1,0.0,0.0,0.0,0.0,0.0,UNAVAILABLE,i,0.0,0.447,0.0,0.0,5,5,3,previous_completed_gw_points_mean_v1,True,6,2026-27
433,Ugarte,MID,Man Utd,5.0,Spurs,True,2.0,1,0.0,0.0,0.0,0.0,0.0,UNAVAILABLE,i,0.0,0.236,0.0,0.0,5,5,3,previous_completed_gw_points_mean_v1,True,6,2026-27
436,Collyer,MID,Man Utd,5.0,Spurs,True,2.0,1,0.0,0.0,0.0,0.0,0.0,UNAVAILABLE,u,0.0,0.236,0.0,0.0,5,5,3,previous_completed_gw_points_mean_v1,True,6,2026-27
441,Obi,FWD,Man Utd,4.5,Spurs,True,2.0,1,0.0,0.0,0.0,0.0,0.0,UNAVAILABLE,u,0.0,0.056,0.0,0.0,5,5,3,previous_completed_gw_points_mean_v1,True,6,2026-27
448,Burn,DEF,Newcastle,4.8,Coventry City,False,2.0,1,0.0,0.0,0.0,0.0,0.0,UNAVAILABLE,i,0.0,0.379,0.0,0.0,5,5,3,previous_completed_gw_points_mean_v1,True,6,2026-27
451,A.Murphy,DEF,Newcastle,4.0,Coventry City,False,2.0,1,0.0,0.0,0.0,0.0,0.0,UNAVAILABLE,u,0.0,0.046,0.0,0.0,5,5,3,previous_completed_gw_points_mean_v1,True,6,2026-27
454,Elanga,MID,Newcastle,6.1,Coventry City,False,2.0,1,0.0,51.7,0.0,0.574,0.0,UNAVAILABLE,i,0.0,1.517,0.0,0.0,5,5,3,previous_completed_gw_points_mean_v1,True,6,2026-27
456,J.Ramsey,MID,Newcastle,4.9,Coventry City,False,2.0,1,0.0,10.4,0.0,0.116,0.0,UNAVAILABLE,i,0.0,1.561,0.0,0.0,5,5,3,previous_completed_gw_points_mean_v1,True,6,2026-27
458,Joelinton,MID,Newcastle,5.4,Coventry City,False,2.0,1,0.0,0.0,0.0,0.0,0.0,UNAVAILABLE,i,0.0,0.239,0.0,0.0,5,5,3,previous_completed_gw_points_mean_v1,True,6,2026-27
463,Woltemade,FWD,Newcastle,5.9,Coventry City,False,2.0,1,0.0,2.8,0.0,0.031,0.0,UNAVAILABLE,u,0.0,0.624,0.0,0.0,5,5,3,previous_completed_gw_points_mean_v1,True,6,2026-27
465,Osula,FWD,Newcastle,5.8,Coventry City,False,2.0,1,0.0,8.2,0.0,0.091,0.0,UNAVAILABLE,i,0.0,0.662,0.0,0.0,5,5,3,previous_completed_gw_points_mean_v1,True,6,2026-27
466,Neave,FWD,Newcastle,4.5,Coventry City,False,2.0,1,0.0,0.0,0.0,0.0,0.0,UNAVAILABLE,u,0.0,0.051,0.0,0.0,5,5,3,previous_completed_gw_points_mean_v1,True,6,2026-27
470,Morato,DEF,Nott'm Forest,5.0,Crystal Palace,False,3.0,1,0.0,0.0,0.0,0.0,0.0,UNAVAILABLE,u,0.0,0.57,0.0,0.0,5,5,3,previous_completed_gw_points_mean_v1,True,6,2026-27
471,Milenković,DEF,Nott'm Forest,5.4,Crystal Palace,False,3.0,1,0.0,54.0,0.0,0.6,0.0,UNAVAILABLE,i,0.0,2.112,0.0,0.0,5,5,3,previous_completed_gw_points_mean_v1,True,6,2026-27
475,Savona,DEF,Nott'm Forest,4.5,Crystal Palace,False,3.0,1,0.0,0.0,0.0,0.0,0.0,UNAVAILABLE,i,0.0,0.195,0.0,0.0,5,5,3,previous_completed_gw_points_mean_v1,True,6,2026-27
477,Abbott,DEF,Nott'm Forest,4.0,Crystal Palace,False,3.0,1,0.0,0.0,0.0,0.0,0.0,UNAVAILABLE,u,0.0,0.045,0.0,0.0,5,5,3,previous_completed_gw_points_mean_v1,True,6,2026-27
479,Bindon,DEF,Nott'm Forest,4.0,Crystal Palace,False,3.0,1,0.0,0.0,0.0,0.0,0.0,UNAVAILABLE,u,0.0,0.045,0.0,0.0,5,5,3,previous_completed_gw_points_mean_v1,True,6,2026-27
484,Hutchinson,MID,Nott'm Forest,5.4,Crystal Palace,False,3.0,1,0.0,0.0,0.0,0.0,0.0,UNAVAILABLE,u,0.0,0.218,0.0,0.0,5,5,3,previous_completed_gw_points_mean_v1,True,6,2026-27
485,Bakwa,MID,Nott'm Forest,5.5,Crystal Palace,False,3.0,1,0.0,0.0,0.0,0.0,0.0,UNAVAILABLE,u,0.0,0.491,0.0,0.0,5,5,3,previous_completed_gw_points_mean_v1,True,6,2026-27
492,Awoniyi,FWD,Coventry City,5.4,Newcastle,True,3.0,1,0.0,39.1,0.0,0.434,0.0,UNAVAILABLE,s,0.0,0.781,0.0,0.0,5,5,3,previous_completed_gw_points_mean_v1,True,6,2026-27
494,Vicario,GKP,Spurs,4.5,Man Utd,False,4.0,1,0.0,0.0,0.0,0.0,0.0,UNAVAILABLE,u,0.0,0.129,0.0,0.0,5,5,3,previous_completed_gw_points_mean_v1,True,6,2026-27
500,Romero,DEF,Spurs,5.0,Man Utd,False,4.0,1,0.0,0.0,0.0,0.0,0.0,UNAVAILABLE,u,0.0,0.543,0.0,0.0,5,5,3,previous_completed_gw_points_mean_v1,True,6,2026-27
505,Spence,DEF,Spurs,4.5,Man Utd,False,4.0,1,0.0,0.0,0.0,0.0,0.0,UNAVAILABLE,u,0.0,0.162,0.0,0.0,5,5,3,previous_completed_gw_points_mean_v1,True,6,2026-27
507,Phillips,DEF,Spurs,4.5,Man Utd,False,4.0,1,0.0,0.0,0.0,0.0,0.0,UNAVAILABLE,u,0.0,0.162,0.0,0.0,5,5,3,previous_completed_gw_points_mean_v1,True,6,2026-27
511,Souza,DEF,Spurs,4.0,Man Utd,False,4.0,1,0.0,0.0,0.0,0.0,0.0,UNAVAILABLE,u,0.0,0.045,0.0,0.0,5,5,3,previous_completed_gw_points_mean_v1,True,6,2026-27
513,Xavi,MID,Spurs,5.9,Man Utd,False,4.0,1,0.0,0.0,0.0,0.0,0.0,UNAVAILABLE,i,0.0,0.408,0.0,0.0,5,5,3,previous_completed_gw_points_mean_v1,True,6,2026-27
517,Odobert,MID,Spurs,5.5,Man Utd,False,4.0,1,0.0,0.0,0.0,0.0,0.0,UNAVAILABLE,i,0.0,0.484,0.0,0.0,5,5,3,previous_completed_gw_points_mean_v1,True,6,2026-27
518,P.M.Sarr,MID,Spurs,4.9,Man Utd,False,4.0,1,0.0,0.0,0.0,0.0,0.0,UNAVAILABLE,u,0.0,0.087,0.0,0.0,5,5,3,previous_completed_gw_points_mean_v1,True,6,2026-27
521,Kulusevski,MID,Spurs,6.5,Man Utd,False,4.0,1,0.0,0.0,0.0,0.0,0.0,UNAVAILABLE,i,0.0,0.549,0.0,0.0,5,5,3,previous_completed_gw_points_mean_v1,True,6,2026-27
523,Moore,MID,Spurs,5.0,Man Utd,False,4.0,1,0.0,17.9,0.0,0.199,0.0,UNAVAILABLE,u,0.0,0.551,0.0,0.0,5,5,3,previous_completed_gw_points_mean_v1,True,6,2026-27
527,Richarlison,FWD,Spurs,5.9,Man Utd,False,4.0,1,0.0,16.6,0.0,0.184,0.0,UNAVAILABLE,u,0.0,0.525,0.0,0.0,5,5,3,previous_completed_gw_points_mean_v1,True,6,2026-27
528,Scarlett,FWD,Spurs,4.5,Man Utd,False,4.0,1,0.0,0.0,0.0,0.0,0.0,UNAVAILABLE,u,0.0,0.05,0.0,0.0,5,5,3,previous_completed_gw_points_mean_v1,True,6,2026-27
530,Patterson,GKP,Sunderland,4.0,Brighton,True,3.0,1,0.0,0.0,0.0,0.0,0.0,UNAVAILABLE,u,0.0,0.048,0.0,0.0,5,5,3,previous_completed_gw_points_mean_v1,True,6,2026-27
537,Seelt,DEF,Sunderland,4.5,Brighton,True,3.0,1,0.0,0.0,0.0,0.0,0.0,UNAVAILABLE,u,0.0,0.2,0.0,0.0,5,5,3,previous_completed_gw_points_mean_v1,True,6,2026-27
538,Hjelde,DEF,Sunderland,4.0,Brighton,True,3.0,1,0.0,0.0,0.0,0.0,0.0,UNAVAILABLE,u,0.0,0.051,0.0,0.0,5,5,3,previous_completed_gw_points_mean_v1,True,6,2026-27
540,Masuaku,DEF,Sunderland,4.0,Brighton,True,3.0,1,0.0,0.0,0.0,0.0,0.0,UNAVAILABLE,u,0.0,0.051,0.0,0.0,5,5,3,previous_completed_gw_points_mean_v1,True,6,2026-27
543,Diarra,MID,Sunderland,5.3,Brighton,True,3.0,1,0.0,4.2,0.0,0.047,0.0,UNAVAILABLE,i,0.0,0.378,0.0,0.0,5,5,3,previous_completed_gw_points_mean_v1,True,6,2026-27
546,Adingra,MID,Sunderland,4.9,Brighton,True,3.0,1,0.0,0.0,0.0,0.0,0.0,UNAVAILABLE,u,0.0,0.092,0.0,0.0,5,5,3,previous_completed_gw_points_mean_v1,True,6,2026-27
547,Mundle,MID,Sunderland,4.9,Brighton,True,3.0,1,0.0,0.2,0.0,0.002,0.0,UNAVAILABLE,i,0.0,0.169,0.0,0.0,5,5,3,previous_completed_gw_points_mean_v1,True,6,2026-27
554,Van Oevelen,GKP,Ipswich Town,4.5,Fulham,True,2.0,1,0.0,0.0,0.0,0.0,0.0,UNAVAILABLE,u,0.0,0.159,0.0,0.0,5,5,3,previous_completed_gw_points_mean_v1,True,6,2026-27
563,Morita,MID,Hull City,4.9,Everton,True,3.0,1,0.0,6.8,0.0,0.076,0.0,UNAVAILABLE,i,0.0,0.377,0.0,0.0,5,5,3,previous_completed_gw_points_mean_v1,True,6,2026-27
578,Mudryk,MID,Spurs,5.3,Man Utd,False,4.0,1,0.0,2.4,0.0,0.027,0.0,UNAVAILABLE,i,0.0,0.744,0.0,0.0,5,5,3,previous_completed_gw_points_mean_v1,True,6,2026-27
582,Madjo,FWD,Aston Villa,5.4,Brentford,True,3.0,1,0.0,0.0,0.0,0.0,0.0,UNAVAILABLE,i,0.0,0.204,0.0,0.0,5,5,3,previous_completed_gw_points_mean_v1,True,6,2026-27
593,Dedić,DEF,Newcastle,4.5,Coventry City,False,2.0,1,0.0,57.4,0.0,0.638,0.0,UNAVAILABLE,i,0.0,1.366,0.0,0.0,5,5,3,previous_completed_gw_points_mean_v1,True,6,2026-27
602,Humphreys,MID,Ipswich Town,4.5,Fulham,True,2.0,1,0.0,0.0,0.0,0.0,0.0,UNAVAILABLE,u,0.0,0.067,0.0,0.0,5,5,3,previous_completed_gw_points_mean_v1,True,6,2026-27
607,Lynch,MID,Aston Villa,4.5,Brentford,True,3.0,1,0.0,0.0,0.0,0.0,0.0,UNAVAILABLE,u,0.0,0.066,0.0,0.0,5,5,3,previous_completed_gw_points_mean_v1,True,6,2026-27
609,Shahar,DEF,Newcastle,4.0,Coventry City,False,2.0,1,0.0,0.0,0.0,0.0,0.0,UNAVAILABLE,u,0.0,0.046,0.0,0.0,5,5,3,previous_completed_gw_points_mean_v1,True,6,2026-27
610,De Fougerolles,DEF,Fulham,4.0,Ipswich Town,False,2.0,1,0.0,0.0,0.0,0.0,0.0,UNAVAILABLE,u,0.0,0.046,0.0,0.0,5,5,3,previous_completed_gw_points_mean_v1,True,6,2026-27
618,Goretzka,MID,Aston Villa,5.9,Brentford,True,3.0,1,0.0,0.0,0.0,0.0,0.0,UNAVAILABLE,i,0.0,0.42,0.0,0.0,4,5,3,previous_completed_gw_points_mean_v1,True,6,2026-27
624,Cozier-Duberry,MID,Brighton,5.0,Sunderland,False,3.0,1,0.0,0.0,0.0,0.0,0.0,UNAVAILABLE,u,0.0,0.218,0.0,0.0,4,5,3,previous_completed_gw_points_mean_v1,True,6,2026-27
632,Ansah,FWD,Hull City,5.0,Everton,True,3.0,1,0.0,0.0,0.0,0.0,0.0,UNAVAILABLE,i,0.0,0.204,0.0,0.0,3,5,3,previous_completed_gw_points_mean_v1,True,6,2026-27
652,Azeez,MID,Brighton,5.5,Sunderland,False,3.0,1,0.0,0.0,0.0,0.0,0.0,UNAVAILABLE,i,0.0,0.491,0.0,0.0,3,5,3,previous_completed_gw_points_mean_v1,True,6,2026-27
