player_id,first_name,second_name,name,position,team,price,status,news,chance_of_playing_next_round,selected_by_percent,form,points_per_game,total_points,minutes,goals_scored,assists,clean_sheets,expected_goals,expected_assists,influence,creativity,threat,ict_index,bps,bonus,transfers_in,transfers_out,transfers_in_event,transfers_out_event,minutes_gw1,goals_gw1,assists_gw1,clean_sheets_gw1,bonus_gw1,bps_gw1,total_points_gw1,started_gw1,played_gw1,availability,availability_multiplier,xmins,start_probability,rotation_risk,reliable_starter
1,David,Raya Martín,Raya,GKP,Arsenal,6.0,a,,,38.2,6.0,6.0,6,90,0,0,1,0.0,0.0,11.8,0.0,0.0,1.2,24,0,89219,66120,89219,66120,90.0,0.0,0.0,1.0,0.0,24.0,6.0,1,1,AVAILABLE,1.0,82.0,0.9111111111111111,LOW,1
2,Kepa,Arrizabalaga Revuelta,Arrizabalaga,GKP,Arsenal,5.0,a,,,0.1,0.0,0.0,0,0,0,0,0,0.0,0.0,0.0,0.0,0.0,0.0,0,0,285,1160,285,1160,0.0,0.0,0.0,0.0,0.0,0.0,0.0,0,0,AVAILABLE,1.0,10.0,0.1111111111111111,VERY_HIGH,0
3,Illan,Meslier,Meslier,GKP,Arsenal,5.0,a,,,0.0,0.0,0.0,0,0,0,0,0,0.0,0.0,0.0,0.0,0.0,0.0,0,0,91,419,91,419,0.0,0.0,0.0,0.0,0.0,0.0,0.0,0,0,AVAILABLE,1.0,10.0,0.1111111111111111,VERY_HIGH,0
4,Gabriel,dos Santos Magalhães,Gabriel,DEF,Arsenal,8.0,a,,,29.2,5.0,5.0,5,90,0,0,1,0.05,0.01,6.6,1.8,1.0,0.9,21,0,50840,100629,50840,100629,90.0,0.0,0.0,1.0,0.0,21.0,5.0,1,1,AVAILABLE,1.0,82.0,0.9111111111111111,LOW,1
5,Jurriën,Timber,J.Timber,DEF,Arsenal,6.5,i,Groin injury - Unknown return date,0.0,0.1,0.0,0.0,0,0,0,0,0,0.0,0.0,0.0,0.0,0.0,0.0,0,0,359,2745,359,2745,0.0,0.0,0.0,0.0,0.0,0.0,0.0,0,0,UNAVAILABLE,0.0,0.0,0.0,OUT,0
6,William,Saliba,Saliba,DEF,Arsenal,6.0,i,Back injury - Unknown return date,0.0,0.3,0.0,0.0,0,0,0,0,0,0.0,0.0,0.0,0.0,0.0,0.0,0,0,778,6156,778,6156,0.0,0.0,0.0,0.0,0.0,0.0,0.0,0,0,UNAVAILABLE,0.0,0.0,0.0,OUT,0
7,Myles,Lewis-Skelly,Lewis-Skelly,MID,Arsenal,5.5,a,,,0.7,3.0,3.0,3,90,0,0,1,0.06,0.11,11.0,22.9,7.0,4.1,15,0,8208,7517,8208,7517,90.0,0.0,0.0,1.0,0.0,15.0,3.0,1,1,AVAILABLE,1.0,82.0,0.9111111111111111,LOW,1
8,Riccardo,Calafiori,Calafiori,DEF,Arsenal,5.6,a,,,41.5,9.0,9.0,9,80,0,1,1,0.04,0.09,26.0,12.2,4.0,4.2,31,0,273394,33483,273394,33483,80.0,0.0,1.0,1.0,0.0,31.0,9.0,1,1,AVAILABLE,1.0,82.0,0.9111111111111111,LOW,1
9,Piero,Hincapié,Hincapie,DEF,Arsenal,5.5,a,,,1.5,1.0,1.0,1,9,0,0,0,0.0,0.0,0.4,0.5,0.0,0.1,3,0,3446,35233,3446,35233,9.0,0.0,0.0,0.0,0.0,3.0,1.0,0,1,AVAILABLE,1.0,20.0,0.2222222222222222,VERY_HIGH,0
10,Benjamin,White,White,DEF,Arsenal,5.5,a,,100.0,6.4,11.0,11.0,11,90,0,1,1,0.18,0.21,33.2,26.8,13.0,7.3,37,2,117654,19354,117654,19354,90.0,0.0,1.0,1.0,2.0,37.0,11.0,1,1,AVAILABLE,1.0,82.0,0.9111111111111111,LOW,1
11,Cristhian,Mosquera,Mosquera,DEF,Arsenal,5.5,a,,,5.8,6.0,6.0,6,90,0,0,1,0.0,0.0,14.4,0.6,0.0,1.5,27,0,13443,34971,13443,34971,90.0,0.0,0.0,1.0,0.0,27.0,6.0,1,1,AVAILABLE,1.0,82.0,0.9111111111111111,LOW,1
12,Bukayo,Saka,Saka,MID,Arsenal,9.5,a,,,10.4,9.0,9.0,9,67,1,0,1,0.64,0.08,42.8,26.1,33.0,10.2,36,1,75267,26968,75267,26968,67.0,1.0,0.0,1.0,1.0,36.0,9.0,1,1,AVAILABLE,1.0,75.0,0.8333333333333334,MEDIUM,1
13,Declan,Rice,Rice,MID,Arsenal,7.5,a,,,17.1,3.0,3.0,3,67,0,0,1,0.07,0.08,6.8,6.4,2.0,1.5,10,0,31413,128006,31413,128006,67.0,0.0,0.0,1.0,0.0,10.0,3.0,1,1,AVAILABLE,1.0,75.0,0.8333333333333334,MEDIUM,1
14,Eberechi,Eze,Eze,MID,Arsenal,6.5,a,,,1.8,1.0,1.0,1,14,0,0,0,0.04,0.0,0.0,1.8,1.0,0.1,4,0,4997,37379,4997,37379,14.0,0.0,0.0,0.0,0.0,4.0,1.0,0,1,AVAILABLE,1.0,20.0,0.2222222222222222,VERY_HIGH,0
15,Martin,Ødegaard,Ødegaard,MID,Arsenal,6.5,a,,,11.4,11.0,11.0,11,75,1,0,1,0.21,0.1,50.6,41.5,31.0,12.3,41,3,249811,29195,249811,29195,75.0,1.0,0.0,1.0,3.0,41.0,11.0,1,1,AVAILABLE,1.0,82.0,0.9111111111111111,LOW,1
16,Noni,Madueke,Madueke,MID,Arsenal,6.5,a,,,0.3,1.0,1.0,1,22,0,0,0,0.0,0.04,9.4,43.1,0.0,5.3,8,0,1104,6818,1104,6818,22.0,0.0,0.0,0.0,0.0,8.0,1.0,0,1,AVAILABLE,1.0,20.0,0.2222222222222222,VERY_HIGH,0
17,Mikel,Merino Zazón,Merino,MID,Arsenal,6.0,a,,,0.6,1.0,1.0,1,14,0,0,0,0.14,0.02,3.6,1.2,14.0,1.9,5,0,2113,13478,2113,13478,14.0,0.0,0.0,0.0,0.0,5.0,1.0,0,1,AVAILABLE,1.0,20.0,0.2222222222222222,VERY_HIGH,0
18,Gabriel,Martinelli Silva,Martinelli,MID,Arsenal,6.4,a,,,0.2,0.0,0.0,0,0,0,0,0,0.0,0.0,0.0,0.0,0.0,0.0,0,0,1113,6047,1113,6047,0.0,0.0,0.0,0.0,0.0,0.0,0.0,0,0,AVAILABLE,1.0,10.0,0.1111111111111111,VERY_HIGH,0
19,Martín,Zubimendi Ibáñez,Zubimendi,MID,Arsenal,5.5,a,,,1.0,1.0,1.0,1,22,0,0,0,0.0,0.02,3.8,2.3,0.0,0.6,3,0,1382,17254,1382,17254,22.0,0.0,0.0,0.0,0.0,3.0,1.0,0,1,AVAILABLE,1.0,20.0,0.2222222222222222,VERY_HIGH,0
20,Max,Dowman,Dowman,MID,Arsenal,5.4,a,,,0.1,0.0,0.0,0,0,0,0,0,0.0,0.0,0.0,0.0,0.0,0.0,0,0,385,2089,385,2089,0.0,0.0,0.0,0.0,0.0,0.0,0.0,0,0,AVAILABLE,1.0,10.0,0.1111111111111111,VERY_HIGH,0
22,Ethan,Nwaneri,Nwaneri,MID,Arsenal,5.5,a,,,0.0,0.0,0.0,0,0,0,0,0,0.0,0.0,0.0,0.0,0.0,0.0,0,0,67,289,67,289,0.0,0.0,0.0,0.0,0.0,0.0,0.0,0,0,AVAILABLE,1.0,10.0,0.1111111111111111,VERY_HIGH,0
23,Fábio,Ferreira Vieira,Fábio Vieira,MID,Arsenal,5.5,a,,,0.0,0.0,0.0,0,0,0,0,0,0.0,0.0,0.0,0.0,0.0,0.0,0,0,67,186,67,186,0.0,0.0,0.0,0.0,0.0,0.0,0.0,0,0,AVAILABLE,1.0,10.0,0.1111111111111111,VERY_HIGH,0
24,Reiss,Nelson,Nelson,MID,Arsenal,5.5,a,,,0.0,0.0,0.0,0,0,0,0,0,0.0,0.0,0.0,0.0,0.0,0.0,0,0,55,138,55,138,0.0,0.0,0.0,0.0,0.0,0.0,0.0,0,0,AVAILABLE,1.0,10.0,0.1111111111111111,VERY_HIGH,0
25,Viktor,Gyökeres,Gyökeres,FWD,Arsenal,7.4,a,,,7.1,0.0,0.0,0,0,0,0,0,0.0,0.0,0.0,0.0,0.0,0.0,0,0,7784,190768,7784,190768,0.0,0.0,0.0,0.0,0.0,0.0,0.0,0,0,AVAILABLE,1.0,10.0,0.1111111111111111,VERY_HIGH,0
26,Kai,Havertz,Havertz,FWD,Arsenal,7.5,a,,,7.3,6.0,6.0,6,90,1,0,1,0.26,0.03,37.2,13.2,25.0,7.5,34,0,158923,29922,158923,29922,90.0,1.0,0.0,1.0,0.0,34.0,6.0,1,1,AVAILABLE,1.0,82.0,0.9111111111111111,LOW,1
27,Gabriel,Fernando de Jesus,G.Jesus,FWD,Arsenal,6.0,a,,,0.3,0.0,0.0,0,0,0,0,0,0.0,0.0,0.0,0.0,0.0,0.0,0,0,1666,6258,1666,6258,0.0,0.0,0.0,0.0,0.0,0.0,0.0,0,0,AVAILABLE,1.0,10.0,0.1111111111111111,VERY_HIGH,0
31,Ezri,Konsa Ngoyo,Konsa,DEF,Arsenal,4.5,a,,,11.0,0.0,0.0,0,0,0,0,0,0.0,0.0,0.0,0.0,0.0,0.0,0,0,40386,196807,40386,196807,0.0,0.0,0.0,0.0,0.0,0.0,0.0,0,0,AVAILABLE,1.0,10.0,0.1111111111111111,VERY_HIGH,0
452,Bruno,Guimarães Rodriguez Moura,Bruno G.,MID,Arsenal,7.0,d,Thigh injury - 75% chance of playing,75.0,2.9,0.0,0.0,0,0,0,0,0,0.0,0.0,0.0,0.0,0.0,0.0,0,0,734,106982,734,106982,0.0,0.0,0.0,0.0,0.0,0.0,0.0,0,0,MINOR_RISK,0.75,7.5,0.08333333333333333,VERY_HIGH,0
557,Christos,Tzolis,Tzolis,MID,Arsenal,6.5,a,,,25.9,6.0,6.0,6,75,0,1,1,0.19,0.14,17.0,39.8,30.0,8.7,30,0,196089,42614,196089,42614,75.0,0.0,1.0,1.0,0.0,30.0,6.0,1,1,AVAILABLE,1.0,82.0,0.9111111111111111,LOW,1
28,Emiliano,Martínez Romero,Martinez,GKP,Aston Villa,5.0,a,,,4.1,0.0,0.0,0,0,0,0,0,0.0,0.0,0.0,0.0,0.0,0.0,0,0,9775,47253,9775,47253,0.0,0.0,0.0,0.0,0.0,0.0,0.0,0,0,AVAILABLE,1.0,10.0,0.1111111111111111,VERY_HIGH,0
29,Marco,Bizot,M.Bizot,GKP,Aston Villa,4.5,a,,,0.1,1.0,1.0,1,90,0,0,0,0.0,0.0,28.2,0.0,0.0,2.8,1,0,665,685,665,685,90.0,0.0,0.0,0.0,0.0,1.0,1.0,1,1,AVAILABLE,1.0,82.0,0.9111111111111111,LOW,1
30,Lucas,Digne,Digne,DEF,Aston Villa,4.5,u,Has joined Paris Saint-Germain permanently,0.0,0.1,0.0,0.0,0,0,0,0,0,0.0,0.0,0.0,0.0,0.0,0.0,0,0,0,4571,0,4571,0.0,0.0,0.0,0.0,0.0,0.0,0.0,0,0,UNAVAILABLE,0.0,0.0,0.0,OUT,0
32,Matty,Cash,Cash,DEF,Aston Villa,4.5,a,,,7.8,-1.0,-1.0,-1,90,0,0,0,0.0,0.0,12.0,1.1,0.0,1.3,-8,0,25579,86742,25579,86742,90.0,0.0,0.0,0.0,0.0,-8.0,-1.0,1,1,AVAILABLE,1.0,82.0,0.9111111111111111,LOW,1
33,Tyrone,Mings,Mings,DEF,Aston Villa,4.5,a,,,0.4,1.0,1.0,1,16,0,0,0,0.0,0.0,2.0,0.0,0.0,0.2,5,0,2992,2921,2992,2921,16.0,0.0,0.0,0.0,0.0,5.0,1.0,0,1,AVAILABLE,1.0,20.0,0.2222222222222222,VERY_HIGH,0
34,Pau,Torres,Pau,DEF,Aston Villa,4.5,a,,,0.4,0.0,0.0,0,73,0,0,0,0.0,0.0,0.0,0.7,0.0,0.0,-14,0,1742,4150,1742,4150,73.0,0.0,0.0,0.0,0.0,-14.0,0.0,1,1,AVAILABLE,1.0,75.0,0.8333333333333334,MEDIUM,1
35,Lamare,Bogarde,Bogarde,MID,Aston Villa,5.0,a,,,0.1,1.0,1.0,1,16,0,0,0,0.0,0.0,2.2,0.5,0.0,0.3,3,0,578,809,578,809,16.0,0.0,0.0,0.0,0.0,3.0,1.0,0,1,AVAILABLE,1.0,20.0,0.2222222222222222,VERY_HIGH,0
36,Ian,Maatsen,Maatsen,DEF,Aston Villa,4.5,a,,,0.8,0.0,0.0,0,81,0,0,0,0.03,0.0,9.2,0.8,3.0,1.3,-9,0,2348,7256,2348,7256,81.0,0.0,0.0,0.0,0.0,-9.0,0.0,1,1,AVAILABLE,1.0,82.0,0.9111111111111111,LOW,1
37,Victor,Lindelöf,Lindelöf,DEF,Aston Villa,4.5,a,,,0.3,-2.0,-2.0,-2,90,0,0,0,0.0,0.0,1.8,0.1,0.0,0.2,-13,0,1631,3388,1631,3388,90.0,0.0,0.0,0.0,0.0,-13.0,-2.0,1,1,AVAILABLE,1.0,82.0,0.9111111111111111,LOW,1
38,Andrés,García,A.García,DEF,Aston Villa,4.0,a,,,1.7,0.0,0.0,0,0,0,0,0,0.0,0.0,0.0,0.0,0.0,0.0,0,0,6471,11808,6471,11808,0.0,0.0,0.0,0.0,0.0,0.0,0.0,0,0,AVAILABLE,1.0,10.0,0.1111111111111111,VERY_HIGH,0
39,Kosta,Nedeljkovic,Nedeljkovic,DEF,Aston Villa,4.0,u,Has joined Rangers on loan for the rest of the season,0.0,0.2,0.0,0.0,0,0,0,0,0,0.0,0.0,0.0,0.0,0.0,0.0,0,0,0,6258,0,6258,0.0,0.0,0.0,0.0,0.0,0.0,0.0,0,0,UNAVAILABLE,0.0,0.0,0.0,OUT,0
41,Emiliano,Buendía Stati,Buendía,MID,Aston Villa,6.0,a,,,1.2,2.0,2.0,2,85,0,0,0,0.13,0.09,0.0,16.3,8.0,2.2,4,0,4277,16870,4277,16870,85.0,0.0,0.0,0.0,0.0,4.0,2.0,1,1,AVAILABLE,1.0,82.0,0.9111111111111111,LOW,1
44,Leon,Bailey,Bailey,MID,Aston Villa,5.5,a,,,0.1,0.0,0.0,0,0,0,0,0,0.0,0.0,0.0,0.0,0.0,0.0,0,0,883,2253,883,2253,0.0,0.0,0.0,0.0,0.0,0.0,0.0,0,0,AVAILABLE,1.0,10.0,0.1111111111111111,VERY_HIGH,0
45,John,McGinn,McGinn,MID,Aston Villa,5.5,a,,,2.9,1.0,1.0,1,81,0,0,0,0.04,0.01,1.6,2.4,1.0,0.5,8,0,6704,35645,6704,35645,81.0,0.0,0.0,0.0,0.0,8.0,1.0,1,1,AVAILABLE,1.0,82.0,0.9111111111111111,LOW,1
46,Ross,Barkley,Barkley,MID,Aston Villa,5.0,a,,,0.2,2.0,2.0,2,73,0,0,0,0.1,0.02,9.4,21.4,7.0,3.8,11,0,1599,2228,1599,2228,73.0,0.0,0.0,0.0,0.0,11.0,2.0,1,1,AVAILABLE,1.0,75.0,0.8333333333333334,MEDIUM,1
47,Boubacar,Kamara,Kamara,MID,Aston Villa,5.0,a,,100.0,0.3,2.0,2.0,2,90,0,0,0,0.0,0.0,11.2,2.8,0.0,1.4,9,0,2240,3990,2240,3990,90.0,0.0,0.0,0.0,0.0,9.0,2.0,1,1,AVAILABLE,1.0,82.0,0.9111111111111111,LOW,1
48,Amadou,Onana,Onana,MID,Aston Villa,5.0,i,Knee injury - Unknown return date,0.0,0.0,0.0,0.0,0,0,0,0,0,0.0,0.0,0.0,0.0,0.0,0.0,0,0,130,471,130,471,0.0,0.0,0.0,0.0,0.0,0.0,0.0,0,0,UNAVAILABLE,0.0,0.0,0.0,OUT,0
49,Samuel,Iling-Junior,Iling Jr,MID,Aston Villa,5.0,u,Has joined Bolton Wanderers on loan for the rest of the season,0.0,0.0,0.0,0.0,0,0,0,0,0,0.0,0.0,0.0,0.0,0.0,0.0,0,0,0,114,0,114,0.0,0.0,0.0,0.0,0.0,0.0,0.0,0,0,UNAVAILABLE,0.0,0.0,0.0,OUT,0
50,Bradley,Burrowes,Burrowes,MID,Aston Villa,4.5,a,,,0.7,0.0,0.0,0,0,0,0,0,0.0,0.0,0.0,0.0,0.0,0.0,0,0,3087,5835,3087,5835,0.0,0.0,0.0,0.0,0.0,0.0,0.0,0,0,AVAILABLE,1.0,10.0,0.1111111111111111,VERY_HIGH,0
51,George,Hemmings,George Hemmings,MID,Aston Villa,4.5,a,,,0.7,2.0,2.0,2,90,0,0,0,0.0,0.0,10.6,11.6,2.0,2.4,12,0,6730,4413,6730,4413,90.0,0.0,0.0,0.0,0.0,12.0,2.0,1,1,AVAILABLE,1.0,82.0,0.9111111111111111,LOW,1
52,Alysson Edward Franco,da Rocha dos Santos,Alysson,MID,Aston Villa,5.0,a,,,0.0,1.0,1.0,1,8,0,0,0,0.0,0.0,4.0,0.0,0.0,0.4,5,0,315,490,315,490,8.0,0.0,0.0,0.0,0.0,5.0,1.0,0,1,AVAILABLE,1.0,20.0,0.2222222222222222,VERY_HIGH,0
53,Johan,Manzambi,Manzambi,MID,Aston Villa,6.0,i,Knee injury - Unknown return date,0.0,0.2,0.0,0.0,0,0,0,0,0,0.0,0.0,0.0,0.0,0.0,0.0,0,0,205,7936,205,7936,0.0,0.0,0.0,0.0,0.0,0.0,0.0,0,0,UNAVAILABLE,0.0,0.0,0.0,OUT,0
54,Joao,Gomes,Gomes,MID,Aston Villa,5.5,s,Suspended until 19 Sep,0.0,0.1,-2.0,-2.0,-2,39,0,0,0,0.0,0.01,1.0,11.0,0.0,1.2,-2,0,127,1684,127,1684,39.0,0.0,0.0,0.0,0.0,-2.0,-2.0,0,1,UNAVAILABLE,0.0,0.0,0.0,OUT,0
55,Ollie,Watkins,Watkins,FWD,Aston Villa,7.9,a,,,8.2,0.0,0.0,0,0,0,0,0,0.0,0.0,0.0,0.0,0.0,0.0,0,0,10004,208287,10004,208287,0.0,0.0,0.0,0.0,0.0,0.0,0.0,0,0,AVAILABLE,1.0,10.0,0.1111111111111111,VERY_HIGH,0
56,Tammy,Abraham,Abraham,FWD,Aston Villa,5.5,d,Knock - 75% chance of playing,75.0,0.1,0.0,0.0,0,0,0,0,0,0.0,0.0,0.0,0.0,0.0,0.0,0,0,507,2193,507,2193,0.0,0.0,0.0,0.0,0.0,0.0,0.0,0,0,MINOR_RISK,0.75,7.5,0.08333333333333333,VERY_HIGH,0
160,Alejandro,Garnacho Ferreyra,Garnacho,MID,Aston Villa,6.0,a,,,0.6,1.0,1.0,1,4,0,0,0,0.0,0.0,0.0,0.0,0.0,0.0,2,0,1815,8706,1815,8706,4.0,0.0,0.0,0.0,0.0,2.0,1.0,0,1,AVAILABLE,1.0,20.0,0.2222222222222222,VERY_HIGH,0
582,Brian,Madjo,Madjo,FWD,Aston Villa,5.5,i,Unspecified injury - Unknown return date,0.0,0.4,0.0,0.0,0,0,0,0,0,0.0,0.0,0.0,0.0,0.0,0.0,0,0,1095,7285,1095,7285,0.0,0.0,0.0,0.0,0.0,0.0,0.0,0,0,UNAVAILABLE,0.0,0.0,0.0,OUT,0
596,Matteo,Ruggeri,Ruggeri,DEF,Aston Villa,4.5,a,,,0.1,1.0,1.0,1,8,0,0,0,0.0,0.0,4.0,0.0,0.0,0.4,3,0,779,886,779,886,8.0,0.0,0.0,0.0,0.0,3.0,1.0,0,1,AVAILABLE,1.0,20.0,0.2222222222222222,VERY_HIGH,0
597,Zion,Suzuki,Suzuki,GKP,Aston Villa,5.0,a,,,0.8,0.0,0.0,0,0,0,0,0,0.0,0.0,0.0,0.0,0.0,0.0,0,0,3561,5474,3561,5474,0.0,0.0,0.0,0.0,0.0,0.0,0.0,0,0,AVAILABLE,1.0,10.0,0.1111111111111111,VERY_HIGH,0
606,Triston,Rowe,Rowe,DEF,Aston Villa,4.0,a,,,0.1,0.0,0.0,0,0,0,0,0,0.0,0.0,0.0,0.0,0.0,0.0,0,0,1237,200,1237,200,0.0,0.0,0.0,0.0,0.0,0.0,0.0,0,0,AVAILABLE,1.0,10.0,0.1111111111111111,VERY_HIGH,0
607,Luka,Lynch,Lynch,MID,Aston Villa,4.5,a,,,0.1,0.0,0.0,0,0,0,0,0,0.0,0.0,0.0,0.0,0.0,0.0,0,0,3282,722,3282,722,0.0,0.0,0.0,0.0,0.0,0.0,0.0,0,0,AVAILABLE,1.0,10.0,0.1111111111111111,VERY_HIGH,0
611,Aaron,Wan-Bissaka,Wan-Bissaka,DEF,Aston Villa,4.5,a,,,0.0,0.0,0.0,0,0,0,0,0,0.0,0.0,0.0,0.0,0.0,0.0,0,0,1083,103,1083,103,0.0,0.0,0.0,0.0,0.0,0.0,0.0,0,0,AVAILABLE,1.0,10.0,0.1111111111111111,VERY_HIGH,0
57,Đorđe,Petrović,Petrović,GKP,Bournemouth,4.5,a,,,3.3,2.0,2.0,2,90,0,0,0,0.0,0.0,36.8,0.0,0.0,3.7,13,0,19306,11061,19306,11061,90.0,0.0,0.0,0.0,0.0,13.0,2.0,1,1,AVAILABLE,1.0,82.0,0.9111111111111111,LOW,1
58,Fraser,Forster,Forster,GKP,Bournemouth,4.0,a,,,3.2,0.0,0.0,0,0,0,0,0,0.0,0.0,0.0,0.0,0.0,0.0,0,0,7676,8583,7676,8583,0.0,0.0,0.0,0.0,0.0,0.0,0.0,0,0,AVAILABLE,1.0,10.0,0.1111111111111111,VERY_HIGH,0
59,Will,Dennis,Dennis,GKP,Bournemouth,4.0,u,Has joined MK Dons permanently,0.0,0.2,0.0,0.0,0,0,0,0,0,0.0,0.0,0.0,0.0,0.0,0.0,0,0,1133,937,1133,937,0.0,0.0,0.0,0.0,0.0,0.0,0.0,0,0,UNAVAILABLE,0.0,0.0,0.0,OUT,0
60,James,Hill,Hill,DEF,Bournemouth,5.5,a,,,0.9,1.0,1.0,1,90,0,0,0,0.0,0.0,11.6,0.3,0.0,1.2,0,0,7081,5513,7081,5513,90.0,0.0,0.0,0.0,0.0,0.0,1.0,1,1,AVAILABLE,1.0,82.0,0.9111111111111111,LOW,1
61,Adrien,Truffert,Truffert,DEF,Bournemouth,5.5,a,,,4.2,1.0,1.0,1,90,0,0,0,0.0,0.0,15.4,1.3,0.0,1.7,0,0,16217,20886,16217,20886,90.0,0.0,0.0,0.0,0.0,0.0,1.0,1,1,AVAILABLE,1.0,82.0,0.9111111111111111,LOW,1
62,Bafodé,Diakité,Diakité,DEF,Bournemouth,5.0,a,,,0.2,0.0,0.0,0,0,0,0,0,0.0,0.0,0.0,0.0,0.0,0.0,0,0,2432,2032,2432,2032,0.0,0.0,0.0,0.0,0.0,0.0,0.0,0,0,AVAILABLE,1.0,10.0,0.1111111111111111,VERY_HIGH,0
63,Veljko,Milosavljevic,Milosavljević,DEF,Bournemouth,5.0,i,Unspecified injury - Unknown return date,0.0,0.0,0.0,0.0,0,0,0,0,0,0.0,0.0,0.0,0.0,0.0,0.0,0,0,67,262,67,262,0.0,0.0,0.0,0.0,0.0,0.0,0.0,0,0,UNAVAILABLE,0.0,0.0,0.0,OUT,0
64,Adam,Smith,Smith,DEF,Bournemouth,4.5,a,,,0.1,1.0,1.0,1,90,0,0,0,0.0,0.0,7.0,0.6,0.0,0.8,4,0,2222,829,2222,829,90.0,0.0,0.0,0.0,0.0,4.0,1.0,1,1,AVAILABLE,1.0,82.0,0.9111111111111111,LOW,1
65,Julián,Araujo Zúñiga,J.Araujo,DEF,Bournemouth,4.5,i,Thigh injury - Unknown return date,0.0,0.0,0.0,0.0,0,0,0,0,0,0.0,0.0,0.0,0.0,0.0,0.0,0,0,78,458,78,458,0.0,0.0,0.0,0.0,0.0,0.0,0.0,0,0,UNAVAILABLE,0.0,0.0,0.0,OUT,0
66,Julio,Soler Barreto,Soler,DEF,Bournemouth,4.0,d,Hamstring injury - 75% chance of playing,75.0,0.2,0.0,0.0,0,0,0,0,0,0.0,0.0,0.0,0.0,0.0,0.0,0,0,356,2139,356,2139,0.0,0.0,0.0,0.0,0.0,0.0,0.0,0,0,MINOR_RISK,0.75,7.5,0.08333333333333333,VERY_HIGH,0
67,Rayan Vitor,Simplício Rocha,Rayan,MID,Bournemouth,6.5,a,,,2.8,2.0,2.0,2,88,0,0,0,0.04,0.03,6.2,11.3,17.0,3.5,9,0,19124,18088,19124,18088,88.0,0.0,0.0,0.0,0.0,9.0,2.0,1,1,AVAILABLE,1.0,82.0,0.9111111111111111,LOW,1
68,Marcus,Tavernier,Tavernier,MID,Bournemouth,6.0,a,,,2.3,10.0,10.0,10,90,1,0,0,0.4,0.08,40.0,17.2,18.0,7.5,32,3,59712,9584,59712,9584,90.0,1.0,0.0,0.0,3.0,32.0,10.0,1,1,AVAILABLE,1.0,82.0,0.9111111111111111,LOW,1
69,Alex,Scott,Scott,MID,Bournemouth,6.0,a,,,1.5,2.0,2.0,2,90,0,0,0,0.0,0.01,11.4,4.8,0.0,1.6,17,0,6770,10628,6770,10628,90.0,0.0,0.0,0.0,0.0,17.0,2.0,1,1,AVAILABLE,1.0,82.0,0.9111111111111111,LOW,1
70,Justin,Kluivert,Kluivert,MID,Bournemouth,6.0,a,,,1.2,3.0,3.0,3,74,0,0,1,0.11,0.0,11.0,14.3,17.0,4.2,15,0,11962,7819,11962,7819,74.0,0.0,0.0,1.0,0.0,15.0,3.0,1,1,AVAILABLE,1.0,75.0,0.8333333333333334,MEDIUM,1
71,Lewis,Cook,Cook,MID,Bournemouth,5.0,a,,,0.2,3.0,3.0,3,75,0,0,1,0.0,0.0,4.6,2.1,0.0,0.7,8,0,2538,1376,2538,1376,75.0,0.0,0.0,1.0,0.0,8.0,3.0,1,1,AVAILABLE,1.0,82.0,0.9111111111111111,LOW,1
72,Ben,Gannon-Doak,Gannon-Doak,MID,Bournemouth,5.0,a,,,0.1,1.0,1.0,1,1,0,0,0,0.0,0.0,0.2,0.1,2.0,0.2,3,0,324,731,324,731,1.0,0.0,0.0,0.0,0.0,3.0,1.0,0,1,AVAILABLE,1.0,20.0,0.2222222222222222,VERY_HIGH,0
73,Tyler,Adams,Adams,MID,Bournemouth,5.0,a,,100.0,0.2,1.0,1.0,1,15,0,0,0,0.0,0.0,3.6,0.6,0.0,0.4,4,0,2458,2545,2458,2545,15.0,0.0,0.0,0.0,0.0,4.0,1.0,0,1,AVAILABLE,1.0,20.0,0.2222222222222222,VERY_HIGH,0
74,David,Brooks,Brooks,MID,Bournemouth,5.0,a,,100.0,0.1,0.0,0.0,0,0,0,0,0,0.0,0.0,0.0,0.0,0.0,0.0,0,0,462,587,462,587,0.0,0.0,0.0,0.0,0.0,0.0,0.0,0,0,AVAILABLE,1.0,10.0,0.1111111111111111,VERY_HIGH,0
75,Ryan,Christie,Christie,MID,Bournemouth,5.0,a,,100.0,0.0,0.0,0.0,0,0,0,0,0,0.0,0.0,0.0,0.0,0.0,0.0,0,0,427,162,427,162,0.0,0.0,0.0,0.0,0.0,0.0,0.0,0,0,AVAILABLE,1.0,10.0,0.1111111111111111,VERY_HIGH,0
76,Alex,Tóth,Tóth.A,MID,Bournemouth,5.0,a,,,0.0,1.0,1.0,1,15,0,0,0,0.0,0.0,2.8,0.6,0.0,0.3,5,0,84,128,84,128,15.0,0.0,0.0,0.0,0.0,5.0,1.0,0,1,AVAILABLE,1.0,20.0,0.2222222222222222,VERY_HIGH,0
77,Amine,Adli,Adli,MID,Bournemouth,5.0,i,Unspecified injury - Unknown return date,0.0,0.0,0.0,0.0,0,0,0,0,0,0.0,0.0,0.0,0.0,0.0,0.0,0,0,42,880,42,880,0.0,0.0,0.0,0.0,0.0,0.0,0.0,0,0,UNAVAILABLE,0.0,0.0,0.0,OUT,0
78,Junior,Kroupi,Kroupi.Jr,MID,Bournemouth,7.5,i,Foot injury - Unknown return date,0.0,0.3,0.0,0.0,0,0,0,0,0,0.0,0.0,0.0,0.0,0.0,0.0,0,0,419,11791,419,11791,0.0,0.0,0.0,0.0,0.0,0.0,0.0,0,0,UNAVAILABLE,0.0,0.0,0.0,OUT,0
79,Francisco Evanilson,de Lima Barbosa,Evanilson,FWD,Bournemouth,6.0,a,,,2.9,4.0,4.0,4,74,0,1,1,0.0,0.21,19.4,11.9,2.0,3.3,17,0,55173,15058,55173,15058,74.0,0.0,1.0,1.0,0.0,17.0,4.0,1,1,AVAILABLE,1.0,75.0,0.8333333333333334,MEDIUM,1
80,Enes,Ünal,Enes Ünal,FWD,Bournemouth,5.5,u,Has joined Getafe permanently,0.0,0.0,0.0,0.0,0,0,0,0,0,0.0,0.0,0.0,0.0,0.0,0.0,0,0,0,965,0,965,0.0,0.0,0.0,0.0,0.0,0.0,0.0,0,0,UNAVAILABLE,0.0,0.0,0.0,OUT,0
81,Álvaro,Rodríguez,Rodríguez,FWD,Bournemouth,6.0,a,,100.0,0.1,0.0,0.0,0,0,0,0,0,0.0,0.0,0.0,0.0,0.0,0.0,0,0,816,1044,816,1044,0.0,0.0,0.0,0.0,0.0,0.0,0.0,0,0,AVAILABLE,1.0,10.0,0.1111111111111111,VERY_HIGH,0
566,António João,Pereira de Albuquerque Tavares da Silva,Silva,DEF,Bournemouth,5.0,a,,,0.4,2.0,2.0,2,90,0,0,0,0.0,0.0,31.4,0.3,0.0,3.2,5,0,5243,1742,5243,1742,90.0,0.0,0.0,0.0,0.0,5.0,2.0,1,1,AVAILABLE,1.0,82.0,0.9111111111111111,LOW,1
573,Juanlu,Sánchez,Sanchez,DEF,Bournemouth,4.5,a,,,0.2,0.0,0.0,0,0,0,0,0,0.0,0.0,0.0,0.0,0.0,0.0,0,0,411,1180,411,1180,0.0,0.0,0.0,0.0,0.0,0.0,0.0,0,0,AVAILABLE,1.0,10.0,0.1111111111111111,VERY_HIGH,0
608,Daniel,Jebbison,Jebbison,FWD,Bournemouth,5.0,a,,,0.0,1.0,1.0,1,15,0,0,0,0.1,0.0,3.4,0.8,17.0,2.1,6,0,1933,328,1933,328,15.0,0.0,0.0,0.0,0.0,6.0,1.0,0,1,AVAILABLE,1.0,20.0,0.2222222222222222,VERY_HIGH,0
615,Michele,Di Gregorio,Di Gregorio,GKP,Bournemouth,4.5,a,,,0.0,0.0,0.0,0,0,0,0,0,0.0,0.0,0.0,0.0,0.0,0.0,0,0,61,7,61,7,0.0,0.0,0.0,0.0,0.0,0.0,0.0,0,0,AVAILABLE,1.0,10.0,0.1111111111111111,VERY_HIGH,0
82,Caoimhín,Kelleher,Kelleher,GKP,Brentford,5.0,a,,,6.4,7.0,7.0,7,90,0,0,1,0.0,0.01,31.4,0.0,0.0,3.1,34,0,61869,15808,61869,15808,90.0,0.0,0.0,1.0,0.0,34.0,7.0,1,1,AVAILABLE,1.0,82.0,0.9111111111111111,LOW,1
83,Hákon Rafn,Valdimarsson,Valdimarsson,GKP,Brentford,4.5,a,,,0.1,0.0,0.0,0,0,0,0,0,0.0,0.0,0.0,0.0,0.0,0.0,0,0,556,732,556,732,0.0,0.0,0.0,0.0,0.0,0.0,0.0,0,0,AVAILABLE,1.0,10.0,0.1111111111111111,VERY_HIGH,0
84,Nathan,Collins,Collins,DEF,Brentford,5.5,a,,,2.1,6.0,6.0,6,90,0,0,1,0.34,0.04,11.6,21.5,17.0,5.0,21,0,21110,7426,21110,7426,90.0,0.0,0.0,1.0,0.0,21.0,6.0,1,1,AVAILABLE,1.0,82.0,0.9111111111111111,LOW,1
85,Sepp,van den Berg,Van den Berg,DEF,Brentford,5.0,i,Groin injury - Unknown return date,0.0,0.1,0.0,0.0,0,0,0,0,0,0.0,0.0,0.0,0.0,0.0,0.0,0,0,137,3719,137,3719,0.0,0.0,0.0,0.0,0.0,0.0,0.0,0,0,UNAVAILABLE,0.0,0.0,0.0,OUT,0
86,Keane,Lewis-Potter,Lewis-Potter,MID,Brentford,5.5,a,,,1.0,10.0,10.0,10,90,1,0,1,0.77,0.12,47.2,15.9,19.0,8.2,37,2,37620,5414,37620,5414,90.0,1.0,0.0,1.0,2.0,37.0,10.0,1,1,AVAILABLE,1.0,82.0,0.9111111111111111,LOW,1
87,Kristoffer,Ajer,Ajer,DEF,Brentford,4.5,a,,,4.0,8.0,8.0,8,90,0,0,1,0.11,0.02,20.0,0.9,35.0,5.6,29,0,50922,10684,50922,10684,90.0,0.0,0.0,1.0,0.0,29.0,8.0,1,1,AVAILABLE,1.0,82.0,0.9111111111111111,LOW,1
88,Michael,Kayode,Kayode,DEF,Brentford,4.6,a,,,7.1,13.0,13.0,13,75,1,0,1,0.5,0.0,33.8,1.5,46.0,8.1,36,1,267618,16918,267618,16918,75.0,1.0,0.0,1.0,1.0,36.0,13.0,1,1,AVAILABLE,1.0,82.0,0.9111111111111111,LOW,1
89,Rico,Henry,Henry,DEF,Brentford,4.5,a,,,0.3,0.0,0.0,0,0,0,0,0,0.0,0.0,0.0,0.0,0.0,0.0,0,0,482,1745,482,1745,0.0,0.0,0.0,0.0,0.0,0.0,0.0,0,0,AVAILABLE,1.0,10.0,0.1111111111111111,VERY_HIGH,0
90,Aaron,Hickey,Hickey,DEF,Brentford,4.5,a,,,0.1,1.0,1.0,1,14,0,0,0,0.0,0.0,0.0,0.3,0.0,0.0,2,0,519,448,519,448,14.0,0.0,0.0,0.0,0.0,2.0,1.0,0,1,AVAILABLE,1.0,20.0,0.2222222222222222,VERY_HIGH,0
91,Ethan,Pinnock,Pinnock,DEF,Brentford,4.5,a,,,0.1,0.0,0.0,0,0,0,0,0,0.0,0.0,0.0,0.0,0.0,0.0,0,0,383,795,383,795,0.0,0.0,0.0,0.0,0.0,0.0,0.0,0,0,AVAILABLE,1.0,10.0,0.1111111111111111,VERY_HIGH,0
92,Kim,Ji-soo,Ji-soo,DEF,Brentford,4.5,a,,,0.0,0.0,0.0,0,0,0,0,0,0.0,0.0,0.0,0.0,0.0,0.0,0,0,103,169,103,169,0.0,0.0,0.0,0.0,0.0,0.0,0.0,0,0,AVAILABLE,1.0,10.0,0.1111111111111111,VERY_HIGH,0
93,Jannik,Schuster,Schuster,DEF,Brentford,4.5,a,,,0.2,0.0,0.0,0,0,0,0,0,0.0,0.0,0.0,0.0,0.0,0.0,0,0,126,956,126,956,0.0,0.0,0.0,0.0,0.0,0.0,0.0,0,0,AVAILABLE,1.0,10.0,0.1111111111111111,VERY_HIGH,0
94,Kevin,Schade,Schade,MID,Brentford,6.0,a,,,3.5,3.0,3.0,3,90,0,0,1,0.52,0.01,14.4,11.8,59.0,8.5,17,0,18211,20046,18211,20046,90.0,0.0,0.0,1.0,0.0,17.0,3.0,1,1,AVAILABLE,1.0,82.0,0.9111111111111111,LOW,1
95,Dango,Ouattara,O.Dango,MID,Brentford,6.5,a,,,1.1,3.0,3.0,3,66,0,0,1,0.05,0.29,1.0,30.8,15.0,4.7,6,0,6104,8342,6104,8342,66.0,0.0,0.0,1.0,0.0,6.0,3.0,1,1,AVAILABLE,1.0,75.0,0.8333333333333334,MEDIUM,1
96,Mikkel,Damsgaard,Damsgaard,MID,Brentford,5.5,a,,,0.5,1.0,1.0,1,14,0,0,0,0.0,0.11,7.6,26.3,0.0,3.4,6,0,1788,6068,1788,6068,14.0,0.0,0.0,0.0,0.0,6.0,1.0,0,1,AVAILABLE,1.0,20.0,0.2222222222222222,VERY_HIGH,0
97,Mathias,Jensen,Jensen,MID,Brentford,5.5,a,,,0.2,6.0,6.0,6,66,0,1,1,0.08,0.34,12.6,46.2,13.0,7.2,22,0,2963,1085,2963,1085,66.0,0.0,1.0,1.0,0.0,22.0,6.0,1,1,AVAILABLE,1.0,75.0,0.8333333333333334,MEDIUM,1
98,Vitaly,Janelt,Janelt,MID,Brentford,5.0,a,,,0.4,9.0,9.0,9,90,1,0,1,0.39,0.17,53.2,38.8,24.0,11.6,35,0,23962,3292,23962,3292,90.0,1.0,0.0,1.0,0.0,35.0,9.0,1,1,AVAILABLE,1.0,82.0,0.9111111111111111,LOW,1
99,Antoni,Milambo,Milambo,MID,Brentford,5.0,i,Knee injury - Unknown return date,0.0,0.0,0.0,0.0,0,0,0,0,0,0.0,0.0,0.0,0.0,0.0,0.0,0,0,24,42,24,42,0.0,0.0,0.0,0.0,0.0,0.0,0.0,0,0,UNAVAILABLE,0.0,0.0,0.0,OUT,0
100,Fábio,Freitas Gouveia Carvalho,Carvalho,MID,Brentford,5.0,a,,100.0,0.0,0.0,0.0,0,0,0,0,0,0.0,0.0,0.0,0.0,0.0,0.0,0,0,102,221,102,221,0.0,0.0,0.0,0.0,0.0,0.0,0.0,0,0,AVAILABLE,1.0,10.0,0.1111111111111111,VERY_HIGH,0
102,Yehor,Yarmoliuk,Yarmoliuk,MID,Brentford,5.0,a,,,1.2,1.0,1.0,1,23,0,0,0,0.04,0.0,2.2,0.8,3.0,0.6,7,0,639,10399,639,10399,23.0,0.0,0.0,0.0,0.0,7.0,1.0,0,1,AVAILABLE,1.0,20.0,0.2222222222222222,VERY_HIGH,0
103,Josh,Dasilva,Dasilva,MID,Brentford,5.0,a,,,0.0,0.0,0.0,0,0,0,0,0,0.0,0.0,0.0,0.0,0.0,0.0,0,0,150,293,150,293,0.0,0.0,0.0,0.0,0.0,0.0,0.0,0,0,AVAILABLE,1.0,10.0,0.1111111111111111,VERY_HIGH,0
105,Jaidon,Anthony,Anthony,MID,Brentford,6.0,a,,,0.2,1.0,1.0,1,23,0,0,0,0.03,0.35,10.6,34.9,1.0,4.7,9,0,1579,1944,1579,1944,23.0,0.0,0.0,0.0,0.0,9.0,1.0,0,1,AVAILABLE,1.0,20.0,0.2222222222222222,VERY_HIGH,0
106,Igor Thiago,Nascimento Rodrigues,Thiago,FWD,Brentford,8.0,a,,,16.7,0.0,0.0,0,82,0,0,1,1.0,0.08,2.2,4.0,8.0,1.4,-3,0,78125,110591,78125,110591,82.0,0.0,0.0,1.0,0.0,-3.0,0.0,1,1,AVAILABLE,1.0,82.0,0.9111111111111111,LOW,1
107,Kaye,Furo,Furo,FWD,Brentford,4.5,a,,,0.9,0.0,0.0,0,0,0,0,0,0.0,0.0,0.0,0.0,0.0,0.0,0,0,6809,7033,6809,7033,0.0,0.0,0.0,0.0,0.0,0.0,0.0,0,0,AVAILABLE,1.0,10.0,0.1111111111111111,VERY_HIGH,0
108,Callum,Wilson,Wilson,FWD,Brentford,5.5,a,,,0.4,1.0,1.0,1,7,0,0,0,0.03,0.04,2.2,10.3,5.0,1.8,4,0,3602,3990,3602,3990,7.0,0.0,0.0,0.0,0.0,4.0,1.0,0,1,AVAILABLE,1.0,20.0,0.2222222222222222,VERY_HIGH,0
565,Mamadou,Sangaré,M.Sangaré,MID,Brentford,5.6,a,,,7.9,14.0,14.0,14,75,0,2,1,0.05,0.33,31.6,21.8,21.0,7.4,41,3,353881,17664,353881,17664,75.0,0.0,2.0,1.0,3.0,41.0,14.0,1,1,AVAILABLE,1.0,82.0,0.9111111111111111,LOW,1
109,Bart,Verbruggen,Verbruggen,GKP,Brighton,4.5,a,,,21.5,6.0,6.0,6,90,0,0,1,0.0,0.0,6.6,0.0,0.0,0.7,25,0,69797,35320,69797,35320,90.0,0.0,0.0,1.0,0.0,25.0,6.0,1,1,AVAILABLE,1.0,82.0,0.9111111111111111,LOW,1
111,Jason,Steele,Steele,GKP,Brighton,4.0,a,,,4.0,0.0,0.0,0,0,0,0,0,0.0,0.0,0.0,0.0,0.0,0.0,0,0,8692,11334,8692,11334,0.0,0.0,0.0,0.0,0.0,0.0,0.0,0,0,AVAILABLE,1.0,10.0,0.1111111111111111,VERY_HIGH,0
113,Ferdi,Kadıoğlu,F.Kadıoğlu,DEF,Brighton,4.5,a,,100.0,2.3,0.0,0.0,0,0,0,0,0,0.0,0.0,0.0,0.0,0.0,0.0,0,0,2161,44985,2161,44985,0.0,0.0,0.0,0.0,0.0,0.0,0.0,0,0,AVAILABLE,1.0,10.0,0.1111111111111111,VERY_HIGH,0
114,Olivier,Boscagli,Boscagli,DEF,Brighton,4.5,a,,,0.3,6.0,6.0,6,90,0,0,1,0.0,0.04,15.2,7.3,6.0,2.9,29,0,3133,1207,3133,1207,90.0,0.0,0.0,1.0,0.0,29.0,6.0,1,1,AVAILABLE,1.0,82.0,0.9111111111111111,LOW,1
115,Maxim,De Cuyper,De Cuyper,DEF,Brighton,4.6,a,,,7.4,17.0,17.0,17,77,1,1,1,1.47,0.21,40.6,45.3,43.0,12.9,46,2,414365,16632,414365,16632,77.0,1.0,1.0,1.0,2.0,46.0,17.0,1,1,AVAILABLE,1.0,82.0,0.9111111111111111,LOW,1
116,Lewis,Dunk,Dunk,DEF,Brighton,4.5,a,,,1.2,6.0,6.0,6,90,0,0,1,0.0,0.04,13.4,6.4,0.0,2.0,24,0,10806,4137,10806,4137,90.0,0.0,0.0,1.0,0.0,24.0,6.0,1,1,AVAILABLE,1.0,82.0,0.9111111111111111,LOW,1
117,Diego,Coppola,Coppola,DEF,Brighton,4.5,a,,,0.0,0.0,0.0,0,0,0,0,0,0.0,0.0,0.0,0.0,0.0,0.0,0,0,156,184,156,184,0.0,0.0,0.0,0.0,0.0,0.0,0.0,0,0,AVAILABLE,1.0,10.0,0.1111111111111111,VERY_HIGH,0
118,Igor Julio,dos Santos de Paulo,Igor,DEF,Brighton,4.5,a,,,0.1,0.0,0.0,0,0,0,0,0,0.0,0.0,0.0,0.0,0.0,0.0,0,0,420,731,420,731,0.0,0.0,0.0,0.0,0.0,0.0,0.0,0,0,AVAILABLE,1.0,10.0,0.1111111111111111,VERY_HIGH,0
119,João Pedro,Loureiro da Costa,Costinha,DEF,Brighton,4.5,a,,,0.0,1.0,1.0,1,26,0,0,0,0.12,0.0,8.2,1.9,18.0,2.8,7,0,252,173,252,173,26.0,0.0,0.0,0.0,0.0,7.0,1.0,0,1,AVAILABLE,1.0,20.0,0.2222222222222222,VERY_HIGH,0
120,Michael,Svoboda,Svoboda,DEF,Brighton,5.0,a,,,0.1,0.0,0.0,0,0,0,0,0,0.0,0.0,0.0,0.0,0.0,0.0,0,0,718,582,718,582,0.0,0.0,0.0,0.0,0.0,0.0,0.0,0,0,AVAILABLE,1.0,10.0,0.1111111111111111,VERY_HIGH,0
121,Mitoma,Kaoru,Mitoma,MID,Brighton,6.0,i,Hamstring injury - Unknown return date,0.0,0.0,0.0,0.0,0,0,0,0,0,0.0,0.0,0.0,0.0,0.0,0.0,0,0,145,1083,145,1083,0.0,0.0,0.0,0.0,0.0,0.0,0.0,0,0,UNAVAILABLE,0.0,0.0,0.0,OUT,0
122,Yankuba,Minteh,Minteh,MID,Brighton,6.0,i,Leg injury - Expected back 28 Nov,0.0,0.1,0.0,0.0,0,0,0,0,0,0.0,0.0,0.0,0.0,0.0,0.0,0,0,128,3101,128,3101,0.0,0.0,0.0,0.0,0.0,0.0,0.0,0,0,UNAVAILABLE,0.0,0.0,0.0,OUT,0
123,Jack,Hinshelwood,Hinshelwood,MID,Brighton,6.0,d,Unspecified injury - 75% chance of playing,75.0,2.6,16.0,16.0,16,63,2,0,1,1.41,0.02,72.8,13.4,59.0,14.5,54,3,135439,17733,135439,17733,63.0,2.0,0.0,1.0,3.0,54.0,16.0,1,1,MINOR_RISK,0.75,56.2,0.6244444444444445,HIGH,0
124,Pascal,Groß,Groß,MID,Brighton,5.5,a,,,13.1,2.0,2.0,2,90,0,0,1,0.0,0.27,21.0,56.9,8.0,8.6,18,0,19525,83781,19525,83781,90.0,0.0,0.0,1.0,0.0,18.0,2.0,1,1,AVAILABLE,1.0,82.0,0.9111111111111111,LOW,1
125,Georginio,Rutter,Georginio,FWD,Brighton,5.5,d,Unspecified injury - 75% chance of playing,75.0,1.0,5.0,5.0,5,90,0,1,1,0.08,0.44,19.8,11.4,15.0,4.6,22,0,22736,10413,22736,10413,90.0,0.0,1.0,1.0,0.0,22.0,5.0,1,1,MINOR_RISK,0.75,61.5,0.6833333333333333,MEDIUM,1
126,Matt,O'Riley,O'Riley,MID,Brighton,5.5,a,,,0.1,0.0,0.0,0,0,0,0,0,0.0,0.0,0.0,0.0,0.0,0.0,0,0,554,1155,554,1155,0.0,0.0,0.0,0.0,0.0,0.0,0.0,0,0,AVAILABLE,1.0,10.0,0.1111111111111111,VERY_HIGH,0
127,Diego,Gómez Amarilla,Gomez,MID,Brighton,5.0,a,,,3.8,6.0,6.0,6,85,0,1,1,0.18,0.48,33.0,25.1,41.0,9.9,27,0,17370,13323,17370,13323,85.0,0.0,1.0,1.0,0.0,27.0,6.0,1,1,AVAILABLE,1.0,82.0,0.9111111111111111,LOW,1
128,Facundo,Buonanotte,Buonanotte,MID,Brighton,5.0,u,Has joined Elche on loan for the rest of the season,0.0,0.0,0.0,0.0,0,0,0,0,0,0.0,0.0,0.0,0.0,0.0,0.0,0,0,0,154,0,154,0.0,0.0,0.0,0.0,0.0,0.0,0.0,0,0,UNAVAILABLE,0.0,0.0,0.0,OUT,0
129,Yasin,Ayari,Ayari,MID,Brighton,5.5,a,,,0.6,2.0,2.0,2,63,0,0,1,0.11,0.03,0.0,15.0,6.0,1.7,8,0,2697,6010,2697,6010,63.0,0.0,0.0,1.0,0.0,8.0,2.0,1,1,AVAILABLE,1.0,75.0,0.8333333333333334,MEDIUM,1
130,Mats,Wieffer,Wieffer,DEF,Brighton,5.0,a,,,0.4,7.0,7.0,7,77,0,0,1,0.09,0.05,16.6,26.3,6.0,4.9,32,1,11520,2442,11520,2442,77.0,0.0,0.0,1.0,1.0,32.0,7.0,1,1,AVAILABLE,1.0,82.0,0.9111111111111111,LOW,1
132,Harry,Howell,Howell,MID,Brighton,4.5,u,Has joined Leicester City on loan for the rest of the season,0.0,0.1,0.0,0.0,0,0,0,0,0,0.0,0.0,0.0,0.0,0.0,0.0,0,0,0,1379,0,1379,0.0,0.0,0.0,0.0,0.0,0.0,0.0,0,0,UNAVAILABLE,0.0,0.0,0.0,OUT,0
133,Tom,Watson,Watson,MID,Brighton,5.0,u,Has joined Leicester City on loan for the rest of the season,0.0,0.0,0.0,0.0,0,0,0,0,0,0.0,0.0,0.0,0.0,0.0,0.0,0,0,0,48,0,48,0.0,0.0,0.0,0.0,0.0,0.0,0.0,0,0,UNAVAILABLE,0.0,0.0,0.0,OUT,0
134,Nehemiah,Oriola,Oriola,MID,Brighton,4.5,a,,,0.3,0.0,0.0,0,0,0,0,0,0.0,0.0,0.0,0.0,0.0,0.0,0,0,1463,2287,1463,2287,0.0,0.0,0.0,0.0,0.0,0.0,0.0,0,0,AVAILABLE,1.0,10.0,0.1111111111111111,VERY_HIGH,0
135,Zadok,Yohanna,Yohanna,MID,Brighton,5.0,a,,,0.1,1.0,1.0,1,12,0,0,0,0.0,0.03,0.2,1.3,0.0,0.2,3,0,328,691,328,691,12.0,0.0,0.0,0.0,0.0,3.0,1.0,0,1,AVAILABLE,1.0,20.0,0.2222222222222222,VERY_HIGH,0
137,Stefanos,Tzimas,Tzimas,FWD,Brighton,5.5,i,Knee injury - Unknown return date,0.0,0.0,0.0,0.0,0,0,0,0,0,0.0,0.0,0.0,0.0,0.0,0.0,0,0,74,216,74,216,0.0,0.0,0.0,0.0,0.0,0.0,0.0,0,0,UNAVAILABLE,0.0,0.0,0.0,OUT,0
138,Charalampos,Kostoulas,Kostoulas,FWD,Brighton,5.5,a,,,0.2,1.0,1.0,1,26,0,0,0,0.18,0.0,0.0,0.4,10.0,0.9,-1,0,919,1711,919,1711,26.0,0.0,0.0,0.0,0.0,-1.0,1.0,0,1,AVAILABLE,1.0,20.0,0.2222222222222222,VERY_HIGH,0
139,Evan,Ferguson,Ferguson,FWD,Brighton,5.0,i,Ankle injury - Expected back 10 Oct,0.0,0.0,0.0,0.0,0,0,0,0,0,0.0,0.0,0.0,0.0,0.0,0.0,0,0,284,557,284,557,0.0,0.0,0.0,0.0,0.0,0.0,0.0,0,0,UNAVAILABLE,0.0,0.0,0.0,OUT,0
328,Pascal,Struijk,Struijk,DEF,Brighton,5.0,a,,100.0,0.2,0.0,0.0,0,0,0,0,0,0.0,0.0,0.0,0.0,0.0,0.0,0,0,1299,2064,1299,2064,0.0,0.0,0.0,0.0,0.0,0.0,0.0,0,0,AVAILABLE,1.0,10.0,0.1111111111111111,VERY_HIGH,0
504,Luka,Vušković,Vuskovic,DEF,Brighton,5.0,a,,,2.5,6.0,6.0,6,90,0,0,1,0.13,0.03,12.4,4.5,12.0,2.9,19,0,18922,9909,18922,9909,90.0,0.0,0.0,1.0,0.0,19.0,6.0,1,1,AVAILABLE,1.0,82.0,0.9111111111111111,LOW,1
594,Promise,David,David,FWD,Brighton,6.0,a,,,0.3,0.0,0.0,0,0,0,0,0,0.0,0.0,0.0,0.0,0.0,0.0,0,0,2240,3199,2240,3199,0.0,0.0,0.0,0.0,0.0,0.0,0.0,0,0,AVAILABLE,1.0,10.0,0.1111111111111111,VERY_HIGH,0
600,Ibrahim,Osman,Osman,MID,Brighton,5.0,a,,,0.0,1.0,1.0,1,12,0,0,0,0.0,0.05,4.2,15.4,4.0,2.4,7,0,198,122,198,122,12.0,0.0,0.0,0.0,0.0,7.0,1.0,0,1,AVAILABLE,1.0,20.0,0.2222222222222222,VERY_HIGH,0
605,Malick,Yalcouyé,Yalcouyé,MID,Brighton,4.5,a,,,0.1,1.0,1.0,1,4,0,0,0,0.0,0.01,0.6,2.7,0.0,0.3,3,0,3566,772,3566,772,4.0,0.0,0.0,0.0,0.0,3.0,1.0,0,1,AVAILABLE,1.0,20.0,0.2222222222222222,VERY_HIGH,0
614,Jaouen,Hadjam,Hadjam,DEF,Brighton,4.5,a,,,0.0,0.0,0.0,0,0,0,0,0,0.0,0.0,0.0,0.0,0.0,0.0,0,0,631,27,631,27,0.0,0.0,0.0,0.0,0.0,0.0,0.0,0,0,AVAILABLE,1.0,10.0,0.1111111111111111,VERY_HIGH,0
40,Morgan,Rogers,Rogers,MID,Chelsea,7.5,a,,,26.0,8.0,8.0,8,81,1,0,0,0.96,0.1,48.8,53.5,29.0,13.1,37,1,202113,55395,202113,55395,81.0,1.0,0.0,0.0,1.0,37.0,8.0,1,1,AVAILABLE,1.0,82.0,0.9111111111111111,LOW,1
101,Jordan,Henderson,Henderson,MID,Chelsea,5.0,d,Wrist injury - 75% chance of playing,75.0,0.0,0.0,0.0,0,0,0,0,0,0.0,0.0,0.0,0.0,0.0,0.0,0,0,201,603,201,603,0.0,0.0,0.0,0.0,0.0,0.0,0.0,0,0,MINOR_RISK,0.75,7.5,0.08333333333333333,VERY_HIGH,0
136,Danny,Welbeck,Welbeck,FWD,Chelsea,6.0,a,,100.0,1.0,0.0,0.0,0,0,0,0,0,0.0,0.0,0.0,0.0,0.0,0.0,0,0,1570,19641,1570,19641,0.0,0.0,0.0,0.0,0.0,0.0,0.0,0,0,AVAILABLE,1.0,10.0,0.1111111111111111,VERY_HIGH,0
140,Robert,Lynch Sánchez,Sánchez,GKP,Chelsea,5.0,a,,,2.3,2.0,2.0,2,90,0,0,0,0.0,0.01,21.4,0.0,0.0,2.1,6,0,7750,17122,7750,17122,90.0,0.0,0.0,0.0,0.0,6.0,2.0,1,1,AVAILABLE,1.0,82.0,0.9111111111111111,LOW,1
141,Filip,Jörgensen,Jörgensen,GKP,Chelsea,5.0,u,Has joined RC Strasbourg on loan for the rest of the season,0.0,0.0,0.0,0.0,0,0,0,0,0,0.0,0.0,0.0,0.0,0.0,0.0,0,0,0,472,0,472,0.0,0.0,0.0,0.0,0.0,0.0,0.0,0,0,UNAVAILABLE,0.0,0.0,0.0,OUT,0
142,Reece,James,James,DEF,Chelsea,5.5,a,,,10.0,0.0,0.0,0,90,0,0,0,0.1,0.07,23.4,16.8,19.0,5.9,5,0,52463,66157,52463,66157,90.0,0.0,0.0,0.0,0.0,5.0,0.0,1,1,AVAILABLE,1.0,82.0,0.9111111111111111,LOW,1
143,Trevoh,Chalobah,Chalobah,DEF,Chelsea,5.5,u,Has joined Como permanently,0.0,0.1,0.0,0.0,0,0,0,0,0,0.0,0.0,0.0,0.0,0.0,0.0,0,0,0,7305,0,7305,0.0,0.0,0.0,0.0,0.0,0.0,0.0,0,0,UNAVAILABLE,0.0,0.0,0.0,OUT,0
144,Malo,Gusto,Gusto,DEF,Chelsea,5.0,a,,,1.2,1.0,1.0,1,75,0,0,0,0.0,0.03,7.2,9.8,6.0,2.3,2,0,10898,9106,10898,9106,75.0,0.0,0.0,0.0,0.0,2.0,1.0,1,1,AVAILABLE,1.0,82.0,0.9111111111111111,LOW,1
145,Wesley,Fofana,Fofana,DEF,Chelsea,5.0,a,,100.0,0.0,0.0,0.0,0,0,0,0,0,0.0,0.0,0.0,0.0,0.0,0.0,0,0,649,221,649,221,0.0,0.0,0.0,0.0,0.0,0.0,0.0,0,0,AVAILABLE,1.0,10.0,0.1111111111111111,VERY_HIGH,0
146,Benoît,Badiashile Mukinayi,B.Badiashile,DEF,Chelsea,4.5,u,Has joined Napoli on loan for the rest of the season,0.0,0.0,0.0,0.0,0,0,0,0,0,0.0,0.0,0.0,0.0,0.0,0.0,0,0,232,667,232,667,0.0,0.0,0.0,0.0,0.0,0.0,0.0,0,0,UNAVAILABLE,0.0,0.0,0.0,OUT,0
147,Tosin,Adarabioyo,Tosin,DEF,Chelsea,4.5,a,,,0.2,0.0,0.0,0,0,0,0,0,0.0,0.0,0.0,0.0,0.0,0.0,0,0,232,1716,232,1716,0.0,0.0,0.0,0.0,0.0,0.0,0.0,0,0,AVAILABLE,1.0,10.0,0.1111111111111111,VERY_HIGH,0
148,Jorrel,Hato,Hato,DEF,Chelsea,4.5,a,,,0.5,1.0,1.0,1,64,0,0,0,0.01,0.03,8.4,12.3,11.0,3.2,5,0,3566,3728,3566,3728,64.0,0.0,0.0,0.0,0.0,5.0,1.0,1,1,AVAILABLE,1.0,75.0,0.8333333333333334,MEDIUM,1
149,Levi,Samuels Colwill,Colwill,DEF,Chelsea,5.0,a,,,1.5,0.0,0.0,0,90,0,0,0,0.01,0.03,6.0,1.6,7.0,1.5,6,0,9222,14448,9222,14448,90.0,0.0,0.0,0.0,0.0,6.0,0.0,1,1,AVAILABLE,1.0,82.0,0.9111111111111111,LOW,1
150,Mamadou,Sarr,M.Sarr,DEF,Chelsea,4.5,a,,,0.1,0.0,0.0,0,0,0,0,0,0.0,0.0,0.0,0.0,0.0,0.0,0,0,381,827,381,827,0.0,0.0,0.0,0.0,0.0,0.0,0.0,0,0,AVAILABLE,1.0,10.0,0.1111111111111111,VERY_HIGH,0
151,Josh,Acheampong,Acheampong,DEF,Chelsea,4.5,a,,,0.3,3.0,3.0,3,90,0,0,0,0.0,0.01,33.2,2.2,2.0,3.7,13,0,5654,2476,5654,2476,90.0,0.0,0.0,0.0,0.0,13.0,3.0,1,1,AVAILABLE,1.0,82.0,0.9111111111111111,LOW,1
152,Marco,Palestra,Palestra,DEF,Chelsea,5.5,d,Unspecified injury - 75% chance of playing,75.0,2.4,0.0,0.0,0,0,0,0,0,0.0,0.0,0.0,0.0,0.0,0.0,0,0,4838,46713,4838,46713,0.0,0.0,0.0,0.0,0.0,0.0,0.0,0,0,MINOR_RISK,0.75,7.5,0.08333333333333333,VERY_HIGH,0
153,Axel,Disasi,Disasi,DEF,Chelsea,4.5,a,,,0.1,0.0,0.0,0,0,0,0,0,0.0,0.0,0.0,0.0,0.0,0.0,0,0,398,734,398,734,0.0,0.0,0.0,0.0,0.0,0.0,0.0,0,0,AVAILABLE,1.0,10.0,0.1111111111111111,VERY_HIGH,0
154,Cole,Palmer,Palmer,MID,Chelsea,9.5,a,,100.0,15.1,13.0,13.0,13,82,1,1,0,0.28,0.19,65.2,41.3,54.0,16.1,60,3,285130,26847,285130,26847,82.0,1.0,1.0,0.0,3.0,60.0,13.0,1,1,AVAILABLE,1.0,82.0,0.9111111111111111,LOW,1
155,Enzo,Fernández,Enzo,MID,Chelsea,7.0,a,,,4.6,1.0,1.0,1,25,0,0,0,0.0,0.02,3.4,12.0,0.0,1.5,6,0,14076,66708,14076,66708,25.0,0.0,0.0,0.0,0.0,6.0,1.0,0,1,AVAILABLE,1.0,20.0,0.2222222222222222,VERY_HIGH,0
156,Pedro,Lomba Neto,Neto,MID,Chelsea,6.5,a,,,1.2,1.0,1.0,1,14,0,0,0,0.03,0.07,5.2,4.1,4.0,1.3,9,0,5080,18006,5080,18006,14.0,0.0,0.0,0.0,0.0,9.0,1.0,0,1,AVAILABLE,1.0,20.0,0.2222222222222222,VERY_HIGH,0
157,Estêvão,Almeida de Oliveira Gonçalves,Estêvão,MID,Chelsea,6.5,a,,,1.2,1.0,1.0,1,7,0,0,0,0.0,0.0,0.2,0.4,0.0,0.1,3,0,4773,19723,4773,19723,7.0,0.0,0.0,0.0,0.0,3.0,1.0,0,1,AVAILABLE,1.0,20.0,0.2222222222222222,VERY_HIGH,0
158,Jamie,Bynoe-Gittens,Gittens,MID,Chelsea,6.0,a,,,0.0,0.0,0.0,0,0,0,0,0,0.0,0.0,0.0,0.0,0.0,0.0,0,0,239,631,239,631,0.0,0.0,0.0,0.0,0.0,0.0,0.0,0,0,AVAILABLE,1.0,10.0,0.1111111111111111,VERY_HIGH,0
159,Moisés,Caicedo Corozo,Caicedo,MID,Chelsea,5.5,d,Unspecified injury - 75% chance of playing,75.0,3.1,0.0,0.0,0,0,0,0,0,0.0,0.0,0.0,0.0,0.0,0.0,0,0,9287,78149,9287,78149,0.0,0.0,0.0,0.0,0.0,0.0,0.0,0,0,MINOR_RISK,0.75,7.5,0.08333333333333333,VERY_HIGH,0
161,Roméo,Lavia,Lavia,MID,Chelsea,5.0,a,,,0.1,1.0,1.0,1,64,0,0,0,0.21,0.03,13.6,21.9,33.0,6.9,8,0,938,777,938,777,64.0,0.0,0.0,0.0,0.0,8.0,1.0,1,1,AVAILABLE,1.0,75.0,0.8333333333333334,MEDIUM,1
163,Dário,Luís Essugo,D.Essugo,MID,Chelsea,4.5,a,,,0.2,0.0,0.0,0,0,0,0,0,0.0,0.0,0.0,0.0,0.0,0.0,0,0,1125,2450,1125,2450,0.0,0.0,0.0,0.0,0.0,0.0,0.0,0,0,AVAILABLE,1.0,10.0,0.1111111111111111,VERY_HIGH,0
164,Geovany,Quenda,Quenda,MID,Chelsea,5.5,a,,100.0,0.0,1.0,1.0,1,8,0,0,0,0.0,0.0,1.2,0.3,2.0,0.4,2,0,205,672,205,672,8.0,0.0,0.0,0.0,0.0,2.0,1.0,0,1,AVAILABLE,1.0,20.0,0.2222222222222222,VERY_HIGH,0
165,João Pedro,Junqueira de Jesus,João Pedro,FWD,Chelsea,7.6,a,,,67.5,11.0,11.0,11,90,1,1,0,0.63,0.06,51.2,23.0,37.0,11.1,45,2,320601,23635,320601,23635,90.0,1.0,1.0,0.0,2.0,45.0,11.0,1,1,AVAILABLE,1.0,82.0,0.9111111111111111,LOW,1
166,Nicolas,Jackson,N.Jackson,FWD,Chelsea,6.5,a,,,0.3,0.0,0.0,0,0,0,0,0,0.0,0.0,0.0,0.0,0.0,0.0,0,0,3772,6781,3772,6781,0.0,0.0,0.0,0.0,0.0,0.0,0.0,0,0,AVAILABLE,1.0,10.0,0.1111111111111111,VERY_HIGH,0
167,Liam,Delap,Delap,FWD,Chelsea,5.5,a,,,0.5,0.0,0.0,0,0,0,0,0,0.0,0.0,0.0,0.0,0.0,0.0,0,0,4686,6405,4686,6405,0.0,0.0,0.0,0.0,0.0,0.0,0.0,0,0,AVAILABLE,1.0,10.0,0.1111111111111111,VERY_HIGH,0
168,Marc,Guiu Paz,Marc Guiu,FWD,Chelsea,5.0,a,,,0.5,0.0,0.0,0,0,0,0,0,0.0,0.0,0.0,0.0,0.0,0.0,0,0,1953,5099,1953,5099,0.0,0.0,0.0,0.0,0.0,0.0,0.0,0,0,AVAILABLE,1.0,10.0,0.1111111111111111,VERY_HIGH,0
169,Shumaira,Mheuka,Mheuka,FWD,Chelsea,4.5,a,,,0.3,0.0,0.0,0,0,0,0,0,0.0,0.0,0.0,0.0,0.0,0.0,0,0,2533,3824,2533,3824,0.0,0.0,0.0,0.0,0.0,0.0,0.0,0,0,AVAILABLE,1.0,10.0,0.1111111111111111,VERY_HIGH,0
170,Emmanuel,Emegha,Emegha,FWD,Chelsea,5.0,a,,100.0,0.2,0.0,0.0,0,0,0,0,0,0.0,0.0,0.0,0.0,0.0,0.0,0,0,1305,1983,1305,1983,0.0,0.0,0.0,0.0,0.0,0.0,0.0,0,0,AVAILABLE,1.0,10.0,0.1111111111111111,VERY_HIGH,0
200,Maxence,Lacroix,Lacroix,DEF,Chelsea,6.0,a,,,9.5,6.0,6.0,6,90,0,1,0,0.0,0.2,44.2,11.2,2.0,5.7,25,0,52471,36547,52471,36547,90.0,0.0,1.0,0.0,0.0,25.0,6.0,1,1,AVAILABLE,1.0,82.0,0.9111111111111111,LOW,1
560,Mike,Penders,Penders,GKP,Chelsea,4.5,a,,,0.1,0.0,0.0,0,0,0,0,0,0.0,0.0,0.0,0.0,0.0,0.0,0,0,326,634,326,634,0.0,0.0,0.0,0.0,0.0,0.0,0.0,0,0,AVAILABLE,1.0,10.0,0.1111111111111111,VERY_HIGH,0
561,Aaron,Anselmino,Anselmino,DEF,Chelsea,4.5,a,,100.0,0.0,0.0,0.0,0,0,0,0,0,0.0,0.0,0.0,0.0,0.0,0.0,0,0,104,421,104,421,0.0,0.0,0.0,0.0,0.0,0.0,0.0,0,0,AVAILABLE,1.0,10.0,0.1111111111111111,VERY_HIGH,0
568,Valentín,Barco,Barco,MID,Chelsea,5.5,a,,,0.1,0.0,0.0,0,0,0,0,0,0.0,0.0,0.0,0.0,0.0,0.0,0,0,292,1341,292,1341,0.0,0.0,0.0,0.0,0.0,0.0,0.0,0,0,AVAILABLE,1.0,10.0,0.1111111111111111,VERY_HIGH,0
578,Mykhailo,Mudryk,Mudryk,MID,Chelsea,5.5,a,,,0.0,0.0,0.0,0,0,0,0,0,0.0,0.0,0.0,0.0,0.0,0.0,0,0,211,835,211,835,0.0,0.0,0.0,0.0,0.0,0.0,0.0,0,0,AVAILABLE,1.0,10.0,0.1111111111111111,VERY_HIGH,0
583,Pep,Chavarría,Chavarria,DEF,Chelsea,5.0,a,,,0.2,1.0,1.0,1,25,0,0,0,0.0,0.0,2.4,0.2,2.0,0.5,3,0,874,1950,874,1950,25.0,0.0,0.0,0.0,0.0,3.0,1.0,0,1,AVAILABLE,1.0,20.0,0.2222222222222222,VERY_HIGH,0
104,Frank,Onyeka,Onyeka,MID,Coventry City,5.0,a,,,0.2,2.0,2.0,2,90,0,0,0,0.0,0.01,3.6,1.6,0.0,0.5,8,0,1602,1244,1602,1244,90.0,0.0,0.0,0.0,0.0,8.0,2.0,1,1,AVAILABLE,1.0,82.0,0.9111111111111111,LOW,1
110,Carl,Rushworth,Rushworth,GKP,Coventry City,4.5,a,,,1.2,1.0,1.0,1,90,0,0,0,0.0,0.01,14.2,0.0,0.0,1.4,0,0,6131,3583,6131,3583,90.0,0.0,0.0,0.0,0.0,0.0,1.0,1,1,AVAILABLE,1.0,82.0,0.9111111111111111,LOW,1
171,Oliver,Dovin,Dovin,GKP,Coventry City,4.0,a,,,1.6,0.0,0.0,0,0,0,0,0,0.0,0.0,0.0,0.0,0.0,0.0,0,0,1953,5074,1953,5074,0.0,0.0,0.0,0.0,0.0,0.0,0.0,0,0,AVAILABLE,1.0,10.0,0.1111111111111111,VERY_HIGH,0
172,Ben,Wilson,Wilson,GKP,Coventry City,4.5,a,,,0.5,0.0,0.0,0,0,0,0,0,0.0,0.0,0.0,0.0,0.0,0.0,0,0,179,2744,179,2744,0.0,0.0,0.0,0.0,0.0,0.0,0.0,0,0,AVAILABLE,1.0,10.0,0.1111111111111111,VERY_HIGH,0
173,Bobby,Thomas,Thomas,DEF,Coventry City,4.0,a,,,7.9,3.0,3.0,3,90,0,0,0,0.02,0.01,23.2,11.2,1.0,3.5,11,0,28126,19235,28126,19235,90.0,0.0,0.0,0.0,0.0,11.0,3.0,1,1,AVAILABLE,1.0,82.0,0.9111111111111111,LOW,1
174,Liam,Kitching,Kitching,DEF,Coventry City,4.0,a,,,0.7,0.0,0.0,0,0,0,0,0,0.0,0.0,0.0,0.0,0.0,0.0,0,0,428,3817,428,3817,0.0,0.0,0.0,0.0,0.0,0.0,0.0,0,0,AVAILABLE,1.0,10.0,0.1111111111111111,VERY_HIGH,0
175,Milan,van Ewijk,van Ewijk,DEF,Coventry City,4.0,a,,,13.1,1.0,1.0,1,90,0,0,0,0.0,0.01,10.6,2.0,2.0,1.5,-8,0,26544,42158,26544,42158,90.0,0.0,0.0,0.0,0.0,-8.0,1.0,1,1,AVAILABLE,1.0,82.0,0.9111111111111111,LOW,1
176,Jay,Dasilva,Dasilva,DEF,Coventry City,4.0,a,,,0.8,1.0,1.0,1,90,0,0,0,0.0,0.02,13.8,3.8,0.0,1.8,-4,0,2232,3183,2232,3183,90.0,0.0,0.0,0.0,0.0,-4.0,1.0,1,1,AVAILABLE,1.0,82.0,0.9111111111111111,LOW,1
177,Kaine,Kesler-Hayden,Kesler-Hayden,DEF,Coventry City,4.0,i,Hamstring injury - Unknown return date,0.0,0.1,0.0,0.0,0,0,0,0,0,0.0,0.0,0.0,0.0,0.0,0.0,0,0,140,492,140,492,0.0,0.0,0.0,0.0,0.0,0.0,0.0,0,0,UNAVAILABLE,0.0,0.0,0.0,OUT,0
178,Jake,Bidwell,Bidwell,DEF,Coventry City,4.0,a,,,0.1,0.0,0.0,0,0,0,0,0,0.0,0.0,0.0,0.0,0.0,0.0,0,0,447,617,447,617,0.0,0.0,0.0,0.0,0.0,0.0,0.0,0,0,AVAILABLE,1.0,10.0,0.1111111111111111,VERY_HIGH,0
179,Joel,Latibeaudiere,Latibeaudiere,DEF,Coventry City,4.0,a,,,0.0,0.0,0.0,0,0,0,0,0,0.0,0.0,0.0,0.0,0.0,0.0,0,0,106,334,106,334,0.0,0.0,0.0,0.0,0.0,0.0,0.0,0,0,AVAILABLE,1.0,10.0,0.1111111111111111,VERY_HIGH,0
180,Luke,Woolfenden,Woolfenden,DEF,Coventry City,4.0,i,Knee injury - Unknown return date,0.0,0.2,0.0,0.0,0,0,0,0,0,0.0,0.0,0.0,0.0,0.0,0.0,0,0,871,1577,871,1577,0.0,0.0,0.0,0.0,0.0,0.0,0.0,0,0,UNAVAILABLE,0.0,0.0,0.0,OUT,0
181,Miguel,Brau,Brau,DEF,Coventry City,4.0,a,,,0.0,0.0,0.0,0,0,0,0,0,0.0,0.0,0.0,0.0,0.0,0.0,0,0,212,276,212,276,0.0,0.0,0.0,0.0,0.0,0.0,0.0,0,0,AVAILABLE,1.0,10.0,0.1111111111111111,VERY_HIGH,0
182,Aurèle,Amenda,Amenda,DEF,Coventry City,4.0,a,,,0.9,1.0,1.0,1,90,0,0,0,0.0,0.01,28.8,0.8,0.0,3.0,1,0,2510,3615,2510,3615,90.0,0.0,0.0,0.0,0.0,1.0,1.0,1,1,AVAILABLE,1.0,82.0,0.9111111111111111,LOW,1
183,Jack,Rudoni,Rudoni,MID,Coventry City,5.0,a,,100.0,0.1,1.0,1.0,1,20,0,0,0,0.15,0.0,5.6,3.8,17.0,2.6,3,0,762,1028,762,1028,20.0,0.0,0.0,0.0,0.0,3.0,1.0,0,1,AVAILABLE,1.0,20.0,0.2222222222222222,VERY_HIGH,0
184,Matt,Grimes,Grimes,MID,Coventry City,5.0,a,,,0.2,2.0,2.0,2,90,0,0,0,0.0,0.01,13.4,3.7,0.0,1.7,14,0,1510,1264,1510,1264,90.0,0.0,0.0,0.0,0.0,14.0,2.0,1,1,AVAILABLE,1.0,82.0,0.9111111111111111,LOW,1
185,Tatsuhiro,Sakamoto,Sakamoto,MID,Coventry City,5.0,a,,,0.1,0.0,0.0,0,0,0,0,0,0.0,0.0,0.0,0.0,0.0,0.0,0,0,112,1167,112,1167,0.0,0.0,0.0,0.0,0.0,0.0,0.0,0,0,AVAILABLE,1.0,10.0,0.1111111111111111,VERY_HIGH,0
186,Ephron,Mason-Clark,Mason-Clark,MID,Coventry City,5.5,a,,100.0,0.1,0.0,0.0,0,0,0,0,0,0.0,0.0,0.0,0.0,0.0,0.0,0,0,318,1269,318,1269,0.0,0.0,0.0,0.0,0.0,0.0,0.0,0,0,AVAILABLE,1.0,10.0,0.1111111111111111,VERY_HIGH,0
187,Josh,Eccles,Eccles,MID,Coventry City,5.0,a,,,0.0,0.0,0.0,0,0,0,0,0,0.0,0.0,0.0,0.0,0.0,0.0,0,0,61,217,61,217,0.0,0.0,0.0,0.0,0.0,0.0,0.0,0,0,AVAILABLE,1.0,10.0,0.1111111111111111,VERY_HIGH,0
188,Victor,Torp,Torp,MID,Coventry City,5.5,a,,,0.2,1.0,1.0,1,28,0,0,0,0.0,0.11,6.8,16.4,0.0,2.3,8,0,329,1466,329,1466,28.0,0.0,0.0,0.0,0.0,8.0,1.0,0,1,AVAILABLE,1.0,20.0,0.2222222222222222,VERY_HIGH,0
189,George,Shepherd,Shepherd,MID,Coventry City,4.5,a,,,0.3,0.0,0.0,0,0,0,0,0,0.0,0.0,0.0,0.0,0.0,0.0,0,0,870,2621,870,2621,0.0,0.0,0.0,0.0,0.0,0.0,0.0,0,0,AVAILABLE,1.0,10.0,0.1111111111111111,VERY_HIGH,0
190,Loum,Tchaouna,Tchaouna,MID,Coventry City,5.5,a,,,0.2,2.0,2.0,2,81,0,0,0,0.04,0.02,1.8,6.0,3.0,1.1,11,0,1676,1051,1676,1051,81.0,0.0,0.0,0.0,0.0,11.0,2.0,1,1,AVAILABLE,1.0,82.0,0.9111111111111111,LOW,1
191,Raphael,Borges Rodrigues,Borges Rodrigues,MID,Coventry City,4.5,a,,,0.2,0.0,0.0,0,0,0,0,0,0.0,0.0,0.0,0.0,0.0,0.0,0,0,570,1567,570,1567,0.0,0.0,0.0,0.0,0.0,0.0,0.0,0,0,AVAILABLE,1.0,10.0,0.1111111111111111,VERY_HIGH,0
192,Kai,Andrews,Andrews,MID,Coventry City,4.5,a,,,0.6,0.0,0.0,0,0,0,0,0,0.0,0.0,0.0,0.0,0.0,0.0,0,0,2263,6022,2263,6022,0.0,0.0,0.0,0.0,0.0,0.0,0.0,0,0,AVAILABLE,1.0,10.0,0.1111111111111111,VERY_HIGH,0
193,Haji,Wright,Wright,FWD,Coventry City,5.5,i,Thigh injury - Unknown return date,0.0,0.1,0.0,0.0,0,0,0,0,0,0.0,0.0,0.0,0.0,0.0,0.0,0,0,90,4765,90,4765,0.0,0.0,0.0,0.0,0.0,0.0,0.0,0,0,UNAVAILABLE,0.0,0.0,0.0,OUT,0
194,Brandon,Thomas-Asante,Thomas-Asante,FWD,Coventry City,5.0,a,,,0.8,2.0,2.0,2,69,0,0,0,0.0,0.02,4.6,1.1,0.0,0.6,9,0,11084,6346,11084,6346,69.0,0.0,0.0,0.0,0.0,9.0,2.0,1,1,AVAILABLE,1.0,75.0,0.8333333333333334,MEDIUM,1
195,Ellis,Simms,Simms,FWD,Coventry City,5.0,a,,,1.0,2.0,2.0,2,69,0,0,0,0.0,0.01,2.6,12.3,2.0,1.7,7,0,15345,7377,15345,7377,69.0,0.0,0.0,0.0,0.0,7.0,2.0,1,1,AVAILABLE,1.0,75.0,0.8333333333333334,MEDIUM,1
196,Jahnoah,Markelo,Markelo,FWD,Coventry City,5.0,u,Has joined Shabab Al-Ahli Dubai permanently,0.0,0.0,0.0,0.0,0,0,0,0,0,0.0,0.0,0.0,0.0,0.0,0.0,0,0,0,536,0,536,0.0,0.0,0.0,0.0,0.0,0.0,0.0,0,0,UNAVAILABLE,0.0,0.0,0.0,OUT,0
197,Norman,Bassette,Bassette,FWD,Coventry City,4.5,u,Has joined KVC Westerlo on loan for the rest of the season,0.0,0.0,0.0,0.0,0,0,0,0,0,0.0,0.0,0.0,0.0,0.0,0.0,0,0,0,722,0,722,0.0,0.0,0.0,0.0,0.0,0.0,0.0,0,0,UNAVAILABLE,0.0,0.0,0.0,OUT,0
492,Taiwo,Awoniyi,Awoniyi,FWD,Coventry City,5.5,a,,,0.8,1.0,1.0,1,20,0,0,0,0.0,0.0,0.0,1.4,0.0,0.1,4,0,5280,7256,5280,7256,20.0,0.0,0.0,0.0,0.0,4.0,1.0,0,1,AVAILABLE,1.0,20.0,0.2222222222222222,VERY_HIGH,0
575,Caleb,Yirenkyi,Yirenkyi,MID,Coventry City,5.0,a,,,0.2,1.0,1.0,1,61,0,0,0,0.0,0.0,0.0,3.1,0.0,0.0,2,0,741,2156,741,2156,61.0,0.0,0.0,0.0,0.0,2.0,1.0,1,1,AVAILABLE,1.0,75.0,0.8333333333333334,MEDIUM,1
584,Gustavo,Hamer,Hamer,MID,Coventry City,5.5,a,,,0.1,1.0,1.0,1,8,0,0,0,0.0,0.0,0.4,0.3,0.0,0.1,3,0,299,1155,299,1155,8.0,0.0,0.0,0.0,0.0,3.0,1.0,0,1,AVAILABLE,1.0,20.0,0.2222222222222222,VERY_HIGH,0
599,Sidiki,Cherif,Cherif,FWD,Coventry City,5.0,a,,,0.1,0.0,0.0,0,0,0,0,0,0.0,0.0,0.0,0.0,0.0,0.0,0,0,1425,1124,1425,1124,0.0,0.0,0.0,0.0,0.0,0.0,0.0,0,0,AVAILABLE,1.0,10.0,0.1111111111111111,VERY_HIGH,0
42,Evann,Guessand,Guessand,MID,Crystal Palace,5.5,a,,,0.0,1.0,1.0,1,27,0,0,0,0.03,0.02,3.2,1.8,7.0,1.2,3,0,368,534,368,534,27.0,0.0,0.0,0.0,0.0,3.0,1.0,0,1,AVAILABLE,1.0,20.0,0.2222222222222222,VERY_HIGH,0
198,Dean,Henderson,Henderson,GKP,Crystal Palace,5.0,a,,100.0,1.9,2.0,2.0,2,90,0,0,0,0.0,0.0,28.2,0.0,0.0,2.8,14,0,4860,11591,4860,11591,90.0,0.0,0.0,0.0,0.0,14.0,2.0,1,1,AVAILABLE,1.0,82.0,0.9111111111111111,LOW,1
199,Walter,Benítez,Benitez,GKP,Crystal Palace,4.5,a,,,0.1,0.0,0.0,0,0,0,0,0,0.0,0.0,0.0,0.0,0.0,0.0,0,0,412,1022,412,1022,0.0,0.0,0.0,0.0,0.0,0.0,0.0,0,0,AVAILABLE,1.0,10.0,0.1111111111111111,VERY_HIGH,0
201,Daniel,Muñoz Mejía,Muñoz,DEF,Crystal Palace,5.5,a,,,8.5,0.0,0.0,0,54,0,0,0,0.23,0.01,1.2,1.8,21.0,2.4,-4,0,14249,99638,14249,99638,54.0,0.0,0.0,0.0,0.0,-4.0,0.0,0,1,AVAILABLE,1.0,45.0,0.5,HIGH,0
202,Chris,Richards,Richards,DEF,Crystal Palace,5.0,a,,,0.7,3.0,3.0,3,90,0,0,0,0.0,0.0,42.6,0.7,0.0,4.3,13,0,3581,5029,3581,5029,90.0,0.0,0.0,0.0,0.0,13.0,3.0,1,1,AVAILABLE,1.0,82.0,0.9111111111111111,LOW,1
203,Jaydee,Canvot,Canvot,DEF,Crystal Palace,5.0,a,,,0.3,1.0,1.0,1,90,0,0,0,0.05,0.01,27.4,5.7,5.0,3.8,9,0,710,3124,710,3124,90.0,0.0,0.0,0.0,0.0,9.0,1.0,1,1,AVAILABLE,1.0,82.0,0.9111111111111111,LOW,1
204,Tyrick,Mitchell,Mitchell,DEF,Crystal Palace,4.5,a,,,5.7,1.0,1.0,1,90,0,0,0,0.0,0.01,11.6,13.8,2.0,2.7,9,0,5235,40257,5235,40257,90.0,0.0,0.0,0.0,0.0,9.0,1.0,1,1,AVAILABLE,1.0,82.0,0.9111111111111111,LOW,1
205,Borna,Sosa,Sosa,DEF,Crystal Palace,4.5,a,,,0.0,0.0,0.0,0,0,0,0,0,0.0,0.0,0.0,0.0,0.0,0.0,0,0,114,303,114,303,0.0,0.0,0.0,0.0,0.0,0.0,0.0,0,0,AVAILABLE,1.0,10.0,0.1111111111111111,VERY_HIGH,0
206,Chadi,Riad Dnanou,Chadi Riad,DEF,Crystal Palace,4.5,i,Knee injury - Unknown return date,0.0,0.0,1.0,1.0,1,72,0,0,0,0.0,0.01,12.6,1.3,0.0,1.4,7,0,268,2400,268,2400,72.0,0.0,0.0,0.0,0.0,7.0,1.0,1,1,UNAVAILABLE,0.0,0.0,0.0,OUT,0
207,Oscar,Mingueza,Mingueza,DEF,Crystal Palace,4.5,a,,,0.1,0.0,0.0,0,0,0,0,0,0.0,0.0,0.0,0.0,0.0,0.0,0,0,173,1048,173,1048,0.0,0.0,0.0,0.0,0.0,0.0,0.0,0,0,AVAILABLE,1.0,10.0,0.1111111111111111,VERY_HIGH,0
208,Ismaïla,Sarr,Sarr,MID,Crystal Palace,6.5,i,Groin injury - Unknown return date,0.0,2.8,0.0,0.0,0,0,0,0,0,0.0,0.0,0.0,0.0,0.0,0.0,0,0,2053,157299,2053,157299,0.0,0.0,0.0,0.0,0.0,0.0,0.0,0,0,UNAVAILABLE,0.0,0.0,0.0,OUT,0
210,Adam,Wharton,Wharton,MID,Crystal Palace,5.5,a,,100.0,0.9,4.0,4.0,4,90,0,0,0,0.0,0.24,16.8,30.9,0.0,4.8,20,0,5328,6208,5328,6208,90.0,0.0,0.0,0.0,0.0,20.0,4.0,1,1,AVAILABLE,1.0,82.0,0.9111111111111111,LOW,1
211,Yéremy,Pino Santos,Yeremy,MID,Crystal Palace,5.5,a,,,0.2,1.0,1.0,1,35,0,0,0,0.06,0.02,2.0,6.3,6.0,1.4,4,0,237,1929,237,1929,35.0,0.0,0.0,0.0,0.0,4.0,1.0,0,1,AVAILABLE,1.0,45.0,0.5,HIGH,0
212,Will,Hughes,Hughes,MID,Crystal Palace,4.5,a,,,10.9,0.0,0.0,0,0,0,0,0,0.0,0.0,0.0,0.0,0.0,0.0,0,0,17191,73800,17191,73800,0.0,0.0,0.0,0.0,0.0,0.0,0.0,0,0,AVAILABLE,1.0,10.0,0.1111111111111111,VERY_HIGH,0
213,Jefferson,Lerma Solís,Lerma,MID,Crystal Palace,5.0,a,,,0.1,0.0,0.0,0,0,0,0,0,0.0,0.0,0.0,0.0,0.0,0.0,0,0,175,1162,175,1162,0.0,0.0,0.0,0.0,0.0,0.0,0.0,0,0,AVAILABLE,1.0,10.0,0.1111111111111111,VERY_HIGH,0
214,Daichi,Kamada,Kamada,MID,Crystal Palace,5.0,a,,,0.3,3.0,3.0,3,90,0,0,0,0.0,0.27,20.4,29.3,0.0,5.0,25,0,1519,2502,1519,2502,90.0,0.0,0.0,0.0,0.0,25.0,3.0,1,1,AVAILABLE,1.0,82.0,0.9111111111111111,LOW,1
215,Justin,Devenny,Devenny,MID,Crystal Palace,5.0,a,,,0.0,0.0,0.0,0,0,0,0,0,0.0,0.0,0.0,0.0,0.0,0.0,0,0,59,149,59,149,0.0,0.0,0.0,0.0,0.0,0.0,0.0,0,0,AVAILABLE,1.0,10.0,0.1111111111111111,VERY_HIGH,0
216,Romain,Esse,Esse,MID,Crystal Palace,5.0,a,,,0.0,0.0,0.0,0,0,0,0,0,0.0,0.0,0.0,0.0,0.0,0.0,0,0,189,506,189,506,0.0,0.0,0.0,0.0,0.0,0.0,0.0,0,0,AVAILABLE,1.0,10.0,0.1111111111111111,VERY_HIGH,0
217,Matheus,França de Oliveira,M.França,MID,Crystal Palace,5.0,a,,,0.0,0.0,0.0,0,0,0,0,0,0.0,0.0,0.0,0.0,0.0,0.0,0,0,15,554,15,554,0.0,0.0,0.0,0.0,0.0,0.0,0.0,0,0,AVAILABLE,1.0,10.0,0.1111111111111111,VERY_HIGH,0
218,Cheick,Doucouré,Doucouré,MID,Crystal Palace,5.0,a,,,0.1,0.0,0.0,0,0,0,0,0,0.0,0.0,0.0,0.0,0.0,0.0,0,0,212,856,212,856,0.0,0.0,0.0,0.0,0.0,0.0,0.0,0,0,AVAILABLE,1.0,10.0,0.1111111111111111,VERY_HIGH,0
219,Jesurun,Rak-Sakyi,J.Rak-Sakyi,MID,Crystal Palace,5.0,a,,,0.0,0.0,0.0,0,0,0,0,0,0.0,0.0,0.0,0.0,0.0,0.0,0,0,33,74,33,74,0.0,0.0,0.0,0.0,0.0,0.0,0.0,0,0,AVAILABLE,1.0,10.0,0.1111111111111111,VERY_HIGH,0
220,Rio,Cardines,Cardines,DEF,Crystal Palace,4.5,u,Has joined Bristol City on loan for the rest of the season,0.0,0.0,0.0,0.0,0,0,0,0,0,0.0,0.0,0.0,0.0,0.0,0.0,0,0,0,57,0,57,0.0,0.0,0.0,0.0,0.0,0.0,0.0,0,0,UNAVAILABLE,0.0,0.0,0.0,OUT,0
221,Joél,Drakes-Thomas,Drakes-Thomas,MID,Crystal Palace,4.5,a,,,0.1,0.0,0.0,0,0,0,0,0,0.0,0.0,0.0,0.0,0.0,0.0,0,0,346,826,346,826,0.0,0.0,0.0,0.0,0.0,0.0,0.0,0,0,AVAILABLE,1.0,10.0,0.1111111111111111,VERY_HIGH,0
222,Jørgen,Strand Larsen,Strand Larsen,FWD,Crystal Palace,6.0,a,,,0.5,1.0,1.0,1,27,0,0,0,0.25,0.01,1.0,3.5,17.0,2.2,3,0,1175,5912,1175,5912,27.0,0.0,0.0,0.0,0.0,3.0,1.0,0,1,AVAILABLE,1.0,20.0,0.2222222222222222,VERY_HIGH,0
223,Jean-Philippe,Mateta,Mateta,FWD,Crystal Palace,6.5,a,,,5.3,2.0,2.0,2,62,0,0,0,0.7,0.02,1.4,12.3,11.0,2.5,-3,0,19861,55254,19861,55254,62.0,0.0,0.0,0.0,0.0,-3.0,2.0,1,1,AVAILABLE,1.0,75.0,0.8333333333333334,MEDIUM,1
224,Eddie,Nketiah,Nketiah,FWD,Crystal Palace,5.5,a,,,0.5,1.0,1.0,1,55,0,0,0,0.6,0.58,10.4,24.5,23.0,5.8,12,0,2643,4646,2643,4646,55.0,0.0,0.0,0.0,0.0,12.0,1.0,0,1,AVAILABLE,1.0,45.0,0.5,HIGH,0
225,Christantus,Uche,Uche,FWD,Crystal Palace,5.0,u,has returned to Getafe CF,0.0,0.0,0.0,0.0,0,0,0,0,0,0.0,0.0,0.0,0.0,0.0,0.0,0,0,0,0,0,0,0.0,0.0,0.0,0.0,0.0,0.0,0.0,0,0,UNAVAILABLE,0.0,0.0,0.0,OUT,0
241,Dwight,McNeil,McNeil,MID,Crystal Palace,5.5,a,,,0.2,2.0,2.0,2,62,0,0,0,0.05,0.02,9.6,4.7,2.0,1.6,11,0,315,1324,315,1324,62.0,0.0,0.0,0.0,0.0,11.0,2.0,1,1,AVAILABLE,1.0,75.0,0.8333333333333334,MEDIUM,1
555,Remi,Matthews,Matthews,GKP,Crystal Palace,4.0,a,,,1.8,0.0,0.0,0,0,0,0,0,0.0,0.0,0.0,0.0,0.0,0.0,0,0,5106,5369,5106,5369,0.0,0.0,0.0,0.0,0.0,0.0,0.0,0,0,AVAILABLE,1.0,10.0,0.1111111111111111,VERY_HIGH,0
577,Takehiro,Tomiyasu,Tomiyasu,DEF,Crystal Palace,4.5,a,,,0.4,1.0,1.0,1,18,0,0,0,0.0,0.01,2.4,2.4,0.0,0.5,3,0,727,2105,727,2105,18.0,0.0,0.0,0.0,0.0,3.0,1.0,0,1,AVAILABLE,1.0,20.0,0.2222222222222222,VERY_HIGH,0
588,Anan,Khalaili,Khalaili,DEF,Crystal Palace,5.0,a,,,0.1,1.0,1.0,1,35,0,0,0,0.0,0.16,24.0,26.5,4.0,5.5,12,0,371,632,371,632,35.0,0.0,0.0,0.0,0.0,12.0,1.0,0,1,AVAILABLE,1.0,45.0,0.5,HIGH,0
595,Zavier,Gozo,Gozo,MID,Crystal Palace,5.0,a,,,0.0,0.0,0.0,0,0,0,0,0,0.0,0.0,0.0,0.0,0.0,0.0,0,0,91,143,91,143,0.0,0.0,0.0,0.0,0.0,0.0,0.0,0,0,AVAILABLE,1.0,10.0,0.1111111111111111,VERY_HIGH,0
21,Christian,Nørgaard,Nørgaard,MID,Everton,5.0,i,Unspecified injury - Unknown return date,0.0,0.1,0.0,0.0,0,0,0,0,0,0.0,0.0,0.0,0.0,0.0,0.0,0,0,95,2495,95,2495,0.0,0.0,0.0,0.0,0.0,0.0,0.0,0,0,UNAVAILABLE,0.0,0.0,0.0,OUT,0
209,Brennan,Johnson,Johnson,MID,Everton,6.0,a,,,0.2,1.0,1.0,1,6,0,0,0,0.0,0.0,4.0,0.3,0.0,0.4,3,0,552,2037,552,2037,6.0,0.0,0.0,0.0,0.0,3.0,1.0,0,1,AVAILABLE,1.0,20.0,0.2222222222222222,VERY_HIGH,0
226,Jordan,Pickford,Pickford,GKP,Everton,5.5,a,,,8.8,7.0,7.0,7,90,0,0,1,0.0,0.02,31.8,0.0,0.0,3.2,34,0,54160,21844,54160,21844,90.0,0.0,0.0,1.0,0.0,34.0,7.0,1,1,AVAILABLE,1.0,82.0,0.9111111111111111,LOW,1
227,Mark,Travers,Travers,GKP,Everton,5.0,a,,,0.0,0.0,0.0,0,0,0,0,0,0.0,0.0,0.0,0.0,0.0,0.0,0,0,236,331,236,331,0.0,0.0,0.0,0.0,0.0,0.0,0.0,0,0,AVAILABLE,1.0,10.0,0.1111111111111111,VERY_HIGH,0
228,Tom,King,King,GKP,Everton,4.5,a,,,0.0,0.0,0.0,0,0,0,0,0,0.0,0.0,0.0,0.0,0.0,0.0,0,0,216,322,216,322,0.0,0.0,0.0,0.0,0.0,0.0,0.0,0,0,AVAILABLE,1.0,10.0,0.1111111111111111,VERY_HIGH,0
229,James,Tarkowski,Tarkowski,DEF,Everton,6.0,a,,,8.8,6.0,6.0,6,90,0,0,1,0.05,0.0,15.2,0.8,4.0,2.0,25,0,36850,27097,36850,27097,90.0,0.0,0.0,1.0,0.0,25.0,6.0,1,1,AVAILABLE,1.0,82.0,0.9111111111111111,LOW,1
230,Jarrad,Branthwaite,Branthwaite,DEF,Everton,5.5,a,,,1.8,6.0,6.0,6,90,0,0,1,0.0,0.01,18.6,0.8,6.0,2.5,27,0,16219,6842,16219,6842,90.0,0.0,0.0,1.0,0.0,27.0,6.0,1,1,AVAILABLE,1.0,82.0,0.9111111111111111,LOW,1
231,Michael,Keane,Keane,DEF,Everton,5.0,a,,,1.4,0.0,0.0,0,0,0,0,0,0.0,0.0,0.0,0.0,0.0,0.0,0,0,2891,19682,2891,19682,0.0,0.0,0.0,0.0,0.0,0.0,0.0,0,0,AVAILABLE,1.0,10.0,0.1111111111111111,VERY_HIGH,0
232,Jake,O'Brien,O'Brien,DEF,Everton,5.0,a,,,0.4,0.0,0.0,0,0,0,0,0,0.0,0.0,0.0,0.0,0.0,0.0,0,0,1252,5802,1252,5802,0.0,0.0,0.0,0.0,0.0,0.0,0.0,0,0,AVAILABLE,1.0,10.0,0.1111111111111111,VERY_HIGH,0
233,Vitalii,Mykolenko,Mykolenko,DEF,Everton,4.5,a,,,1.6,6.0,6.0,6,90,0,0,1,0.0,0.05,12.8,13.8,2.0,2.9,27,0,17194,6808,17194,6808,90.0,0.0,0.0,1.0,0.0,27.0,6.0,1,1,AVAILABLE,1.0,82.0,0.9111111111111111,LOW,1
234,Nathan,Patterson,Patterson,DEF,Everton,4.5,a,,,0.0,0.0,0.0,0,0,0,0,0,0.0,0.0,0.0,0.0,0.0,0.0,0,0,173,310,173,310,0.0,0.0,0.0,0.0,0.0,0.0,0.0,0,0,AVAILABLE,1.0,10.0,0.1111111111111111,VERY_HIGH,0
235,Adam,Aznou,Aznou,DEF,Everton,4.0,a,,,0.2,0.0,0.0,0,0,0,0,0,0.0,0.0,0.0,0.0,0.0,0.0,0,0,885,1414,885,1414,0.0,0.0,0.0,0.0,0.0,0.0,0.0,0,0,AVAILABLE,1.0,10.0,0.1111111111111111,VERY_HIGH,0
236,Kiernan,Dewsbury-Hall,Dewsbury-Hall,MID,Everton,6.5,a,,,4.5,11.0,11.0,11,90,1,0,1,0.12,0.17,42.8,28.3,27.0,9.8,40,3,108063,21035,108063,21035,90.0,1.0,0.0,1.0,3.0,40.0,11.0,1,1,AVAILABLE,1.0,82.0,0.9111111111111111,LOW,1
237,Iliman,Ndiaye,Ndiaye,MID,Everton,6.0,a,,,16.0,9.0,9.0,9,90,0,1,1,0.24,0.32,40.8,39.8,48.0,12.9,36,1,96493,42062,96493,42062,90.0,0.0,1.0,1.0,1.0,36.0,9.0,1,1,AVAILABLE,1.0,82.0,0.9111111111111111,LOW,1
239,James,Garner,Garner,MID,Everton,6.0,a,,100.0,0.1,1.0,1.0,1,11,0,0,0,0.0,0.03,4.8,11.8,2.0,1.9,6,0,1157,1408,1157,1408,11.0,0.0,0.0,0.0,0.0,6.0,1.0,0,1,AVAILABLE,1.0,20.0,0.2222222222222222,VERY_HIGH,0
240,Tim,Iroegbunam,Iroegbunam,MID,Everton,5.0,i,Thigh injury - Unknown return date,0.0,0.0,0.0,0.0,0,0,0,0,0,0.0,0.0,0.0,0.0,0.0,0.0,0,0,17,303,17,303,0.0,0.0,0.0,0.0,0.0,0.0,0.0,0,0,UNAVAILABLE,0.0,0.0,0.0,OUT,0
242,Tyrique,George,George,MID,Everton,5.5,a,,,0.3,3.0,3.0,3,83,0,0,1,0.18,0.08,7.0,23.4,25.0,5.5,13,0,1777,1968,1777,1968,83.0,0.0,0.0,1.0,0.0,13.0,3.0,1,1,AVAILABLE,1.0,82.0,0.9111111111111111,LOW,1
243,Carlos,Alcaraz Durán,Alcaraz,MID,Everton,5.0,a,,,0.1,1.0,1.0,1,1,0,0,0,0.02,0.0,5.0,0.3,17.0,2.2,7,0,646,935,646,935,1.0,0.0,0.0,0.0,0.0,7.0,1.0,0,1,AVAILABLE,1.0,20.0,0.2222222222222222,VERY_HIGH,0
244,Harrison,Armstrong,Armstrong,MID,Everton,5.0,a,,,0.2,8.0,8.0,8,90,0,1,1,0.0,0.04,28.8,14.7,4.0,4.8,25,0,9677,1940,9677,1940,90.0,0.0,1.0,1.0,0.0,25.0,8.0,1,1,AVAILABLE,1.0,82.0,0.9111111111111111,LOW,1
245,Tyler,Dibling,Dibling,MID,Everton,5.5,a,,,0.0,0.0,0.0,0,0,0,0,0,0.0,0.0,0.0,0.0,0.0,0.0,0,0,151,612,151,612,0.0,0.0,0.0,0.0,0.0,0.0,0.0,0,0,AVAILABLE,1.0,10.0,0.1111111111111111,VERY_HIGH,0
246,Merlin,Röhl,Röhl,MID,Everton,5.0,a,,,0.1,3.0,3.0,3,90,0,0,1,0.0,0.06,13.8,13.0,2.0,2.9,12,0,408,495,408,495,90.0,0.0,0.0,1.0,0.0,12.0,3.0,1,1,AVAILABLE,1.0,82.0,0.9111111111111111,LOW,1
247,Hayden,Hackney,Hackney,MID,Everton,5.5,d,Knock - 75% chance of playing,75.0,0.3,3.0,3.0,3,78,0,0,1,0.01,0.01,8.6,12.2,5.0,2.6,16,0,814,2087,814,2087,78.0,0.0,0.0,1.0,0.0,16.0,3.0,1,1,MINOR_RISK,0.75,61.5,0.6833333333333333,MEDIUM,1
248,Norberto Bercique,Gomes Betuncal,Beto,FWD,Everton,5.5,a,,,2.4,1.0,1.0,1,11,0,0,0,0.05,0.0,0.0,0.0,2.0,0.2,3,0,6601,33101,6601,33101,11.0,0.0,0.0,0.0,0.0,3.0,1.0,0,1,AVAILABLE,1.0,20.0,0.2222222222222222,VERY_HIGH,0
249,Thierno,Barry,Barry,FWD,Everton,5.5,a,,,3.0,8.0,8.0,8,78,1,0,1,0.45,0.09,38.0,19.0,41.0,9.8,37,2,108951,16550,108951,16550,78.0,1.0,0.0,1.0,2.0,37.0,8.0,1,1,AVAILABLE,1.0,82.0,0.9111111111111111,LOW,1
250,Bernd,Leno,Leno,GKP,Fulham,4.5,a,,,3.0,2.0,2.0,2,90,0,0,0,0.0,0.0,29.6,0.0,0.0,3.0,11,0,9375,9196,9375,9196,90.0,0.0,0.0,0.0,0.0,11.0,2.0,1,1,AVAILABLE,1.0,82.0,0.9111111111111111,LOW,1
251,Benjamin,Lecomte,Lecomte,GKP,Fulham,4.0,a,,,1.2,0.0,0.0,0,0,0,0,0,0.0,0.0,0.0,0.0,0.0,0.0,0,0,1164,3133,1164,3133,0.0,0.0,0.0,0.0,0.0,0.0,0.0,0,0,AVAILABLE,1.0,10.0,0.1111111111111111,VERY_HIGH,0
252,Alfie,McNally,McNally,GKP,Fulham,4.0,a,,,0.2,0.0,0.0,0,0,0,0,0,0.0,0.0,0.0,0.0,0.0,0.0,0,0,632,504,632,504,0.0,0.0,0.0,0.0,0.0,0.0,0.0,0,0,AVAILABLE,1.0,10.0,0.1111111111111111,VERY_HIGH,0
253,Joachim,Andersen,Andersen,DEF,Fulham,5.0,a,,100.0,0.1,0.0,0.0,0,0,0,0,0,0.0,0.0,0.0,0.0,0.0,0.0,0,0,1686,500,1686,500,0.0,0.0,0.0,0.0,0.0,0.0,0.0,0,0,AVAILABLE,1.0,10.0,0.1111111111111111,VERY_HIGH,0
254,Antonee,Robinson,Robinson,DEF,Fulham,4.5,a,,,1.7,1.0,1.0,1,81,0,0,0,0.13,0.04,21.6,25.2,3.0,5.0,4,0,9221,7904,9221,7904,81.0,0.0,0.0,0.0,0.0,4.0,1.0,1,1,AVAILABLE,1.0,82.0,0.9111111111111111,LOW,1
255,Jorge,Cuenca Barreno,J.Cuenca,DEF,Fulham,4.5,a,,,0.0,3.0,3.0,3,90,0,0,0,0.0,0.03,32.8,21.3,0.0,5.4,7,0,614,196,614,196,90.0,0.0,0.0,0.0,0.0,7.0,3.0,1,1,AVAILABLE,1.0,82.0,0.9111111111111111,LOW,1
256,Kenny,Tete,Tete,DEF,Fulham,4.5,a,,,0.3,0.0,0.0,0,0,0,0,0,0.0,0.0,0.0,0.0,0.0,0.0,0,0,273,1640,273,1640,0.0,0.0,0.0,0.0,0.0,0.0,0.0,0,0,AVAILABLE,1.0,10.0,0.1111111111111111,VERY_HIGH,0
257,Calvin,Bassey,Bassey,DEF,Fulham,4.5,a,,,0.8,0.0,0.0,0,90,0,0,0,0.02,0.02,13.8,3.8,2.0,2.0,1,0,5929,4909,5929,4909,90.0,0.0,0.0,0.0,0.0,1.0,0.0,1,1,AVAILABLE,1.0,82.0,0.9111111111111111,LOW,1
258,Timothy,Castagne,Castagne,DEF,Fulham,4.5,a,,,0.4,6.0,6.0,6,90,0,2,0,0.09,0.18,38.0,27.8,23.0,8.9,21,0,8748,1942,8748,1942,90.0,0.0,2.0,0.0,0.0,21.0,6.0,1,1,AVAILABLE,1.0,82.0,0.9111111111111111,LOW,1
261,Alex,Iwobi,Iwobi,MID,Fulham,5.5,a,,,1.0,2.0,2.0,2,90,0,0,0,0.0,0.04,12.4,11.3,0.0,2.4,17,0,4844,7401,4844,7401,90.0,0.0,0.0,0.0,0.0,17.0,2.0,1,1,AVAILABLE,1.0,82.0,0.9111111111111111,LOW,1
262,Emile,Smith Rowe,Smith Rowe,MID,Fulham,5.5,a,,,0.4,0.0,0.0,0,0,0,0,0,0.0,0.0,0.0,0.0,0.0,0.0,0,0,1076,3761,1076,3761,0.0,0.0,0.0,0.0,0.0,0.0,0.0,0,0,AVAILABLE,1.0,10.0,0.1111111111111111,VERY_HIGH,0
263,Kevin,Santos Lopes de Macedo,Kevin,MID,Fulham,5.5,a,,,0.1,1.0,1.0,1,17,0,0,0,0.0,0.01,5.2,1.9,0.0,0.7,2,0,348,704,348,704,17.0,0.0,0.0,0.0,0.0,2.0,1.0,0,1,AVAILABLE,1.0,20.0,0.2222222222222222,VERY_HIGH,0
264,Oscar,Bobb,Bobb,MID,Fulham,5.5,a,,,0.3,2.0,2.0,2,66,0,0,0,0.0,0.26,9.8,13.8,6.0,3.0,10,0,3599,2511,3599,2511,66.0,0.0,0.0,0.0,0.0,10.0,2.0,1,1,AVAILABLE,1.0,75.0,0.8333333333333334,MEDIUM,1
265,Sander,Berge,Berge,MID,Fulham,5.0,a,,,0.4,2.0,2.0,2,72,0,0,0,0.03,0.03,13.6,23.1,7.0,4.4,14,0,1237,2723,1237,2723,72.0,0.0,0.0,0.0,0.0,14.0,2.0,1,1,AVAILABLE,1.0,75.0,0.8333333333333334,MEDIUM,1
266,Tom,Cairney,Cairney,MID,Fulham,5.0,i,Knee injury - Expected back 10 Oct,0.0,0.0,0.0,0.0,0,0,0,0,0,0.0,0.0,0.0,0.0,0.0,0.0,0,0,12,105,12,105,0.0,0.0,0.0,0.0,0.0,0.0,0.0,0,0,UNAVAILABLE,0.0,0.0,0.0,OUT,0
268,Josh,King,King,MID,Fulham,5.5,a,,,0.5,7.0,7.0,7,90,1,0,0,0.17,0.04,41.6,15.6,41.0,9.8,34,0,26386,3061,26386,3061,90.0,1.0,0.0,0.0,0.0,34.0,7.0,1,1,AVAILABLE,1.0,82.0,0.9111111111111111,LOW,1
269,Ryan,Sessegnon,Sessegnon,DEF,Fulham,4.5,a,,,0.4,1.0,1.0,1,17,0,0,0,0.03,0.0,6.6,0.5,19.0,2.6,7,0,792,2312,792,2312,17.0,0.0,0.0,0.0,0.0,7.0,1.0,0,1,AVAILABLE,1.0,20.0,0.2222222222222222,VERY_HIGH,0
270,Harrison,Reed,Reed,MID,Fulham,4.5,a,,,1.5,0.0,0.0,0,0,0,0,0,0.0,0.0,0.0,0.0,0.0,0.0,0,0,4860,11829,4860,11829,0.0,0.0,0.0,0.0,0.0,0.0,0.0,0,0,AVAILABLE,1.0,10.0,0.1111111111111111,VERY_HIGH,0
271,Rodrigo,Muniz Carvalho,Muniz,FWD,Fulham,5.5,a,,,0.6,1.0,1.0,1,8,0,0,0,0.02,0.0,6.0,11.5,7.0,2.5,6,0,2253,5379,2253,5379,8.0,0.0,0.0,0.0,0.0,6.0,1.0,0,1,AVAILABLE,1.0,20.0,0.2222222222222222,VERY_HIGH,0
272,Jonah,Kusi-Asare,Kusi-Asare,FWD,Fulham,4.5,a,,,7.0,0.0,0.0,0,0,0,0,0,0.0,0.0,0.0,0.0,0.0,0.0,0,0,20230,35896,20230,35896,0.0,0.0,0.0,0.0,0.0,0.0,0.0,0,0,AVAILABLE,1.0,10.0,0.1111111111111111,VERY_HIGH,0
569,Gonzalo,García,Gonzalo,FWD,Fulham,6.0,a,,,3.3,6.0,6.0,6,90,1,0,0,0.73,0.01,37.2,4.3,40.0,8.2,33,0,93821,13194,93821,13194,90.0,1.0,0.0,0.0,0.0,33.0,6.0,1,1,AVAILABLE,1.0,82.0,0.9111111111111111,LOW,1
570,César,Palacios,Palacios,MID,Fulham,5.5,a,,,0.2,2.0,2.0,2,72,0,0,0,0.16,0.01,2.8,7.3,8.0,1.8,10,0,755,1450,755,1450,72.0,0.0,0.0,0.0,0.0,10.0,2.0,1,1,AVAILABLE,1.0,75.0,0.8333333333333334,MEDIUM,1
580,Shea,Charles,Charles,MID,Fulham,5.0,a,,,0.1,1.0,1.0,1,23,0,0,0,0.0,0.0,3.4,1.3,0.0,0.5,5,0,316,649,316,649,23.0,0.0,0.0,0.0,0.0,5.0,1.0,0,1,AVAILABLE,1.0,20.0,0.2222222222222222,VERY_HIGH,0
610,Luc,De Fougerolles,De Fougerolles,DEF,Fulham,4.0,a,,,0.1,0.0,0.0,0,0,0,0,0,0.0,0.0,0.0,0.0,0.0,0.0,0,0,2536,309,2536,309,0.0,0.0,0.0,0.0,0.0,0.0,0.0,0,0,AVAILABLE,1.0,10.0,0.1111111111111111,VERY_HIGH,0
273,Dillon,Phillips,Phillips,GKP,Hull City,4.0,a,,,1.5,0.0,0.0,0,0,0,0,0,0.0,0.0,0.0,0.0,0.0,0.0,0,0,2632,5539,2632,5539,0.0,0.0,0.0,0.0,0.0,0.0,0.0,0,0,AVAILABLE,1.0,10.0,0.1111111111111111,VERY_HIGH,0
274,Jack,Butland,Butland,GKP,Hull City,4.5,i,Arm injury - Unknown return date,0.0,0.1,0.0,0.0,0,0,0,0,0,0.0,0.0,0.0,0.0,0.0,0.0,0,0,103,1503,103,1503,0.0,0.0,0.0,0.0,0.0,0.0,0.0,0,0,UNAVAILABLE,0.0,0.0,0.0,OUT,0
275,Harvey,Cartwright,Cartwright,GKP,Hull City,4.0,u,Has joined Grimsby Town on loan for the rest of the season,0.0,0.0,0.0,0.0,0,0,0,0,0,0.0,0.0,0.0,0.0,0.0,0.0,0,0,0,103,0,103,0.0,0.0,0.0,0.0,0.0,0.0,0.0,0,0,UNAVAILABLE,0.0,0.0,0.0,OUT,0
276,Thimothée,Lo-Tutala,Lo-Tutala,GKP,Hull City,4.0,u,Has joined Colchester United on loan for the rest of the season,0.0,0.0,0.0,0.0,0,0,0,0,0,0.0,0.0,0.0,0.0,0.0,0.0,0,0,0,347,0,347,0.0,0.0,0.0,0.0,0.0,0.0,0.0,0,0,UNAVAILABLE,0.0,0.0,0.0,OUT,0
277,John,Egan,Egan,DEF,Hull City,4.0,a,,,2.0,8.0,8.0,8,90,0,0,1,0.0,0.0,43.4,0.1,2.0,4.6,27,0,38196,8698,38196,8698,90.0,0.0,0.0,1.0,0.0,27.0,8.0,1,1,AVAILABLE,1.0,82.0,0.9111111111111111,LOW,1
278,Charlie,Hughes,Hughes,DEF,Hull City,4.0,i,Groin injury - Unknown return date,0.0,0.1,0.0,0.0,0,0,0,0,0,0.0,0.0,0.0,0.0,0.0,0.0,0,0,86,2035,86,2035,0.0,0.0,0.0,0.0,0.0,0.0,0.0,0,0,UNAVAILABLE,0.0,0.0,0.0,OUT,0
279,Semi,Ajayi,Ajayi,DEF,Hull City,4.0,a,,100.0,1.7,14.0,14.0,14,63,1,0,1,0.52,0.0,44.2,0.2,35.0,7.9,39,2,54479,13435,54479,13435,63.0,1.0,0.0,1.0,2.0,39.0,14.0,1,1,AVAILABLE,1.0,75.0,0.8333333333333334,MEDIUM,1
280,Lewie,Coyle,Coyle,DEF,Hull City,4.0,a,,100.0,0.6,6.0,6.0,6,69,0,0,1,0.0,0.01,5.8,11.3,0.0,1.7,23,0,1660,4452,1660,4452,69.0,0.0,0.0,1.0,0.0,23.0,6.0,1,1,AVAILABLE,1.0,75.0,0.8333333333333334,MEDIUM,1
281,Cody,Drameh,Drameh,DEF,Hull City,4.0,a,,100.0,0.1,1.0,1.0,1,20,0,0,0,0.05,0.0,2.2,0.0,1.0,0.3,4,0,954,335,954,335,20.0,0.0,0.0,0.0,0.0,4.0,1.0,0,1,AVAILABLE,1.0,20.0,0.2222222222222222,VERY_HIGH,0
282,Ryan,Giles,Giles,DEF,Hull City,4.0,a,,,0.9,6.0,6.0,6,84,0,0,1,0.02,0.07,13.8,18.8,4.0,3.7,24,0,11211,3225,11211,3225,84.0,0.0,0.0,1.0,0.0,24.0,6.0,1,1,AVAILABLE,1.0,82.0,0.9111111111111111,LOW,1
283,Matty,Jacob,Jacob,DEF,Hull City,4.0,i,Hip injury - Expected back 5 Sep,0.0,0.0,0.0,0.0,0,0,0,0,0,0.0,0.0,0.0,0.0,0.0,0.0,0,0,45,191,45,191,0.0,0.0,0.0,0.0,0.0,0.0,0.0,0,0,UNAVAILABLE,0.0,0.0,0.0,OUT,0
284,Cathal,McCarthy,McCarthy,DEF,Hull City,4.0,a,,,0.1,0.0,0.0,0,0,0,0,0,0.0,0.0,0.0,0.0,0.0,0.0,0,0,592,819,592,819,0.0,0.0,0.0,0.0,0.0,0.0,0.0,0,0,AVAILABLE,1.0,10.0,0.1111111111111111,VERY_HIGH,0
285,Paddy,McNair,McNair,DEF,Hull City,4.0,a,,,0.1,1.0,1.0,1,26,0,0,0,0.0,0.0,4.2,0.0,0.0,0.4,3,0,577,560,577,560,26.0,0.0,0.0,0.0,0.0,3.0,1.0,0,1,AVAILABLE,1.0,20.0,0.2222222222222222,VERY_HIGH,0
286,Mohamed,Belloumi,Belloumi,MID,Hull City,5.0,a,,,0.6,3.0,3.0,3,90,0,0,1,0.05,0.03,10.6,2.2,7.0,2.0,8,0,11212,3144,11212,3144,90.0,0.0,0.0,1.0,0.0,8.0,3.0,1,1,AVAILABLE,1.0,82.0,0.9111111111111111,LOW,1
287,Liam,Millar,Millar,MID,Hull City,5.0,a,,,0.1,0.0,0.0,0,19,0,0,0,0.0,0.0,2.0,0.3,2.0,0.4,2,0,262,754,262,754,19.0,0.0,0.0,0.0,0.0,2.0,0.0,0,1,AVAILABLE,1.0,20.0,0.2222222222222222,VERY_HIGH,0
288,Kieran,Dowell,Dowell,MID,Hull City,4.5,a,,,0.4,0.0,0.0,0,0,0,0,0,0.0,0.0,0.0,0.0,0.0,0.0,0,0,1472,3536,1472,3536,0.0,0.0,0.0,0.0,0.0,0.0,0.0,0,0,AVAILABLE,1.0,10.0,0.1111111111111111,VERY_HIGH,0
289,Matt,Crooks,Crooks,MID,Hull City,4.5,a,,,0.7,2.0,2.0,2,90,0,0,1,0.0,0.0,19.0,2.4,0.0,2.1,9,0,8300,4658,8300,4658,90.0,0.0,0.0,1.0,0.0,9.0,2.0,1,1,AVAILABLE,1.0,82.0,0.9111111111111111,LOW,1
290,Regan,Slater,Slater,MID,Hull City,4.5,a,,,3.7,6.0,6.0,6,90,0,1,1,0.0,0.44,18.4,19.3,0.0,3.8,20,0,71903,18124,71903,18124,90.0,0.0,1.0,1.0,0.0,20.0,6.0,1,1,AVAILABLE,1.0,82.0,0.9111111111111111,LOW,1
291,Eliot,Matazo,Matazo,MID,Hull City,4.5,i,Knee injury - Unknown return date,0.0,0.0,0.0,0.0,0,0,0,0,0,0.0,0.0,0.0,0.0,0.0,0.0,0,0,51,84,51,84,0.0,0.0,0.0,0.0,0.0,0.0,0.0,0,0,UNAVAILABLE,0.0,0.0,0.0,OUT,0
292,Abdülkadir,Ömür,Ömür,MID,Hull City,5.0,a,,,0.0,0.0,0.0,0,0,0,0,0,0.0,0.0,0.0,0.0,0.0,0.0,0,0,183,323,183,323,0.0,0.0,0.0,0.0,0.0,0.0,0.0,0,0,AVAILABLE,1.0,10.0,0.1111111111111111,VERY_HIGH,0
293,Abu,Kamara,Kamara,MID,Hull City,5.0,u,Has joined Portsmouth permanently,0.0,0.0,0.0,0.0,0,0,0,0,0,0.0,0.0,0.0,0.0,0.0,0.0,0,0,0,175,0,175,0.0,0.0,0.0,0.0,0.0,0.0,0.0,0,0,UNAVAILABLE,0.0,0.0,0.0,OUT,0
294,Óscar,Zambrano,Zambrano,MID,Hull City,4.5,i,Thigh injury - Unknown return date,0.0,0.1,0.0,0.0,0,0,0,0,0,0.0,0.0,0.0,0.0,0.0,0.0,0,0,397,1942,397,1942,0.0,0.0,0.0,0.0,0.0,0.0,0.0,0,0,UNAVAILABLE,0.0,0.0,0.0,OUT,0
295,Oli,McBurnie,McBurnie,FWD,Hull City,5.5,a,,,2.0,5.0,5.0,5,90,0,1,1,0.16,0.01,17.2,21.1,52.0,9.0,21,0,64995,12357,64995,12357,90.0,0.0,1.0,1.0,0.0,21.0,5.0,1,1,AVAILABLE,1.0,82.0,0.9111111111111111,LOW,1
296,David,Akintola,Akintola,MID,Hull City,5.0,a,,,0.0,0.0,0.0,0,0,0,0,0,0.0,0.0,0.0,0.0,0.0,0.0,0,0,811,804,811,804,0.0,0.0,0.0,0.0,0.0,0.0,0.0,0,0,AVAILABLE,1.0,10.0,0.1111111111111111,VERY_HIGH,0
297,Darko,Gyabi,Gyabi,MID,Hull City,4.5,i,Thigh injury - Unknown return date,0.0,0.0,0.0,0.0,0,0,0,0,0,0.0,0.0,0.0,0.0,0.0,0.0,0,0,55,483,55,483,0.0,0.0,0.0,0.0,0.0,0.0,0.0,0,0,UNAVAILABLE,0.0,0.0,0.0,OUT,0
298,Enis,Destan,Destan,FWD,Hull City,4.5,u,Has joined Konyaspor permanently,0.0,0.3,0.0,0.0,0,0,0,0,0,0.0,0.0,0.0,0.0,0.0,0.0,0,0,0,7989,0,7989,0.0,0.0,0.0,0.0,0.0,0.0,0.0,0,0,UNAVAILABLE,0.0,0.0,0.0,OUT,0
299,Mason,Burstow,Burstow,FWD,Hull City,4.5,u,Has joined Sheffield Wednesday on loan for the rest of the season,0.0,0.1,0.0,0.0,0,0,0,0,0,0.0,0.0,0.0,0.0,0.0,0.0,0,0,0,1098,0,1098,0.0,0.0,0.0,0.0,0.0,0.0,0.0,0,0,UNAVAILABLE,0.0,0.0,0.0,OUT,0
340,Joe,Gelhardt,Gelhardt,MID,Hull City,5.0,i,Ankle injury - Expected back 5 Sep,0.0,0.0,0.0,0.0,0,0,0,0,0,0.0,0.0,0.0,0.0,0.0,0.0,0,0,38,242,38,242,0.0,0.0,0.0,0.0,0.0,0.0,0.0,0,0,UNAVAILABLE,0.0,0.0,0.0,OUT,0
556,Matt,Targett,Targett,DEF,Hull City,4.0,a,,,2.3,1.0,1.0,1,5,0,0,0,0.0,0.0,0.4,0.0,0.0,0.0,3,0,4734,12771,4734,12771,5.0,0.0,0.0,0.0,0.0,3.0,1.0,0,1,AVAILABLE,1.0,20.0,0.2222222222222222,VERY_HIGH,0
563,Hidemasa,Morita,Morita,MID,Hull City,5.0,a,,100.0,0.0,0.0,0.0,0,0,0,0,0,0.0,0.0,0.0,0.0,0.0,0.0,0,0,86,301,86,301,0.0,0.0,0.0,0.0,0.0,0.0,0.0,0,0,AVAILABLE,1.0,10.0,0.1111111111111111,VERY_HIGH,0
572,Konstantinos,Tzolakis,Tzolakis,GKP,Hull City,4.5,a,,,2.6,10.0,10.0,10,90,0,0,1,0.0,0.0,34.6,0.0,0.0,3.5,41,3,81581,9417,81581,9417,90.0,0.0,0.0,1.0,3.0,41.0,10.0,1,1,AVAILABLE,1.0,82.0,0.9111111111111111,LOW,1
574,Jens,Hjertø-Dahl,Hjertø-Dahl,MID,Hull City,5.0,a,,,0.1,0.0,0.0,0,0,0,0,0,0.0,0.0,0.0,0.0,0.0,0.0,0,0,268,761,268,761,0.0,0.0,0.0,0.0,0.0,0.0,0.0,0,0,AVAILABLE,1.0,10.0,0.1111111111111111,VERY_HIGH,0
576,Elliot,Stroud,Stroud,MID,Hull City,5.0,a,,,0.1,3.0,3.0,3,70,0,0,1,0.0,0.03,8.4,4.8,0.0,1.3,11,0,1130,451,1130,451,70.0,0.0,0.0,1.0,0.0,11.0,3.0,1,1,AVAILABLE,1.0,75.0,0.8333333333333334,MEDIUM,1
585,Lucas,Herrington,Herrington,DEF,Hull City,4.0,a,,,0.7,1.0,1.0,1,26,0,0,0,0.0,0.0,8.0,0.0,0.0,0.8,4,0,2522,2876,2522,2876,26.0,0.0,0.0,0.0,0.0,4.0,1.0,0,1,AVAILABLE,1.0,20.0,0.2222222222222222,VERY_HIGH,0
586,Nobel,Mendy,Mendy,DEF,Hull City,4.0,a,,100.0,3.3,15.0,15.0,15,63,1,0,1,0.28,0.0,51.8,0.6,33.0,8.5,35,1,128435,15971,128435,15971,63.0,1.0,0.0,1.0,1.0,35.0,15.0,1,1,AVAILABLE,1.0,75.0,0.8333333333333334,MEDIUM,1
589,Lucas,Gourna-Douath,Gourna-Douath,MID,Hull City,5.0,a,,,0.0,0.0,0.0,0,0,0,0,0,0.0,0.0,0.0,0.0,0.0,0.0,0,0,116,230,116,230,0.0,0.0,0.0,0.0,0.0,0.0,0.0,0,0,AVAILABLE,1.0,10.0,0.1111111111111111,VERY_HIGH,0
259,Issa,Diop,Diop,DEF,Ipswich Town,4.0,a,,,17.2,2.0,2.0,2,90,0,0,0,0.0,0.01,7.2,0.8,2.0,1.0,7,0,22729,56102,22729,56102,90.0,0.0,0.0,0.0,0.0,7.0,2.0,1,1,AVAILABLE,1.0,82.0,0.9111111111111111,LOW,1
267,Saša,Lukić,Lukić,MID,Ipswich Town,5.0,a,,,0.1,5.0,5.0,5,90,0,1,0,0.0,0.02,23.4,14.8,2.0,4.0,22,0,937,894,937,894,90.0,0.0,1.0,0.0,0.0,22.0,5.0,1,1,AVAILABLE,1.0,82.0,0.9111111111111111,LOW,1
300,Christian,Walton,Walton,GKP,Ipswich Town,4.5,a,,,0.5,0.0,0.0,0,0,0,0,0,0.0,0.0,0.0,0.0,0.0,0.0,0,0,191,3466,191,3466,0.0,0.0,0.0,0.0,0.0,0.0,0.0,0,0,AVAILABLE,1.0,10.0,0.1111111111111111,VERY_HIGH,0
301,Alex,Palmer,Palmer,GKP,Ipswich Town,4.0,a,,,4.5,0.0,0.0,0,0,0,0,0,0.0,0.0,0.0,0.0,0.0,0.0,0,0,6334,14081,6334,14081,0.0,0.0,0.0,0.0,0.0,0.0,0.0,0,0,AVAILABLE,1.0,10.0,0.1111111111111111,VERY_HIGH,0
302,David,Button,Button,GKP,Ipswich Town,4.0,a,,,0.4,0.0,0.0,0,0,0,0,0,0.0,0.0,0.0,0.0,0.0,0.0,0,0,1563,1513,1563,1513,0.0,0.0,0.0,0.0,0.0,0.0,0.0,0,0,AVAILABLE,1.0,10.0,0.1111111111111111,VERY_HIGH,0
303,Cédric,Kipré,Kipré,DEF,Ipswich Town,4.0,a,,,0.6,0.0,0.0,0,0,0,0,0,0.0,0.0,0.0,0.0,0.0,0.0,0,0,302,3801,302,3801,0.0,0.0,0.0,0.0,0.0,0.0,0.0,0,0,AVAILABLE,1.0,10.0,0.1111111111111111,VERY_HIGH,0
304,Dara,O'Shea,O'Shea,DEF,Ipswich Town,4.0,a,,,3.4,4.0,4.0,4,90,0,0,0,0.0,0.16,48.0,24.5,2.0,7.5,16,0,12782,10622,12782,10622,90.0,0.0,0.0,0.0,0.0,16.0,4.0,1,1,AVAILABLE,1.0,82.0,0.9111111111111111,LOW,1
305,Leif,Davis,Davis,DEF,Ipswich Town,4.0,a,,,4.9,2.0,2.0,2,90,0,0,0,0.0,0.01,15.2,2.3,0.0,1.8,10,0,6200,16776,6200,16776,90.0,0.0,0.0,0.0,0.0,10.0,2.0,1,1,AVAILABLE,1.0,82.0,0.9111111111111111,LOW,1
306,Jacob,Greaves,Greaves,DEF,Ipswich Town,4.0,a,,,1.5,2.0,2.0,2,90,0,0,0,0.0,0.0,16.4,1.3,0.0,1.8,12,0,1416,4500,1416,4500,90.0,0.0,0.0,0.0,0.0,12.0,2.0,1,1,AVAILABLE,1.0,82.0,0.9111111111111111,LOW,1
307,Ben,Johnson,Johnson,DEF,Ipswich Town,4.0,a,,,0.1,0.0,0.0,0,0,0,0,0,0.0,0.0,0.0,0.0,0.0,0.0,0,0,376,870,376,870,0.0,0.0,0.0,0.0,0.0,0.0,0.0,0,0,AVAILABLE,1.0,10.0,0.1111111111111111,VERY_HIGH,0
308,Darnell,Furlong,Furlong,DEF,Ipswich Town,4.0,a,,,0.6,0.0,0.0,0,0,0,0,0,0.0,0.0,0.0,0.0,0.0,0.0,0,0,233,3437,233,3437,0.0,0.0,0.0,0.0,0.0,0.0,0.0,0,0,AVAILABLE,1.0,10.0,0.1111111111111111,VERY_HIGH,0
309,Marcelino,Núñez,Núñez,MID,Ipswich Town,5.0,a,,,0.1,4.0,4.0,4,79,0,0,0,0.03,0.03,13.0,7.3,4.0,2.4,26,0,958,1021,958,1021,79.0,0.0,0.0,0.0,0.0,26.0,4.0,1,1,AVAILABLE,1.0,82.0,0.9111111111111111,LOW,1
310,Azor,Matusiwa,Matusiwa,MID,Ipswich Town,5.0,i,Muscular injury - Unknown return date,0.0,0.0,0.0,0.0,0,0,0,0,0,0.0,0.0,0.0,0.0,0.0,0.0,0,0,5,95,5,95,0.0,0.0,0.0,0.0,0.0,0.0,0.0,0,0,UNAVAILABLE,0.0,0.0,0.0,OUT,0
311,Wes,Burns,Burns,MID,Ipswich Town,5.0,u,Has joined Leicester City permanently,0.0,0.0,0.0,0.0,0,0,0,0,0,0.0,0.0,0.0,0.0,0.0,0.0,0,0,0,176,0,176,0.0,0.0,0.0,0.0,0.0,0.0,0.0,0,0,UNAVAILABLE,0.0,0.0,0.0,OUT,0
312,Jack,Taylor,Taylor,MID,Ipswich Town,4.5,i,Knee injury - Unknown return date,0.0,0.0,0.0,0.0,0,0,0,0,0,0.0,0.0,0.0,0.0,0.0,0.0,0,0,88,783,88,783,0.0,0.0,0.0,0.0,0.0,0.0,0.0,0,0,UNAVAILABLE,0.0,0.0,0.0,OUT,0
313,Jack,Clarke,Clarke,MID,Ipswich Town,5.5,a,,,0.3,7.0,7.0,7,19,1,0,0,0.1,0.0,33.6,0.6,18.0,5.2,27,1,2719,1860,2719,1860,19.0,1.0,0.0,0.0,1.0,27.0,7.0,0,1,AVAILABLE,1.0,20.0,0.2222222222222222,VERY_HIGH,0
314,Chiedozie,Ogbene,Ogbene,MID,Ipswich Town,5.0,a,,,0.0,0.0,0.0,0,0,0,0,0,0.0,0.0,0.0,0.0,0.0,0.0,0,0,34,195,34,195,0.0,0.0,0.0,0.0,0.0,0.0,0.0,0,0,AVAILABLE,1.0,10.0,0.1111111111111111,VERY_HIGH,0
315,Abdul,Fatawu,Fatawu,MID,Ipswich Town,5.5,a,,,0.2,2.0,2.0,2,65,0,0,0,0.0,0.41,18.6,28.4,8.0,5.5,22,0,500,2207,500,2207,65.0,0.0,0.0,0.0,0.0,22.0,2.0,1,1,AVAILABLE,1.0,75.0,0.8333333333333334,MEDIUM,1
316,Emersonn,Correia da Silva,Emersonn,FWD,Ipswich Town,5.5,a,,,1.6,9.0,9.0,9,65,1,0,0,0.82,0.06,45.6,26.3,40.0,11.2,41,3,66104,12988,66104,12988,65.0,1.0,0.0,0.0,3.0,41.0,9.0,1,1,AVAILABLE,1.0,75.0,0.8333333333333334,MEDIUM,1
317,George,Hirst,Hirst,FWD,Ipswich Town,5.0,u,Has joined Stoke City permanently,0.0,0.2,0.0,0.0,0,0,0,0,0,0.0,0.0,0.0,0.0,0.0,0.0,0,0,0,7516,0,7516,0.0,0.0,0.0,0.0,0.0,0.0,0.0,0,0,UNAVAILABLE,0.0,0.0,0.0,OUT,0
318,Jaden,Philogene,Philogene,MID,Ipswich Town,5.5,i,Ankle injury - Unknown return date,0.0,0.1,0.0,0.0,0,0,0,0,0,0.0,0.0,0.0,0.0,0.0,0.0,0,0,104,2951,104,2951,0.0,0.0,0.0,0.0,0.0,0.0,0.0,0,0,UNAVAILABLE,0.0,0.0,0.0,OUT,0
319,Sam,Szmodics,Szmodics,MID,Ipswich Town,5.0,u,Has joined Derby County on loan for the rest of the season,0.0,0.0,0.0,0.0,0,0,0,0,0,0.0,0.0,0.0,0.0,0.0,0.0,0,0,0,370,0,370,0.0,0.0,0.0,0.0,0.0,0.0,0.0,0,0,UNAVAILABLE,0.0,0.0,0.0,OUT,0
320,Chuba,Akpom,Akpom,FWD,Ipswich Town,5.0,a,,,0.5,1.0,1.0,1,24,0,0,0,0.0,0.0,1.4,0.0,2.0,0.3,3,0,3954,5052,3954,5052,24.0,0.0,0.0,0.0,0.0,3.0,1.0,0,1,AVAILABLE,1.0,20.0,0.2222222222222222,VERY_HIGH,0
321,Sindre,Walle Egeli,Walle Egeli,FWD,Ipswich Town,4.5,a,,,2.4,1.0,1.0,1,10,0,0,0,0.0,0.0,0.0,0.1,0.0,0.0,3,0,31597,18732,31597,18732,10.0,0.0,0.0,0.0,0.0,3.0,1.0,0,1,AVAILABLE,1.0,20.0,0.2222222222222222,VERY_HIGH,0
322,Ali,Al-Hamadi,Al-Hamadi,FWD,Ipswich Town,5.0,u,Has joined Sheffield Wednesday on loan for the rest of the season,0.0,0.1,0.0,0.0,0,0,0,0,0,0.0,0.0,0.0,0.0,0.0,0.0,0,0,755,2093,755,2093,0.0,0.0,0.0,0.0,0.0,0.0,0.0,0,0,UNAVAILABLE,0.0,0.0,0.0,OUT,0
323,Kasey,McAteer,McAteer,MID,Ipswich Town,4.5,a,,,1.4,1.0,1.0,1,24,0,0,0,0.0,0.0,1.2,1.3,0.0,0.3,4,0,4787,9507,4787,9507,24.0,0.0,0.0,0.0,0.0,4.0,1.0,0,1,AVAILABLE,1.0,20.0,0.2222222222222222,VERY_HIGH,0
324,Anis,Mehmeti,Mehmeti,MID,Ipswich Town,5.0,a,,,0.0,0.0,0.0,0,0,0,0,0,0.0,0.0,0.0,0.0,0.0,0.0,0,0,43,548,43,548,0.0,0.0,0.0,0.0,0.0,0.0,0.0,0,0,AVAILABLE,1.0,10.0,0.1111111111111111,VERY_HIGH,0
554,Kayne,van Oevelen,Van Oevelen,GKP,Ipswich Town,4.5,u,Has joined Valencia on loan for the rest of the season,0.0,0.0,0.0,0.0,0,0,0,0,0,0.0,0.0,0.0,0.0,0.0,0.0,0,0,54,507,54,507,0.0,0.0,0.0,0.0,0.0,0.0,0.0,0,0,UNAVAILABLE,0.0,0.0,0.0,OUT,0
562,Daizen,Maeda,Maeda,MID,Ipswich Town,5.5,a,,,0.4,2.0,2.0,2,79,0,0,0,0.61,0.0,12.6,1.4,7.0,2.1,7,0,660,3103,660,3103,79.0,0.0,0.0,0.0,0.0,7.0,2.0,1,1,AVAILABLE,1.0,82.0,0.9111111111111111,LOW,1
564,Kjell,Scherpen,Scherpen,GKP,Ipswich Town,4.5,a,,,0.6,2.0,2.0,2,90,0,0,0,0.0,0.0,14.4,0.0,0.0,1.4,12,0,1133,2583,1133,2583,90.0,0.0,0.0,0.0,0.0,12.0,2.0,1,1,AVAILABLE,1.0,82.0,0.9111111111111111,LOW,1
571,Florentino Ibrain,Morris Luís,Florentino,MID,Ipswich Town,5.0,d,Calf injury - 75% chance of playing,75.0,0.1,0.0,0.0,0,0,0,0,0,0.0,0.0,0.0,0.0,0.0,0.0,0,0,196,1592,196,1592,0.0,0.0,0.0,0.0,0.0,0.0,0.0,0,0,MINOR_RISK,0.75,7.5,0.08333333333333333,VERY_HIGH,0
591,Julio,Enciso,Enciso,MID,Ipswich Town,5.5,a,,100.0,0.4,5.0,5.0,5,70,0,1,0,0.23,0.31,21.6,14.0,18.0,5.4,24,0,13600,3586,13600,3586,70.0,0.0,1.0,0.0,0.0,24.0,5.0,1,1,AVAILABLE,1.0,75.0,0.8333333333333334,MEDIUM,1
592,Abdoul,Ouattara,Ouattara,DEF,Ipswich Town,4.0,a,,,1.0,1.0,1.0,1,10,0,0,0,0.0,0.0,5.2,10.0,0.0,1.5,4,0,2497,4704,2497,4704,10.0,0.0,0.0,0.0,0.0,4.0,1.0,0,1,AVAILABLE,1.0,20.0,0.2222222222222222,VERY_HIGH,0
602,Cameron,Humphreys,Humphreys,MID,Ipswich Town,4.5,a,,,0.0,0.0,0.0,0,0,0,0,0,0.0,0.0,0.0,0.0,0.0,0.0,0,0,1126,294,1126,294,0.0,0.0,0.0,0.0,0.0,0.0,0.0,0,0,AVAILABLE,1.0,10.0,0.1111111111111111,VERY_HIGH,0
260,Harry,Wilson,Wilson,MID,Leeds,6.5,a,,,5.8,3.0,3.0,3,65,0,0,1,0.0,0.02,6.2,15.3,4.0,2.6,8,0,12500,44251,12500,44251,65.0,0.0,0.0,1.0,0.0,8.0,3.0,1,1,AVAILABLE,1.0,75.0,0.8333333333333334,MEDIUM,1
326,Lucas Estella,Perri,Perri,GKP,Leeds,4.5,a,,,0.6,0.0,0.0,0,0,0,0,0,0.0,0.0,0.0,0.0,0.0,0.0,0,0,287,4120,287,4120,0.0,0.0,0.0,0.0,0.0,0.0,0.0,0,0,AVAILABLE,1.0,10.0,0.1111111111111111,VERY_HIGH,0
327,Jaka,Bijol,Bijol,DEF,Leeds,5.0,a,,,0.9,10.0,10.0,10,90,0,0,1,0.11,0.0,23.6,0.4,15.0,3.9,28,2,35768,6290,35768,6290,90.0,0.0,0.0,1.0,2.0,28.0,10.0,1,1,AVAILABLE,1.0,82.0,0.9111111111111111,LOW,1
329,Joe,Rodon,Rodon,DEF,Leeds,4.5,a,,,3.6,6.0,6.0,6,90,0,0,1,0.03,0.06,14.4,14.4,5.0,3.4,21,0,15799,9400,15799,9400,90.0,0.0,0.0,1.0,0.0,21.0,6.0,1,1,AVAILABLE,1.0,82.0,0.9111111111111111,LOW,1
330,Jayden,Bogle,Bogle,DEF,Leeds,4.5,a,,,0.6,6.0,6.0,6,90,0,0,1,0.0,0.0,7.0,1.1,0.0,0.8,24,0,5055,2310,5055,2310,90.0,0.0,0.0,1.0,0.0,24.0,6.0,1,1,AVAILABLE,1.0,82.0,0.9111111111111111,LOW,1
331,Gabriel,Gudmundsson,Gudmundsson,DEF,Leeds,4.5,i,Hamstring injury - Unknown return date,0.0,0.0,0.0,0.0,0,0,0,0,0,0.0,0.0,0.0,0.0,0.0,0.0,0,0,55,875,55,875,0.0,0.0,0.0,0.0,0.0,0.0,0.0,0,0,UNAVAILABLE,0.0,0.0,0.0,OUT,0
332,James,Justin,Justin,DEF,Leeds,4.5,a,,,1.1,10.0,10.0,10,90,0,0,1,0.0,0.01,24.6,2.3,2.0,2.9,28,2,32322,6913,32322,6913,90.0,0.0,0.0,1.0,2.0,28.0,10.0,1,1,AVAILABLE,1.0,82.0,0.9111111111111111,LOW,1
333,Sebastiaan,Bornauw,Bornauw,DEF,Leeds,4.5,u,Has joined Hamburg SV on loan for the rest of the season,0.0,0.0,0.0,0.0,0,0,0,0,0,0.0,0.0,0.0,0.0,0.0,0.0,0,0,0,147,0,147,0.0,0.0,0.0,0.0,0.0,0.0,0.0,0,0,UNAVAILABLE,0.0,0.0,0.0,OUT,0
334,Tarik,Muharemović,Muharemović,DEF,Leeds,5.0,a,,,3.4,6.0,6.0,6,90,0,0,1,0.09,0.0,15.6,0.6,17.0,3.3,25,0,18042,8945,18042,8945,90.0,0.0,0.0,1.0,0.0,25.0,6.0,1,1,AVAILABLE,1.0,82.0,0.9111111111111111,LOW,1
335,Anton,Stach,Stach,MID,Leeds,6.0,a,,,2.2,13.0,13.0,13,90,1,0,1,0.1,0.05,47.8,2.3,16.0,6.6,37,3,59144,10520,59144,10520,90.0,1.0,0.0,1.0,3.0,37.0,13.0,1,1,AVAILABLE,1.0,82.0,0.9111111111111111,LOW,1
336,Noah,Okafor,Okafor,MID,Leeds,6.0,a,,,0.4,1.0,1.0,1,24,0,0,0,0.0,0.16,10.0,14.0,4.0,2.8,10,0,1114,6933,1114,6933,24.0,0.0,0.0,0.0,0.0,10.0,1.0,0,1,AVAILABLE,1.0,20.0,0.2222222222222222,VERY_HIGH,0
337,Brenden,Aaronson,Aaronson,MID,Leeds,5.5,a,,,0.9,3.0,3.0,3,81,0,0,1,0.01,0.01,8.0,1.1,7.0,1.6,16,0,2052,6448,2052,6448,81.0,0.0,0.0,1.0,0.0,16.0,3.0,1,1,AVAILABLE,1.0,82.0,0.9111111111111111,LOW,1
338,Ethan,Ampadu,Ampadu,MID,Leeds,5.5,a,,,1.4,5.0,5.0,5,90,0,0,1,0.0,0.04,18.6,23.3,0.0,4.2,18,0,3535,7608,3535,7608,90.0,0.0,0.0,1.0,0.0,18.0,5.0,1,1,AVAILABLE,1.0,82.0,0.9111111111111111,LOW,1
339,Sean,Longstaff,Longstaff,MID,Leeds,5.0,a,,,0.1,1.0,1.0,1,8,0,0,0,0.0,0.0,0.0,0.2,0.0,0.0,3,0,489,1343,489,1343,8.0,0.0,0.0,0.0,0.0,3.0,1.0,0,1,AVAILABLE,1.0,20.0,0.2222222222222222,VERY_HIGH,0
341,Wilfried,Gnonto,Gnonto,MID,Leeds,5.0,i,Hamstring injury - Unknown return date,0.0,0.0,0.0,0.0,0,0,0,0,0,0.0,0.0,0.0,0.0,0.0,0.0,0,0,14,633,14,633,0.0,0.0,0.0,0.0,0.0,0.0,0.0,0,0,UNAVAILABLE,0.0,0.0,0.0,OUT,0
342,Jack,Harrison,Harrison,MID,Leeds,5.0,u,Has joined New England Revolution permanently,0.0,0.0,0.0,0.0,0,0,0,0,0,0.0,0.0,0.0,0.0,0.0,0.0,0,0,0,34,0,34,0.0,0.0,0.0,0.0,0.0,0.0,0.0,0,0,UNAVAILABLE,0.0,0.0,0.0,OUT,0
343,Daniel,James,James,MID,Leeds,5.0,a,,,0.1,0.0,0.0,0,0,0,0,0,0.0,0.0,0.0,0.0,0.0,0.0,0,0,662,1441,662,1441,0.0,0.0,0.0,0.0,0.0,0.0,0.0,0,0,AVAILABLE,1.0,10.0,0.1111111111111111,VERY_HIGH,0
344,Ilia,Gruev,Gruev,MID,Leeds,5.0,i,Knee injury - Unknown return date,0.0,0.0,0.0,0.0,0,0,0,0,0,0.0,0.0,0.0,0.0,0.0,0.0,0,0,7,117,7,117,0.0,0.0,0.0,0.0,0.0,0.0,0.0,0,0,UNAVAILABLE,0.0,0.0,0.0,OUT,0
345,Tanaka,Ao,Tanaka,MID,Leeds,5.0,a,,,0.2,0.0,0.0,0,0,0,0,0,0.0,0.0,0.0,0.0,0.0,0.0,0,0,776,3518,776,3518,0.0,0.0,0.0,0.0,0.0,0.0,0.0,0,0,AVAILABLE,1.0,10.0,0.1111111111111111,VERY_HIGH,0
346,Dominic,Calvert-Lewin,Calvert-Lewin,FWD,Leeds,6.0,a,,,28.9,1.0,1.0,1,90,0,0,1,0.13,0.0,0.0,0.8,11.0,0.7,-2,0,65793,141040,65793,141040,90.0,0.0,0.0,1.0,0.0,-2.0,1.0,1,1,AVAILABLE,1.0,82.0,0.9111111111111111,LOW,1
347,Lukas,Nmecha,Nmecha,FWD,Leeds,5.5,a,,,0.5,0.0,0.0,0,0,0,0,0,0.0,0.0,0.0,0.0,0.0,0.0,0,0,1585,7574,1585,7574,0.0,0.0,0.0,0.0,0.0,0.0,0.0,0,0,AVAILABLE,1.0,10.0,0.1111111111111111,VERY_HIGH,0
348,Joël,Piroe,Piroe,FWD,Leeds,5.0,u,Has joined West Ham United on loan for the rest of the season,0.0,0.1,0.0,0.0,0,0,0,0,0,0.0,0.0,0.0,0.0,0.0,0.0,0,0,0,4835,0,4835,0.0,0.0,0.0,0.0,0.0,0.0,0.0,0,0,UNAVAILABLE,0.0,0.0,0.0,OUT,0
349,Mateo,Joseph Fernández-Regatillo,Mateo Joseph,FWD,Leeds,4.5,i,Knee injury - Unknown return date,0.0,0.1,0.0,0.0,0,0,0,0,0,0.0,0.0,0.0,0.0,0.0,0.0,0,0,263,899,263,899,0.0,0.0,0.0,0.0,0.0,0.0,0.0,0,0,UNAVAILABLE,0.0,0.0,0.0,OUT,0
385,James,Trafford,Trafford,GKP,Leeds,5.0,a,,,4.2,9.0,9.0,9,90,0,0,1,0.0,0.0,19.4,0.0,0.0,1.9,28,2,52673,11574,52673,11574,90.0,0.0,0.0,1.0,2.0,28.0,9.0,1,1,AVAILABLE,1.0,82.0,0.9111111111111111,LOW,1
598,Nico,Elvedi,Elvedi,DEF,Leeds,4.5,a,,,0.0,0.0,0.0,0,0,0,0,0,0.0,0.0,0.0,0.0,0.0,0.0,0,0,299,217,299,217,0.0,0.0,0.0,0.0,0.0,0.0,0.0,0,0,AVAILABLE,1.0,10.0,0.1111111111111111,VERY_HIGH,0
603,Jayden,Lienou,Lienou,DEF,Leeds,4.0,a,,,0.1,0.0,0.0,0,0,0,0,0,0.0,0.0,0.0,0.0,0.0,0.0,0,0,1351,281,1351,281,0.0,0.0,0.0,0.0,0.0,0.0,0.0,0,0,AVAILABLE,1.0,10.0,0.1111111111111111,VERY_HIGH,0
604,Alfie,Cresswell,Cresswell,MID,Leeds,4.5,a,,,0.1,0.0,0.0,0,0,0,0,0,0.0,0.0,0.0,0.0,0.0,0.0,0,0,2586,617,2586,617,0.0,0.0,0.0,0.0,0.0,0.0,0.0,0,0,AVAILABLE,1.0,10.0,0.1111111111111111,VERY_HIGH,0
350,Alisson,Becker,A.Becker,GKP,Liverpool,5.5,a,,,3.8,2.0,2.0,2,90,0,0,0,0.0,0.0,17.8,0.0,0.0,1.8,7,0,19632,17289,19632,17289,90.0,0.0,0.0,0.0,0.0,7.0,2.0,1,1,AVAILABLE,1.0,82.0,0.9111111111111111,LOW,1
351,Giorgi,Mamardashvili,Mamardashvili,GKP,Liverpool,5.0,a,,,0.2,0.0,0.0,0,0,0,0,0,0.0,0.0,0.0,0.0,0.0,0.0,0,0,575,1797,575,1797,0.0,0.0,0.0,0.0,0.0,0.0,0.0,0,0,AVAILABLE,1.0,10.0,0.1111111111111111,VERY_HIGH,0
352,Freddie,Woodman,Woodman,GKP,Liverpool,4.0,a,,,1.1,0.0,0.0,0,0,0,0,0,0.0,0.0,0.0,0.0,0.0,0.0,0,0,2715,4745,2715,4745,0.0,0.0,0.0,0.0,0.0,0.0,0.0,0,0,AVAILABLE,1.0,10.0,0.1111111111111111,VERY_HIGH,0
353,Armin,Pecsi,Pecsi,GKP,Liverpool,4.0,u,Has joined TSV Hartberg on loan for the rest of the season,0.0,0.0,0.0,0.0,0,0,0,0,0,0.0,0.0,0.0,0.0,0.0,0.0,0,0,0,409,0,409,0.0,0.0,0.0,0.0,0.0,0.0,0.0,0,0,UNAVAILABLE,0.0,0.0,0.0,OUT,0
354,Vitezslav,Jaros,Jaros,GKP,Liverpool,4.0,i,Knee injury - Unknown return date,0.0,0.0,0.0,0.0,0,0,0,0,0,0.0,0.0,0.0,0.0,0.0,0.0,0,0,127,153,127,153,0.0,0.0,0.0,0.0,0.0,0.0,0.0,0,0,UNAVAILABLE,0.0,0.0,0.0,OUT,0
355,Harvey,Davies,Davies,GKP,Liverpool,4.0,a,,,0.1,0.0,0.0,0,0,0,0,0,0.0,0.0,0.0,0.0,0.0,0.0,0,0,536,608,536,608,0.0,0.0,0.0,0.0,0.0,0.0,0.0,0,0,AVAILABLE,1.0,10.0,0.1111111111111111,VERY_HIGH,0
356,Virgil,van Dijk,Virgil,DEF,Liverpool,6.5,a,,,19.6,2.0,2.0,2,90,0,0,0,0.25,0.01,25.6,1.6,24.0,5.1,8,0,61334,64470,61334,64470,90.0,0.0,0.0,0.0,0.0,8.0,2.0,1,1,AVAILABLE,1.0,82.0,0.9111111111111111,LOW,1
357,Jeremie,Frimpong,Frimpong,DEF,Liverpool,5.5,a,,,3.4,0.0,0.0,0,90,0,0,0,0.01,0.09,13.6,37.8,10.0,6.1,3,0,19355,27806,19355,27806,90.0,0.0,0.0,0.0,0.0,3.0,0.0,1,1,AVAILABLE,1.0,82.0,0.9111111111111111,LOW,1
358,Milos,Kerkez,Kerkez,DEF,Liverpool,5.5,a,,,3.6,0.0,0.0,0,90,0,0,0,0.02,0.02,18.0,13.8,12.0,4.4,3,0,12403,28133,12403,28133,90.0,0.0,0.0,0.0,0.0,3.0,0.0,1,1,AVAILABLE,1.0,82.0,0.9111111111111111,LOW,1
359,Joe,Gomez,Gomez,DEF,Liverpool,5.0,i,Muscular injury - Unknown return date,0.0,0.0,0.0,0.0,0,0,0,0,0,0.0,0.0,0.0,0.0,0.0,0.0,0,0,65,373,65,373,0.0,0.0,0.0,0.0,0.0,0.0,0.0,0,0,UNAVAILABLE,0.0,0.0,0.0,OUT,0
360,Conor,Bradley,Bradley,DEF,Liverpool,5.0,i,Knee injury - Unknown return date,0.0,0.0,0.0,0.0,0,0,0,0,0,0.0,0.0,0.0,0.0,0.0,0.0,0,0,70,201,70,201,0.0,0.0,0.0,0.0,0.0,0.0,0.0,0,0,UNAVAILABLE,0.0,0.0,0.0,OUT,0
361,Wellity,Lucky,Lucky,DEF,Liverpool,4.0,a,,,0.1,0.0,0.0,0,0,0,0,0,0.0,0.0,0.0,0.0,0.0,0.0,0,0,541,978,541,978,0.0,0.0,0.0,0.0,0.0,0.0,0.0,0,0,AVAILABLE,1.0,10.0,0.1111111111111111,VERY_HIGH,0
362,Jeremy,Jacquet,Jacquet,DEF,Liverpool,5.0,a,,100.0,2.4,1.0,1.0,1,69,0,0,0,0.0,0.02,12.4,11.9,0.0,2.4,9,0,18701,14944,18701,14944,69.0,0.0,0.0,0.0,0.0,9.0,1.0,1,1,AVAILABLE,1.0,75.0,0.8333333333333334,MEDIUM,1
363,Giovanni,Leoni,Leoni,DEF,Liverpool,4.0,i,Knee injury - Unknown return date,0.0,0.0,0.0,0.0,0,0,0,0,0,0.0,0.0,0.0,0.0,0.0,0.0,0,0,161,461,161,461,0.0,0.0,0.0,0.0,0.0,0.0,0.0,0,0,UNAVAILABLE,0.0,0.0,0.0,OUT,0
364,Kostas,Tsimikas,Tsimikas,DEF,Liverpool,5.0,a,,,0.1,0.0,0.0,0,0,0,0,0,0.0,0.0,0.0,0.0,0.0,0.0,0,0,301,831,301,831,0.0,0.0,0.0,0.0,0.0,0.0,0.0,0,0,AVAILABLE,1.0,10.0,0.1111111111111111,VERY_HIGH,0
365,Calvin,Ramsay,Ramsay,DEF,Liverpool,4.0,u,Has joined St Mirren on loan for the rest of the season,0.0,0.2,0.0,0.0,0,0,0,0,0,0.0,0.0,0.0,0.0,0.0,0.0,0,0,638,2771,638,2771,0.0,0.0,0.0,0.0,0.0,0.0,0.0,0,0,UNAVAILABLE,0.0,0.0,0.0,OUT,0
366,Florian,Wirtz,Wirtz,MID,Liverpool,7.5,a,,,11.6,2.0,2.0,2,62,0,0,0,0.26,0.04,9.8,17.9,29.0,5.7,16,0,21059,95992,21059,95992,62.0,0.0,0.0,0.0,0.0,16.0,2.0,1,1,AVAILABLE,1.0,75.0,0.8333333333333334,MEDIUM,1
367,Cody,Gakpo,Gakpo,MID,Liverpool,7.0,a,,,5.9,12.0,12.0,12,90,1,0,0,0.3,0.15,44.0,34.0,37.0,11.5,33,3,159246,21124,159246,21124,90.0,1.0,0.0,0.0,3.0,33.0,12.0,1,1,AVAILABLE,1.0,82.0,0.9111111111111111,LOW,1
368,Dominik,Szoboszlai,Szoboszlai,MID,Liverpool,7.0,a,,,43.1,8.0,8.0,8,90,1,0,0,0.85,0.27,50.4,47.1,21.0,11.9,29,1,193443,53931,193443,53931,90.0,1.0,0.0,0.0,1.0,29.0,8.0,1,1,AVAILABLE,1.0,82.0,0.9111111111111111,LOW,1
369,Rio,Ngumoha,Ngumoha,MID,Liverpool,6.0,a,,,1.1,2.0,2.0,2,62,0,0,0,0.04,0.02,2.4,6.0,5.0,1.3,9,0,4619,12147,4619,12147,62.0,0.0,0.0,0.0,0.0,9.0,2.0,1,1,AVAILABLE,1.0,75.0,0.8333333333333334,MEDIUM,1
370,Federico,Chiesa,Chiesa,MID,Liverpool,5.5,i,Back injury - Unknown return date,0.0,0.1,0.0,0.0,0,0,0,0,0,0.0,0.0,0.0,0.0,0.0,0.0,0,0,580,2640,580,2640,0.0,0.0,0.0,0.0,0.0,0.0,0.0,0,0,UNAVAILABLE,0.0,0.0,0.0,OUT,0
371,Ryan,Gravenberch,Gravenberch,MID,Liverpool,6.0,a,,,2.0,5.0,5.0,5,77,0,1,0,0.06,0.05,24.4,16.0,4.0,4.4,26,0,11903,12547,11903,12547,77.0,0.0,1.0,0.0,0.0,26.0,5.0,1,1,AVAILABLE,1.0,82.0,0.9111111111111111,LOW,1
372,Alexis,Mac Allister,Mac Allister,MID,Liverpool,5.5,a,,,1.6,1.0,1.0,1,27,0,0,0,0.0,0.01,5.8,1.4,0.0,0.7,9,0,5480,17922,5480,17922,27.0,0.0,0.0,0.0,0.0,9.0,1.0,0,1,AVAILABLE,1.0,20.0,0.2222222222222222,VERY_HIGH,0
373,Curtis,Jones,C.Jones,MID,Liverpool,5.5,d,Hip injury - 75% chance of playing,75.0,0.0,0.0,0.0,0,0,0,0,0,0.0,0.0,0.0,0.0,0.0,0.0,0,0,29,991,29,991,0.0,0.0,0.0,0.0,0.0,0.0,0.0,0,0,MINOR_RISK,0.75,7.5,0.08333333333333333,VERY_HIGH,0
374,Endo,Wataru,Endo,MID,Liverpool,5.0,a,,100.0,0.1,0.0,0.0,0,0,0,0,0,0.0,0.0,0.0,0.0,0.0,0.0,0,0,442,865,442,865,0.0,0.0,0.0,0.0,0.0,0.0,0.0,0,0,AVAILABLE,1.0,10.0,0.1111111111111111,VERY_HIGH,0
375,Trey,Nyoni,Nyoni,MID,Liverpool,5.0,a,,,0.0,0.0,0.0,0,0,0,0,0,0.0,0.0,0.0,0.0,0.0,0.0,0,0,123,583,123,583,0.0,0.0,0.0,0.0,0.0,0.0,0.0,0,0,AVAILABLE,1.0,10.0,0.1111111111111111,VERY_HIGH,0
376,Stefan,Bajčetić Maquieira,Bajcetic,MID,Liverpool,5.0,i,Hamstring injury - Unknown return date,0.0,0.0,0.0,0.0,0,0,0,0,0,0.0,0.0,0.0,0.0,0.0,0.0,0,0,7,27,7,27,0.0,0.0,0.0,0.0,0.0,0.0,0.0,0,0,UNAVAILABLE,0.0,0.0,0.0,OUT,0
377,Victor,Munoz,Munoz,MID,Liverpool,6.5,a,,,0.6,4.0,4.0,4,27,0,1,0,0.1,0.04,4.0,8.9,14.0,2.7,15,0,5333,4772,5333,4772,27.0,0.0,1.0,0.0,0.0,15.0,4.0,0,1,AVAILABLE,1.0,20.0,0.2222222222222222,VERY_HIGH,0
378,James,McConnell,McConnell,MID,Liverpool,4.5,a,,,0.3,0.0,0.0,0,0,0,0,0,0.0,0.0,0.0,0.0,0.0,0.0,0,0,827,2485,827,2485,0.0,0.0,0.0,0.0,0.0,0.0,0.0,0,0,AVAILABLE,1.0,10.0,0.1111111111111111,VERY_HIGH,0
379,Alexander,Isak,Isak,FWD,Liverpool,9.0,a,,,16.5,2.0,2.0,2,90,0,0,0,1.09,0.01,11.4,14.6,66.0,9.2,6,0,55712,80464,55712,80464,90.0,0.0,0.0,0.0,0.0,6.0,2.0,1,1,AVAILABLE,1.0,82.0,0.9111111111111111,LOW,1
380,Hugo,Ekitiké,Ekitiké,FWD,Liverpool,7.5,i,Achilles injury - Unknown return date,0.0,0.1,0.0,0.0,0,0,0,0,0,0.0,0.0,0.0,0.0,0.0,0.0,0,0,656,3443,656,3443,0.0,0.0,0.0,0.0,0.0,0.0,0.0,0,0,UNAVAILABLE,0.0,0.0,0.0,OUT,0
381,Lewis,Koumas,Koumas,MID,Liverpool,5.0,a,,,0.0,1.0,1.0,1,12,0,0,0,0.03,0.0,1.2,0.5,7.0,0.9,4,0,129,172,129,172,12.0,0.0,0.0,0.0,0.0,4.0,1.0,0,1,AVAILABLE,1.0,20.0,0.2222222222222222,VERY_HIGH,0
382,Jayden,Danns,Danns,FWD,Liverpool,4.5,i,Unspecified injury - Unknown return date,0.0,0.0,0.0,0.0,0,0,0,0,0,0.0,0.0,0.0,0.0,0.0,0.0,0,0,263,475,263,475,0.0,0.0,0.0,0.0,0.0,0.0,0.0,0,0,UNAVAILABLE,0.0,0.0,0.0,OUT,0
383,Harvey,Elliott,Elliott,MID,Liverpool,5.5,a,,,0.1,0.0,0.0,0,0,0,0,0,0.0,0.0,0.0,0.0,0.0,0.0,0,0,324,1039,324,1039,0.0,0.0,0.0,0.0,0.0,0.0,0.0,0,0,AVAILABLE,1.0,10.0,0.1111111111111111,VERY_HIGH,0
579,Ronald,Araujo,Araujo,DEF,Liverpool,5.5,a,,,2.7,1.0,1.0,1,20,0,0,0,0.0,0.03,13.2,1.2,0.0,1.4,3,0,21912,28537,21912,28537,20.0,0.0,0.0,0.0,0.0,3.0,1.0,0,1,AVAILABLE,1.0,20.0,0.2222222222222222,VERY_HIGH,0
238,Jack,Grealish,Grealish,MID,Man City,6.5,a,,100.0,0.2,1.0,1.0,1,8,0,0,0,0.0,0.0,1.0,0.6,0.0,0.2,2,0,1054,1870,1054,1870,8.0,0.0,0.0,0.0,0.0,2.0,1.0,0,1,AVAILABLE,1.0,20.0,0.2222222222222222,VERY_HIGH,0
384,Gianluigi,Donnarumma,Donnarumma,GKP,Man City,5.5,a,,,8.3,3.0,3.0,3,90,0,0,0,0.0,0.0,26.8,0.0,0.0,2.7,12,0,27500,37679,27500,37679,90.0,0.0,0.0,0.0,0.0,12.0,3.0,1,1,AVAILABLE,1.0,82.0,0.9111111111111111,LOW,1
386,Marcus,Bettinelli,Bettinelli,GKP,Man City,4.5,a,,,0.0,0.0,0.0,0,0,0,0,0,0.0,0.0,0.0,0.0,0.0,0.0,0,0,110,197,110,197,0.0,0.0,0.0,0.0,0.0,0.0,0.0,0,0,AVAILABLE,1.0,10.0,0.1111111111111111,VERY_HIGH,0
387,Nico,O'Reilly,O'Reilly,DEF,Man City,6.5,a,,,21.0,2.0,2.0,2,62,0,0,0,0.07,0.41,8.8,30.4,11.0,5.0,5,0,57267,87158,57267,87158,62.0,0.0,0.0,0.0,0.0,5.0,2.0,1,1,AVAILABLE,1.0,75.0,0.8333333333333334,MEDIUM,1
388,Marc,Guéhi,Guéhi,DEF,Man City,6.0,a,,,19.3,10.0,10.0,10,90,1,0,0,0.89,0.32,43.6,17.5,28.0,8.9,31,2,152090,33202,152090,33202,90.0,1.0,0.0,0.0,2.0,31.0,10.0,1,1,AVAILABLE,1.0,82.0,0.9111111111111111,LOW,1
389,Matheus,Nunes,Matheus N.,DEF,Man City,6.0,d,Unspecified injury - 75% chance of playing,75.0,1.5,1.0,1.0,1,33,0,0,0,0.0,0.04,3.8,1.5,4.0,0.9,4,0,2979,11500,2979,11500,33.0,0.0,0.0,0.0,0.0,4.0,1.0,0,1,MINOR_RISK,0.75,33.8,0.37555555555555553,HIGH,0
390,Rúben,dos Santos Gato Alves Dias,Rúben,DEF,Man City,5.5,a,,,1.8,2.0,2.0,2,90,0,0,0,0.0,0.14,24.4,17.9,2.0,4.4,11,0,8531,10437,8531,10437,90.0,0.0,0.0,0.0,0.0,11.0,2.0,1,1,AVAILABLE,1.0,82.0,0.9111111111111111,LOW,1
391,Joško,Gvardiol,Gvardiol,DEF,Man City,5.5,a,,,13.4,9.0,9.0,9,90,1,0,0,0.19,0.05,47.6,13.3,17.0,7.8,28,1,180702,27907,180702,27907,90.0,1.0,0.0,0.0,1.0,28.0,9.0,1,1,AVAILABLE,1.0,82.0,0.9111111111111111,LOW,1
392,Rayan,Aït-Nouri,Aït-Nouri,DEF,Man City,5.5,a,,,0.8,0.0,0.0,0,0,0,0,0,0.0,0.0,0.0,0.0,0.0,0.0,0,0,2380,13498,2380,13498,0.0,0.0,0.0,0.0,0.0,0.0,0.0,0,0,AVAILABLE,1.0,10.0,0.1111111111111111,VERY_HIGH,0
393,Abdukodir,Khusanov,Khusanov,DEF,Man City,5.5,a,,,1.7,2.0,2.0,2,90,0,0,0,0.0,0.02,17.0,3.4,0.0,2.0,14,0,5345,11998,5345,11998,90.0,0.0,0.0,0.0,0.0,14.0,2.0,1,1,AVAILABLE,1.0,82.0,0.9111111111111111,LOW,1
394,Max,Alleyne,Alleyne,DEF,Man City,5.0,u,Has joined Burnley on loan for the rest of the season,0.0,0.0,0.0,0.0,0,0,0,0,0,0.0,0.0,0.0,0.0,0.0,0.0,0,0,0,322,0,322,0.0,0.0,0.0,0.0,0.0,0.0,0.0,0,0,UNAVAILABLE,0.0,0.0,0.0,OUT,0
395,Rico,Lewis,Lewis,DEF,Man City,4.5,a,,,0.2,1.0,1.0,1,56,0,0,0,0.17,0.02,3.8,3.8,39.0,4.7,-1,0,2982,2093,2982,2093,56.0,0.0,0.0,0.0,0.0,-1.0,1.0,0,1,AVAILABLE,1.0,45.0,0.5,HIGH,0
396,Vitor,de Oliveira Nunes dos Reis,Vitor Reis,DEF,Man City,4.5,a,,,0.0,0.0,0.0,0,0,0,0,0,0.0,0.0,0.0,0.0,0.0,0.0,0,0,90,192,90,192,0.0,0.0,0.0,0.0,0.0,0.0,0.0,0,0,AVAILABLE,1.0,10.0,0.1111111111111111,VERY_HIGH,0
397,Antoine,Semenyo,Semenyo,MID,Man City,8.5,a,,,24.4,2.0,2.0,2,90,0,0,0,0.06,0.02,5.8,8.9,31.0,4.6,16,0,38776,134221,38776,134221,90.0,0.0,0.0,0.0,0.0,16.0,2.0,1,1,AVAILABLE,1.0,82.0,0.9111111111111111,LOW,1
398,Phil,Foden,Foden,MID,Man City,7.0,a,,,4.1,1.0,1.0,1,81,0,0,0,0.12,0.4,10.4,49.6,15.0,7.5,15,0,15344,35398,15344,35398,81.0,0.0,0.0,0.0,0.0,15.0,1.0,1,1,AVAILABLE,1.0,82.0,0.9111111111111111,LOW,1
399,Rayan,Cherki,Cherki,MID,Man City,7.5,a,,,10.3,8.0,8.0,8,27,0,2,0,0.0,0.5,39.2,48.8,4.0,9.2,28,1,161651,33502,161651,33502,27.0,0.0,2.0,0.0,1.0,28.0,8.0,0,1,AVAILABLE,1.0,20.0,0.2222222222222222,VERY_HIGH,0
400,Jérémy,Doku,Doku,MID,Man City,7.5,i,Calf injury - Expected back 5 Sep,0.0,1.3,0.0,0.0,0,0,0,0,0,0.0,0.0,0.0,0.0,0.0,0.0,0,0,461,60428,461,60428,0.0,0.0,0.0,0.0,0.0,0.0,0.0,0,0,UNAVAILABLE,0.0,0.0,0.0,OUT,0
401,Omar,Marmoush,Marmoush,FWD,Man City,7.0,a,,,1.1,0.0,0.0,0,0,0,0,0,0.0,0.0,0.0,0.0,0.0,0.0,0,0,21947,16297,21947,16297,0.0,0.0,0.0,0.0,0.0,0.0,0.0,0,0,AVAILABLE,1.0,10.0,0.1111111111111111,VERY_HIGH,0
402,Rodrigo 'Rodri',Hernandez Cascante,Rodrigo,MID,Man City,6.5,u,Has joined Barcelona permanently,0.0,0.0,0.0,0.0,0,0,0,0,0,0.0,0.0,0.0,0.0,0.0,0.0,0,0,0,759,0,759,0.0,0.0,0.0,0.0,0.0,0.0,0.0,0,0,UNAVAILABLE,0.0,0.0,0.0,OUT,0
404,Tijjani,Reijnders,Reijnders,MID,Man City,6.0,u,Has joined Al Qadsiah permanently,0.0,0.1,0.0,0.0,0,0,0,0,0,0.0,0.0,0.0,0.0,0.0,0.0,0,0,0,5175,0,5175,0.0,0.0,0.0,0.0,0.0,0.0,0.0,0,0,UNAVAILABLE,0.0,0.0,0.0,OUT,0
405,Nico,González Iglesias,N.Gonzalez,MID,Man City,5.5,a,,,0.2,0.0,0.0,0,0,0,0,0,0.0,0.0,0.0,0.0,0.0,0.0,0,0,1464,1430,1464,1430,0.0,0.0,0.0,0.0,0.0,0.0,0.0,0,0,AVAILABLE,1.0,10.0,0.1111111111111111,VERY_HIGH,0
406,Mateo,Kovačić,Kovačić,MID,Man City,5.5,a,,,0.1,1.0,1.0,1,27,0,0,0,0.0,0.01,2.2,2.1,0.0,0.4,3,0,700,1085,700,1085,27.0,0.0,0.0,0.0,0.0,3.0,1.0,0,1,AVAILABLE,1.0,20.0,0.2222222222222222,VERY_HIGH,0
407,Claudio,Echeverri,Echeverri,MID,Man City,5.0,a,,,0.0,0.0,0.0,0,0,0,0,0,0.0,0.0,0.0,0.0,0.0,0.0,0,0,83,242,83,242,0.0,0.0,0.0,0.0,0.0,0.0,0.0,0,0,AVAILABLE,1.0,10.0,0.1111111111111111,VERY_HIGH,0
408,Kalvin,Phillips,Phillips,MID,Man City,5.0,u,Has joined Sheffield United on loan for the rest of the season,0.0,0.0,0.0,0.0,0,0,0,0,0,0.0,0.0,0.0,0.0,0.0,0.0,0,0,0,275,0,275,0.0,0.0,0.0,0.0,0.0,0.0,0.0,0,0,UNAVAILABLE,0.0,0.0,0.0,OUT,0
409,Divine,Mukasa,Mukasa,MID,Man City,4.5,a,,,0.2,0.0,0.0,0,0,0,0,0,0.0,0.0,0.0,0.0,0.0,0.0,0,0,836,2117,836,2117,0.0,0.0,0.0,0.0,0.0,0.0,0.0,0,0,AVAILABLE,1.0,10.0,0.1111111111111111,VERY_HIGH,0
410,Jeremy,Monga,Monga,MID,Man City,5.0,a,,,0.0,0.0,0.0,0,0,0,0,0,0.0,0.0,0.0,0.0,0.0,0.0,0,0,70,242,70,242,0.0,0.0,0.0,0.0,0.0,0.0,0.0,0,0,AVAILABLE,1.0,10.0,0.1111111111111111,VERY_HIGH,0
411,Erling,Haaland,Haaland,FWD,Man City,15.5,a,,,68.0,2.0,2.0,2,90,0,0,0,0.74,0.02,3.8,5.2,50.0,5.9,6,0,55421,83658,55421,83658,90.0,0.0,0.0,0.0,0.0,6.0,2.0,1,1,AVAILABLE,1.0,82.0,0.9111111111111111,LOW,1
481,Elliot,Anderson,Anderson,MID,Man City,6.5,a,,100.0,6.2,2.0,2.0,2,62,0,0,0,0.0,0.25,7.2,20.8,0.0,2.8,14,0,6649,136973,6649,136973,62.0,0.0,0.0,0.0,0.0,14.0,2.0,1,1,AVAILABLE,1.0,75.0,0.8333333333333334,MEDIUM,1
587,Gerónimo,Rulli,Rulli,GKP,Man City,5.0,a,,,0.0,0.0,0.0,0,0,0,0,0,0.0,0.0,0.0,0.0,0.0,0.0,0,0,82,184,82,184,0.0,0.0,0.0,0.0,0.0,0.0,0.0,0,0,AVAILABLE,1.0,10.0,0.1111111111111111,VERY_HIGH,0
616,Ayyoub,Bouaddi,Bouaddi,MID,Man City,5.5,a,,,0.0,0.0,0.0,0,0,0,0,0,0.0,0.0,0.0,0.0,0.0,0.0,0,0,941,74,941,74,0.0,0.0,0.0,0.0,0.0,0.0,0.0,0,0,AVAILABLE,1.0,10.0,0.1111111111111111,VERY_HIGH,0
43,Youri,Tielemans,Tielemans,MID,Man Utd,6.0,a,,100.0,2.4,2.0,2.0,2,66,0,0,0,0.04,0.11,5.0,11.3,4.0,2.0,13,0,10472,29602,10472,29602,66.0,0.0,0.0,0.0,0.0,13.0,2.0,1,1,AVAILABLE,1.0,75.0,0.8333333333333334,MEDIUM,1
131,Carlos,Baleba,Baleba,MID,Man Utd,5.0,i,Ankle injury - Unknown return date,0.0,0.2,0.0,0.0,0,0,0,0,0,0.0,0.0,0.0,0.0,0.0,0.0,0,0,2183,3757,2183,3757,0.0,0.0,0.0,0.0,0.0,0.0,0.0,0,0,UNAVAILABLE,0.0,0.0,0.0,OUT,0
162,Andrey,Nascimento dos Santos,Andrey Santos,MID,Man Utd,5.0,a,,,1.0,2.0,2.0,2,66,0,0,0,0.0,0.23,11.4,4.2,2.0,1.8,17,0,6419,12898,6419,12898,66.0,0.0,0.0,0.0,0.0,17.0,2.0,1,1,AVAILABLE,1.0,75.0,0.8333333333333334,MEDIUM,1
325,Karl,Darlow,Darlow,GKP,Man Utd,4.5,a,,100.0,0.0,0.0,0.0,0,0,0,0,0,0.0,0.0,0.0,0.0,0.0,0.0,0,0,200,211,200,211,0.0,0.0,0.0,0.0,0.0,0.0,0.0,0,0,AVAILABLE,1.0,10.0,0.1111111111111111,VERY_HIGH,0
412,Senne,Lammens,Lammens,GKP,Man Utd,5.0,a,,,15.7,1.0,1.0,1,90,0,0,0,0.0,0.0,20.2,0.0,0.0,2.0,7,0,26809,74454,26809,74454,90.0,0.0,0.0,0.0,0.0,7.0,1.0,1,1,AVAILABLE,1.0,82.0,0.9111111111111111,LOW,1
413,Altay,Bayındır,Bayindir,GKP,Man Utd,4.5,u,Has joined Celta Vigo on loan for the rest of the season,0.0,0.0,0.0,0.0,0,0,0,0,0,0.0,0.0,0.0,0.0,0.0,0.0,0,0,0,539,0,539,0.0,0.0,0.0,0.0,0.0,0.0,0.0,0,0,UNAVAILABLE,0.0,0.0,0.0,OUT,0
414,Tom,Heaton,Heaton,GKP,Man Utd,4.0,i,Hamstring injury - Unknown return date,0.0,0.1,0.0,0.0,0,0,0,0,0,0.0,0.0,0.0,0.0,0.0,0.0,0,0,172,908,172,908,0.0,0.0,0.0,0.0,0.0,0.0,0.0,0,0,UNAVAILABLE,0.0,0.0,0.0,OUT,0
415,Patrick,Dorgu,Dorgu,MID,Man Utd,6.0,a,,,1.1,0.0,0.0,0,45,0,0,0,0.47,0.03,0.0,1.2,16.0,0.7,-11,0,4023,23226,4023,23226,45.0,0.0,0.0,0.0,0.0,-11.0,0.0,0,1,AVAILABLE,1.0,45.0,0.5,HIGH,0
416,Matthijs,de Ligt,De Ligt,DEF,Man Utd,5.0,i,Back injury - Unknown return date,0.0,0.0,0.0,0.0,0,0,0,0,0,0.0,0.0,0.0,0.0,0.0,0.0,0,0,105,457,105,457,0.0,0.0,0.0,0.0,0.0,0.0,0.0,0,0,UNAVAILABLE,0.0,0.0,0.0,OUT,0
417,Diogo,Dalot Teixeira,Dalot,DEF,Man Utd,5.0,a,,,2.5,1.0,1.0,1,10,0,0,0,0.0,0.0,7.6,11.3,0.0,1.9,6,0,6946,26491,6946,26491,10.0,0.0,0.0,0.0,0.0,6.0,1.0,0,1,AVAILABLE,1.0,20.0,0.2222222222222222,VERY_HIGH,0
418,Harry,Maguire,Maguire,DEF,Man Utd,5.0,a,,,17.2,1.0,1.0,1,90,0,0,0,0.04,0.4,25.4,28.6,19.0,7.3,15,0,41246,86257,41246,86257,90.0,0.0,0.0,0.0,0.0,15.0,1.0,1,1,AVAILABLE,1.0,82.0,0.9111111111111111,LOW,1
419,Lisandro,Martínez,Martinez,DEF,Man Utd,5.0,a,,100.0,1.3,0.0,0.0,0,0,0,0,0,0.0,0.0,0.0,0.0,0.0,0.0,0,0,6106,15978,6106,15978,0.0,0.0,0.0,0.0,0.0,0.0,0.0,0,0,AVAILABLE,1.0,10.0,0.1111111111111111,VERY_HIGH,0
420,Leny,Yoro,Yoro,DEF,Man Utd,5.0,a,,,0.7,0.0,0.0,0,0,0,0,0,0.0,0.0,0.0,0.0,0.0,0.0,0,0,1444,8950,1444,8950,0.0,0.0,0.0,0.0,0.0,0.0,0.0,0,0,AVAILABLE,1.0,10.0,0.1111111111111111,VERY_HIGH,0
421,Ayden,Heaven,Heaven,DEF,Man Utd,4.5,a,,,0.4,1.0,1.0,1,90,0,0,0,0.12,0.04,6.8,2.6,11.0,2.0,5,0,2629,3494,2629,3494,90.0,0.0,0.0,0.0,0.0,5.0,1.0,1,1,AVAILABLE,1.0,82.0,0.9111111111111111,LOW,1
422,Noussair,Mazraoui,Mazraoui,DEF,Man Utd,4.5,a,,,0.7,1.0,1.0,1,79,0,0,0,0.22,0.05,17.4,29.4,9.0,5.6,8,0,4821,5157,4821,5157,79.0,0.0,0.0,0.0,0.0,8.0,1.0,1,1,AVAILABLE,1.0,82.0,0.9111111111111111,LOW,1
423,Luke,Shaw,Shaw,DEF,Man Utd,4.5,a,,,19.7,1.0,1.0,1,90,0,0,0,0.0,0.26,25.2,59.2,6.0,9.0,13,0,34104,97722,34104,97722,90.0,0.0,0.0,0.0,0.0,13.0,1.0,1,1,AVAILABLE,1.0,82.0,0.9111111111111111,LOW,1
424,Harry,Amass,Amass,DEF,Man Utd,4.0,a,,,0.2,0.0,0.0,0,0,0,0,0,0.0,0.0,0.0,0.0,0.0,0.0,0,0,786,1711,786,1711,0.0,0.0,0.0,0.0,0.0,0.0,0.0,0,0,AVAILABLE,1.0,10.0,0.1111111111111111,VERY_HIGH,0
425,Tyler,Fredricson,Fredricson,DEF,Man Utd,4.0,u,Has joined Lausanne-Sport permanently,0.0,0.0,0.0,0.0,0,0,0,0,0,0.0,0.0,0.0,0.0,0.0,0.0,0,0,0,634,0,634,0.0,0.0,0.0,0.0,0.0,0.0,0.0,0,0,UNAVAILABLE,0.0,0.0,0.0,OUT,0
426,Bruno,Borges Fernandes,B.Fernandes,MID,Man Utd,12.0,a,,,48.6,2.0,2.0,2,90,0,0,0,0.08,0.26,20.2,55.4,17.0,9.3,18,0,37533,184567,37533,184567,90.0,0.0,0.0,0.0,0.0,18.0,2.0,1,1,AVAILABLE,1.0,82.0,0.9111111111111111,LOW,1
427,Bryan,Mbeumo,Mbeumo,MID,Man Utd,8.0,a,,,36.1,2.0,2.0,2,90,0,0,0,0.5,0.23,9.6,28.1,49.0,8.7,12,0,62890,171979,62890,171979,90.0,0.0,0.0,0.0,0.0,12.0,2.0,1,1,AVAILABLE,1.0,82.0,0.9111111111111111,LOW,1
428,Matheus,Santos Carneiro da Cunha,Cunha,MID,Man Utd,8.0,a,,,9.5,2.0,2.0,2,79,0,0,0,0.24,0.21,5.4,28.2,35.0,6.9,14,0,21602,75651,21602,75651,79.0,0.0,0.0,0.0,0.0,14.0,2.0,1,1,AVAILABLE,1.0,82.0,0.9111111111111111,LOW,1
429,Marcus,Rashford,Rashford,MID,Man Utd,7.0,a,,,1.7,1.0,1.0,1,45,0,0,0,0.0,0.1,11.6,48.6,4.0,6.4,9,0,12621,18478,12621,18478,45.0,0.0,0.0,0.0,0.0,9.0,1.0,0,1,AVAILABLE,1.0,45.0,0.5,HIGH,0
430,Mason,Mount,Mount,MID,Man Utd,5.5,d,Foot injury - 75% chance of playing,75.0,0.0,0.0,0.0,0,0,0,0,0,0.0,0.0,0.0,0.0,0.0,0.0,0,0,32,624,32,624,0.0,0.0,0.0,0.0,0.0,0.0,0.0,0,0,MINOR_RISK,0.75,7.5,0.08333333333333333,VERY_HIGH,0
431,Amad,Diallo,Amad,MID,Man Utd,5.9,d,Unspecified injury - 75% chance of playing,75.0,1.1,0.0,0.0,0,0,0,0,0,0.0,0.0,0.0,0.0,0.0,0.0,0,0,1513,45607,1513,45607,0.0,0.0,0.0,0.0,0.0,0.0,0.0,0,0,MINOR_RISK,0.75,7.5,0.08333333333333333,VERY_HIGH,0
432,Kobbie,Mainoo,Mainoo,MID,Man Utd,5.5,a,,,1.0,1.0,1.0,1,23,0,0,0,0.07,0.01,2.8,2.5,2.0,0.7,7,0,2914,11854,2914,11854,23.0,0.0,0.0,0.0,0.0,7.0,1.0,0,1,AVAILABLE,1.0,20.0,0.2222222222222222,VERY_HIGH,0
433,Manuel,Ugarte Ribeiro,Ugarte,MID,Man Utd,5.0,i,Knee injury - Unknown return date,0.0,0.0,0.0,0.0,0,0,0,0,0,0.0,0.0,0.0,0.0,0.0,0.0,0,0,22,80,22,80,0.0,0.0,0.0,0.0,0.0,0.0,0.0,0,0,UNAVAILABLE,0.0,0.0,0.0,OUT,0
434,Jack,Fletcher,J.Fletcher,MID,Man Utd,5.0,a,,,0.0,0.0,0.0,0,0,0,0,0,0.0,0.0,0.0,0.0,0.0,0.0,0,0,39,151,39,151,0.0,0.0,0.0,0.0,0.0,0.0,0.0,0,0,AVAILABLE,1.0,10.0,0.1111111111111111,VERY_HIGH,0
435,Shea,Lacey,Lacey,MID,Man Utd,5.0,a,,,0.0,1.0,1.0,1,10,0,0,0,0.0,0.0,0.2,0.6,0.0,0.1,3,0,286,503,286,503,10.0,0.0,0.0,0.0,0.0,3.0,1.0,0,1,AVAILABLE,1.0,20.0,0.2222222222222222,VERY_HIGH,0
436,Toby,Collyer,Collyer,MID,Man Utd,5.0,a,,,0.0,0.0,0.0,0,0,0,0,0,0.0,0.0,0.0,0.0,0.0,0.0,0,0,56,207,56,207,0.0,0.0,0.0,0.0,0.0,0.0,0.0,0,0,AVAILABLE,1.0,10.0,0.1111111111111111,VERY_HIGH,0
437,Bendito,Mantato,Bendito Mantato,MID,Man Utd,4.5,a,,,0.2,0.0,0.0,0,0,0,0,0,0.0,0.0,0.0,0.0,0.0,0.0,0,0,889,2099,889,2099,0.0,0.0,0.0,0.0,0.0,0.0,0.0,0,0,AVAILABLE,1.0,10.0,0.1111111111111111,VERY_HIGH,0
438,Tyler,Fletcher,Fletcher,MID,Man Utd,4.5,a,,,0.3,0.0,0.0,0,0,0,0,0,0.0,0.0,0.0,0.0,0.0,0.0,0,0,1209,3493,1209,3493,0.0,0.0,0.0,0.0,0.0,0.0,0.0,0,0,AVAILABLE,1.0,10.0,0.1111111111111111,VERY_HIGH,0
439,Benjamin,Sesko,Šeško,FWD,Man Utd,7.0,a,,100.0,1.8,1.0,1.0,1,23,0,0,0,0.04,0.0,0.0,0.5,9.0,0.9,2,0,24591,12728,24591,12728,23.0,0.0,0.0,0.0,0.0,2.0,1.0,0,1,AVAILABLE,1.0,20.0,0.2222222222222222,VERY_HIGH,0
440,Joshua,Zirkzee,Zirkzee,FWD,Man Utd,5.5,a,,,0.5,0.0,0.0,0,0,0,0,0,0.0,0.0,0.0,0.0,0.0,0.0,0,0,1849,10843,1849,10843,0.0,0.0,0.0,0.0,0.0,0.0,0.0,0,0,AVAILABLE,1.0,10.0,0.1111111111111111,VERY_HIGH,0
441,Chido,Obi,Obi,FWD,Man Utd,4.5,a,,,1.1,0.0,0.0,0,0,0,0,0,0.0,0.0,0.0,0.0,0.0,0.0,0,0,5479,9927,5479,9927,0.0,0.0,0.0,0.0,0.0,0.0,0.0,0,0,AVAILABLE,1.0,10.0,0.1111111111111111,VERY_HIGH,0
442,Nick,Pope,Pope,GKP,Newcastle,5.0,a,,,1.3,0.0,0.0,0,0,0,0,0,0.0,0.0,0.0,0.0,0.0,0.0,0,0,2332,10029,2332,10029,0.0,0.0,0.0,0.0,0.0,0.0,0.0,0,0,AVAILABLE,1.0,10.0,0.1111111111111111,VERY_HIGH,0
443,Mark,Gillespie,Gillespie,GKP,Newcastle,4.5,a,,,0.0,0.0,0.0,0,0,0,0,0,0.0,0.0,0.0,0.0,0.0,0.0,0,0,146,191,146,191,0.0,0.0,0.0,0.0,0.0,0.0,0.0,0,0,AVAILABLE,1.0,10.0,0.1111111111111111,VERY_HIGH,0
444,Ewen,Jaouen,Jaouen,GKP,Newcastle,4.5,a,,,0.0,0.0,0.0,0,0,0,0,0,0.0,0.0,0.0,0.0,0.0,0.0,0,0,103,311,103,311,0.0,0.0,0.0,0.0,0.0,0.0,0.0,0,0,AVAILABLE,1.0,10.0,0.1111111111111111,VERY_HIGH,0
445,Malick,Thiaw,Thiaw,DEF,Newcastle,5.0,a,,,1.7,3.0,3.0,3,90,0,0,0,0.0,0.0,37.8,0.2,0.0,3.8,0,0,15547,8621,15547,8621,90.0,0.0,0.0,0.0,0.0,0.0,3.0,1,1,AVAILABLE,1.0,82.0,0.9111111111111111,LOW,1
446,Fabian,Schär,Schär,DEF,Newcastle,5.0,a,,100.0,0.3,1.0,1.0,1,1,0,0,0,0.0,0.0,0.0,0.0,0.0,0.0,-1,0,1676,1552,1676,1552,1.0,0.0,0.0,0.0,0.0,-1.0,1.0,0,1,AVAILABLE,1.0,20.0,0.2222222222222222,VERY_HIGH,0
447,Sven,Botman,Botman,DEF,Newcastle,5.0,a,,,0.5,3.0,3.0,3,90,0,0,0,0.0,0.01,32.4,0.3,0.0,3.3,4,0,7448,2714,7448,2714,90.0,0.0,0.0,0.0,0.0,4.0,3.0,1,1,AVAILABLE,1.0,82.0,0.9111111111111111,LOW,1
448,Dan,Burn,Burn,DEF,Newcastle,5.0,i,Ankle injury - Expected back 14 Sep,0.0,1.7,0.0,0.0,0,0,0,0,0,0.0,0.0,0.0,0.0,0.0,0.0,0,0,6213,64439,6213,64439,0.0,0.0,0.0,0.0,0.0,0.0,0.0,0,0,UNAVAILABLE,0.0,0.0,0.0,OUT,0
449,Lewis,Hall,Hall,DEF,Newcastle,5.0,a,,,4.1,3.0,3.0,3,90,0,0,0,0.0,0.35,22.0,15.2,0.0,3.7,8,0,45236,15811,45236,15811,90.0,0.0,0.0,0.0,0.0,8.0,3.0,1,1,AVAILABLE,1.0,82.0,0.9111111111111111,LOW,1
450,Tino,Livramento,Livramento,DEF,Newcastle,5.0,i,Calf injury - Unknown return date,0.0,0.0,0.0,0.0,0,0,0,0,0,0.0,0.0,0.0,0.0,0.0,0.0,0,0,80,1102,80,1102,0.0,0.0,0.0,0.0,0.0,0.0,0.0,0,0,UNAVAILABLE,0.0,0.0,0.0,OUT,0
451,Alex,Murphy,A.Murphy,DEF,Newcastle,4.0,u,Has joined FC Kaiserslautern on loan for the rest of the season,0.0,0.1,0.0,0.0,0,0,0,0,0,0.0,0.0,0.0,0.0,0.0,0.0,0,0,0,3033,0,3033,0.0,0.0,0.0,0.0,0.0,0.0,0.0,0,0,UNAVAILABLE,0.0,0.0,0.0,OUT,0
453,Harvey,Barnes,Barnes,MID,Newcastle,6.0,a,,,1.1,2.0,2.0,2,90,0,0,0,0.07,0.02,5.2,2.4,9.0,1.7,12,0,9783,7967,9783,7967,90.0,0.0,0.0,0.0,0.0,12.0,2.0,1,1,AVAILABLE,1.0,82.0,0.9111111111111111,LOW,1
454,Anthony,Elanga,Elanga,MID,Newcastle,6.0,a,,,1.9,9.0,9.0,9,75,1,0,0,0.22,0.01,37.4,3.5,28.0,6.9,31,2,72255,9261,72255,9261,75.0,1.0,0.0,0.0,2.0,31.0,9.0,1,1,AVAILABLE,1.0,82.0,0.9111111111111111,LOW,1
456,Jacob,Ramsey,J.Ramsey,MID,Newcastle,5.0,a,,,0.4,0.0,0.0,0,34,0,0,0,0.06,0.01,7.8,1.3,4.0,1.3,1,0,1237,3795,1237,3795,34.0,0.0,0.0,0.0,0.0,1.0,0.0,0,1,AVAILABLE,1.0,45.0,0.5,HIGH,0
457,Jacob,Murphy,J.Murphy,MID,Newcastle,6.0,a,,,0.2,0.0,0.0,0,14,0,0,0,0.0,0.0,0.0,0.1,2.0,0.1,-1,0,611,2136,611,2136,14.0,0.0,0.0,0.0,0.0,-1.0,0.0,0,1,AVAILABLE,1.0,20.0,0.2222222222222222,VERY_HIGH,0
458,Joelinton Cássio,Apolinário de Lira,Joelinton,MID,Newcastle,5.5,i,Unspecified injury - Unknown return date,0.0,0.0,0.0,0.0,0,0,0,0,0,0.0,0.0,0.0,0.0,0.0,0.0,0,0,39,932,39,932,0.0,0.0,0.0,0.0,0.0,0.0,0.0,0,0,UNAVAILABLE,0.0,0.0,0.0,OUT,0
459,Lewis,Miley,L.Miley,MID,Newcastle,5.5,a,,100.0,0.1,3.0,3.0,3,75,0,0,0,0.05,0.01,15.6,21.4,3.0,4.0,13,0,1077,421,1077,421,75.0,0.0,0.0,0.0,0.0,13.0,3.0,1,1,AVAILABLE,1.0,82.0,0.9111111111111111,LOW,1
460,Joe,Willock,Willock,MID,Newcastle,5.0,a,,,0.2,6.0,6.0,6,34,1,0,0,0.09,0.17,38.4,13.9,9.0,6.1,28,0,6506,1514,6506,1514,34.0,1.0,0.0,0.0,0.0,28.0,6.0,0,1,AVAILABLE,1.0,45.0,0.5,HIGH,0
461,Bazoumana,Touré,Touré,MID,Newcastle,6.0,a,,,0.2,0.0,0.0,0,0,0,0,0,0.0,0.0,0.0,0.0,0.0,0.0,0,0,438,3567,438,3567,0.0,0.0,0.0,0.0,0.0,0.0,0.0,0,0,AVAILABLE,1.0,10.0,0.1111111111111111,VERY_HIGH,0
462,Sean,Steur,Steur,MID,Newcastle,5.0,a,,,0.1,1.0,1.0,1,55,0,0,0,0.0,0.0,0.4,1.2,0.0,0.2,3,0,660,835,660,835,55.0,0.0,0.0,0.0,0.0,3.0,1.0,0,1,AVAILABLE,1.0,45.0,0.5,HIGH,0
463,Nick,Woltemade,Woltemade,FWD,Newcastle,6.0,a,,,1.6,0.0,0.0,0,0,0,0,0,0.0,0.0,0.0,0.0,0.0,0.0,0,0,6284,25305,6284,25305,0.0,0.0,0.0,0.0,0.0,0.0,0.0,0,0,AVAILABLE,1.0,10.0,0.1111111111111111,VERY_HIGH,0
464,Yoane,Wissa,Wissa,FWD,Newcastle,6.0,a,,,3.1,4.0,4.0,4,90,0,1,0,1.0,0.02,20.0,16.3,28.0,6.4,7,0,115498,18055,115498,18055,90.0,0.0,1.0,0.0,0.0,7.0,4.0,1,1,AVAILABLE,1.0,82.0,0.9111111111111111,LOW,1
465,William,Osula,Osula,FWD,Newcastle,6.0,i,Foot injury - Unknown return date,0.0,1.0,4.0,4.0,4,55,0,1,0,0.06,0.14,28.2,13.7,8.0,5.0,18,0,20230,16662,20230,16662,55.0,0.0,1.0,0.0,0.0,18.0,4.0,0,1,UNAVAILABLE,0.0,0.0,0.0,OUT,0
466,Sean,Neave,Neave,FWD,Newcastle,4.5,a,,,0.8,0.0,0.0,0,0,0,0,0,0.0,0.0,0.0,0.0,0.0,0.0,0,0,5530,6837,5530,6837,0.0,0.0,0.0,0.0,0.0,0.0,0.0,0,0,AVAILABLE,1.0,10.0,0.1111111111111111,VERY_HIGH,0
559,Aladji,Bamba,Bamba,MID,Newcastle,5.0,a,,,0.1,1.0,1.0,1,14,0,0,0,0.0,0.0,4.0,0.0,0.0,0.4,5,0,608,1392,608,1392,14.0,0.0,0.0,0.0,0.0,5.0,1.0,0,1,AVAILABLE,1.0,20.0,0.2222222222222222,VERY_HIGH,0
567,Lukás,Hornícek,Horníček,GKP,Newcastle,5.0,a,,,0.7,1.0,1.0,1,90,0,0,0,0.0,0.0,41.2,0.0,0.0,4.1,12,0,4495,3371,4495,3371,90.0,0.0,0.0,0.0,0.0,12.0,1.0,1,1,AVAILABLE,1.0,82.0,0.9111111111111111,LOW,1
593,Amar,Dedic,Dedić,DEF,Newcastle,4.5,a,,,0.3,1.0,1.0,1,90,0,0,0,0.03,0.0,16.4,1.2,5.0,2.3,-1,0,7583,1623,7583,1623,90.0,0.0,0.0,0.0,0.0,-1.0,1.0,1,1,AVAILABLE,1.0,82.0,0.9111111111111111,LOW,1
609,Leo,Shahar,Shahar,DEF,Newcastle,4.0,a,,,0.1,0.0,0.0,0,0,0,0,0,0.0,0.0,0.0,0.0,0.0,0.0,0,0,3212,528,3212,528,0.0,0.0,0.0,0.0,0.0,0.0,0.0,0,0,AVAILABLE,1.0,10.0,0.1111111111111111,VERY_HIGH,0
467,Matz,Sels,Sels,GKP,Nott'm Forest,5.0,a,,,1.5,2.0,2.0,2,90,0,0,0,0.0,0.0,14.2,0.0,0.0,1.4,11,0,2454,8568,2454,8568,90.0,0.0,0.0,0.0,0.0,11.0,2.0,1,1,AVAILABLE,1.0,82.0,0.9111111111111111,LOW,1
468,John Victor,Maciel Furtado,John,GKP,Nott'm Forest,4.5,a,,,0.1,0.0,0.0,0,0,0,0,0,0.0,0.0,0.0,0.0,0.0,0.0,0,0,149,393,149,393,0.0,0.0,0.0,0.0,0.0,0.0,0.0,0,0,AVAILABLE,1.0,10.0,0.1111111111111111,VERY_HIGH,0
469,Neco,Williams,N.Williams,DEF,Nott'm Forest,5.0,a,,,9.1,2.0,2.0,2,90,0,0,0,0.0,0.02,15.2,5.8,6.0,2.7,13,0,12729,61637,12729,61637,90.0,0.0,0.0,0.0,0.0,13.0,2.0,1,1,AVAILABLE,1.0,82.0,0.9111111111111111,LOW,1
470,Felipe,Rodrigues da Silva,Morato,DEF,Nott'm Forest,5.0,a,,,0.0,0.0,0.0,0,0,0,0,0,0.0,0.0,0.0,0.0,0.0,0.0,0,0,213,553,213,553,0.0,0.0,0.0,0.0,0.0,0.0,0.0,0,0,AVAILABLE,1.0,10.0,0.1111111111111111,VERY_HIGH,0
471,Nikola,Milenković,Milenković,DEF,Nott'm Forest,5.5,a,,,1.8,2.0,2.0,2,90,0,0,0,0.11,0.02,7.6,0.6,14.0,2.2,4,0,2236,12575,2236,12575,90.0,0.0,0.0,0.0,0.0,4.0,2.0,1,1,AVAILABLE,1.0,82.0,0.9111111111111111,LOW,1
472,Murillo,Costa dos Santos,Murillo,DEF,Nott'm Forest,5.5,a,,100.0,1.7,4.0,4.0,4,90,0,0,0,0.0,0.28,32.2,25.9,0.0,5.8,15,0,7428,8896,7428,8896,90.0,0.0,0.0,0.0,0.0,15.0,4.0,1,1,AVAILABLE,1.0,82.0,0.9111111111111111,LOW,1
473,Ola,Aina,Aina,DEF,Nott'm Forest,4.5,a,,,3.5,5.0,5.0,5,73,0,0,1,0.04,0.17,16.0,35.6,11.0,6.3,24,0,15071,17734,15071,17734,73.0,0.0,0.0,1.0,0.0,24.0,5.0,1,1,AVAILABLE,1.0,75.0,0.8333333333333334,MEDIUM,1
474,Jair,Paula da Cunha Filho,Jair Cunha,DEF,Nott'm Forest,4.5,a,,,0.2,1.0,1.0,1,90,0,0,0,0.0,0.0,20.8,1.3,0.0,2.2,5,0,234,1230,234,1230,90.0,0.0,0.0,0.0,0.0,5.0,1.0,1,1,AVAILABLE,1.0,82.0,0.9111111111111111,LOW,1
475,Nicolò,Savona,Savona,DEF,Nott'm Forest,4.5,i,Knee injury - Unknown return date,0.0,0.0,0.0,0.0,0,0,0,0,0,0.0,0.0,0.0,0.0,0.0,0.0,0,0,62,38,62,38,0.0,0.0,0.0,0.0,0.0,0.0,0.0,0,0,UNAVAILABLE,0.0,0.0,0.0,OUT,0
476,Omar,Richards,O.Richards,DEF,Nott'm Forest,4.0,a,,,0.2,0.0,0.0,0,0,0,0,0,0.0,0.0,0.0,0.0,0.0,0.0,0,0,439,1678,439,1678,0.0,0.0,0.0,0.0,0.0,0.0,0.0,0,0,AVAILABLE,1.0,10.0,0.1111111111111111,VERY_HIGH,0
477,Zach,Abbott,Abbott,DEF,Nott'm Forest,4.0,a,,,0.3,0.0,0.0,0,0,0,0,0,0.0,0.0,0.0,0.0,0.0,0.0,0,0,895,1846,895,1846,0.0,0.0,0.0,0.0,0.0,0.0,0.0,0,0,AVAILABLE,1.0,10.0,0.1111111111111111,VERY_HIGH,0
478,Luca,Netz,Netz,DEF,Nott'm Forest,4.5,a,,,0.0,1.0,1.0,1,16,0,0,0,0.0,0.0,0.0,0.9,0.0,0.1,-2,0,97,242,97,242,16.0,0.0,0.0,0.0,0.0,-2.0,1.0,0,1,AVAILABLE,1.0,20.0,0.2222222222222222,VERY_HIGH,0
479,Tyler,Bindon,Bindon,DEF,Nott'm Forest,4.0,a,,,0.2,0.0,0.0,0,0,0,0,0,0.0,0.0,0.0,0.0,0.0,0.0,0,0,317,1174,317,1174,0.0,0.0,0.0,0.0,0.0,0.0,0.0,0,0,AVAILABLE,1.0,10.0,0.1111111111111111,VERY_HIGH,0
480,Morgan,Gibbs-White,Gibbs-White,MID,Nott'm Forest,8.0,d,Knee injury - 75% chance of playing,75.0,8.9,2.0,2.0,2,90,0,0,0,0.13,0.06,0.0,9.3,16.0,2.4,10,0,7264,222604,7264,222604,90.0,0.0,0.0,0.0,0.0,10.0,2.0,1,1,MINOR_RISK,0.75,61.5,0.6833333333333333,MEDIUM,1
482,Callum,Hudson-Odoi,Hudson-Odoi,MID,Nott'm Forest,6.0,a,,100.0,0.2,0.0,0.0,0,0,0,0,0,0.0,0.0,0.0,0.0,0.0,0.0,0,0,620,4128,620,4128,0.0,0.0,0.0,0.0,0.0,0.0,0.0,0,0,AVAILABLE,1.0,10.0,0.1111111111111111,VERY_HIGH,0
483,Dan,Ndoye,Ndoye,MID,Nott'm Forest,5.5,a,,,0.4,3.0,3.0,3,61,0,0,1,0.0,0.0,1.4,2.5,0.0,0.4,5,0,994,3915,994,3915,61.0,0.0,0.0,1.0,0.0,5.0,3.0,1,1,AVAILABLE,1.0,75.0,0.8333333333333334,MEDIUM,1
484,Omari,Hutchinson,Hutchinson,MID,Nott'm Forest,5.5,a,,,0.2,0.0,0.0,0,0,0,0,0,0.0,0.0,0.0,0.0,0.0,0.0,0,0,176,1722,176,1722,0.0,0.0,0.0,0.0,0.0,0.0,0.0,0,0,AVAILABLE,1.0,10.0,0.1111111111111111,VERY_HIGH,0
485,Dilane,Bakwa,Bakwa,MID,Nott'm Forest,5.5,u,Has joined Lille on loan for the rest of the season,0.0,0.0,0.0,0.0,0,0,0,0,0,0.0,0.0,0.0,0.0,0.0,0.0,0,0,107,307,107,307,0.0,0.0,0.0,0.0,0.0,0.0,0.0,0,0,UNAVAILABLE,0.0,0.0,0.0,OUT,0
486,James,McAtee,McAtee,MID,Nott'm Forest,5.5,a,,,0.1,3.0,3.0,3,73,0,0,1,0.0,0.16,11.6,42.5,0.0,5.4,18,0,505,377,505,377,73.0,0.0,0.0,1.0,0.0,18.0,3.0,1,1,AVAILABLE,1.0,75.0,0.8333333333333334,MEDIUM,1
487,Nicolás,Domínguez,Dominguez,MID,Nott'm Forest,5.0,a,,,0.1,0.0,0.0,0,0,0,0,0,0.0,0.0,0.0,0.0,0.0,0.0,0,0,186,858,186,858,0.0,0.0,0.0,0.0,0.0,0.0,0.0,0,0,AVAILABLE,1.0,10.0,0.1111111111111111,VERY_HIGH,0
488,Ibrahim,Sangaré,I.Sangaré,MID,Nott'm Forest,5.0,a,,,1.0,2.0,2.0,2,90,0,0,0,0.03,0.01,17.8,13.0,3.0,3.4,10,0,2618,9558,2618,9558,90.0,0.0,0.0,0.0,0.0,10.0,2.0,1,1,AVAILABLE,1.0,82.0,0.9111111111111111,LOW,1
489,Ryan,Yates,Yates,MID,Nott'm Forest,4.5,i,Unspecified injury - Unknown return date,0.0,1.5,0.0,0.0,0,0,0,0,0,0.0,0.0,0.0,0.0,0.0,0.0,0,0,621,34525,621,34525,0.0,0.0,0.0,0.0,0.0,0.0,0.0,0,0,UNAVAILABLE,0.0,0.0,0.0,OUT,0
490,Chris,Wood,Wood,FWD,Nott'm Forest,6.0,a,,,1.6,1.0,1.0,1,28,0,0,0,0.12,0.01,0.0,2.4,3.0,0.4,3,0,3948,22334,3948,22334,28.0,0.0,0.0,0.0,0.0,3.0,1.0,0,1,AVAILABLE,1.0,20.0,0.2222222222222222,VERY_HIGH,0
491,Igor Jesus,Maciel da Cruz,Igor Jesus,FWD,Nott'm Forest,6.0,a,,,3.8,2.0,2.0,2,90,0,0,0,0.22,0.02,5.2,6.8,31.0,4.3,8,0,8541,41678,8541,41678,90.0,0.0,0.0,0.0,0.0,8.0,2.0,1,1,AVAILABLE,1.0,82.0,0.9111111111111111,LOW,1
493,Arnaud,Kalimuendo,Kalimuendo,FWD,Nott'm Forest,5.5,a,,,0.1,1.0,1.0,1,1,0,0,0,0.0,0.0,0.0,0.0,0.0,0.0,3,0,274,587,274,587,1.0,0.0,0.0,0.0,0.0,3.0,1.0,0,1,AVAILABLE,1.0,20.0,0.2222222222222222,VERY_HIGH,0
558,Xaver,Schlager,Schlager,MID,Nott'm Forest,5.0,a,,,0.1,1.0,1.0,1,16,0,0,0,0.0,0.0,0.6,1.0,2.0,0.4,3,0,135,876,135,876,16.0,0.0,0.0,0.0,0.0,3.0,1.0,0,1,AVAILABLE,1.0,20.0,0.2222222222222222,VERY_HIGH,0
581,Ousmane,Diomande,Diomande,DEF,Nott'm Forest,5.5,a,,,0.7,0.0,0.0,0,0,0,0,0,0.0,0.0,0.0,0.0,0.0,0.0,0,0,3199,9873,3199,9873,0.0,0.0,0.0,0.0,0.0,0.0,0.0,0,0,AVAILABLE,1.0,10.0,0.1111111111111111,VERY_HIGH,0
590,Steven,Benda,Benda,GKP,Nott'm Forest,4.5,a,,,0.1,0.0,0.0,0,0,0,0,0,0.0,0.0,0.0,0.0,0.0,0.0,0,0,539,461,539,461,0.0,0.0,0.0,0.0,0.0,0.0,0.0,0,0,AVAILABLE,1.0,10.0,0.1111111111111111,VERY_HIGH,0
112,Jan Paul,van Hecke,Van Hecke,DEF,Spurs,5.0,a,,,9.7,1.0,1.0,1,90,0,0,0,0.0,0.03,28.2,2.8,2.0,3.3,3,0,32550,80694,32550,80694,90.0,0.0,0.0,0.0,0.0,3.0,1.0,1,1,AVAILABLE,1.0,82.0,0.9111111111111111,LOW,1
403,Sávio,Moreira de Oliveira,Sávio,MID,Spurs,6.5,a,,,0.6,0.0,0.0,0,0,0,0,0,0.0,0.0,0.0,0.0,0.0,0.0,0,0,31985,4812,31985,4812,0.0,0.0,0.0,0.0,0.0,0.0,0.0,0,0,AVAILABLE,1.0,10.0,0.1111111111111111,VERY_HIGH,0
455,Sandro,Tonali,Tonali,MID,Spurs,5.5,a,,,3.8,2.0,2.0,2,90,0,0,0,0.04,0.06,6.2,6.4,8.0,2.1,14,0,11021,42424,11021,42424,90.0,0.0,0.0,0.0,0.0,14.0,2.0,1,1,AVAILABLE,1.0,82.0,0.9111111111111111,LOW,1
494,Guglielmo,Vicario,Vicario,GKP,Spurs,4.5,u,Has joined Juventus on loan for the rest of the season,0.0,0.3,0.0,0.0,0,0,0,0,0,0.0,0.0,0.0,0.0,0.0,0.0,0,0,0,10454,0,10454,0.0,0.0,0.0,0.0,0.0,0.0,0.0,0,0,UNAVAILABLE,0.0,0.0,0.0,OUT,0
495,Brandon,Austin,Austin,GKP,Spurs,4.0,a,,,0.9,0.0,0.0,0,0,0,0,0,0.0,0.0,0.0,0.0,0.0,0.0,0,0,2621,3093,2621,3093,0.0,0.0,0.0,0.0,0.0,0.0,0.0,0,0,AVAILABLE,1.0,10.0,0.1111111111111111,VERY_HIGH,0
496,Antonín,Kinský,Kinsky,GKP,Spurs,4.5,a,,,22.8,2.0,2.0,2,90,0,0,0,0.0,0.0,43.6,0.0,0.0,4.4,15,0,27596,66352,27596,66352,90.0,0.0,0.0,0.0,0.0,15.0,2.0,1,1,AVAILABLE,1.0,82.0,0.9111111111111111,LOW,1
497,Martin,Dubravka,Dubravka,GKP,Spurs,4.0,a,,,18.6,0.0,0.0,0,0,0,0,0,0.0,0.0,0.0,0.0,0.0,0.0,0,0,28340,51700,28340,51700,0.0,0.0,0.0,0.0,0.0,0.0,0.0,0,0,AVAILABLE,1.0,10.0,0.1111111111111111,VERY_HIGH,0
498,Marcos,Senesi Barón,Senesi,DEF,Spurs,6.0,a,,,7.7,3.0,3.0,3,90,0,0,0,0.0,0.02,36.6,2.2,0.0,3.9,10,0,13303,50831,13303,50831,90.0,0.0,0.0,0.0,0.0,10.0,3.0,1,1,AVAILABLE,1.0,82.0,0.9111111111111111,LOW,1
499,Pedro,Porro Sauceda,Pedro Porro,DEF,Spurs,5.5,a,,100.0,13.7,0.0,0.0,0,0,0,0,0,0.0,0.0,0.0,0.0,0.0,0.0,0,0,13520,291204,13520,291204,0.0,0.0,0.0,0.0,0.0,0.0,0.0,0,0,AVAILABLE,1.0,10.0,0.1111111111111111,VERY_HIGH,0
500,Cristian,Romero,Romero,DEF,Spurs,5.0,u,Has joined Atletico Madrid permanently,0.0,0.2,0.0,0.0,0,0,0,0,0,0.0,0.0,0.0,0.0,0.0,0.0,0,0,0,10089,0,10089,0.0,0.0,0.0,0.0,0.0,0.0,0.0,0,0,UNAVAILABLE,0.0,0.0,0.0,OUT,0
501,Kevin,Danso,Danso,DEF,Spurs,5.0,a,,,0.2,0.0,0.0,0,0,0,0,0,0.0,0.0,0.0,0.0,0.0,0.0,0,0,925,2029,925,2029,0.0,0.0,0.0,0.0,0.0,0.0,0.0,0,0,AVAILABLE,1.0,10.0,0.1111111111111111,VERY_HIGH,0
502,Andrew,Robertson,Robertson,DEF,Spurs,4.5,a,,,3.8,3.0,3.0,3,90,0,0,0,0.0,0.06,31.8,19.2,2.0,5.3,13,0,17767,18877,17767,18877,90.0,0.0,0.0,0.0,0.0,13.0,3.0,1,1,AVAILABLE,1.0,82.0,0.9111111111111111,LOW,1
503,Micky,van de Ven,Van de Ven,DEF,Spurs,5.0,a,,100.0,4.3,0.0,0.0,0,0,0,0,0,0.0,0.0,0.0,0.0,0.0,0.0,0,0,5936,116849,5936,116849,0.0,0.0,0.0,0.0,0.0,0.0,0.0,0,0,AVAILABLE,1.0,10.0,0.1111111111111111,VERY_HIGH,0
505,Djed,Spence,Spence,DEF,Spurs,4.5,u,Has joined Internazionale permanently,0.0,0.5,0.0,0.0,0,0,0,0,0,0.0,0.0,0.0,0.0,0.0,0.0,0,0,0,42910,0,42910,0.0,0.0,0.0,0.0,0.0,0.0,0.0,0,0,UNAVAILABLE,0.0,0.0,0.0,OUT,0
506,Destiny,Udogie,Udogie,DEF,Spurs,4.5,a,,,0.5,1.0,1.0,1,4,0,0,0,0.0,0.02,0.0,0.7,0.0,0.0,3,0,1515,3849,1515,3849,4.0,0.0,0.0,0.0,0.0,3.0,1.0,0,1,AVAILABLE,1.0,20.0,0.2222222222222222,VERY_HIGH,0
507,Ashley,Phillips,Phillips,DEF,Spurs,4.5,u,Has joined Middlesbrough permanently,0.0,0.0,0.0,0.0,0,0,0,0,0,0.0,0.0,0.0,0.0,0.0,0.0,0,0,0,599,0,599,0.0,0.0,0.0,0.0,0.0,0.0,0.0,0,0,UNAVAILABLE,0.0,0.0,0.0,OUT,0
508,Ben,Davies,Davies,DEF,Spurs,4.0,a,,,1.1,0.0,0.0,0,0,0,0,0,0.0,0.0,0.0,0.0,0.0,0.0,0,0,2519,7471,2519,7471,0.0,0.0,0.0,0.0,0.0,0.0,0.0,0,0,AVAILABLE,1.0,10.0,0.1111111111111111,VERY_HIGH,0
509,Jun'ai,Byfield,Byfield,DEF,Spurs,4.0,a,,,0.1,0.0,0.0,0,0,0,0,0,0.0,0.0,0.0,0.0,0.0,0.0,0,0,286,473,286,473,0.0,0.0,0.0,0.0,0.0,0.0,0.0,0,0,AVAILABLE,1.0,10.0,0.1111111111111111,VERY_HIGH,0
510,James,Rowswell,Rowswell,DEF,Spurs,4.0,a,,,0.1,0.0,0.0,0,0,0,0,0,0.0,0.0,0.0,0.0,0.0,0.0,0,0,287,594,287,594,0.0,0.0,0.0,0.0,0.0,0.0,0.0,0,0,AVAILABLE,1.0,10.0,0.1111111111111111,VERY_HIGH,0
511,João Victor,de Souza Menezes,Souza,DEF,Spurs,4.0,a,,,0.3,0.0,0.0,0,0,0,0,0,0.0,0.0,0.0,0.0,0.0,0.0,0,0,1021,2292,1021,2292,0.0,0.0,0.0,0.0,0.0,0.0,0.0,0,0,AVAILABLE,1.0,10.0,0.1111111111111111,VERY_HIGH,0
512,Mohammed,Kudus,Kudus,MID,Spurs,6.5,d,Thigh injury - 50% chance of playing,50.0,0.1,0.0,0.0,0,0,0,0,0,0.0,0.0,0.0,0.0,0.0,0.0,0,0,244,2061,244,2061,0.0,0.0,0.0,0.0,0.0,0.0,0.0,0,0,RISK,0.5,5.0,0.05555555555555555,VERY_HIGH,0
513,Xavi,Simons,Xavi,MID,Spurs,6.0,i,Knee injury - Unknown return date,0.0,0.0,0.0,0.0,0,0,0,0,0,0.0,0.0,0.0,0.0,0.0,0.0,0,0,65,312,65,312,0.0,0.0,0.0,0.0,0.0,0.0,0.0,0,0,UNAVAILABLE,0.0,0.0,0.0,OUT,0
514,Mathys,Tel,Tel,MID,Spurs,6.0,a,,,0.5,2.0,2.0,2,90,0,0,0,0.06,0.06,10.4,26.0,9.0,4.5,17,0,2725,7673,2725,7673,90.0,0.0,0.0,0.0,0.0,17.0,2.0,1,1,AVAILABLE,1.0,82.0,0.9111111111111111,LOW,1
515,James,Maddison,Maddison,MID,Spurs,6.5,d,Shoulder injury - 75% chance of playing,75.0,1.1,1.0,1.0,1,22,0,0,0,0.0,0.01,4.4,8.3,8.0,2.1,6,0,2662,26767,2662,26767,22.0,0.0,0.0,0.0,0.0,6.0,1.0,0,1,MINOR_RISK,0.75,15.0,0.16666666666666666,VERY_HIGH,0
516,Rodrigo,Bentancur,Bentancur,MID,Spurs,5.5,a,,,0.2,1.0,1.0,1,45,0,0,0,0.0,0.01,2.0,14.7,0.0,1.7,8,0,461,1631,461,1631,45.0,0.0,0.0,0.0,0.0,8.0,1.0,0,1,AVAILABLE,1.0,45.0,0.5,HIGH,0
517,Wilson,Odobert,Odobert,MID,Spurs,5.5,i,Knee injury - Unknown return date,0.0,0.0,0.0,0.0,0,0,0,0,0,0.0,0.0,0.0,0.0,0.0,0.0,0,0,11,15,11,15,0.0,0.0,0.0,0.0,0.0,0.0,0.0,0,0,UNAVAILABLE,0.0,0.0,0.0,OUT,0
518,Pape Matar,Sarr,P.M.Sarr,MID,Spurs,5.0,i,Hamstring injury - Unknown return date,0.0,0.2,0.0,0.0,0,0,0,0,0,0.0,0.0,0.0,0.0,0.0,0.0,0,0,42,9116,42,9116,0.0,0.0,0.0,0.0,0.0,0.0,0.0,0,0,UNAVAILABLE,0.0,0.0,0.0,OUT,0
519,Conor,Gallagher,Gallagher,MID,Spurs,5.5,a,,,0.3,0.0,0.0,0,45,0,0,0,0.02,0.06,0.0,5.5,1.0,0.5,1,0,964,3727,964,3727,45.0,0.0,0.0,0.0,0.0,1.0,0.0,0,1,AVAILABLE,1.0,45.0,0.5,HIGH,0
520,Lucas,Bergvall,Bergvall,MID,Spurs,5.5,a,,,0.2,1.0,1.0,1,45,0,0,0,0.0,0.01,0.0,2.0,2.0,0.0,2,0,546,1796,546,1796,45.0,0.0,0.0,0.0,0.0,2.0,1.0,0,1,AVAILABLE,1.0,45.0,0.5,HIGH,0
521,Dejan,Kulusevski,Kulusevski,MID,Spurs,6.5,i,Knee injury - Unknown return date,0.0,0.0,0.0,0.0,0,0,0,0,0,0.0,0.0,0.0,0.0,0.0,0.0,0,0,66,210,66,210,0.0,0.0,0.0,0.0,0.0,0.0,0.0,0,0,UNAVAILABLE,0.0,0.0,0.0,OUT,0
522,Archie,Gray,Gray,MID,Spurs,5.0,a,,,0.2,2.0,2.0,2,85,0,0,0,0.0,0.01,6.2,3.3,0.0,1.0,15,0,1412,2098,1412,2098,85.0,0.0,0.0,0.0,0.0,15.0,2.0,1,1,AVAILABLE,1.0,82.0,0.9111111111111111,LOW,1
523,Mikey,Moore,Moore,MID,Spurs,5.0,a,,,0.2,2.0,2.0,2,67,0,0,0,0.38,0.02,14.2,5.9,55.0,7.5,10,0,1551,1972,1551,1972,67.0,0.0,0.0,0.0,0.0,10.0,2.0,1,1,AVAILABLE,1.0,75.0,0.8333333333333334,MEDIUM,1
524,Callum,Olusesi,Olusesi,MID,Spurs,4.5,a,,,0.8,0.0,0.0,0,0,0,0,0,0.0,0.0,0.0,0.0,0.0,0.0,0,0,1877,8148,1877,8148,0.0,0.0,0.0,0.0,0.0,0.0,0.0,0,0,AVAILABLE,1.0,10.0,0.1111111111111111,VERY_HIGH,0
525,Mateus,Fernandes,Fernandes,MID,Spurs,6.0,a,,,1.7,1.0,1.0,1,45,0,0,0,0.0,0.06,7.2,27.2,2.0,3.6,16,0,3434,25804,3434,25804,45.0,0.0,0.0,0.0,0.0,16.0,1.0,0,1,AVAILABLE,1.0,45.0,0.5,HIGH,0
526,Dominic,Solanke-Mitchell,Solanke,FWD,Spurs,6.0,a,,,1.3,1.0,1.0,1,22,0,0,0,0.07,0.0,0.0,0.0,5.0,0.5,3,0,5527,16649,5527,16649,22.0,0.0,0.0,0.0,0.0,3.0,1.0,0,1,AVAILABLE,1.0,20.0,0.2222222222222222,VERY_HIGH,0
527,Richarlison,de Andrade,Richarlison,FWD,Spurs,6.0,a,,,2.9,2.0,2.0,2,67,0,0,0,0.0,0.0,0.0,2.2,0.0,0.2,6,0,11584,31759,11584,31759,67.0,0.0,0.0,0.0,0.0,6.0,2.0,1,1,AVAILABLE,1.0,75.0,0.8333333333333334,MEDIUM,1
528,Dane,Scarlett,Scarlett,FWD,Spurs,4.5,a,,,1.7,0.0,0.0,0,0,0,0,0,0.0,0.0,0.0,0.0,0.0,0.0,0,0,11047,14581,11047,14581,0.0,0.0,0.0,0.0,0.0,0.0,0.0,0,0,AVAILABLE,1.0,10.0,0.1111111111111111,VERY_HIGH,0
601,Luca,Williams-Barnett,Williams-Barnett,MID,Spurs,4.5,a,,,0.1,0.0,0.0,0,0,0,0,0,0.0,0.0,0.0,0.0,0.0,0.0,0,0,2290,495,2290,495,0.0,0.0,0.0,0.0,0.0,0.0,0.0,0,0,AVAILABLE,1.0,10.0,0.1111111111111111,VERY_HIGH,0
529,Robin,Roefs,Roefs,GKP,Sunderland,5.0,a,,,4.0,1.0,1.0,1,90,0,0,0,0.0,0.0,15.2,0.0,0.0,1.5,7,0,3764,23390,3764,23390,90.0,0.0,0.0,0.0,0.0,7.0,1.0,1,1,AVAILABLE,1.0,82.0,0.9111111111111111,LOW,1
530,Anthony,Patterson,Patterson,GKP,Sunderland,4.0,u,Has joined Wrexham permanently,0.0,0.2,0.0,0.0,0,0,0,0,0,0.0,0.0,0.0,0.0,0.0,0.0,0,0,0,2143,0,2143,0.0,0.0,0.0,0.0,0.0,0.0,0.0,0,0,UNAVAILABLE,0.0,0.0,0.0,OUT,0
531,Melker,Ellborg,Ellborg,GKP,Sunderland,4.5,a,,,0.1,0.0,0.0,0,0,0,0,0,0.0,0.0,0.0,0.0,0.0,0.0,0,0,179,697,179,697,0.0,0.0,0.0,0.0,0.0,0.0,0.0,0,0,AVAILABLE,1.0,10.0,0.1111111111111111,VERY_HIGH,0
532,Daniel,Ballard,Ballard,DEF,Sunderland,5.0,a,,,5.1,0.0,0.0,0,90,0,0,0,0.0,0.01,18.2,1.2,0.0,1.9,4,0,9894,38612,9894,38612,90.0,0.0,0.0,0.0,0.0,4.0,0.0,1,1,AVAILABLE,1.0,82.0,0.9111111111111111,LOW,1
533,Nordi,Mukiele,Mukiele,DEF,Sunderland,5.5,a,,100.0,2.6,0.0,0.0,0,0,0,0,0,0.0,0.0,0.0,0.0,0.0,0.0,0,0,4763,28622,4763,28622,0.0,0.0,0.0,0.0,0.0,0.0,0.0,0,0,AVAILABLE,1.0,10.0,0.1111111111111111,VERY_HIGH,0
534,Trai,Hume,Hume,DEF,Sunderland,4.5,a,,,6.5,2.0,2.0,2,79,0,0,0,0.04,0.27,9.4,39.4,13.0,6.2,14,0,10759,30324,10759,30324,79.0,0.0,0.0,0.0,0.0,14.0,2.0,1,1,AVAILABLE,1.0,82.0,0.9111111111111111,LOW,1
535,Omar,Alderete,Alderete,DEF,Sunderland,5.0,a,,100.0,0.5,1.0,1.0,1,23,0,0,0,0.0,0.01,0.0,0.6,0.0,0.0,2,0,2279,3831,2279,3831,23.0,0.0,0.0,0.0,0.0,2.0,1.0,0,1,AVAILABLE,1.0,20.0,0.2222222222222222,VERY_HIGH,0
536,Reinildo,Mandava,Reinildo,DEF,Sunderland,4.5,a,,,0.5,1.0,1.0,1,90,0,0,0,0.0,0.29,23.0,27.5,4.0,5.5,9,0,775,2712,775,2712,90.0,0.0,0.0,0.0,0.0,9.0,1.0,1,1,AVAILABLE,1.0,82.0,0.9111111111111111,LOW,1
537,Jenson,Seelt,Seelt,DEF,Sunderland,4.5,a,,,0.0,0.0,0.0,0,0,0,0,0,0.0,0.0,0.0,0.0,0.0,0.0,0,0,52,105,52,105,0.0,0.0,0.0,0.0,0.0,0.0,0.0,0,0,AVAILABLE,1.0,10.0,0.1111111111111111,VERY_HIGH,0
538,Leo Fuhr,Hjelde,Hjelde,DEF,Sunderland,4.0,u,Has joined KV Mechelen on loan for the rest of the season,0.0,0.1,0.0,0.0,0,0,0,0,0,0.0,0.0,0.0,0.0,0.0,0.0,0,0,0,903,0,903,0.0,0.0,0.0,0.0,0.0,0.0,0.0,0,0,UNAVAILABLE,0.0,0.0,0.0,OUT,0
539,Luke,O'Nien,O'Nien,DEF,Sunderland,4.0,a,,,3.5,1.0,1.0,1,66,0,0,0,0.01,0.01,11.4,1.4,4.0,1.7,1,0,3978,14072,3978,14072,66.0,0.0,0.0,0.0,0.0,1.0,1.0,1,1,AVAILABLE,1.0,75.0,0.8333333333333334,MEDIUM,1
540,Arthur,Masuaku,Masuaku,DEF,Sunderland,4.0,u,Has joined Konyaspor permanently,0.0,0.2,0.0,0.0,0,0,0,0,0,0.0,0.0,0.0,0.0,0.0,0.0,0,0,0,4390,0,4390,0.0,0.0,0.0,0.0,0.0,0.0,0.0,0,0,UNAVAILABLE,0.0,0.0,0.0,OUT,0
541,Thomas,Meunier,Meunier,DEF,Sunderland,4.5,a,,100.0,0.3,1.0,1.0,1,90,0,0,0,0.08,0.08,13.8,5.3,11.0,3.0,5,0,815,1345,815,1345,90.0,0.0,0.0,0.0,0.0,5.0,1.0,1,1,AVAILABLE,1.0,82.0,0.9111111111111111,LOW,1
542,Enzo,Le Fée,E.Le Fée,MID,Sunderland,6.0,a,,,8.9,2.0,2.0,2,79,0,0,0,0.0,0.03,4.6,9.9,0.0,1.5,13,0,8638,89822,8638,89822,79.0,0.0,0.0,0.0,0.0,13.0,2.0,1,1,AVAILABLE,1.0,82.0,0.9111111111111111,LOW,1
543,Habib,Diarra,Diarra,MID,Sunderland,5.5,a,,,0.1,1.0,1.0,1,10,0,0,0,0.03,0.0,0.4,0.6,2.0,0.3,3,0,257,939,257,939,10.0,0.0,0.0,0.0,0.0,3.0,1.0,0,1,AVAILABLE,1.0,20.0,0.2222222222222222,VERY_HIGH,0
544,Granit,Xhaka,Xhaka,MID,Sunderland,5.5,a,,,4.6,9.0,9.0,9,90,0,1,0,0.0,0.09,18.8,31.4,0.0,5.0,31,2,32935,14627,32935,14627,90.0,0.0,1.0,0.0,2.0,31.0,9.0,1,1,AVAILABLE,1.0,82.0,0.9111111111111111,LOW,1
545,Noah,Sadiki,Sadiki,MID,Sunderland,5.0,a,,,0.3,2.0,2.0,2,90,0,0,0,0.06,0.03,14.6,32.1,25.0,7.2,18,0,950,2851,950,2851,90.0,0.0,0.0,0.0,0.0,18.0,2.0,1,1,AVAILABLE,1.0,82.0,0.9111111111111111,LOW,1
546,Simon,Adingra,Adingra,MID,Sunderland,5.0,i,Ankle injury - Unknown return date,0.0,0.1,0.0,0.0,0,0,0,0,0,0.0,0.0,0.0,0.0,0.0,0.0,0,0,46,3083,46,3083,0.0,0.0,0.0,0.0,0.0,0.0,0.0,0,0,UNAVAILABLE,0.0,0.0,0.0,OUT,0
547,Romaine,Mundle,Mundle,MID,Sunderland,5.0,a,,,0.0,0.0,0.0,0,0,0,0,0,0.0,0.0,0.0,0.0,0.0,0.0,0,0,34,138,34,138,0.0,0.0,0.0,0.0,0.0,0.0,0.0,0,0,AVAILABLE,1.0,10.0,0.1111111111111111,VERY_HIGH,0
548,Chris,Rigg,Rigg,MID,Sunderland,5.0,a,,,0.1,1.0,1.0,1,10,0,0,0,0.0,0.0,0.0,0.3,0.0,0.0,3,0,94,494,94,494,10.0,0.0,0.0,0.0,0.0,3.0,1.0,0,1,AVAILABLE,1.0,20.0,0.2222222222222222,VERY_HIGH,0
549,Chemsdine,Talbi,Talbi,MID,Sunderland,5.5,a,,,0.2,1.0,1.0,1,31,0,0,0,0.0,0.0,0.0,0.9,0.0,0.0,1,0,252,2206,252,2206,31.0,0.0,0.0,0.0,0.0,1.0,1.0,0,1,AVAILABLE,1.0,45.0,0.5,HIGH,0
550,Djiamgone Jocelin Ta,Bi,Jocelin.T,MID,Sunderland,5.0,a,,,0.0,0.0,0.0,0,0,0,0,0,0.0,0.0,0.0,0.0,0.0,0.0,0,0,45,84,45,84,0.0,0.0,0.0,0.0,0.0,0.0,0.0,0,0,AVAILABLE,1.0,10.0,0.1111111111111111,VERY_HIGH,0
551,Nilson,Angulo,Angulo,MID,Sunderland,5.0,a,,,0.1,5.0,5.0,5,58,1,0,0,0.15,0.01,32.8,3.3,16.0,5.2,23,0,4281,1131,4281,1131,58.0,1.0,0.0,0.0,0.0,23.0,5.0,0,1,AVAILABLE,1.0,45.0,0.5,HIGH,0
552,Brian,Brobbey,Brobbey,FWD,Sunderland,6.0,a,,,13.0,2.0,2.0,2,66,0,0,0,0.3,0.0,0.0,1.5,9.0,1.1,1,0,30875,90479,30875,90479,66.0,0.0,0.0,0.0,0.0,1.0,2.0,1,1,AVAILABLE,1.0,75.0,0.8333333333333334,MEDIUM,1
553,Wilson,Isidor,Isidor,FWD,Sunderland,5.5,a,,,0.9,1.0,1.0,1,23,0,0,0,0.0,0.0,0.0,0.2,0.0,0.0,3,0,2047,10040,2047,10040,23.0,0.0,0.0,0.0,0.0,3.0,1.0,0,1,AVAILABLE,1.0,20.0,0.2222222222222222,VERY_HIGH,0
612,Dayann,Méthalie,Methalie,DEF,Sunderland,4.5,a,,,0.0,0.0,0.0,0,0,0,0,0,0.0,0.0,0.0,0.0,0.0,0.0,0,0,75,14,75,14,0.0,0.0,0.0,0.0,0.0,0.0,0.0,0,0,AVAILABLE,1.0,10.0,0.1111111111111111,VERY_HIGH,0
613,Jules,Ahoka,Ahoka,MID,Sunderland,4.5,a,,,0.0,0.0,0.0,0,0,0,0,0,0.0,0.0,0.0,0.0,0.0,0.0,0,0,1194,168,1194,168,0.0,0.0,0.0,0.0,0.0,0.0,0.0,0,0,AVAILABLE,1.0,10.0,0.1111111111111111,VERY_HIGH,0
