can_transact,can_select,chance_of_playing_next_round,chance_of_playing_this_round,code,cost_change_event,cost_change_event_fall,cost_change_start,cost_change_start_fall,price_change_percent,price_change_hourly_rate,price_change_projections,price_change_locked_until,price_change_calibrating,dreamteam_count,element_type,ep_next,ep_this,event_points,first_name,form,id,in_dreamteam,news,news_added,now_cost,photo,points_per_game,removed,second_name,selected_by_percent,special,squad_number,status,team,team_code,total_points,transfers_in,transfers_in_event,transfers_out,transfers_out_event,value_form,value_season,web_name,known_name,region,team_join_date,birth_date,has_temporary_code,opta_code,minutes,goals_scored,assists,clean_sheets,goals_conceded,own_goals,penalties_saved,penalties_missed,yellow_cards,red_cards,saves,bonus,bps,influence,creativity,threat,ict_index,clearances_blocks_interceptions,recoveries,tackles,defensive_contribution,starts,expected_goals,expected_assists,expected_goal_involvements,expected_goals_conceded,corners_and_indirect_freekicks_order,corners_and_indirect_freekicks_text,direct_freekicks_order,direct_freekicks_text,penalties_order,penalties_text,scout_risks,scout_news_link,influence_rank,influence_rank_type,creativity_rank,creativity_rank_type,threat_rank,threat_rank_type,ict_index_rank,ict_index_rank_type,expected_goals_per_90,saves_per_90,expected_assists_per_90,expected_goal_involvements_per_90,expected_goals_conceded_per_90,goals_conceded_per_90,now_cost_rank,now_cost_rank_type,form_rank,form_rank_type,points_per_game_rank,points_per_game_rank_type,selected_rank,selected_rank_type,starts_per_90,clean_sheets_per_90,defensive_contribution_per_90,team_name,position_name,price
True,True,,,154561,0,0,0,0,11.1,158,"[{'offset': 0, 'projected_percent': '11.3', 'likelihood': 1}, {'offset': 1, 'projected_percent': '13.5', 'likelihood': 1}, {'offset': 2, 'projected_percent': '15.7', 'likelihood': 1}]",,False,0,1,3.0,3.0,0,David,3.0,1,False,,,60,154561.jpg,6.0,False,Raya Martín,38.3,False,,a,1,3,6,126452,19718,99864,17886,0.5,1.0,Raya,,200.0,2024-07-04,1995-09-15,False,p154561,90,0,0,1,0,0,0,0,0,0,1,0,24,11.8,0.0,0.0,1.2,1,8,0,0,1,0.00,0.00,0.00,0.20,,,,,,,[],,144,19,595,69,586,69,231,19,0.0,1.0,0.0,0.0,0.2,0.0,61,1,85,7,56,5,6,1,1.0,1.0,0.0,Arsenal,GKP,6.0
True,True,,,109745,0,0,0,0,-72.1,-5,"[{'offset': 0, 'projected_percent': '-73.0', 'likelihood': -3}, {'offset': 1, 'projected_percent': '-82.3', 'likelihood': -3}, {'offset': 2, 'projected_percent': '-91.6', 'likelihood': -3}]",,False,0,1,0.0,0.0,0,Kepa,0.0,2,False,,,50,109745.jpg,0.0,False,Arrizabalaga Revuelta,0.1,False,,a,1,3,0,403,81,1531,142,0.0,0.0,Arrizabalaga,,200.0,2025-07-01,1994-10-03,False,p109745,0,0,0,0,0,0,0,0,0,0,0,0,0,0.0,0.0,0.0,0.0,0,0,0,0,0,0.00,0.00,0.00,0.00,,,,,,,[],,442,64,449,53,390,53,458,64,0.0,0.0,0.0,0.0,0.0,0.0,237,9,480,64,480,64,444,49,0.0,0.0,0.0,Arsenal,GKP,5.0
True,True,,,437495,0,0,0,0,-64.3,0,"[{'offset': 0, 'projected_percent': '-64.3', 'likelihood': -3}, {'offset': 1, 'projected_percent': '-64.3', 'likelihood': -3}, {'offset': 2, 'projected_percent': '-64.3', 'likelihood': -3}]",,False,0,1,0.0,0.0,0,Illan,0.0,3,False,,,50,437495.jpg,0.0,False,Meslier,0.0,False,,a,1,3,0,119,18,538,46,0.0,0.0,Meslier,,73.0,2026-07-09,2000-03-02,False,p437495,0,0,0,0,0,0,0,0,0,0,0,0,0,0.0,0.0,0.0,0.0,0,0,0,0,0,0.00,0.00,0.00,0.00,,,,,,,[],,481,67,491,60,444,60,497,67,0.0,0.0,0.0,0.0,0.0,0.0,303,16,513,67,513,67,528,57,0.0,0.0,0.0,Arsenal,GKP,5.0
True,True,,,226597,0,0,0,0,-11.2,-330,"[{'offset': 0, 'projected_percent': '-11.4', 'likelihood': -1}, {'offset': 1, 'projected_percent': '-13.0', 'likelihood': -1}, {'offset': 2, 'projected_percent': '-14.7', 'likelihood': -1}]",,False,0,2,2.5,2.5,0,Gabriel,2.5,4,False,,,80,226597.jpg,5.0,False,dos Santos Magalhães,28.7,False,,a,1,3,5,65454,6689,158018,33910,0.3,0.6,Gabriel,Gabriel Magalhães,30.0,2020-09-01,1997-12-19,False,p226597,90,0,0,1,0,0,0,0,1,0,0,0,21,6.6,1.8,1.0,0.9,4,2,0,4,1,0.05,0.01,0.06,0.20,,,,,,,[],,196,87,193,59,194,66,240,90,0.05,0.0,0.01,0.06,0.2,0.0,7,1,112,42,77,31,8,2,1.0,1.0,4.0,Arsenal,DEF,8.0
True,True,0.0,0.0,445122,0,0,0,0,-60.7,-14,"[{'offset': 0, 'projected_percent': '-61.5', 'likelihood': -3}, {'offset': 1, 'projected_percent': '-68.9', 'likelihood': -3}, {'offset': 2, 'projected_percent': '-76.4', 'likelihood': -3}]",,False,0,2,0.0,0.0,0,Jurriën,0.0,5,False,Groin injury - Unknown return date,2026-07-23T12:01:23.272929Z,65,445122.jpg,0.0,False,Timber,0.1,False,,i,1,3,0,489,88,3546,442,0.0,0.0,J.Timber,Jurriën Timber,152.0,2023-07-14,2001-06-17,False,p445122,0,0,0,0,0,0,0,0,0,0,0,0,0,0.0,0.0,0.0,0.0,0,0,0,0,0,0.00,0.00,0.00,0.00,,,,,,,[],https://www.arsenal.com/news/arteta-issues-update-on-bruno-timber-and-saliba-aKfIr6V2lm7B?utm_source=premier-league-web&utm_medium=referral&utm_campaign=pl-referral-always-on&utm_content=home&utm_term=live-bar,611,207,613,207,611,207,613,207,0.0,0.0,0.0,0.0,0.0,0.0,41,3,611,205,611,205,423,149,0.0,0.0,0.0,Arsenal,DEF,6.5
True,True,0.0,0.0,462424,0,0,0,0,-52.0,-17,"[{'offset': 0, 'projected_percent': '-52.3', 'likelihood': -3}, {'offset': 1, 'projected_percent': '-55.8', 'likelihood': -3}, {'offset': 2, 'projected_percent': '-59.2', 'likelihood': -3}]",,False,0,2,0.0,0.0,0,William,0.0,6,False,Back injury - Unknown return date,2026-07-23T12:01:23.289376Z,60,462424.jpg,0.0,False,Saliba,0.3,False,,i,1,3,0,1123,277,7896,1080,0.0,0.0,Saliba,,73.0,2019-07-25,2001-03-24,False,p462424,0,0,0,0,0,0,0,0,0,0,0,0,0,0.0,0.0,0.0,0.0,0,0,0,0,0,0.00,0.00,0.00,0.00,,,,,,,[],https://www.arsenal.com/news/arteta-issues-update-on-bruno-timber-and-saliba-aKfIr6V2lm7B?utm_source=premier-league-web&utm_medium=referral&utm_campaign=pl-referral-always-on&utm_content=home&utm_term=live-bar,597,206,600,206,593,206,600,206,0.0,0.0,0.0,0.0,0.0,0.0,87,9,602,204,602,204,313,117,0.0,0.0,0.0,Arsenal,DEF,6.0
True,True,,,499169,0,0,0,0,1.0,-17,"[{'offset': 0, 'projected_percent': '1.0', 'likelihood': 1}, {'offset': 1, 'projected_percent': '0.7', 'likelihood': 1}, {'offset': 2, 'projected_percent': '0.5', 'likelihood': 1}]",,False,0,3,1.5,1.5,0,Myles,1.5,7,False,,,55,499169.jpg,3.0,False,Lewis-Skelly,0.7,False,,a,1,3,3,10850,1157,10349,1298,0.3,0.5,Lewis-Skelly,,241.0,2022-12-04,2006-09-26,False,p499169,90,0,0,1,0,0,0,0,0,0,0,0,15,11.0,22.9,7.0,4.1,1,5,1,7,1,0.06,0.11,0.17,0.20,,,,,,,[],,155,54,54,35,112,59,101,52,0.06,0.0,0.11,0.17,0.2,0.0,193,121,150,68,102,43,225,74,1.0,1.0,7.0,Arsenal,MID,5.5
True,True,,,466075,0,0,1,-1,12.0,395,"[{'offset': 0, 'projected_percent': '12.6', 'likelihood': 1}, {'offset': 1, 'projected_percent': '18.0', 'likelihood': 1}, {'offset': 2, 'projected_percent': '23.5', 'likelihood': 2}]",,False,0,2,4.5,4.5,0,Riccardo,4.5,8,False,,,56,466075.jpg,9.0,False,Calafiori,41.7,False,,a,1,3,9,340882,30777,52585,10952,0.8,1.6,Calafiori,,106.0,2024-07-29,2002-05-19,False,p466075,80,0,1,1,0,0,0,0,0,0,0,0,31,26.0,12.2,4.0,4.2,4,1,1,5,1,0.04,0.09,0.13,0.06,,,,,,,[],,62,24,105,31,137,45,98,34,0.04,0.0,0.1,0.14,0.07,0.0,113,11,51,19,20,7,5,1,1.12,1.12,5.62,Arsenal,DEF,5.6
True,True,,,448104,0,0,-1,1,-11.2,-61,"[{'offset': 0, 'projected_percent': '-11.8', 'likelihood': -1}, {'offset': 1, 'projected_percent': '-17.9', 'likelihood': -1}, {'offset': 2, 'projected_percent': '-23.9', 'likelihood': -2}]",,False,0,2,0.5,0.5,0,Piero,0.5,9,False,,,54,448104.jpg,1.0,False,Hincapié,1.5,False,,a,1,3,1,4874,964,44012,2966,0.1,0.2,Hincapie,,62.0,2026-07-01,2002-01-09,False,p448104,9,0,0,0,0,0,0,0,0,0,0,0,3,0.4,0.5,0.0,0.1,0,0,0,0,0,0.00,0.00,0.00,0.15,,,,,,,[],,273,102,252,91,515,192,290,102,0.0,0.0,0.0,0.0,1.5,0.0,222,33,284,101,270,99,162,65,0.0,0.0,0.0,Arsenal,DEF,5.4
True,True,100.0,100.0,198869,0,0,0,0,51.6,65,"[{'offset': 0, 'projected_percent': '51.7', 'likelihood': 3}, {'offset': 1, 'projected_percent': '52.6', 'likelihood': 3}, {'offset': 2, 'projected_percent': '53.5', 'likelihood': 3}]",,False,0,2,5.5,5.5,0,Benjamin,5.5,10,False,,2026-07-23T12:01:23.305229Z,55,198869.jpg,11.0,False,White,6.9,False,,a,1,3,11,159798,14857,35738,10683,1.0,2.0,White,,241.0,2021-07-30,1997-10-08,False,p198869,90,0,1,1,0,0,0,0,0,0,0,2,37,33.2,26.8,13.0,7.3,4,3,1,5,1,0.18,0.21,0.39,0.20,,,,,,,[],,42,15,38,11,76,21,41,11,0.18,0.0,0.21,0.39,0.2,0.0,133,14,29,13,7,3,58,24,1.0,1.0,5.0,Arsenal,DEF,5.5
True,True,,,500040,0,0,0,0,-28.8,-128,"[{'offset': 0, 'projected_percent': '-29.1', 'likelihood': -2}, {'offset': 1, 'projected_percent': '-32.4', 'likelihood': -2}, {'offset': 2, 'projected_percent': '-35.7', 'likelihood': -2}]",,False,0,2,3.0,3.0,0,Cristhian,3.0,11,False,,,55,500040.jpg,6.0,False,Mosquera,5.6,False,,a,1,3,6,17232,1822,55138,9189,0.5,1.1,Mosquera,,200.0,2025-07-24,2004-06-27,False,p500040,90,0,0,1,0,0,0,0,0,0,0,0,27,14.4,0.6,0.0,1.5,6,3,0,6,1,0.00,0.00,0.00,0.20,,,,,,,[],,119,55,246,89,568,200,210,82,0.0,0.0,0.0,0.0,0.2,0.0,195,27,83,34,55,25,65,26,1.0,1.0,6.0,Arsenal,DEF,5.5
True,True,,,223340,0,0,0,0,17.0,-114,"[{'offset': 0, 'projected_percent': '16.9', 'likelihood': 1}, {'offset': 1, 'projected_percent': '15.3', 'likelihood': 1}, {'offset': 2, 'projected_percent': '13.7', 'likelihood': 1}]",,False,0,3,4.5,4.5,0,Bukayo,4.5,12,False,,,95,223340.jpg,9.0,False,Saka,10.4,False,,a,1,3,9,94867,5954,44908,9678,0.5,0.9,Saka,,241.0,2018-11-28,2001-09-05,False,p223340,67,1,0,1,0,0,0,0,0,0,0,1,36,42.8,26.1,33.0,10.2,2,4,1,7,1,0.64,0.08,0.72,0.06,2.0,,2.0,,1.0,,[],,21,11,43,29,25,12,12,9,0.86,0.0,0.11,0.97,0.08,0.0,4,3,53,24,22,10,38,15,1.34,1.34,9.4,Arsenal,MID,9.5
True,True,,,204480,0,0,0,0,-39.7,-403,"[{'offset': 0, 'projected_percent': '-40.0', 'likelihood': -3}, {'offset': 1, 'projected_percent': '-43.5', 'likelihood': -3}, {'offset': 2, 'projected_percent': '-47.0', 'likelihood': -3}]",,False,0,3,1.5,1.5,0,Declan,1.5,13,False,,,75,204480.jpg,3.0,False,Rice,16.5,False,,a,1,3,3,38964,3477,184453,26731,0.2,0.4,Rice,,241.0,2023-07-15,1999-01-14,False,p204480,67,0,0,1,0,0,0,0,0,0,0,0,10,6.8,6.4,2.0,1.5,3,3,0,6,1,0.07,0.08,0.15,0.06,1.0,,1.0,,,,[],,193,77,136,80,187,95,213,96,0.09,0.0,0.11,0.2,0.08,0.0,15,9,160,74,110,50,23,8,1.34,1.34,8.06,Arsenal,MID,7.5
True,True,,,232413,-1,1,-1,1,-3.2,-98,"[{'offset': 0, 'projected_percent': '-3.7', 'likelihood': -1}, {'offset': 1, 'projected_percent': '-8.5', 'likelihood': -1}, {'offset': 2, 'projected_percent': '-13.4', 'likelihood': -1}]",,False,0,3,0.5,0.5,0,Eberechi,0.5,14,False,,,64,232413.jpg,1.0,False,Eze,1.7,False,,a,1,3,1,7134,1418,48755,4263,0.1,0.2,Eze,,241.0,2025-08-23,1998-06-29,False,p232413,14,0,0,0,0,0,0,0,0,0,0,0,4,0.0,1.8,1.0,0.1,0,2,0,2,0,0.04,0.00,0.04,0.15,,,3.0,,,,[],,607,265,192,112,193,99,294,140,0.26,0.0,0.0,0.26,0.96,0.0,53,37,317,154,309,151,143,42,0.0,0.0,12.86,Arsenal,MID,6.4
True,True,,,184029,0,0,1,-1,7.4,154,"[{'offset': 0, 'projected_percent': '7.7', 'likelihood': 1}, {'offset': 1, 'projected_percent': '9.8', 'likelihood': 1}, {'offset': 2, 'projected_percent': '11.9', 'likelihood': 1}]",,False,0,3,5.5,5.5,0,Martin,5.5,15,False,,,66,184029.jpg,11.0,False,Ødegaard,11.9,False,,a,1,3,11,307951,18392,46231,9371,0.8,1.7,Ødegaard,,161.0,2021-08-20,1998-12-17,False,p184029,75,1,0,1,0,0,0,0,0,0,0,3,41,50.6,41.5,31.0,12.3,1,4,3,8,1,0.21,0.10,0.31,0.06,4.0,,,,3.0,,[],,6,4,13,11,27,13,6,5,0.25,0.0,0.12,0.37,0.07,0.0,31,20,31,15,8,5,34,12,1.2,1.2,9.6,Arsenal,MID,6.6
True,True,,,248857,0,0,-1,1,-11.8,-21,"[{'offset': 0, 'projected_percent': '-12.8', 'likelihood': -1}, {'offset': 1, 'projected_percent': '-22.7', 'likelihood': -2}, {'offset': 2, 'projected_percent': '-32.6', 'likelihood': -2}]",,False,0,3,0.5,0.5,0,Noni,0.5,16,False,,,64,248857.jpg,1.0,False,Madueke,0.3,False,,a,1,3,1,1728,316,8957,726,0.1,0.2,Madueke,,241.0,2025-07-18,2002-03-10,False,p248857,22,0,0,0,0,0,0,0,0,0,0,0,8,9.4,43.1,0.0,5.3,0,2,0,2,0,0.00,0.04,0.04,0.15,6.0,,,,,,[],,171,67,11,9,606,263,70,37,0.0,0.0,0.16,0.16,0.61,0.0,54,38,318,155,310,152,295,99,0.0,0.0,8.18,Arsenal,MID,6.4
True,True,,,195384,-1,1,-1,1,-3.9,-43,"[{'offset': 0, 'projected_percent': '-4.5', 'likelihood': -1}, {'offset': 1, 'projected_percent': '-10.6', 'likelihood': -1}, {'offset': 2, 'projected_percent': '-16.8', 'likelihood': -1}]",,False,0,3,0.5,0.5,0,Mikel,0.5,17,False,,,59,195384.jpg,1.0,False,Merino Zazón,0.6,False,,a,1,3,1,3053,631,17163,1906,0.1,0.2,Merino,,200.0,2024-08-27,1996-06-22,False,p195384,14,0,0,0,0,0,0,0,0,0,0,0,5,3.6,1.2,14.0,1.9,0,2,0,2,0,0.14,0.02,0.16,0.15,,,,,,,[],,233,103,216,121,73,40,186,83,0.9,0.0,0.13,1.03,0.96,0.0,108,69,305,146,295,142,242,82,0.0,0.0,12.86,Arsenal,MID,5.9
True,True,,,444145,0,0,-1,1,-23.3,-6,"[{'offset': 0, 'projected_percent': '-23.8', 'likelihood': -2}, {'offset': 1, 'projected_percent': '-28.5', 'likelihood': -2}, {'offset': 2, 'projected_percent': '-33.1', 'likelihood': -2}]",,False,0,3,0.0,0.0,0,Gabriel,0.0,18,False,,,64,444145.jpg,0.0,False,Martinelli Silva,0.2,False,,a,1,3,0,1579,261,7668,632,0.0,0.0,Martinelli,Gabriel Martinelli,30.0,2019-07-15,2001-06-18,False,p444145,0,0,0,0,0,0,0,0,0,0,0,0,0,0.0,0.0,0.0,0.0,0,0,0,0,0,0.00,0.00,0.00,0.00,,,,,,,[],,608,266,610,267,607,264,610,267,0.0,0.0,0.0,0.0,0.0,0.0,55,39,608,267,608,267,344,125,0.0,0.0,0.0,Arsenal,MID,6.4
True,True,,,481655,-1,1,-1,1,-2.7,-32,"[{'offset': 0, 'projected_percent': '-3.0', 'likelihood': -1}, {'offset': 1, 'projected_percent': '-5.8', 'likelihood': -1}, {'offset': 2, 'projected_percent': '-8.7', 'likelihood': -1}]",,False,0,3,0.5,0.5,0,Martín,0.5,19,False,,,54,481655.jpg,1.0,False,Zubimendi Ibáñez,0.9,False,,a,1,3,1,2210,631,22753,2161,0.1,0.2,Zubimendi,,200.0,2025-07-06,1999-02-02,False,p481655,22,0,0,0,0,0,0,0,0,0,0,0,3,3.8,2.3,0.0,0.6,0,2,1,3,0,0.00,0.02,0.02,0.15,,,,,,,[],,228,100,178,104,518,208,253,114,0.0,0.0,0.08,0.08,0.61,0.0,225,139,285,136,271,127,199,65,0.0,0.0,12.27,Arsenal,MID,5.4
True,True,,,616077,0,0,-1,1,-10.1,-1,"[{'offset': 0, 'projected_percent': '-10.3', 'likelihood': -1}, {'offset': 1, 'projected_percent': '-12.0', 'likelihood': -1}, {'offset': 2, 'projected_percent': '-13.7', 'likelihood': -1}]",,False,0,3,0.0,0.0,0,Max,0.0,20,False,,,54,616077.jpg,0.0,False,Dowman,0.1,False,,a,1,3,0,639,166,2599,269,0.0,0.0,Dowman,,241.0,2025-07-22,2009-12-31,False,p616077,0,0,0,0,0,0,0,0,0,0,0,0,0,0.0,0.0,0.0,0.0,0,0,0,0,0,0.00,0.00,0.00,0.00,,,,,,,[],,537,223,550,232,519,209,553,230,0.0,0.0,0.0,0.0,0.0,0.0,226,140,561,236,561,236,439,175,0.0,0.0,0.0,Arsenal,MID,5.4
True,True,,,499175,0,0,0,0,-100.2,2,"[{'offset': 0, 'projected_percent': '-97.9', 'likelihood': -4}, {'offset': 1, 'projected_percent': '-75.6', 'likelihood': -3}, {'offset': 2, 'projected_percent': '-53.4', 'likelihood': -3}]",,False,0,3,0.0,0.0,0,Ethan,0.0,22,False,,,55,499175.jpg,0.0,False,Nwaneri,0.0,False,,a,1,3,0,105,29,365,41,0.0,0.0,Nwaneri,,241.0,2022-09-17,2007-03-21,False,p499175,0,0,0,0,0,0,0,0,0,0,0,0,0,0.0,0.0,0.0,0.0,0,0,0,0,0,0.00,0.00,0.00,0.00,,,,,,,[],,568,242,581,250,567,240,581,248,0.0,0.0,0.0,0.0,0.0,0.0,194,122,586,253,586,253,578,245,0.0,0.0,0.0,Arsenal,MID,5.5
True,True,,,438098,0,0,0,0,-59.2,0,"[{'offset': 0, 'projected_percent': '-59.2', 'likelihood': -3}, {'offset': 1, 'projected_percent': '-59.2', 'likelihood': -3}, {'offset': 2, 'projected_percent': '-59.2', 'likelihood': -3}]",,False,0,3,0.0,0.0,0,Fábio,0.0,23,False,,,55,438098.jpg,0.0,False,Ferreira Vieira,0.0,False,,a,1,3,0,114,34,244,29,0.0,0.0,Fábio Vieira,Fábio Vieira,173.0,2022-06-21,2000-05-30,False,p438098,0,0,0,0,0,0,0,0,0,0,0,0,0,0.0,0.0,0.0,0.0,0,0,0,0,0,0.00,0.00,0.00,0.00,,,,,,,[],,556,234,569,242,549,228,570,240,0.0,0.0,0.0,0.0,0.0,0.0,164,102,579,246,579,246,589,251,0.0,0.0,0.0,Arsenal,MID,5.5
True,False,0.0,,200641,0,0,0,0,0.0,-6,"[{'offset': 0, 'projected_percent': '0.0', 'likelihood': 0}, {'offset': 1, 'projected_percent': '0.0', 'likelihood': 0}, {'offset': 2, 'projected_percent': '0.0', 'likelihood': 0}]",,False,0,3,0.0,0.0,0,Reiss,0.0,24,False,has departed the club as a free agent.,2026-08-29T00:33:08.556767Z,55,200641.jpg,0.0,False,Nelson,0.0,False,,u,1,3,0,68,4,243,71,0.0,0.0,Nelson,,241.0,2017-07-12,1999-12-10,False,p200641,0,0,0,0,0,0,0,0,0,0,0,0,0,0.0,0.0,0.0,0.0,0,0,0,0,0,0.00,0.00,0.00,0.00,,,,,,,[],,545,226,560,235,534,217,561,233,0.0,0.0,0.0,0.0,0.0,0.0,135,84,569,239,569,239,593,253,0.0,0.0,0.0,Arsenal,MID,5.5
True,True,,,224117,0,0,-1,1,-29.8,-346,"[{'offset': 0, 'projected_percent': '-30.6', 'likelihood': -2}, {'offset': 1, 'projected_percent': '-38.3', 'likelihood': -2}, {'offset': 2, 'projected_percent': '-46.1', 'likelihood': -3}]",,False,0,4,0.0,0.0,0,Viktor,0.0,25,False,,,74,224117.jpg,0.0,False,Gyökeres,6.4,False,,a,1,3,0,10225,1449,253485,15356,0.0,0.0,Gyökeres,,206.0,2025-07-26,1998-06-04,False,p224117,0,0,0,0,0,0,0,0,0,0,0,0,0,0.0,0.0,0.0,0.0,0,0,0,0,0,0.00,0.00,0.00,0.00,,,,,2.0,,[],,618,71,619,71,619,71,619,71,0.0,0.0,0.0,0.0,0.0,0.0,21,8,615,70,615,70,62,10,0.0,0.0,0.0,Arsenal,FWD,7.4
True,True,,,219847,0,0,0,0,74.9,0,"[{'offset': 0, 'projected_percent': '74.9', 'likelihood': 3}, {'offset': 1, 'projected_percent': '74.9', 'likelihood': 3}, {'offset': 2, 'projected_percent': '74.9', 'likelihood': 3}]",,False,0,4,3.0,3.0,0,Kai,3.0,26,False,,,75,219847.jpg,6.0,False,Havertz,7.5,False,,a,1,3,6,199073,11465,49834,11009,0.4,0.8,Havertz,,80.0,2023-06-28,1999-06-11,False,p219847,90,1,0,1,0,0,0,0,0,0,0,0,34,37.2,13.2,25.0,7.5,2,0,0,2,1,0.26,0.03,0.29,0.20,,,,,,,[],,35,5,98,9,38,10,38,7,0.26,0.0,0.03,0.29,0.2,0.0,16,6,91,10,62,5,54,7,1.0,1.0,2.0,Arsenal,FWD,7.5
True,True,,,205651,0,0,0,0,-85.0,-4,"[{'offset': 0, 'projected_percent': '-85.2', 'likelihood': -3}, {'offset': 1, 'projected_percent': '-86.9', 'likelihood': -3}, {'offset': 2, 'projected_percent': '-88.6', 'likelihood': -3}]",,False,0,4,0.0,0.0,0,Gabriel,0.0,27,False,,,60,205651.jpg,0.0,False,Fernando de Jesus,0.3,False,,a,1,3,0,2603,689,8051,873,0.0,0.0,G.Jesus,Gabriel Jesus,30.0,2022-07-04,1997-04-03,False,p205651,0,0,0,0,0,0,0,0,0,0,0,0,0,0.0,0.0,0.0,0.0,0,0,0,0,0,0.00,0.00,0.00,0.00,,,,,,,[],,592,62,597,65,587,64,597,65,0.0,0.0,0.0,0.0,0.0,0.0,68,17,599,67,599,67,291,50,0.0,0.0,0.0,Arsenal,FWD,6.0
True,True,,,199798,0,0,0,0,-95.0,-408,"[{'offset': 0, 'projected_percent': '-95.6', 'likelihood': -4}, {'offset': 1, 'projected_percent': '-101.1', 'likelihood': -5}, {'offset': 2, 'projected_percent': '-106.7', 'likelihood': -5}]",,False,0,2,0.0,0.0,0,Ezri,0.0,31,False,,,45,199798.jpg,0.0,False,Konsa Ngoyo,10.6,False,,a,1,3,0,64380,14559,250611,21024,0.0,0.0,Konsa,,241.0,2026-08-21,1997-10-23,False,p199798,0,0,0,0,0,0,0,0,0,0,0,0,0,0.0,0.0,0.0,0.0,0,0,0,0,0,0.00,0.00,0.00,0.00,,,,,,,[],,355,145,359,149,288,124,372,146,0.0,0.0,0.0,0.0,0.0,0.0,438,99,400,148,400,148,36,12,0.0,0.0,0.0,Arsenal,DEF,4.5
True,True,75.0,75.0,208706,0,0,-1,1,-18.6,-278,"[{'offset': 0, 'projected_percent': '-19.5', 'likelihood': -1}, {'offset': 1, 'projected_percent': '-27.9', 'likelihood': -2}, {'offset': 2, 'projected_percent': '-36.3', 'likelihood': -2}]",,False,0,3,0.0,0.0,0,Bruno,0.0,452,False,Thigh injury - 75% chance of playing,2026-08-20T17:00:08.846118Z,69,208706.jpg,0.0,False,Guimarães Rodriguez Moura,2.6,False,,d,1,3,0,1052,202,137961,11406,0.0,0.0,Bruno G.,Bruno Guimarães,30.0,2026-08-08,1997-11-16,False,p208706,0,0,0,0,0,0,0,0,0,0,0,0,0,0.0,0.0,0.0,0.0,0,0,0,0,0,0.00,0.00,0.00,0.00,5.0,,,,4.0,,[],https://www.arsenal.com/news/arteta-issues-update-on-bruno-timber-and-saliba-aKfIr6V2lm7B?utm_source=premier-league-web&utm_medium=referral&utm_campaign=pl-referral-always-on&utm_content=home&utm_term=live-bar,615,271,617,272,616,271,617,272,0.0,0.0,0.0,0.0,0.0,0.0,30,19,614,271,614,271,114,36,0.0,0.0,0.0,Arsenal,MID,6.9
True,True,,,439509,0,0,0,0,95.1,176,"[{'offset': 0, 'projected_percent': '95.3', 'likelihood': 4}, {'offset': 1, 'projected_percent': '97.8', 'likelihood': 4}, {'offset': 2, 'projected_percent': '100.2', 'likelihood': 5}]",,False,0,3,3.0,3.0,0,Christos,3.0,557,False,,,65,439509.jpg,6.0,False,Tzolis,26.0,False,,a,1,3,6,263905,27218,72444,16744,0.5,0.9,Tzolis,,83.0,2026-07-23,2002-01-30,False,p439509,75,0,1,1,0,0,0,0,0,0,0,0,30,17.0,39.8,30.0,8.7,2,3,1,6,1,0.19,0.14,0.33,0.06,3.0,,,,,,[],,102,35,16,14,29,15,24,15,0.23,0.0,0.17,0.4,0.07,0.0,39,26,90,39,60,24,11,5,1.2,1.2,7.2,Arsenal,MID,6.5
True,True,,,98980,0,0,0,0,-50.2,11,"[{'offset': 0, 'projected_percent': '-50.1', 'likelihood': -3}, {'offset': 1, 'projected_percent': '-49.7', 'likelihood': -3}, {'offset': 2, 'projected_percent': '-49.4', 'likelihood': -3}]",,False,0,1,0.0,0.0,0,Emiliano,0.0,28,False,,,50,98980.jpg,0.0,False,Martínez Romero,4.1,False,,a,2,7,0,22446,7936,62769,5970,0.0,0.0,Martinez,Emiliano Martínez,10.0,2020-09-16,1992-09-02,False,p98980,0,0,0,0,0,0,0,0,0,0,0,0,0,0.0,0.0,0.0,0.0,0,0,0,0,0,0.00,0.00,0.00,0.00,,,,,,,[],,439,62,446,51,387,51,455,62,0.0,0.0,0.0,0.0,0.0,0.0,234,7,477,62,477,62,84,11,0.0,0.0,0.0,Aston Villa,GKP,5.0
True,True,,,72147,0,0,0,0,0.0,0,"[{'offset': 0, 'projected_percent': '0.0', 'likelihood': 0}, {'offset': 1, 'projected_percent': '0.0', 'likelihood': 0}, {'offset': 2, 'projected_percent': '0.0', 'likelihood': 0}]",,False,0,1,0.5,0.5,0,Marco,0.5,29,False,,,45,72147.jpg,1.0,False,Bizot,0.1,False,,a,2,7,1,1148,303,1042,161,0.1,0.2,M.Bizot,,152.0,2025-07-15,1991-03-10,False,p72147,90,0,0,0,4,0,0,0,0,0,3,0,1,28.2,0.0,0.0,2.8,2,6,0,0,1,0.00,0.00,0.00,3.77,,,,,,,[],,56,8,340,23,265,23,138,8,0.0,3.0,0.0,0.0,3.77,4.0,407,23,225,18,206,17,386,43,1.0,0.0,0.0,Aston Villa,GKP,4.5
True,False,0.0,0.0,101188,0,0,0,0,0.0,-10,"[{'offset': 0, 'projected_percent': '0.0', 'likelihood': 0}, {'offset': 1, 'projected_percent': '0.0', 'likelihood': 0}, {'offset': 2, 'projected_percent': '0.0', 'likelihood': 0}]",,False,0,2,0.0,0.0,0,Lucas,0.0,30,False,Has joined Paris Saint-Germain permanently,2026-08-10T14:03:30.089007Z,45,101188.jpg,0.0,False,Digne,0.1,False,,u,2,7,0,0,0,5413,436,0.0,0.0,Digne,,73.0,2022-01-13,1993-07-20,False,p101188,0,0,0,0,0,0,0,0,0,0,0,0,0,0.0,0.0,0.0,0.0,0,0,0,0,0,0.00,0.00,0.00,0.00,,,,,,,[],,340,140,343,143,269,116,357,141,0.0,0.0,0.0,0.0,0.0,0.0,412,84,385,143,385,143,437,153,0.0,0.0,0.0,Aston Villa,DEF,4.5
True,True,,,199796,0,0,0,0,-47.3,-134,"[{'offset': 0, 'projected_percent': '-47.6', 'likelihood': -3}, {'offset': 1, 'projected_percent': '-50.2', 'likelihood': -3}, {'offset': 2, 'projected_percent': '-52.8', 'likelihood': -3}]",,False,0,2,-0.5,-0.5,0,Matty,-0.5,32,False,,,45,199796.jpg,-1.0,False,Cash,7.5,False,,a,2,7,-1,29882,2904,114610,8283,-0.1,-0.2,Cash,,172.0,2020-09-03,1997-08-07,False,p199796,90,0,0,0,4,0,0,0,1,0,0,0,-8,12.0,1.1,0.0,1.3,5,0,2,7,1,0.00,0.00,0.00,3.77,1.0,,,,,,[],,143,67,218,72,287,123,222,85,0.0,0.0,0.0,0.0,3.77,4.0,437,98,621,206,621,206,55,22,1.0,0.0,7.0,Aston Villa,DEF,4.5
True,True,,,149484,0,0,0,0,0.2,-2,"[{'offset': 0, 'projected_percent': '0.2', 'likelihood': 1}, {'offset': 1, 'projected_percent': '0.1', 'likelihood': 1}, {'offset': 2, 'projected_percent': '0.1', 'likelihood': 1}]",,False,0,2,0.5,0.5,0,Tyrone,0.5,33,False,,,45,149484.jpg,1.0,False,Mings,0.4,False,,a,2,7,1,3651,398,3873,366,0.1,0.2,Mings,,241.0,2019-07-08,1993-03-13,False,p149484,16,0,0,0,0,0,0,0,0,0,0,0,5,2.0,0.0,0.0,0.2,0,0,1,1,0,0.00,0.00,0.00,0.22,,,,,,,[],,251,98,352,145,279,118,280,99,0.0,0.0,0.0,0.0,1.24,0.0,424,88,228,77,209,72,278,106,0.0,0.0,5.62,Aston Villa,DEF,4.5
True,True,,,244954,0,0,0,0,-36.2,2,"[{'offset': 0, 'projected_percent': '-36.1', 'likelihood': -2}, {'offset': 1, 'projected_percent': '-35.4', 'likelihood': -2}, {'offset': 2, 'projected_percent': '-34.7', 'likelihood': -2}]",,False,0,2,0.0,0.0,0,Pau,0.0,34,False,,,45,244954.jpg,0.0,False,Torres,0.4,False,,a,2,7,0,2076,245,5506,446,0.0,0.0,Pau,,200.0,2023-07-12,1997-01-16,False,p244954,73,0,0,0,4,0,0,0,0,0,0,0,-14,0.0,0.7,0.0,0.0,5,1,0,5,1,0.00,0.00,0.00,3.55,,,,,,,[],,371,156,234,81,308,137,388,157,0.0,0.0,0.0,0.0,4.38,4.93,465,119,414,157,414,157,273,103,1.23,0.0,6.16,Aston Villa,DEF,4.5
True,True,,,515597,0,0,0,0,-18.0,-2,"[{'offset': 0, 'projected_percent': '-18.5', 'likelihood': -1}, {'offset': 1, 'projected_percent': '-23.2', 'likelihood': -2}, {'offset': 2, 'projected_percent': '-28.0', 'likelihood': -2}]",,False,0,3,0.5,0.5,0,Lamare,0.5,35,False,,,50,515597.jpg,1.0,False,Bogarde,0.1,False,,a,2,7,1,746,110,1124,139,0.1,0.2,Bogarde,,152.0,2021-01-07,2004-01-05,False,p515597,16,0,0,0,0,0,0,0,0,0,0,0,3,2.2,0.5,0.0,0.3,1,0,0,1,0,0.00,0.00,0.00,0.22,,,,,,,[],,247,112,251,134,485,184,277,130,0.0,0.0,0.0,0.0,1.24,0.0,359,210,272,126,258,116,461,185,0.0,0.0,5.62,Aston Villa,MID,5.0
True,True,,,441302,0,0,0,0,-39.7,-12,"[{'offset': 0, 'projected_percent': '-40.0', 'likelihood': -3}, {'offset': 1, 'projected_percent': '-42.3', 'likelihood': -3}, {'offset': 2, 'projected_percent': '-44.7', 'likelihood': -3}]",,False,0,2,0.0,0.0,0,Ian,0.0,36,False,,,45,441302.jpg,0.0,False,Maatsen,0.7,False,,a,2,7,0,2973,427,9666,808,0.0,0.0,Maatsen,,152.0,2024-06-28,2002-03-10,False,p441302,81,0,0,0,4,0,0,0,0,0,0,0,-9,9.2,0.8,3.0,1.3,7,2,2,9,1,0.03,0.00,0.03,3.62,,,,,,,[],,172,74,228,78,148,49,223,86,0.03,0.0,0.0,0.03,4.02,4.44,471,124,418,160,418,160,223,82,1.11,0.0,10.0,Aston Villa,DEF,4.5
True,True,,,184667,0,0,0,0,-39.3,-4,"[{'offset': 0, 'projected_percent': '-39.5', 'likelihood': -2}, {'offset': 1, 'projected_percent': '-41.6', 'likelihood': -3}, {'offset': 2, 'projected_percent': '-43.7', 'likelihood': -3}]",,False,0,2,-1.0,-1.0,0,Victor,-1.0,37,False,,,45,184667.jpg,-2.0,False,Lindelöf,0.3,False,,a,2,7,-2,1995,220,4354,343,-0.2,-0.4,Lindelöf,,206.0,2025-09-01,1994-07-17,False,p184667,90,0,0,0,4,1,0,0,0,0,0,0,-13,1.8,0.1,0.0,0.2,3,1,0,3,1,0.00,0.00,0.00,3.77,,,,,,,[],,255,99,273,101,285,121,281,100,0.0,0.0,0.0,0.0,3.77,4.0,434,95,622,207,622,207,307,114,1.0,0.0,3.0,Aston Villa,DEF,4.5
True,True,,,606798,0,0,0,0,-10.7,-10,"[{'offset': 0, 'projected_percent': '-10.8', 'likelihood': -1}, {'offset': 1, 'projected_percent': '-11.6', 'likelihood': -1}, {'offset': 2, 'projected_percent': '-12.4', 'likelihood': -1}]",,False,0,2,0.0,0.0,0,Andrés,0.0,38,False,,,40,606798.jpg,0.0,False,García,1.7,False,,a,2,7,0,9084,1745,15575,1652,0.0,0.0,A.García,,,,,False,p606798,0,0,0,0,0,0,0,0,0,0,0,0,0,0.0,0.0,0.0,0.0,0,0,0,0,0,0.00,0.00,0.00,0.00,,,,,,,[],,331,133,332,136,255,106,348,134,0.0,0.0,0.0,0.0,0.0,0.0,617,201,376,136,376,136,145,59,0.0,0.0,0.0,Aston Villa,DEF,4.0
True,False,0.0,0.0,578545,0,0,0,0,0.0,-24,"[{'offset': 0, 'projected_percent': '0.0', 'likelihood': 0}, {'offset': 1, 'projected_percent': '0.0', 'likelihood': 0}, {'offset': 2, 'projected_percent': '0.0', 'likelihood': 0}]",,False,0,2,0.0,0.0,0,Kosta,0.0,39,False,Has joined Rangers on loan for the rest of the season,2026-08-19T13:56:46.385411Z,40,578545.jpg,0.0,False,Nedeljkovic,0.2,False,,u,2,7,0,0,0,7938,700,0.0,0.0,Nedeljkovic,,190.0,2024-01-22,2005-12-16,False,p578545,0,0,0,0,0,0,0,0,0,0,0,0,0,0.0,0.0,0.0,0.0,0,0,0,0,0,0.00,0.00,0.00,0.00,,,,,,,[],,329,132,329,134,252,104,346,133,0.0,0.0,0.0,0.0,0.0,0.0,614,199,374,135,374,135,332,124,0.0,0.0,0.0,Aston Villa,DEF,4.0
True,True,,,195546,0,0,0,0,-77.7,-42,"[{'offset': 0, 'projected_percent': '-78.2', 'likelihood': -3}, {'offset': 1, 'projected_percent': '-83.4', 'likelihood': -3}, {'offset': 2, 'projected_percent': '-88.5', 'likelihood': -3}]",,False,0,3,1.0,1.0,0,Emiliano,1.0,41,False,,,60,195546.jpg,2.0,False,Buendía Stati,1.2,False,,a,2,7,2,6387,1367,24546,2660,0.2,0.3,Buendía,,10.0,2021-06-10,1996-12-25,False,p195546,85,0,0,0,4,0,0,0,0,0,0,0,4,0.0,16.3,8.0,2.2,3,3,1,7,1,0.13,0.09,0.22,3.62,3.0,,1.0,,1.0,,[],,591,256,73,45,99,50,167,76,0.14,0.0,0.1,0.24,3.83,4.24,65,43,209,102,161,83,181,55,1.06,0.0,7.41,Aston Villa,MID,6.0
True,True,,,215711,0,0,0,0,-58.8,-8,"[{'offset': 0, 'projected_percent': '-59.7', 'likelihood': -3}, {'offset': 1, 'projected_percent': '-67.7', 'likelihood': -3}, {'offset': 2, 'projected_percent': '-75.8', 'likelihood': -3}]",,False,0,3,0.0,0.0,0,Leon,0.0,44,False,,,55,215711.jpg,0.0,False,Bailey,0.1,False,,a,2,7,0,1218,216,3032,375,0.0,0.0,Bailey,,107.0,2021-08-04,1997-08-09,False,p215711,0,0,0,0,0,0,0,0,0,0,0,0,0,0.0,0.0,0.0,0.0,0,0,0,0,0,0.00,0.00,0.00,0.00,,,,,,,[],,550,229,565,238,541,221,565,236,0.0,0.0,0.0,0.0,0.0,0.0,144,89,573,242,573,242,379,146,0.0,0.0,0.0,Aston Villa,MID,5.5
True,True,,,122806,0,0,0,0,-68.9,-74,"[{'offset': 0, 'projected_percent': '-69.3', 'likelihood': -3}, {'offset': 1, 'projected_percent': '-73.2', 'likelihood': -3}, {'offset': 2, 'projected_percent': '-77.1', 'likelihood': -3}]",,False,0,3,0.5,0.5,0,John,0.5,45,False,,,55,122806.jpg,1.0,False,McGinn,2.7,False,,a,2,7,1,9428,1822,49455,4802,0.1,0.2,McGinn,,243.0,2018-08-08,1994-10-18,False,p122806,81,0,0,0,4,0,0,0,1,0,0,0,8,1.6,2.4,1.0,0.5,2,3,1,6,1,0.04,0.01,0.05,3.62,2.0,,,,,,[],,257,118,173,102,190,96,258,117,0.04,0.0,0.01,0.05,4.02,4.44,121,78,287,137,275,129,108,32,1.11,0.0,6.67,Aston Villa,MID,5.5
True,True,,,88894,0,0,0,0,-10.8,6,"[{'offset': 0, 'projected_percent': '-10.5', 'likelihood': -1}, {'offset': 1, 'projected_percent': '-6.8', 'likelihood': -1}, {'offset': 2, 'projected_percent': '-3.2', 'likelihood': -1}]",,False,0,3,1.0,1.0,0,Ross,1.0,46,False,,,50,88894.jpg,2.0,False,Barkley,0.2,False,,a,2,7,2,2335,460,3135,419,0.2,0.4,Barkley,,241.0,2024-07-01,1993-12-05,False,p88894,73,0,0,0,4,0,0,0,0,0,0,0,11,9.4,21.4,7.0,3.8,1,0,0,1,1,0.10,0.02,0.12,3.55,4.0,,,,,,[],,170,66,58,38,103,52,107,56,0.12,0.0,0.02,0.14,4.38,4.93,231,143,179,78,134,61,319,111,1.23,0.0,1.23,Aston Villa,MID,5.0
True,True,100.0,100.0,226944,0,0,0,0,-27.2,-6,"[{'offset': 0, 'projected_percent': '-27.4', 'likelihood': -2}, {'offset': 1, 'projected_percent': '-29.8', 'likelihood': -2}, {'offset': 2, 'projected_percent': '-32.2', 'likelihood': -2}]",,False,0,3,1.0,1.0,0,Boubacar,1.0,47,False,,2026-07-23T12:01:23.337269Z,50,226944.jpg,2.0,False,Kamara,0.3,False,,a,2,7,2,3065,576,5456,717,0.2,0.4,Kamara,,73.0,2022-06-11,1999-11-23,False,p226944,90,0,0,0,4,0,0,0,0,0,0,0,9,11.2,2.8,0.0,1.4,3,2,2,7,1,0.00,0.00,0.00,3.77,,,,,,,[],,154,53,165,97,428,156,218,97,0.0,0.0,0.0,0.0,3.77,4.0,284,170,185,82,140,65,289,95,1.0,0.0,7.0,Aston Villa,MID,5.0
True,True,0.0,0.0,449871,0,0,0,0,-38.0,-1,"[{'offset': 0, 'projected_percent': '-38.2', 'likelihood': -2}, {'offset': 1, 'projected_percent': '-41.1', 'likelihood': -3}, {'offset': 2, 'projected_percent': '-43.9', 'likelihood': -3}]",,False,0,3,0.0,0.0,0,Amadou,0.0,48,False,Knee injury - Unknown return date,2026-07-23T12:01:23.352497Z,50,449871.jpg,0.0,False,Onana,0.0,False,,i,2,7,0,187,30,623,94,0.0,0.0,Onana,,21.0,2024-07-22,2001-08-16,False,p449871,0,0,0,0,0,0,0,0,0,0,0,0,0,0.0,0.0,0.0,0.0,0,0,0,0,0,0.00,0.00,0.00,0.00,,,,,,,[],,489,193,499,202,452,168,505,200,0.0,0.0,0.0,0.0,0.0,0.0,311,184,520,214,520,214,549,228,0.0,0.0,0.0,Aston Villa,MID,5.0
True,False,0.0,0.0,469247,0,0,0,0,0.0,0,"[{'offset': 0, 'projected_percent': '0.0', 'likelihood': 0}, {'offset': 1, 'projected_percent': '0.0', 'likelihood': 0}, {'offset': 2, 'projected_percent': '0.0', 'likelihood': 0}]",,False,0,3,0.0,0.0,0,Samuel,0.0,49,False,Has joined Bolton Wanderers on loan for the rest of the season,2026-08-17T13:52:28.532616Z,50,469247.jpg,0.0,False,Iling-Junior,0.0,False,,u,2,7,0,0,0,128,8,0.0,0.0,Iling Jr,,241.0,2024-07-01,2003-10-04,False,p469247,0,0,0,0,0,0,0,0,0,0,0,0,0,0.0,0.0,0.0,0.0,0,0,0,0,0,0.00,0.00,0.00,0.00,,,,,,,[],,495,197,506,206,461,173,511,204,0.0,0.0,0.0,0.0,0.0,0.0,323,189,527,218,527,218,613,268,0.0,0.0,0.0,Aston Villa,MID,5.0
True,True,,,645618,0,0,0,0,-14.4,4,"[{'offset': 0, 'projected_percent': '-14.3', 'likelihood': -1}, {'offset': 1, 'projected_percent': '-13.4', 'likelihood': -1}, {'offset': 2, 'projected_percent': '-12.6', 'likelihood': -1}]",,False,0,3,0.0,0.0,0,Bradley,0.0,50,False,,,45,645618.jpg,0.0,False,Burrowes,0.7,False,,a,2,7,0,4538,1025,7725,957,0.0,0.0,Burrowes,,241.0,2025-01-09,2008-03-04,False,p645618,0,0,0,0,0,0,0,0,0,0,0,0,0,0.0,0.0,0.0,0.0,0,0,0,0,0,0.00,0.00,0.00,0.00,,,,,,,[],,428,158,434,168,375,127,444,165,0.0,0.0,0.0,0.0,0.0,0.0,542,271,466,184,466,184,231,78,0.0,0.0,0.0,Aston Villa,MID,4.5
True,True,,,577285,0,0,0,0,1.9,35,"[{'offset': 0, 'projected_percent': '2.0', 'likelihood': 1}, {'offset': 1, 'projected_percent': '2.4', 'likelihood': 1}, {'offset': 2, 'projected_percent': '2.9', 'likelihood': 1}]",,False,0,3,1.0,1.0,0,George,1.0,51,False,,,45,577285.jpg,2.0,False,Hemmings,0.7,False,,a,2,7,2,11269,2526,6507,1023,0.2,0.4,George Hemmings,,241.0,2025-08-05,2007-03-04,False,p577285,90,0,0,0,4,0,0,0,0,0,0,0,12,10.6,11.6,2.0,2.4,0,2,3,5,1,0.00,0.00,0.00,3.77,,,,,,,[],,158,56,111,67,164,80,154,69,0.0,0.0,0.0,0.0,3.77,4.0,524,263,177,76,133,60,220,73,1.0,0.0,5.0,Aston Villa,MID,4.5
True,True,,,653481,0,0,0,0,-24.4,-3,"[{'offset': 0, 'projected_percent': '-25.2', 'likelihood': -2}, {'offset': 1, 'projected_percent': '-33.3', 'likelihood': -2}, {'offset': 2, 'projected_percent': '-41.3', 'likelihood': -3}]",,False,0,3,0.5,0.5,0,Alysson Edward Franco,0.5,52,False,,,50,653481.jpg,1.0,False,da Rocha dos Santos,0.0,False,,a,2,7,1,417,74,701,105,0.1,0.2,Alysson,Alysson,30.0,2026-01-01,2006-05-05,False,p653481,8,0,0,0,0,0,0,0,0,0,0,0,5,4.0,0.0,0.0,0.4,1,1,1,3,0,0.00,0.00,0.00,0.14,,,,,,,[],,224,97,545,230,510,204,267,123,0.0,0.0,0.0,0.0,1.58,0.0,395,236,282,134,268,125,496,206,0.0,0.0,33.75,Aston Villa,MID,5.0
True,True,0.0,0.0,614071,0,0,0,0,-103.3,-25,"[{'offset': 0, 'projected_percent': '-104.0', 'likelihood': -5}, {'offset': 1, 'projected_percent': '-111.2', 'likelihood': -5}, {'offset': 2, 'projected_percent': '-118.4', 'likelihood': -5}]",,False,0,3,0.0,0.0,0,Johan,0.0,53,False,Knee injury - Unknown return date,2026-08-15T15:30:06.388335Z,60,614071.jpg,0.0,False,Manzambi,0.2,False,,i,2,7,0,309,77,9851,1061,0.0,0.0,Manzambi,,207.0,2026-07-17,2005-10-14,False,p614071,0,0,0,0,0,0,0,0,0,0,0,0,0,0.0,0.0,0.0,0.0,0,0,0,0,0,0.00,0.00,0.00,0.00,,,,,,,[],,605,263,608,265,603,260,608,265,0.0,0.0,0.0,0.0,0.0,0.0,107,68,606,265,606,265,356,132,0.0,0.0,0.0,Aston Villa,MID,6.0
True,True,0.0,0.0,448089,0,0,0,0,-0.0,0,"[{'offset': 0, 'projected_percent': '-0.0', 'likelihood': 0}, {'offset': 1, 'projected_percent': '-0.0', 'likelihood': 0}, {'offset': 2, 'projected_percent': '-0.0', 'likelihood': 0}]",2026-08-31T13:00:07.426195Z,False,0,3,0.0,0.0,0,Joao,-1.0,54,False,Suspended until 19 Sep,2026-08-23T17:30:08.367415Z,55,448089.jpg,-2.0,False,Gomes,0.0,False,,s,2,7,-2,161,7,2091,208,-0.2,-0.4,Gomes,João Gomes,30.0,2026-07-20,2001-02-12,False,p448089,39,0,0,0,4,0,0,0,0,1,0,0,-2,1.0,11.0,0.0,1.2,1,2,4,7,1,0.00,0.01,0.01,2.58,,,,,,,[],,265,123,121,71,554,231,228,103,0.0,0.0,0.02,0.02,5.95,9.23,171,107,623,274,623,274,492,203,2.31,0.0,16.15,Aston Villa,MID,5.5
True,True,,,178301,0,0,-1,1,-46.5,-771,"[{'offset': 0, 'projected_percent': '-48.0', 'likelihood': -3}, {'offset': 1, 'projected_percent': '-63.7', 'likelihood': -3}, {'offset': 2, 'projected_percent': '-79.3', 'likelihood': -3}]",,False,0,4,0.0,0.0,0,Ollie,0.0,55,False,,,79,178301.jpg,0.0,False,Watkins,7.1,False,,a,2,7,0,11830,1198,308699,32239,0.0,0.0,Watkins,,241.0,2020-09-09,1995-12-30,False,p178301,0,0,0,0,0,0,0,0,0,0,0,0,0,0.0,0.0,0.0,0.0,0,0,0,0,0,0.00,0.00,0.00,0.00,,,,,2.0,,[],,622,73,623,73,623,73,623,73,0.0,0.0,0.0,0.0,0.0,0.0,11,4,619,72,619,72,57,8,0.0,0.0,0.0,Aston Villa,FWD,7.9
True,True,50.0,50.0,173879,0,0,0,0,-66.4,-11,"[{'offset': 0, 'projected_percent': '-67.3', 'likelihood': -3}, {'offset': 1, 'projected_percent': '-75.5', 'likelihood': -3}, {'offset': 2, 'projected_percent': '-83.8', 'likelihood': -3}]",,False,0,4,0.0,0.0,0,Tammy,0.0,56,False,Knock - 50% chance of playing,2026-08-15T16:00:07.558543Z,55,173879.jpg,0.0,False,Abraham,0.1,False,,d,2,7,0,673,76,3117,434,0.0,0.0,Abraham,,241.0,2026-01-27,1997-10-02,False,p173879,0,0,0,0,0,0,0,0,0,0,0,0,0,0.0,0.0,0.0,0.0,0,0,0,0,0,0.00,0.00,0.00,0.00,,,,,,,[],,539,47,554,55,526,54,555,56,0.0,0.0,0.0,0.0,0.0,0.0,126,32,563,61,563,61,416,61,0.0,0.0,0.0,Aston Villa,FWD,5.5
True,True,,,493105,0,0,0,0,-87.9,-22,"[{'offset': 0, 'projected_percent': '-88.5', 'likelihood': -3}, {'offset': 1, 'projected_percent': '-94.4', 'likelihood': -3}, {'offset': 2, 'projected_percent': '-100.4', 'likelihood': -5}]",,False,0,3,0.5,0.5,0,Alejandro,0.5,160,False,,,60,493105.jpg,1.0,False,Garnacho Ferreyra,0.5,False,,a,2,7,1,2426,405,11999,1424,0.1,0.2,Garnacho,,10.0,2026-07-23,2004-07-01,False,p493105,4,0,0,0,0,0,0,0,0,0,0,0,2,0.0,0.0,0.0,0.0,0,0,0,0,0,0.00,0.00,0.00,0.14,,,,,,,[],,600,260,603,262,597,256,603,262,0.0,0.0,0.0,0.0,3.15,0.0,94,59,313,151,305,148,249,84,0.0,0.0,0.0,Aston Villa,MID,6.0
True,True,,,517052,0,0,0,0,3.1,231,"[{'offset': 0, 'projected_percent': '3.4', 'likelihood': 1}, {'offset': 1, 'projected_percent': '6.6', 'likelihood': 1}, {'offset': 2, 'projected_percent': '9.8', 'likelihood': 1}]",,False,0,4,0.0,0.0,0,Nicolas,0.0,166,False,,,65,517052.jpg,0.0,False,Jackson,0.5,False,,a,2,7,0,15534,10195,9615,1398,0.0,0.0,N.Jackson,,189.0,2026-08-28,2001-06-20,False,p517052,0,0,0,0,0,0,0,0,0,0,0,0,0,0.0,0.0,0.0,0.0,0,0,0,0,0,0.00,0.00,0.00,0.00,,,,,,,[],,614,68,616,69,614,69,616,69,0.0,0.0,0.0,0.0,0.0,0.0,46,12,613,69,613,69,266,45,0.0,0.0,0.0,Aston Villa,FWD,6.5
True,True,0.0,0.0,690838,0,0,0,0,-19.5,-25,"[{'offset': 0, 'projected_percent': '-19.8', 'likelihood': -1}, {'offset': 1, 'projected_percent': '-23.1', 'likelihood': -2}, {'offset': 2, 'projected_percent': '-26.3', 'likelihood': -2}]",,False,0,4,0.0,0.0,0,Brian,0.0,582,False,Unspecified injury - Unknown return date,2026-08-15T16:00:07.974271Z,55,690838.jpg,0.0,False,Madjo,0.4,False,,i,2,7,0,1322,156,10413,1490,0.0,0.0,Madjo,,241.0,2026-01-12,2009-01-12,False,p690838,0,0,0,0,0,0,0,0,0,0,0,0,0,0.0,0.0,0.0,0.0,0,0,0,0,0,0.00,0.00,0.00,0.00,,,,,,,[],,580,57,589,62,580,62,591,63,0.0,0.0,0.0,0.0,0.0,0.0,221,47,593,65,593,65,277,47,0.0,0.0,0.0,Aston Villa,FWD,5.5
True,True,,,487992,0,0,0,0,0.0,0,"[{'offset': 0, 'projected_percent': '0.0', 'likelihood': 0}, {'offset': 1, 'projected_percent': '0.0', 'likelihood': 0}, {'offset': 2, 'projected_percent': '0.0', 'likelihood': 0}]",2026-09-02T14:00:12.061795Z,False,0,2,0.5,0.5,0,Matteo,0.5,596,False,,,45,487992.jpg,1.0,False,Ruggeri,0.1,False,,a,2,7,1,993,137,1224,125,0.1,0.2,Ruggeri,,106.0,2026-08-19,2002-07-11,False,p487992,8,0,0,0,0,0,0,0,0,0,0,0,3,4.0,0.0,0.0,0.4,0,0,2,2,0,0.00,0.00,0.00,0.14,,,,,,,[],,222,92,386,162,324,144,262,97,0.0,0.0,0.0,0.0,1.58,0.0,487,132,241,89,224,86,408,144,0.0,0.0,22.5,Aston Villa,DEF,4.5
True,True,,,433969,0,0,0,0,0.0,0,"[{'offset': 0, 'projected_percent': '0.0', 'likelihood': 0}, {'offset': 1, 'projected_percent': '0.0', 'likelihood': 0}, {'offset': 2, 'projected_percent': '0.0', 'likelihood': 0}]",2026-09-02T14:00:48.901511Z,False,0,1,0.0,0.0,0,Zion,0.0,597,False,,,50,433969.jpg,0.0,False,Suzuki,0.9,False,,a,2,7,0,5403,1174,7671,900,0.0,0.0,Suzuki,,108.0,2026-08-19,2002-08-21,False,p433969,0,0,0,0,0,0,0,0,0,0,0,0,0,0.0,0.0,0.0,0.0,0,0,0,0,0,0.00,0.00,0.00,0.00,,,,,,,[],,480,66,490,59,443,59,496,66,0.0,0.0,0.0,0.0,0.0,0.0,301,15,512,66,512,66,209,30,0.0,0.0,0.0,Aston Villa,GKP,5.0
True,True,,,569577,0,0,0,0,0.0,0,"[{'offset': 0, 'projected_percent': '0.0', 'likelihood': 0}, {'offset': 1, 'projected_percent': '0.0', 'likelihood': 0}, {'offset': 2, 'projected_percent': '0.0', 'likelihood': 0}]",2026-09-05T18:20:01.582031Z,False,0,2,0.0,0.0,0,Triston,0.0,606,False,,,40,569577.jpg,0.0,False,Rowe,0.1,False,,a,2,7,0,2247,687,410,164,0.0,0.0,Rowe,,241.0,2026-07-01,2006-10-02,False,p569577,0,0,0,0,0,0,0,0,0,0,0,0,0,0.0,0.0,0.0,0.0,0,0,0,0,0,0.00,0.00,0.00,0.00,,,,,,,[],,325,128,325,130,247,99,342,129,0.0,0.0,0.0,0.0,0.0,0.0,609,194,370,131,370,131,455,163,0.0,0.0,0.0,Aston Villa,DEF,4.0
True,True,,,571380,0,0,0,0,0.0,0,"[{'offset': 0, 'projected_percent': '0.0', 'likelihood': 0}, {'offset': 1, 'projected_percent': '0.0', 'likelihood': 0}, {'offset': 2, 'projected_percent': '0.0', 'likelihood': 0}]",2026-09-05T18:20:27.235486Z,False,0,3,0.0,0.0,0,Luka,0.0,607,False,,,45,571380.jpg,0.0,False,Lynch,0.1,False,,a,2,7,0,4219,616,1088,256,0.0,0.0,Lynch,,241.0,2026-07-01,2007-01-11,False,p571380,0,0,0,0,0,0,0,0,0,0,0,0,0,0.0,0.0,0.0,0.0,0,0,0,0,0,0.00,0.00,0.00,0.00,,,,,,,[],,410,150,416,160,355,118,426,157,0.0,0.0,0.0,0.0,0.0,0.0,519,261,450,177,450,177,425,169,0.0,0.0,0.0,Aston Villa,MID,4.5
True,True,,,214590,0,0,0,0,0.0,0,"[{'offset': 0, 'projected_percent': '0.0', 'likelihood': 0}, {'offset': 1, 'projected_percent': '0.0', 'likelihood': 0}, {'offset': 2, 'projected_percent': '0.0', 'likelihood': 0}]",2026-09-07T14:00:13.698490Z,False,0,2,1.7,1.7,0,Aaron,0.0,611,False,,,45,214590.jpg,0.0,False,Wan-Bissaka,0.1,False,,a,2,7,0,2441,892,318,152,0.0,0.0,Wan-Bissaka,,50.0,2026-08-21,1997-11-26,False,p214590,0,0,0,0,0,0,0,0,0,0,0,0,0,0.0,0.0,0.0,0.0,0,0,0,0,0,0.00,0.00,0.00,0.00,,,,,,,[],,358,146,362,150,291,125,375,147,0.0,0.0,0.0,0.0,0.0,0.0,443,102,403,149,403,149,470,166,0.0,0.0,0.0,Aston Villa,DEF,4.5
True,True,,,119090,0,0,0,0,0.0,0,"[{'offset': 0, 'projected_percent': '0.0', 'likelihood': 0}, {'offset': 1, 'projected_percent': '0.0', 'likelihood': 0}, {'offset': 2, 'projected_percent': '0.0', 'likelihood': 0}]",2026-09-10T13:59:31.002497Z,False,0,3,2.2,2.2,0,Leon,0.0,618,False,,,60,119090.jpg,0.0,False,Goretzka,0.0,False,,a,2,7,0,927,715,70,63,0.0,0.0,Goretzka,,80.0,2026-08-27,1995-02-06,False,p119090,0,0,0,0,0,0,0,0,0,0,0,0,0,0.0,0.0,0.0,0.0,0,0,0,0,0,0.00,0.00,0.00,0.00,,,,,,,[],,588,255,594,258,585,250,596,258,0.0,0.0,0.0,0.0,0.0,0.0,60,41,598,260,598,260,566,236,0.0,0.0,0.0,Aston Villa,MID,6.0
True,True,,,457569,0,0,0,0,5.4,54,"[{'offset': 0, 'projected_percent': '5.5', 'likelihood': 1}, {'offset': 1, 'projected_percent': '6.2', 'likelihood': 1}, {'offset': 2, 'projected_percent': '7.0', 'likelihood': 1}]",,False,0,1,2.5,2.5,3,Đorđe,2.5,57,False,,,45,457569.jpg,2.5,False,Petrović,3.3,False,,a,3,91,5,29505,4127,16645,2592,0.6,1.1,Petrović,,190.0,2025-07-16,1999-10-08,False,p457569,180,0,0,0,3,0,0,0,0,0,9,0,33,36.8,0.0,0.0,3.7,5,13,0,0,2,0.00,0.00,0.00,3.97,,,,,,,[],,36,3,380,39,314,39,111,3,0.0,4.5,0.0,0.0,1.98,1.5,474,39,95,8,114,8,102,16,1.0,0.0,0.0,Bournemouth,GKP,4.5
True,True,,,40383,0,0,0,0,-0.1,-3,"[{'offset': 0, 'projected_percent': '-0.1', 'likelihood': -1}, {'offset': 1, 'projected_percent': '-0.2', 'likelihood': -1}, {'offset': 2, 'projected_percent': '-0.3', 'likelihood': -1}]",,False,0,1,0.0,0.0,0,Fraser,0.0,58,False,,,40,40383.jpg,0.0,False,Forster,3.2,False,,a,3,91,0,12623,3061,12297,1644,0.0,0.0,Forster,,241.0,2026-01-02,1988-03-17,False,p40383,0,0,0,0,0,0,0,0,0,0,0,0,0,0.0,0.0,0.0,0.0,0,0,0,0,0,0.00,0.00,0.00,0.00,,,,,,,[],,281,22,278,2,196,2,297,22,0.0,0.0,0.0,0.0,0.0,0.0,549,50,327,22,327,22,104,17,0.0,0.0,0.0,Bournemouth,GKP,4.0
True,False,0.0,0.0,444172,0,0,0,0,0.0,-14,"[{'offset': 0, 'projected_percent': '0.0', 'likelihood': 0}, {'offset': 1, 'projected_percent': '0.0', 'likelihood': 0}, {'offset': 2, 'projected_percent': '0.0', 'likelihood': 0}]",,False,0,1,0.0,0.0,0,Will,0.0,59,False,Has joined MK Dons permanently,2026-08-27T14:53:48.692835Z,40,444172.jpg,0.0,False,Dennis,0.2,False,,u,3,91,0,1133,0,2141,624,0.0,0.0,Dennis,,241.0,2019-08-01,2000-07-10,False,p444172,0,0,0,0,0,0,0,0,0,0,0,0,0,0.0,0.0,0.0,0.0,0,0,0,0,0,0.00,0.00,0.00,0.00,,,,,,,[],,304,35,304,15,223,15,321,35,0.0,0.0,0.0,0.0,0.0,0.0,583,63,350,35,350,35,354,38,0.0,0.0,0.0,Bournemouth,GKP,4.0
True,True,,,463981,0,0,0,0,1.7,-1,"[{'offset': 0, 'projected_percent': '1.7', 'likelihood': 1}, {'offset': 1, 'projected_percent': '1.7', 'likelihood': 1}, {'offset': 2, 'projected_percent': '1.7', 'likelihood': 1}]",,False,0,2,2.5,2.5,4,James,2.5,60,False,,,55,463981.jpg,2.5,False,Hill,0.9,False,,a,3,91,5,10159,1006,7875,1134,0.5,0.9,Hill,,241.0,2022-01-05,2002-01-10,False,p463981,180,0,0,0,3,0,0,0,0,0,0,0,19,11.6,0.3,0.0,1.2,14,4,4,18,2,0.00,0.73,0.73,3.97,,,,,,,[],,148,70,264,96,557,198,229,87,0.0,0.0,0.36,0.36,1.98,1.5,175,23,105,39,120,44,206,77,1.0,0.0,9.0,Bournemouth,DEF,5.5
True,True,,,494521,0,0,0,0,-1.6,-28,"[{'offset': 0, 'projected_percent': '-1.7', 'likelihood': -1}, {'offset': 1, 'projected_percent': '-2.7', 'likelihood': -1}, {'offset': 2, 'projected_percent': '-3.6', 'likelihood': -1}]",,False,0,2,2.5,2.5,4,Adrien,2.5,61,False,,,55,494521.jpg,2.5,False,Truffert,4.2,False,,a,3,91,5,22710,2109,29726,3905,0.5,0.9,Truffert,,73.0,2025-06-16,2001-11-20,False,p494521,180,0,0,0,3,0,0,0,0,0,0,2,27,15.4,1.3,0.0,1.7,12,13,4,16,2,0.00,0.07,0.07,3.97,,,,,,,[],,110,49,211,68,564,199,200,78,0.0,0.0,0.04,0.04,1.98,1.5,190,26,107,40,121,45,83,34,1.0,0.0,8.0,Bournemouth,DEF,5.5
True,True,,,242882,0,0,0,0,0.4,-17,"[{'offset': 0, 'projected_percent': '0.3', 'likelihood': 1}, {'offset': 1, 'projected_percent': '0.1', 'likelihood': 1}, {'offset': 2, 'projected_percent': '-7.3', 'likelihood': -1}]",,False,0,2,0.0,0.0,0,Bafodé,0.0,62,False,,,50,242882.jpg,0.0,False,Diakité,0.2,False,,a,3,91,0,3065,343,2794,473,0.0,0.0,Diakité,,73.0,2025-08-13,2001-01-06,False,p242882,0,0,0,0,0,0,0,0,0,0,0,0,0,0.0,0.0,0.0,0.0,0,0,0,0,0,0.00,0.00,0.00,0.00,,,,,,,[],,476,188,485,188,436,175,492,188,0.0,0.0,0.0,0.0,0.0,0.0,294,52,509,184,509,184,340,127,0.0,0.0,0.0,Bournemouth,DEF,5.0
True,True,0.0,0.0,620487,0,0,0,0,-44.7,-5,"[{'offset': 0, 'projected_percent': '-47.2', 'likelihood': -3}, {'offset': 1, 'projected_percent': '-72.5', 'likelihood': -3}, {'offset': 2, 'projected_percent': '-97.8', 'likelihood': -4}]",,False,0,2,0.0,0.0,0,Veljko,0.0,63,False,Unspecified injury - Unknown return date,2026-08-06T10:00:10.456051Z,50,620487.jpg,0.0,False,Milosavljevic,0.0,False,,i,3,91,0,88,14,335,39,0.0,0.0,Milosavljević,,190.0,2025-09-01,2007-06-28,False,p620487,0,0,0,0,0,0,0,0,0,0,0,0,0,0.0,0.0,0.0,0.0,0,0,0,0,0,0.00,0.00,0.00,0.00,,,,,,,[],,529,199,541,199,505,191,545,199,0.0,0.0,0.0,0.0,0.0,0.0,389,77,554,196,554,196,590,201,0.0,0.0,0.0,Bournemouth,DEF,5.0
True,True,,,54469,0,0,0,0,1.0,1,"[{'offset': 0, 'projected_percent': '1.0', 'likelihood': 1}, {'offset': 1, 'projected_percent': '1.0', 'likelihood': 1}, {'offset': 2, 'projected_percent': '1.0', 'likelihood': 1}]",,False,0,2,1.0,1.0,1,Adam,1.0,64,False,,,45,54469.jpg,1.0,False,Smith,0.1,False,,a,3,91,2,3087,242,1190,172,0.2,0.4,Smith,,241.0,2014-01-28,1991-04-29,False,p54469,180,0,0,0,3,0,0,0,1,0,0,0,9,7.0,0.6,0.0,0.8,8,3,3,11,2,0.00,0.02,0.02,3.97,,,,,,,[],,188,83,238,85,263,114,242,92,0.0,0.0,0.01,0.01,1.98,1.5,405,81,168,63,205,69,388,140,1.0,0.0,5.5,Bournemouth,DEF,4.5
True,True,0.0,0.0,436893,0,0,0,0,-61.4,-6,"[{'offset': 0, 'projected_percent': '-63.3', 'likelihood': -3}, {'offset': 1, 'projected_percent': '-81.9', 'likelihood': -3}, {'offset': 2, 'projected_percent': '-100.6', 'likelihood': -5}]",,False,0,2,0.0,0.0,0,Julián,0.0,65,False,Thigh injury - Unknown return date,2026-08-09T08:00:05.645826Z,45,436893.jpg,0.0,False,Araujo Zúñiga,0.0,False,,i,3,91,0,106,18,588,82,0.0,0.0,J.Araujo,,139.0,2024-08-13,2001-08-13,False,p436893,0,0,0,0,0,0,0,0,0,0,0,0,0,0.0,0.0,0.0,0.0,0,0,0,0,0,0.00,0.00,0.00,0.00,,,,,,,[],https://www.afcb.co.uk/news/2026/august/06/araujo-undergoes-successful-surgery/,373,157,377,160,311,139,390,158,0.0,0.0,0.0,0.0,0.0,0.0,469,122,416,158,416,158,567,197,0.0,0.0,0.0,Bournemouth,DEF,4.5
True,True,100.0,75.0,575901,0,0,0,0,-47.5,8,"[{'offset': 0, 'projected_percent': '-46.9', 'likelihood': -3}, {'offset': 1, 'projected_percent': '-40.8', 'likelihood': -3}, {'offset': 2, 'projected_percent': '-34.7', 'likelihood': -2}]",,False,0,2,0.0,0.0,0,Julio,0.0,66,False,,2026-08-15T16:30:07.021055Z,40,575901.jpg,0.0,False,Soler Barreto,0.2,False,,a,3,91,0,652,236,2725,298,0.0,0.0,Soler,,10.0,2025-01-07,2005-02-16,False,p575901,0,0,0,0,0,0,0,0,0,0,0,0,0,0.0,0.0,0.0,0.0,0,0,0,0,0,0.00,0.00,0.00,0.00,,,,,,,[],,326,129,326,131,249,101,343,130,0.0,0.0,0.0,0.0,0.0,0.0,611,196,371,132,371,132,351,131,0.0,0.0,0.0,Bournemouth,DEF,4.0
True,True,,,499604,0,0,0,0,-0.1,-228,"[{'offset': 0, 'projected_percent': '-1.3', 'likelihood': -1}, {'offset': 1, 'projected_percent': '-13.4', 'likelihood': -1}, {'offset': 2, 'projected_percent': '-25.4', 'likelihood': -2}]",,False,0,3,2.0,2.0,2,Rayan Vitor,2.0,67,False,,,65,499604.jpg,2.0,False,Simplício Rocha,2.7,False,,a,3,91,4,25685,2005,28929,6750,0.3,0.6,Rayan,Rayan,30.0,2026-01-27,2006-08-03,False,p499604,178,0,0,0,2,0,0,0,0,0,0,0,13,6.2,11.3,17.0,3.5,2,3,1,6,2,0.46,0.05,0.51,3.78,,,,,,,[],,200,81,118,70,62,32,117,58,0.23,0.0,0.03,0.26,1.91,1.01,44,29,128,60,168,86,110,34,1.01,0.0,3.03,Bournemouth,MID,6.5
True,True,,,201658,0,0,0,0,36.5,-50,"[{'offset': 0, 'projected_percent': '36.4', 'likelihood': 2}, {'offset': 1, 'projected_percent': '35.7', 'likelihood': 2}, {'offset': 2, 'projected_percent': '35.0', 'likelihood': 2}]",,False,0,3,6.5,6.5,3,Marcus,6.5,68,False,,,60,201658.jpg,6.5,False,Tavernier,2.6,False,,a,3,91,13,94417,7210,16435,4004,1.1,2.2,Tavernier,,241.0,2022-08-01,1999-03-22,False,p201658,180,1,0,0,3,0,0,0,1,0,0,3,52,40.0,17.2,18.0,7.5,4,10,6,20,2,0.50,0.43,0.93,3.97,1.0,,1.0,,3.0,,[],,27,14,70,43,53,28,36,21,0.25,0.0,0.22,0.47,1.98,1.5,66,44,18,8,38,18,116,37,1.0,0.0,10.0,Bournemouth,MID,6.0
True,True,,,503139,0,0,0,0,0.1,261,"[{'offset': 0, 'projected_percent': '0.5', 'likelihood': 1}, {'offset': 1, 'projected_percent': '4.1', 'likelihood': 1}, {'offset': 2, 'projected_percent': '7.7', 'likelihood': 1}]",,False,1,3,7.0,7.0,12,Alex,7.0,69,False,,,60,503139.jpg,7.0,False,Scott,1.5,False,,a,3,91,14,14022,5502,15040,2154,1.2,2.3,Scott,,241.0,2023-08-10,2003-08-21,False,p503139,176,1,0,1,2,0,0,0,1,0,0,3,56,11.4,4.8,0.0,1.6,4,15,7,26,2,0.26,0.29,0.55,3.84,2.0,,4.0,,,,[],,152,52,147,87,599,258,205,93,0.13,0.0,0.15,0.28,1.96,1.02,96,61,16,7,37,17,153,46,1.02,0.51,13.3,Bournemouth,MID,6.0
True,True,,,222683,0,0,0,0,3.7,-39,"[{'offset': 0, 'projected_percent': '3.6', 'likelihood': 1}, {'offset': 1, 'projected_percent': '3.1', 'likelihood': 1}, {'offset': 2, 'projected_percent': '2.5', 'likelihood': 1}]",,False,0,3,3.0,3.0,3,Justin,3.0,70,False,,,60,222683.jpg,3.0,False,Kluivert,1.2,False,,a,3,91,6,18070,1749,12118,2528,0.5,1.0,Kluivert,,152.0,2023-07-01,1999-05-05,False,p222683,154,0,0,2,0,0,0,0,0,0,0,0,27,11.0,14.3,17.0,4.2,1,10,3,14,2,0.73,0.05,0.78,3.47,3.0,,2.0,,2.0,,[],,156,55,87,55,60,31,99,51,0.43,0.0,0.03,0.46,2.03,0.0,73,46,86,37,105,45,175,52,1.17,1.17,8.18,Bournemouth,MID,6.0
True,True,,,155408,0,0,0,0,1.1,32,"[{'offset': 0, 'projected_percent': '1.1', 'likelihood': 1}, {'offset': 1, 'projected_percent': '1.6', 'likelihood': 1}, {'offset': 2, 'projected_percent': '2.0', 'likelihood': 1}]",,False,0,3,3.0,3.0,3,Lewis,3.0,71,False,,,50,155408.jpg,3.0,False,Cook,0.2,False,,a,3,91,6,4036,777,2043,336,0.6,1.2,Cook,,241.0,2016-07-08,1997-02-03,False,p155408,143,0,0,2,0,0,0,0,0,0,0,0,21,4.6,2.1,0.0,0.7,3,5,1,9,2,0.00,0.01,0.01,3.47,5.0,,,,,,[],,216,92,184,107,398,141,245,108,0.0,0.0,0.01,0.01,2.18,0.0,246,149,72,30,95,38,350,130,1.26,1.26,5.66,Bournemouth,MID,5.0
True,True,,,496208,0,0,0,0,-29.4,-8,"[{'offset': 0, 'projected_percent': '-30.8', 'likelihood': -2}, {'offset': 1, 'projected_percent': '-45.1', 'likelihood': -3}, {'offset': 2, 'projected_percent': '-59.3', 'likelihood': -3}]",,False,0,3,0.5,0.5,0,Ben,0.5,72,False,,,50,496208.jpg,1.0,False,Gannon-Doak,0.1,False,,a,3,91,1,436,71,1015,182,0.1,0.2,Gannon-Doak,,243.0,2025-08-18,2005-11-11,False,p496208,1,0,0,0,1,0,0,0,0,0,0,0,3,0.2,0.1,2.0,0.2,0,1,0,1,0,0.00,0.00,0.00,0.19,,,,,,,[],,276,131,275,143,171,84,282,133,0.0,0.0,0.0,0.0,17.1,90.0,343,200,264,120,251,111,442,177,0.0,0.0,90.0,Bournemouth,MID,5.0
True,True,100.0,100.0,200785,0,0,0,0,0.4,6,"[{'offset': 0, 'projected_percent': '0.4', 'likelihood': 1}, {'offset': 1, 'projected_percent': '0.5', 'likelihood': 1}, {'offset': 2, 'projected_percent': '0.5', 'likelihood': 1}]",,False,0,3,1.0,1.0,1,Tyler,1.0,73,False,,2026-08-15T16:30:07.029928Z,50,200785.jpg,1.0,False,Adams,0.2,False,,a,3,91,2,3875,843,3469,614,0.2,0.4,Adams,,229.0,2023-08-20,1999-02-14,False,p200785,36,0,0,0,3,0,0,0,0,0,0,0,8,3.6,0.6,0.0,0.4,3,3,0,6,0,0.00,0.00,0.00,0.49,,,,,,,[],,231,101,239,127,410,149,263,119,0.0,0.0,0.0,0.0,1.22,7.5,259,158,180,79,238,104,321,113,0.0,0.0,15.0,Bournemouth,MID,5.0
True,True,100.0,100.0,111317,0,0,0,0,0.0,-2,"[{'offset': 0, 'projected_percent': '0.0', 'likelihood': 0}, {'offset': 1, 'projected_percent': '-6.3', 'likelihood': -1}, {'offset': 2, 'projected_percent': '-12.7', 'likelihood': -1}]",,False,0,3,0.5,0.5,1,David,0.5,74,False,,2026-08-15T16:30:07.037929Z,50,111317.jpg,1.0,False,Brooks,0.1,False,,a,3,91,1,757,155,814,119,0.1,0.2,Brooks,,244.0,2018-07-01,1997-07-08,False,p111317,9,0,0,0,1,0,0,0,0,0,0,0,3,0.0,0.0,0.0,0.0,0,0,0,0,0,0.00,0.01,0.01,0.18,4.0,,3.0,,,,[],,443,167,450,177,391,136,459,174,0.0,0.0,0.1,0.1,1.8,10.0,238,144,248,111,233,101,486,200,0.0,0.0,0.0,Bournemouth,MID,5.0
True,True,100.0,100.0,158499,0,0,0,0,0.0,0,"[{'offset': 0, 'projected_percent': '0.0', 'likelihood': 0}, {'offset': 1, 'projected_percent': '0.0', 'likelihood': 0}, {'offset': 2, 'projected_percent': '0.0', 'likelihood': 0}]",2026-08-31T15:30:07.730886Z,False,0,3,0.5,0.5,1,Ryan,0.5,75,False,,2026-07-24T17:30:10.035483Z,50,158499.jpg,1.0,False,Christie,0.0,False,,a,3,91,1,709,149,268,72,0.1,0.2,Christie,,243.0,2021-08-31,1995-02-22,False,p158499,3,0,0,0,1,0,0,0,0,0,0,0,5,0.0,0.0,0.0,0.0,0,1,1,2,0,0.00,0.00,0.00,0.12,6.0,,,,,,[],,450,172,458,182,399,142,466,179,0.0,0.0,0.0,0.0,3.6,30.0,247,150,251,112,236,102,550,229,0.0,0.0,60.0,Bournemouth,MID,5.0
True,True,,,614574,0,0,0,0,-15.5,0,"[{'offset': 0, 'projected_percent': '-15.5', 'likelihood': -1}, {'offset': 1, 'projected_percent': '-15.5', 'likelihood': -1}, {'offset': 2, 'projected_percent': '-15.5', 'likelihood': -1}]",,False,0,3,0.5,0.5,0,Alex,0.5,76,False,,,50,614574.jpg,1.0,False,Tóth,0.0,False,,a,3,91,1,121,21,185,39,0.1,0.2,Tóth.A,,98.0,2026-01-20,2005-10-23,False,p614574,15,0,0,0,2,0,0,0,0,0,0,0,5,2.8,0.6,0.0,0.3,0,1,1,2,0,0.00,0.00,0.00,0.31,,,,,,,[],,238,107,243,129,504,200,278,131,0.0,0.0,0.0,0.0,1.86,12.0,388,232,279,132,265,122,565,235,0.0,0.0,12.0,Bournemouth,MID,5.0
True,True,0.0,0.0,489888,0,0,0,0,-91.5,-2,"[{'offset': 0, 'projected_percent': '-92.0', 'likelihood': -3}, {'offset': 1, 'projected_percent': '-96.9', 'likelihood': -4}, {'offset': 2, 'projected_percent': '-101.7', 'likelihood': -5}]",,False,0,3,0.0,0.0,0,Amine,0.0,77,False,Unspecified injury - Unknown return date,2026-08-15T16:00:07.590566Z,50,489888.jpg,0.0,False,Adli,0.0,False,,i,3,91,0,61,7,1093,117,0.0,0.0,Adli,,145.0,2025-08-21,2000-05-10,False,p489888,0,0,0,0,0,0,0,0,0,0,0,0,0,0.0,0.0,0.0,0.0,0,0,0,0,0,0.00,0.00,0.00,0.00,,,,,,,[],,501,201,513,210,470,177,517,208,0.0,0.0,0.0,0.0,0.0,0.0,334,194,532,221,532,221,548,227,0.0,0.0,0.0,Bournemouth,MID,5.0
True,True,0.0,0.0,560262,0,0,0,0,-97.0,-41,"[{'offset': 0, 'projected_percent': '-97.8', 'likelihood': -4}, {'offset': 1, 'projected_percent': '-105.0', 'likelihood': -5}, {'offset': 2, 'projected_percent': '-112.1', 'likelihood': -5}]",,False,0,3,0.0,0.0,0,Junior,0.0,78,False,Foot injury - Unknown return date,2026-07-29T17:30:09.796802Z,75,560262.jpg,0.0,False,Kroupi,0.3,False,,i,3,91,0,520,58,15223,1815,0.0,0.0,Kroupi.Jr,,73.0,2025-02-02,2006-06-23,False,p560262,0,0,0,0,0,0,0,0,0,0,0,0,0,0.0,0.0,0.0,0.0,0,0,0,0,0,0.00,0.00,0.00,0.00,,,,,1.0,,[],https://www.afcb.co.uk/news/2026/july/29/junior-kroupi-undergoes-successful-surgery-after-foot-injury/,621,273,622,274,622,274,622,274,0.0,0.0,0.0,0.0,0.0,0.0,20,12,618,273,618,273,299,100,0.0,0.0,0.0,Bournemouth,MID,7.5
True,True,,,444102,0,0,0,0,31.3,257,"[{'offset': 0, 'projected_percent': '31.6', 'likelihood': 2}, {'offset': 1, 'projected_percent': '35.2', 'likelihood': 2}, {'offset': 2, 'projected_percent': '38.7', 'likelihood': 2}]",,False,0,4,4.5,4.5,5,Francisco Evanilson,4.5,79,False,,,60,444102.jpg,4.5,False,de Lima Barbosa,3.1,False,,a,3,91,9,84803,12178,23180,4154,0.8,1.5,Evanilson,Evanilson,30.0,2024-08-16,1999-10-06,False,p444102,154,0,2,2,0,0,0,0,1,0,0,0,28,19.4,11.9,2.0,3.3,4,5,1,10,2,0.54,0.25,0.79,3.47,,,,,,,[],,88,9,108,12,185,29,124,14,0.32,0.0,0.15,0.47,2.03,0.0,83,22,52,7,82,10,105,16,1.17,1.17,5.84,Bournemouth,FWD,6.0
True,False,0.0,0.0,168636,0,0,0,0,0.0,-4,"[{'offset': 0, 'projected_percent': '0.0', 'likelihood': 0}, {'offset': 1, 'projected_percent': '0.0', 'likelihood': 0}, {'offset': 2, 'projected_percent': '0.0', 'likelihood': 0}]",,False,0,4,0.0,0.0,0,Enes,0.0,80,False,Has joined Getafe permanently,2026-08-14T14:14:21.881112Z,55,168636.jpg,0.0,False,Ünal,0.0,False,,u,3,91,0,0,0,1186,116,0.0,0.0,Enes Ünal,,219.0,2024-07-01,1997-05-10,False,p168636,0,0,0,0,0,0,0,0,0,0,0,0,0,0.0,0.0,0.0,0.0,0,0,0,0,0,0.00,0.00,0.00,0.00,,,,,,,[],,538,46,553,54,525,53,554,55,0.0,0.0,0.0,0.0,0.0,0.0,123,30,562,60,562,60,543,70,0.0,0.0,0.0,Bournemouth,FWD,5.5
True,True,100.0,100.0,561245,0,0,0,0,-3.3,-10,"[{'offset': 0, 'projected_percent': '-4.5', 'likelihood': -1}, {'offset': 1, 'projected_percent': '-16.1', 'likelihood': -1}, {'offset': 2, 'projected_percent': '-27.7', 'likelihood': -2}]",,False,0,4,0.5,0.5,1,Álvaro,0.5,81,False,,2026-08-15T16:30:07.054142Z,60,561245.jpg,1.0,False,Rodríguez,0.1,False,,a,3,91,1,1252,252,1422,240,0.1,0.2,Rodríguez,,230.0,2026-07-14,2004-07-14,False,p561245,9,0,0,0,1,0,0,0,0,0,0,0,4,0.0,0.0,0.0,0.0,0,1,0,1,0,0.00,0.00,0.00,0.18,,,,,,,[],,603,67,606,68,601,68,606,68,0.0,0.0,0.0,0.0,1.8,10.0,104,28,314,37,306,37,402,58,0.0,0.0,10.0,Bournemouth,FWD,6.0
True,True,,,483067,0,0,0,0,2.8,0,"[{'offset': 0, 'projected_percent': '2.8', 'likelihood': 1}, {'offset': 1, 'projected_percent': '2.8', 'likelihood': 1}, {'offset': 2, 'projected_percent': '2.8', 'likelihood': 1}]",,False,0,2,3.0,3.0,4,António João,3.0,566,False,,,50,483067.jpg,3.0,False,Pereira de Albuquerque Tavares da Silva,0.4,False,,a,3,91,6,8011,646,2610,420,0.6,1.2,Silva,António Silva,173.0,2026-08-01,2003-10-30,False,p483067,180,0,0,0,3,0,0,0,1,0,0,0,16,31.4,0.3,0.0,3.2,21,5,2,23,2,0.25,0.03,0.28,3.97,,,,,,,[],,52,20,260,95,464,182,126,48,0.12,0.0,0.02,0.14,1.98,1.5,328,64,74,30,97,39,282,108,1.0,0.0,11.5,Bournemouth,DEF,5.0
True,True,,,494928,0,0,0,0,-23.9,-12,"[{'offset': 0, 'projected_percent': '-24.7', 'likelihood': -2}, {'offset': 1, 'projected_percent': '-32.8', 'likelihood': -2}, {'offset': 2, 'projected_percent': '-40.9', 'likelihood': -3}]",,False,0,2,0.0,0.0,0,Juanlu,0.0,573,False,,,45,494928.jpg,0.0,False,Sánchez,0.2,False,,a,3,91,0,510,58,1732,267,0.0,0.0,Sanchez,,200.0,2026-08-06,2003-08-15,False,p494928,0,0,0,0,0,0,0,0,0,0,0,0,0,0.0,0.0,0.0,0.0,0,0,0,0,0,0.00,0.00,0.00,0.00,,,,,,,[],,385,162,392,163,330,145,401,162,0.0,0.0,0.0,0.0,0.0,0.0,493,133,426,161,426,161,331,123,0.0,0.0,0.0,Bournemouth,DEF,4.5
True,True,,,523700,0,0,0,0,0.0,0,"[{'offset': 0, 'projected_percent': '0.0', 'likelihood': 0}, {'offset': 1, 'projected_percent': '0.0', 'likelihood': 0}, {'offset': 2, 'projected_percent': '0.0', 'likelihood': 0}]",2026-09-05T18:20:47.304197Z,False,0,4,0.5,0.5,0,Daniel,0.5,608,False,,,50,523700.jpg,1.0,False,Jebbison,0.1,False,,a,3,91,1,3132,655,636,215,0.1,0.2,Jebbison,,39.0,2024-07-10,2003-08-13,False,p523700,15,0,0,0,2,0,0,0,0,0,0,0,6,3.4,0.8,17.0,2.1,0,1,0,1,0,0.10,0.00,0.10,0.31,,,,,,,[],,235,17,230,26,57,12,171,18,0.6,0.0,0.0,0.6,1.86,12.0,361,58,273,28,259,26,483,64,0.0,0.0,6.0,Bournemouth,FWD,5.0
True,True,,,230650,0,0,0,0,0.0,0,"[{'offset': 0, 'projected_percent': '0.0', 'likelihood': 0}, {'offset': 1, 'projected_percent': '0.0', 'likelihood': 0}, {'offset': 2, 'projected_percent': '0.0', 'likelihood': 0}]",2026-09-09T14:56:25.380082Z,False,0,1,1.9,1.9,0,Michele,0.0,615,False,,,45,230650.jpg,0.0,False,Di Gregorio,0.0,False,,a,3,91,0,462,221,86,59,0.0,0.0,Di Gregorio,,106.0,2026-08-25,1997-07-27,False,p230650,0,0,0,0,0,0,0,0,0,0,0,0,0,0.0,0.0,0.0,0.0,0,0,0,0,0,0.00,0.00,0.00,0.00,,,,,,,[],,363,53,367,35,298,35,380,53,0.0,0.0,0.0,0.0,0.0,0.0,453,35,407,53,407,53,587,67,0.0,0.0,0.0,Bournemouth,GKP,4.5
True,True,,,200720,0,0,0,0,23.7,182,"[{'offset': 0, 'projected_percent': '24.0', 'likelihood': 2}, {'offset': 1, 'projected_percent': '26.5', 'likelihood': 2}, {'offset': 2, 'projected_percent': '29.0', 'likelihood': 2}]",,False,0,1,3.5,3.5,0,Caoimhín,3.5,82,False,,,50,200720.jpg,7.0,False,Kelleher,6.6,False,,a,4,94,7,85404,10970,23383,3459,0.7,1.4,Kelleher,,104.0,2025-06-03,1998-11-23,False,p200720,90,0,0,1,0,0,0,0,0,0,4,0,34,31.4,0.0,0.0,3.1,0,5,0,0,1,0.00,0.01,0.01,0.57,,,,,,,[],,51,6,466,55,409,55,128,6,0.0,4.0,0.01,0.01,0.57,0.0,258,11,60,5,31,3,61,8,1.0,1.0,0.0,Brentford,GKP,5.0
True,True,,,507433,0,0,0,0,-12.1,0,"[{'offset': 0, 'projected_percent': '-12.1', 'likelihood': -1}, {'offset': 1, 'projected_percent': '-12.1', 'likelihood': -1}, {'offset': 2, 'projected_percent': '-12.1', 'likelihood': -1}]",,False,0,1,0.0,0.0,0,Hákon Rafn,0.0,83,False,,,45,507433.jpg,0.0,False,Valdimarsson,0.1,False,,a,4,94,0,742,100,1003,113,0.0,0.0,Valdimarsson,,99.0,2024-01-26,2001-10-13,False,p507433,0,0,0,0,0,0,0,0,0,0,0,0,0,0.0,0.0,0.0,0.0,0,0,0,0,0,0.00,0.00,0.00,0.00,,,,,,,[],,390,56,397,44,335,44,406,56,0.0,0.0,0.0,0.0,0.0,0.0,498,44,431,56,431,56,407,45,0.0,0.0,0.0,Brentford,GKP,4.5
True,True,,,432830,0,0,0,0,8.4,28,"[{'offset': 0, 'projected_percent': '8.5', 'likelihood': 1}, {'offset': 1, 'projected_percent': '8.9', 'likelihood': 1}, {'offset': 2, 'projected_percent': '9.3', 'likelihood': 1}]",,False,0,2,3.0,3.0,0,Nathan,3.0,84,False,,,55,432830.jpg,6.0,False,Collins,2.1,False,,a,4,94,6,28170,3081,11008,1635,0.5,1.1,Collins,,104.0,2023-07-04,2001-04-30,False,p432830,90,0,0,1,0,0,0,0,0,0,0,0,21,11.6,21.5,17.0,5.0,3,3,0,3,1,0.34,0.04,0.38,0.57,,,,,,,[],,147,69,57,17,58,16,77,26,0.34,0.0,0.04,0.38,0.57,0.0,161,20,80,33,53,24,128,51,1.0,1.0,3.0,Brentford,DEF,5.5
True,True,0.0,0.0,444765,0,0,0,0,-83.6,-12,"[{'offset': 0, 'projected_percent': '-84.2', 'likelihood': -3}, {'offset': 1, 'projected_percent': '-90.1', 'likelihood': -3}, {'offset': 2, 'projected_percent': '-96.1', 'likelihood': -4}]",,False,0,2,0.0,0.0,0,Sepp,0.0,85,False,Groin injury - Unknown return date,2026-08-15T15:30:06.416627Z,50,444765.jpg,0.0,False,van den Berg,0.1,False,,i,4,94,0,165,20,4604,481,0.0,0.0,Van den Berg,,152.0,2024-08-22,2001-12-20,False,p444765,0,0,0,0,0,0,0,0,0,0,0,0,0,0.0,0.0,0.0,0.0,0,0,0,0,0,0.00,0.00,0.00,0.00,,,,,,,[],https://www.brentfordfc.com/en/news/article/first-team-brentford-v-tottenham-hotspur-premier-league-team-news-mamadou-sangar%C3%A9,486,191,496,191,449,179,502,191,0.0,0.0,0.0,0.0,0.0,0.0,308,57,518,187,518,187,414,148,0.0,0.0,0.0,Brentford,DEF,5.0
True,True,,,249231,0,0,0,0,25.1,91,"[{'offset': 0, 'projected_percent': '25.2', 'likelihood': 2}, {'offset': 1, 'projected_percent': '26.5', 'likelihood': 2}, {'offset': 2, 'projected_percent': '27.7', 'likelihood': 2}]",,False,0,3,5.0,5.0,0,Keane,5.0,86,False,,,55,249231.jpg,10.0,False,Lewis-Potter,1.2,False,,a,4,94,10,58546,6004,8296,1580,0.9,1.8,Lewis-Potter,,241.0,2022-07-12,2001-02-22,False,p249231,90,1,0,1,0,0,0,0,0,0,0,2,37,47.2,15.9,19.0,8.2,4,5,1,10,1,0.77,0.12,0.89,0.57,,,1.0,,,,[],,12,8,76,47,49,25,29,19,0.77,0.0,0.12,0.89,0.57,0.0,157,97,38,17,15,7,174,51,1.0,1.0,10.0,Brentford,MID,5.5
True,True,,,191866,0,0,0,0,27.0,98,"[{'offset': 0, 'projected_percent': '27.1', 'likelihood': 2}, {'offset': 1, 'projected_percent': '28.5', 'likelihood': 2}, {'offset': 2, 'projected_percent': '29.8', 'likelihood': 2}]",,False,0,2,4.0,4.0,0,Kristoffer,4.0,87,False,,,45,191866.jpg,8.0,False,Ajer,4.2,False,,a,4,94,8,81205,11227,17306,3404,0.9,1.8,Ajer,,161.0,2021-07-21,1998-04-17,False,p191866,90,0,0,1,0,0,0,0,0,0,0,0,29,20.0,0.9,35.0,5.6,8,3,2,10,1,0.11,0.02,0.13,0.57,,,,,,,[],,84,38,223,74,21,5,60,18,0.11,0.0,0.02,0.13,0.57,0.0,435,96,54,20,27,11,81,33,1.0,1.0,10.0,Brentford,DEF,4.5
True,True,,,607464,0,0,1,-1,12.7,210,"[{'offset': 0, 'projected_percent': '13.0', 'likelihood': 1}, {'offset': 1, 'projected_percent': '15.9', 'likelihood': 1}, {'offset': 2, 'projected_percent': '18.8', 'likelihood': 1}]",,False,1,2,6.5,6.5,0,Michael,6.5,88,False,,,46,607464.jpg,13.0,False,Kayode,8.2,False,,a,4,94,13,333453,22650,25547,4387,1.4,2.8,Kayode,,106.0,2025-07-01,2004-07-10,False,p607464,75,1,0,1,0,0,0,0,0,0,0,1,36,33.8,1.5,46.0,8.1,4,5,0,4,1,0.50,0.00,0.50,0.47,,,,,,,[],,39,13,197,62,10,1,31,6,0.6,0.0,0.0,0.6,0.56,0.0,404,80,17,8,4,2,51,19,1.2,1.2,4.8,Brentford,DEF,4.6
True,True,,,194010,0,0,0,0,-29.4,-6,"[{'offset': 0, 'projected_percent': '-29.8', 'likelihood': -2}, {'offset': 1, 'projected_percent': '-33.4', 'likelihood': -2}, {'offset': 2, 'projected_percent': '-37.0', 'likelihood': -2}]",,False,0,2,0.0,0.0,0,Rico,0.0,89,False,,,45,194010.jpg,0.0,False,Henry,0.2,False,,a,4,94,0,618,74,2330,184,0.0,0.0,Henry,,107.0,2016-08-31,1997-07-08,False,p194010,0,0,0,0,0,0,0,0,0,0,0,0,0,0.0,0.0,0.0,0.0,0,0,0,0,0,0.00,0.00,0.00,0.00,,,,,,,[],,354,144,358,148,286,122,371,145,0.0,0.0,0.0,0.0,0.0,0.0,436,97,399,147,399,147,317,120,0.0,0.0,0.0,Brentford,DEF,4.5
True,True,,,472713,0,0,0,0,0.1,-4,"[{'offset': 0, 'projected_percent': '0.1', 'likelihood': 1}, {'offset': 1, 'projected_percent': '0.0', 'likelihood': 0}, {'offset': 2, 'projected_percent': '-2.3', 'likelihood': -1}]",,False,0,2,0.5,0.5,0,Aaron,0.5,90,False,,,45,472713.jpg,1.0,False,Hickey,0.1,False,,a,4,94,1,729,106,627,87,0.1,0.2,Hickey,,243.0,2022-07-09,2002-06-10,False,p472713,14,0,0,0,0,0,0,0,0,0,0,0,2,0.0,0.3,0.0,0.0,0,2,0,0,0,0.00,0.00,0.00,0.10,,,,,,,[],,379,160,257,93,319,142,395,160,0.0,0.0,0.0,0.0,0.64,0.0,480,128,239,87,221,83,449,159,0.0,0.0,0.0,Brentford,DEF,4.5
True,True,,,570241,0,0,0,0,-14.8,2,"[{'offset': 0, 'projected_percent': '-13.3', 'likelihood': -1}, {'offset': 1, 'projected_percent': '0.0', 'likelihood': 0}, {'offset': 2, 'projected_percent': '0.0', 'likelihood': 0}]",,False,0,2,0.0,0.0,0,Kim,0.0,92,False,,,45,570241.jpg,0.0,False,Ji-soo,0.0,False,,a,4,94,0,136,24,227,29,0.0,0.0,Ji-soo,Kim Ji-Soo,114.0,2023-07-20,2004-12-24,False,p570241,0,0,0,0,0,0,0,0,0,0,0,0,0,0.0,0.0,0.0,0.0,0,0,0,0,0,0.00,0.00,0.00,0.00,,,,,,,[],,409,169,415,170,354,152,425,169,0.0,0.0,0.0,0.0,0.0,0.0,518,141,449,168,449,168,552,190,0.0,0.0,0.0,Brentford,DEF,4.5
True,True,,,513086,0,0,0,0,-29.2,-2,"[{'offset': 0, 'projected_percent': '-29.4', 'likelihood': -2}, {'offset': 1, 'projected_percent': '-30.9', 'likelihood': -2}, {'offset': 2, 'projected_percent': '-32.3', 'likelihood': -2}]",,False,0,2,0.0,0.0,0,Jannik,0.0,93,False,,,45,513086.jpg,0.0,False,Schuster,0.2,False,,a,4,94,0,157,15,1315,109,0.0,0.0,Schuster,,14.0,2026-06-15,2006-05-16,False,p513086,0,0,0,0,0,0,0,0,0,0,0,0,0,0.0,0.0,0.0,0.0,0,0,0,0,0,0.00,0.00,0.00,0.00,,,,,,,[],,392,165,399,166,337,148,408,165,0.0,0.0,0.0,0.0,0.0,0.0,500,136,433,164,433,164,366,136,0.0,0.0,0.0,Brentford,DEF,4.5
True,True,,,513418,0,0,0,0,0.6,-7,"[{'offset': 0, 'projected_percent': '0.6', 'likelihood': 1}, {'offset': 1, 'projected_percent': '0.5', 'likelihood': 1}, {'offset': 2, 'projected_percent': '0.4', 'likelihood': 1}]",,False,0,3,1.5,1.5,0,Kevin,1.5,94,False,,,60,513418.jpg,3.0,False,Schade,3.4,False,,a,4,94,3,28132,3134,31291,5502,0.2,0.5,Schade,,80.0,2023-07-01,2001-11-27,False,p513418,90,0,0,1,0,0,0,0,0,0,0,0,17,14.4,11.8,59.0,8.5,1,5,3,9,1,0.52,0.01,0.53,0.57,,,,,2.0,,[],,120,39,110,66,2,1,28,18,0.52,0.0,0.01,0.53,0.57,0.0,98,63,154,69,107,47,97,30,1.0,1.0,9.0,Brentford,MID,6.0
True,True,,,533463,0,0,0,0,-15.4,-45,"[{'offset': 0, 'projected_percent': '-16.0', 'likelihood': -1}, {'offset': 1, 'projected_percent': '-21.9', 'likelihood': -2}, {'offset': 2, 'projected_percent': '-27.9', 'likelihood': -2}]",,False,0,3,1.5,1.5,0,Dango,1.5,95,False,,,65,533463.jpg,3.0,False,Ouattara,1.1,False,,a,4,94,3,8139,791,13018,2066,0.2,0.5,O.Dango,,35.0,2025-08-16,2002-02-11,False,p533463,66,0,0,1,0,0,0,0,0,0,0,0,6,1.0,30.8,15.0,4.7,2,4,0,6,1,0.05,0.29,0.34,0.47,2.0,,,,,,[],,268,125,26,21,70,38,85,45,0.07,0.0,0.4,0.47,0.64,0.0,47,31,159,73,109,49,186,59,1.36,1.36,8.18,Brentford,MID,6.5
True,True,,,440089,0,0,0,0,-49.0,-4,"[{'offset': 0, 'projected_percent': '-49.1', 'likelihood': -3}, {'offset': 1, 'projected_percent': '-50.2', 'likelihood': -3}, {'offset': 2, 'projected_percent': '-51.3', 'likelihood': -3}]",,False,0,3,0.5,0.5,0,Mikkel,0.5,96,False,,,55,440089.jpg,1.0,False,Damsgaard,0.5,False,,a,4,94,1,2682,364,8376,832,0.1,0.2,Damsgaard,,58.0,2022-08-10,2000-07-03,False,p440089,14,0,0,0,0,0,0,0,0,0,0,0,6,7.6,26.3,0.0,3.4,0,3,1,4,0,0.00,0.11,0.11,0.10,3.0,,3.0,,,,[],,183,72,41,28,550,229,120,60,0.0,0.0,0.71,0.71,0.64,0.0,165,103,292,139,281,133,251,85,0.0,0.0,25.71,Brentford,MID,5.5
True,True,,,207283,0,0,0,0,1.5,-4,"[{'offset': 0, 'projected_percent': '1.4', 'likelihood': 1}, {'offset': 1, 'projected_percent': '1.4', 'likelihood': 1}, {'offset': 2, 'projected_percent': '1.3', 'likelihood': 1}]",,False,0,3,3.0,3.0,0,Mathias,3.0,97,False,,,55,207283.jpg,6.0,False,Jensen,0.2,False,,a,4,94,6,4245,387,1581,244,0.5,1.1,Jensen,,58.0,2019-07-10,1996-01-01,False,p207283,66,0,1,1,0,0,0,0,0,0,0,0,22,12.6,46.2,13.0,7.2,0,3,2,5,1,0.08,0.34,0.42,0.47,1.0,,2.0,,3.0,,[],,138,46,9,8,77,42,43,25,0.11,0.0,0.46,0.57,0.64,0.0,141,87,79,33,52,22,323,114,1.36,1.36,6.82,Brentford,MID,5.5
True,True,,,204580,0,0,0,0,16.6,71,"[{'offset': 0, 'projected_percent': '16.7', 'likelihood': 1}, {'offset': 1, 'projected_percent': '17.7', 'likelihood': 1}, {'offset': 2, 'projected_percent': '18.7', 'likelihood': 1}]",,False,0,3,4.5,4.5,0,Vitaly,4.5,98,False,,,50,204580.jpg,9.0,False,Janelt,0.5,False,,a,4,94,9,40038,6279,5342,1057,0.9,1.8,Janelt,,80.0,2020-10-03,1998-05-10,False,p204580,90,1,0,1,0,0,0,0,1,0,0,0,35,53.2,38.8,24.0,11.6,6,3,4,13,1,0.39,0.17,0.56,0.57,4.0,,,,,,[],,3,3,18,15,39,22,8,7,0.39,0.0,0.17,0.56,0.57,0.0,262,160,45,21,16,8,244,83,1.0,1.0,13.0,Brentford,MID,5.0
True,True,0.0,0.0,543295,0,0,0,0,-18.2,0,"[{'offset': 0, 'projected_percent': '-18.2', 'likelihood': -1}, {'offset': 1, 'projected_percent': '-18.2', 'likelihood': -1}, {'offset': 2, 'projected_percent': '-18.2', 'likelihood': -1}]",,False,0,3,0.0,0.0,0,Antoni,0.0,99,False,Knee injury - Unknown return date,2026-07-23T12:01:23.384798Z,50,543295.jpg,0.0,False,Milambo,0.0,False,,i,4,94,0,34,6,54,9,0.0,0.0,Milambo,,152.0,2025-07-03,2005-04-03,False,p543295,0,0,0,0,0,0,0,0,0,0,0,0,0,0.0,0.0,0.0,0.0,0,0,0,0,0,0.00,0.00,0.00,0.00,,,,,,,[],https://www.brentfordfc.com/en/news/video/first-team-fabio-carvalho-brentford-injury-return-keith-andrews?utm_source=chatgpt.com,518,211,531,220,489,188,534,218,0.0,0.0,0.0,0.0,0.0,0.0,368,217,546,228,546,228,615,269,0.0,0.0,0.0,Brentford,MID,5.0
True,True,100.0,100.0,244858,0,0,0,0,-14.1,0,"[{'offset': 0, 'projected_percent': '-14.1', 'likelihood': -1}, {'offset': 1, 'projected_percent': '-14.1', 'likelihood': -1}, {'offset': 2, 'projected_percent': '-14.1', 'likelihood': -1}]",,False,0,3,0.0,0.0,0,Fábio,0.0,100,False,,2026-08-18T13:58:17.442072Z,50,244858.jpg,0.0,False,Freitas Gouveia Carvalho,0.0,False,,a,4,94,0,233,78,290,44,0.0,0.0,Carvalho,Fábio Carvalho,173.0,2024-08-12,2002-08-30,False,p244858,0,0,0,0,0,0,0,0,0,0,0,0,0,0.0,0.0,0.0,0.0,0,0,0,0,0,0.00,0.00,0.00,0.00,,,,,,,[],,477,187,486,196,437,161,493,194,0.0,0.0,0.0,0.0,0.0,0.0,295,177,510,210,510,210,560,231,0.0,0.0,0.0,Brentford,MID,5.0
True,True,,,508395,0,0,0,0,-50.8,-47,"[{'offset': 0, 'projected_percent': '-51.4', 'likelihood': -3}, {'offset': 1, 'projected_percent': '-57.5', 'likelihood': -3}, {'offset': 2, 'projected_percent': '-63.6', 'likelihood': -3}]",,False,0,3,0.5,0.5,0,Yehor,0.5,102,False,,,50,508395.jpg,1.0,False,Yarmoliuk,1.1,False,,a,4,94,1,882,137,14853,1674,0.1,0.2,Yarmoliuk,,225.0,2022-10-28,2004-03-01,False,p508395,23,0,0,0,0,0,0,0,0,0,0,0,7,2.2,0.8,3.0,0.6,1,3,2,6,0,0.04,0.00,0.04,0.10,,,,,,,[],,246,111,229,126,150,77,252,113,0.16,0.0,0.0,0.16,0.39,0.0,352,205,269,123,255,113,185,58,0.0,0.0,23.48,Brentford,MID,5.0
True,True,,,183656,0,0,0,0,-35.2,0,"[{'offset': 0, 'projected_percent': '-35.2', 'likelihood': -2}, {'offset': 1, 'projected_percent': '-35.2', 'likelihood': -2}, {'offset': 2, 'projected_percent': '-35.2', 'likelihood': -2}]",,False,0,3,0.0,0.0,0,Josh,0.0,103,False,,,50,183656.jpg,0.0,False,Dasilva,0.0,False,,a,4,94,0,188,24,417,64,0.0,0.0,Dasilva,,241.0,2025-10-23,1998-10-23,False,p183656,0,0,0,0,0,0,0,0,0,0,0,0,0,0.0,0.0,0.0,0.0,0,0,0,0,0,0.00,0.00,0.00,0.00,,,,,,,[],,456,176,464,185,407,147,472,183,0.0,0.0,0.0,0.0,0.0,0.0,255,155,490,199,490,199,540,223,0.0,0.0,0.0,Brentford,MID,5.0
True,True,,,444180,0,0,0,0,-7.9,4,"[{'offset': 0, 'projected_percent': '-7.5', 'likelihood': -1}, {'offset': 1, 'projected_percent': '-4.1', 'likelihood': -1}, {'offset': 2, 'projected_percent': '-0.8', 'likelihood': -1}]",,False,0,3,0.5,0.5,0,Jaidon,0.5,105,False,,,60,444180.jpg,1.0,False,Anthony,0.2,False,,a,4,94,1,2235,277,2732,341,0.1,0.2,Anthony,,241.0,2026-07-07,1999-12-01,False,p444180,23,0,0,0,0,0,0,0,0,0,0,0,9,10.6,34.9,1.0,4.7,0,6,2,8,0,0.03,0.35,0.38,0.10,,,,,,,[],,160,58,21,16,192,98,84,44,0.12,0.0,1.37,1.49,0.39,0.0,84,53,311,150,303,147,361,136,0.0,0.0,31.3,Brentford,MID,6.0
True,True,,,502500,0,0,0,0,-17.6,-423,"[{'offset': 0, 'projected_percent': '-18.0', 'likelihood': -1}, {'offset': 1, 'projected_percent': '-21.7', 'likelihood': -2}, {'offset': 2, 'projected_percent': '-25.5', 'likelihood': -2}]",,False,0,4,0.0,0.0,0,Igor Thiago,0.0,106,False,,,80,502500.jpg,0.0,False,Nascimento Rodrigues,16.2,False,,a,4,94,0,100784,9012,170293,29126,0.0,0.0,Thiago,Igor Thiago,30.0,2024-07-01,2001-06-26,False,p502500,82,0,0,1,0,0,0,1,0,0,0,0,-3,2.2,4.0,8.0,1.4,1,4,0,5,1,1.00,0.08,1.08,0.50,,,,,1.0,,[],,250,20,153,19,102,21,221,21,1.1,0.0,0.09,1.19,0.55,0.0,10,3,620,73,620,73,24,4,1.1,1.1,5.49,Brentford,FWD,8.0
True,True,,,593174,0,0,0,0,0.9,22,"[{'offset': 0, 'projected_percent': '1.0', 'likelihood': 1}, {'offset': 1, 'projected_percent': '1.3', 'likelihood': 1}, {'offset': 2, 'projected_percent': '1.6', 'likelihood': 1}]",,False,0,4,0.0,0.0,0,Kaye,0.0,107,False,,,45,593174.jpg,0.0,False,Furo,0.9,False,,a,4,94,0,10387,2196,9672,1229,0.0,0.0,Furo,,21.0,2026-01-11,2007-02-06,False,p593174,0,0,0,0,0,0,0,0,0,0,0,0,0,0.0,0.0,0.0,0.0,0,0,0,0,0,0.00,0.00,0.00,0.00,,,,,,,[],,416,32,422,39,362,38,432,41,0.0,0.0,0.0,0.0,0.0,0.0,528,70,456,46,456,46,201,32,0.0,0.0,0.0,Brentford,FWD,4.5
True,True,,,75115,0,0,0,0,0.1,3,"[{'offset': 0, 'projected_percent': '0.1', 'likelihood': 1}, {'offset': 1, 'projected_percent': '0.1', 'likelihood': 1}, {'offset': 2, 'projected_percent': '0.2', 'likelihood': 1}]",,False,0,4,0.5,0.5,0,Callum,0.5,108,False,,,55,75115.jpg,1.0,False,Wilson,0.4,False,,a,4,94,1,5145,794,5495,687,0.1,0.2,Wilson,,241.0,2026-07-09,1992-02-27,False,p75115,7,0,0,0,0,0,0,0,0,0,0,0,4,2.2,10.3,5.0,1.8,0,0,0,0,0,0.03,0.04,0.07,0.07,,,,,,,[],,248,19,122,15,125,23,192,19,0.39,0.0,0.51,0.9,0.9,0.0,116,29,286,29,272,27,281,48,0.0,0.0,0.0,Brentford,FWD,5.5
True,True,,,513545,0,0,1,-1,37.0,401,"[{'offset': 0, 'projected_percent': '37.5', 'likelihood': 2}, {'offset': 1, 'projected_percent': '43.1', 'likelihood': 3}, {'offset': 2, 'projected_percent': '48.6', 'likelihood': 3}]",,False,1,3,7.0,7.0,0,Mamadou,7.0,565,False,,,56,513545.jpg,14.0,False,Sangaré,9.7,False,,a,4,94,14,492159,48397,30769,7429,1.3,2.5,M.Sangaré,,132.0,2026-08-01,2002-06-26,False,p513545,75,0,2,1,0,0,0,0,0,0,0,3,41,31.6,21.8,21.0,7.4,4,7,2,13,1,0.05,0.33,0.38,0.47,,,,,,,[],,50,21,56,37,44,23,39,23,0.06,0.0,0.4,0.46,0.56,0.0,114,74,15,6,3,2,41,16,1.2,1.2,15.6,Brentford,MID,5.6
True,True,,,613804,0,0,0,0,0.0,0,"[{'offset': 0, 'projected_percent': '0.0', 'likelihood': 0}, {'offset': 1, 'projected_percent': '0.0', 'likelihood': 0}, {'offset': 2, 'projected_percent': '0.0', 'likelihood': 0}]",2026-09-10T14:57:43.968027Z,False,0,2,1.7,1.7,0,El Hadji Malick,0.0,620,False,,,45,613804.jpg,0.0,False,Diouf,0.0,False,,a,4,94,0,3253,2653,392,355,0.0,0.0,Diouf,El Hadji Malick Diouf,189.0,2026-08-28,2004-12-29,False,p613804,0,0,0,0,0,0,0,0,0,0,0,0,0,0.0,0.0,0.0,0.0,0,0,0,0,0,0.00,0.00,0.00,0.00,,,,,,,[],,421,172,427,173,368,156,437,172,0.0,0.0,0.0,0.0,0.0,0.0,535,147,461,171,461,171,509,178,0.0,0.0,0.0,Brentford,DEF,4.5
True,True,,,489639,0,0,0,0,15.7,584,"[{'offset': 0, 'projected_percent': '16.5', 'likelihood': 1}, {'offset': 1, 'projected_percent': '24.6', 'likelihood': 2}, {'offset': 2, 'projected_percent': '32.7', 'likelihood': 2}]",,False,0,1,3.0,3.0,0,Bart,3.0,109,False,,,45,489639.jpg,6.0,False,Verbruggen,21.5,False,,a,5,36,6,109345,24589,55755,10275,0.7,1.3,Verbruggen,,152.0,2023-07-03,2002-08-18,False,p489639,90,0,0,1,0,0,0,0,0,0,0,0,25,6.6,0.0,0.0,0.7,0,4,0,0,1,0.00,0.00,0.00,0.29,,,,,,,[],,195,20,387,43,325,43,244,20,0.0,0.0,0.0,0.0,0.29,0.0,488,43,71,6,48,4,14,3,1.0,1.0,0.0,Brighton,GKP,4.5
True,True,,,49262,0,0,0,0,-1.6,16,"[{'offset': 0, 'projected_percent': '-1.5', 'likelihood': -1}, {'offset': 1, 'projected_percent': '-0.9', 'likelihood': -1}, {'offset': 2, 'projected_percent': '-0.4', 'likelihood': -1}]",,False,0,1,0.0,0.0,0,Jason,0.0,111,False,,,40,49262.jpg,0.0,False,Steele,4.0,False,,a,5,36,0,14824,4110,16070,2026,0.0,0.0,Steele,,241.0,2018-07-01,1990-08-18,False,p49262,0,0,0,0,0,0,0,0,0,0,0,0,0,0.0,0.0,0.0,0.0,0,0,0,0,0,0.00,0.00,0.00,0.00,,,,,,,[],,282,23,279,3,197,3,298,23,0.0,0.0,0.0,0.0,0.0,0.0,550,51,328,23,328,23,86,12,0.0,0.0,0.0,Brighton,GKP,4.0
True,True,100.0,100.0,231416,-1,1,-1,1,-1.1,-34,"[{'offset': 0, 'projected_percent': '-1.2', 'likelihood': -1}, {'offset': 1, 'projected_percent': '-2.5', 'likelihood': -1}, {'offset': 2, 'projected_percent': '-3.8', 'likelihood': -1}]",,False,0,2,0.0,0.0,0,Ferdi,0.0,113,False,,2026-08-23T13:00:07.595211Z,44,231416.jpg,0.0,False,Kadıoğlu,2.2,False,,a,5,36,0,3714,1134,54620,3216,0.0,0.0,F.Kadıoğlu,,219.0,2024-08-27,1999-10-07,False,p231416,0,0,0,0,0,0,0,0,0,0,0,0,0,0.0,0.0,0.0,0.0,0,0,0,0,0,0.00,0.00,0.00,0.00,3.0,,,,,,[],,337,139,338,142,261,112,354,140,0.0,0.0,0.0,0.0,0.0,0.0,546,151,382,142,382,142,125,50,0.0,0.0,0.0,Brighton,DEF,4.4
True,True,,,204120,0,0,0,0,1.5,20,"[{'offset': 0, 'projected_percent': '1.5', 'likelihood': 1}, {'offset': 1, 'projected_percent': '1.8', 'likelihood': 1}, {'offset': 2, 'projected_percent': '2.1', 'likelihood': 1}]",,False,0,2,3.0,3.0,0,Olivier,3.0,114,False,,,45,204120.jpg,6.0,False,Boscagli,0.3,False,,a,5,36,6,5265,1162,1878,319,0.7,1.3,Boscagli,,73.0,2025-07-02,1997-11-18,False,p204120,90,0,0,1,0,0,0,0,0,0,0,0,29,15.2,7.3,6.0,2.9,5,4,1,6,1,0.00,0.04,0.04,0.29,,,,,,,[],,112,51,130,39,114,33,133,51,0.0,0.0,0.04,0.04,0.29,0.0,440,100,68,27,44,18,302,113,1.0,1.0,6.0,Brighton,DEF,4.5
True,True,,,465730,0,0,1,-1,56.9,1924,"[{'offset': 0, 'projected_percent': '59.6', 'likelihood': 3}, {'offset': 1, 'projected_percent': '86.2', 'likelihood': 3}, {'offset': 2, 'projected_percent': '112.8', 'likelihood': 5}]",,False,1,2,8.5,8.5,0,Maxim,8.5,115,True,,,46,465730.jpg,17.0,False,De Cuyper,9.8,False,,a,5,36,17,593235,98237,25197,4039,1.8,3.7,De Cuyper,,21.0,2025-07-05,2000-12-22,False,p465730,77,1,1,1,0,0,0,0,0,0,0,2,46,40.6,45.3,43.0,12.9,1,3,3,4,1,1.47,0.21,1.68,0.29,2.0,,4.0,,,,[],,26,9,10,2,11,2,4,1,1.72,0.0,0.25,1.97,0.34,0.0,403,79,6,4,1,1,40,14,1.17,1.17,4.68,Brighton,DEF,4.6
True,True,,,83299,0,0,0,0,5.0,52,"[{'offset': 0, 'projected_percent': '5.1', 'likelihood': 1}, {'offset': 1, 'projected_percent': '5.8', 'likelihood': 1}, {'offset': 2, 'projected_percent': '6.5', 'likelihood': 1}]",,False,0,2,3.0,3.0,0,Lewis,3.0,116,False,,,45,83299.jpg,6.0,False,Dunk,1.2,False,,a,5,36,6,16413,3070,6080,770,0.7,1.3,Dunk,,241.0,2009-07-01,1991-11-21,False,p83299,90,0,0,1,0,0,0,0,0,0,0,0,24,13.4,6.4,0.0,2.0,1,2,1,2,1,0.00,0.04,0.04,0.29,,,3.0,,,,[],,132,61,134,40,268,115,175,66,0.0,0.0,0.04,0.04,0.29,0.0,410,82,66,25,42,16,176,72,1.0,1.0,2.0,Brighton,DEF,4.5
True,True,,,550090,0,0,0,0,0.0,1,"[{'offset': 0, 'projected_percent': '0.0', 'likelihood': 0}, {'offset': 1, 'projected_percent': '0.0', 'likelihood': 0}, {'offset': 2, 'projected_percent': '0.0', 'likelihood': 0}]",,False,0,2,0.0,0.0,0,Diego,0.0,117,False,,,45,550090.jpg,0.0,False,Coppola,0.0,False,,a,5,36,0,230,39,245,21,0.0,0.0,Coppola,,,,,False,p550090,0,0,0,0,0,0,0,0,0,0,0,0,0,0.0,0.0,0.0,0.0,0,0,0,0,0,0.00,0.00,0.00,0.00,,,,,,,[],,402,168,409,169,347,151,418,168,0.0,0.0,0.0,0.0,0.0,0.0,510,139,443,167,443,167,554,192,0.0,0.0,0.0,Brighton,DEF,4.5
True,True,,,223434,0,0,0,0,-18.6,-2,"[{'offset': 0, 'projected_percent': '-18.9', 'likelihood': -1}, {'offset': 1, 'projected_percent': '-21.7', 'likelihood': -2}, {'offset': 2, 'projected_percent': '-24.6', 'likelihood': -2}]",,False,0,2,0.0,0.0,0,Igor Julio,0.0,118,False,,,45,223434.jpg,0.0,False,dos Santos de Paulo,0.1,False,,a,5,36,0,567,96,964,89,0.0,0.0,Igor,Igor Julio,30.0,2023-07-26,1998-02-07,False,p223434,0,0,0,0,0,0,0,0,0,0,0,0,0,0.0,0.0,0.0,0.0,0,0,0,0,0,0.00,0.00,0.00,0.00,,,,,,,[],,362,149,366,153,295,128,379,150,0.0,0.0,0.0,0.0,0.0,0.0,448,106,406,151,406,151,438,154,0.0,0.0,0.0,Brighton,DEF,4.5
True,True,,,451490,0,0,0,0,0.0,0,"[{'offset': 0, 'projected_percent': '0.0', 'likelihood': 0}, {'offset': 1, 'projected_percent': '0.0', 'likelihood': 0}, {'offset': 2, 'projected_percent': '0.0', 'likelihood': 0}]",,False,0,2,0.5,0.5,0,João Pedro,0.5,119,False,,,45,451490.jpg,1.0,False,Loureiro da Costa,0.0,False,,a,5,36,1,321,36,267,41,0.1,0.2,Costinha,Costinha,173.0,2026-06-15,2000-03-26,False,p451490,26,0,0,0,0,0,0,0,0,0,0,0,7,8.2,1.9,18.0,2.8,3,0,1,4,0,0.12,0.00,0.12,0.10,,,,,,,[],,177,77,188,57,50,14,139,55,0.42,0.0,0.0,0.42,0.35,0.0,473,125,237,86,218,81,517,180,0.0,0.0,13.85,Brighton,DEF,4.5
True,True,,,454490,0,0,0,0,0.1,8,"[{'offset': 0, 'projected_percent': '0.1', 'likelihood': 1}, {'offset': 1, 'projected_percent': '0.2', 'likelihood': 1}, {'offset': 2, 'projected_percent': '0.3', 'likelihood': 1}]",,False,0,2,0.0,0.0,0,Michael,0.0,120,False,,,50,454490.jpg,0.0,False,Svoboda,0.1,False,,a,5,36,0,888,120,771,87,0.0,0.0,Svoboda,,14.0,2026-07-02,1998-10-15,False,p454490,0,0,0,0,0,0,0,0,0,0,0,0,0,0.0,0.0,0.0,0.0,0,0,0,0,0,0.00,0.00,0.00,0.00,,,,,,,[],,491,192,501,192,454,180,507,192,0.0,0.0,0.0,0.0,0.0,0.0,313,58,522,188,522,188,485,170,0.0,0.0,0.0,Brighton,DEF,5.0
True,True,0.0,0.0,451340,0,0,0,0,-60.5,-2,"[{'offset': 0, 'projected_percent': '-60.8', 'likelihood': -3}, {'offset': 1, 'projected_percent': '-63.3', 'likelihood': -3}, {'offset': 2, 'projected_percent': '-65.9', 'likelihood': -3}]",,False,0,3,0.0,0.0,0,Mitoma,0.0,121,False,Hamstring injury - Unknown return date,2026-07-24T18:30:10.661894Z,60,451340.jpg,0.0,False,Kaoru,0.0,False,,i,5,36,0,184,25,1418,181,0.0,0.0,Mitoma,,108.0,2021-08-09,1997-05-20,False,p451340,0,0,0,0,0,0,0,0,0,0,0,0,0,0.0,0.0,0.0,0.0,0,0,0,0,0,0.00,0.00,0.00,0.00,,,,,,,[],https://www.brightonandhovealbion.com/media-article/successful-surgery-for-mitoma,596,258,599,260,592,253,599,260,0.0,0.0,0.0,0.0,0.0,0.0,86,55,601,262,601,262,504,210,0.0,0.0,0.0,Brighton,MID,6.0
True,True,0.0,0.0,592031,-1,1,-1,1,-4.8,-8,"[{'offset': 0, 'projected_percent': '-5.2', 'likelihood': -1}, {'offset': 1, 'projected_percent': '-9.3', 'likelihood': -1}, {'offset': 2, 'projected_percent': '-13.4', 'likelihood': -1}]",,False,0,3,0.0,0.0,0,Yankuba,0.0,122,False,Leg injury - Expected back 28 Nov,2026-08-14T18:00:06.418033Z,59,592031.jpg,0.0,False,Minteh,0.1,False,,i,5,36,0,155,15,3913,392,0.0,0.0,Minteh,,78.0,2024-07-01,2004-07-22,False,p592031,0,0,0,0,0,0,0,0,0,0,0,0,0,0.0,0.0,0.0,0.0,0,0,0,0,0,0.00,0.00,0.00,0.00,5.0,,,,,,[],https://www.brightonandhovealbion.com/media-article/fabian-hurzeler-reflects-on-albions-pre-season-win-over-as-roma?utm_source=premier-league-web&utm_medium=referral&utm_campaign=pl-referral-always-on&utm_term=content-card,583,252,592,257,583,249,594,257,0.0,0.0,0.0,0.0,0.0,0.0,111,72,595,258,595,258,475,194,0.0,0.0,0.0,Brighton,MID,5.9
True,True,25.0,25.0,532529,0,0,0,0,39.0,-489,"[{'offset': 0, 'projected_percent': '38.3', 'likelihood': 2}, {'offset': 1, 'projected_percent': '31.6', 'likelihood': 2}, {'offset': 2, 'projected_percent': '24.8', 'likelihood': 2}]",,False,1,3,2.0,2.0,0,Jack,8.0,123,True,Unspecified injury - 25% chance of playing,2026-08-27T19:30:07.780933Z,60,532529.jpg,16.0,False,Hinshelwood,2.1,False,,d,5,36,16,141897,2069,59013,20928,1.3,2.7,Hinshelwood,,241.0,2022-12-30,2005-04-11,False,p532529,63,2,0,1,0,0,0,0,0,0,0,3,54,72.8,13.4,59.0,14.5,0,1,2,3,1,1.41,0.02,1.43,0.19,,,,,,,[],,1,1,96,60,3,2,2,2,2.01,0.0,0.03,2.04,0.27,0.0,99,64,10,4,2,1,131,40,1.43,1.43,4.29,Brighton,MID,6.0
True,True,,,60307,0,0,0,0,-32.5,-132,"[{'offset': 0, 'projected_percent': '-32.7', 'likelihood': -2}, {'offset': 1, 'projected_percent': '-34.2', 'likelihood': -2}, {'offset': 2, 'projected_percent': '-35.7', 'likelihood': -2}]",,False,0,3,1.0,1.0,0,Pascal,1.0,124,False,,,55,60307.jpg,2.0,False,Groß,12.6,False,,a,5,36,2,30995,6816,119643,13770,0.2,0.4,Groß,,80.0,2026-01-02,1991-06-15,False,p60307,90,0,0,1,0,0,0,0,1,0,0,0,18,21.0,56.9,8.0,8.6,0,2,3,5,1,0.00,0.27,0.27,0.29,1.0,,1.0,,1.0,,[],,79,26,2,1,95,46,26,17,0.0,0.0,0.27,0.27,0.29,0.0,115,75,192,88,148,72,32,11,1.0,1.0,5.0,Brighton,MID,5.5
True,True,75.0,75.0,463067,0,0,0,0,3.1,-52,"[{'offset': 0, 'projected_percent': '3.1', 'likelihood': 1}, {'offset': 1, 'projected_percent': '2.4', 'likelihood': 1}, {'offset': 2, 'projected_percent': '1.6', 'likelihood': 1}]",,False,0,4,1.9,1.9,0,Georginio,2.5,125,False,Unspecified injury - 75% chance of playing,2026-08-26T16:00:07.608056Z,55,463067.jpg,5.0,False,Rutter,1.0,False,,d,5,36,5,25368,1481,18021,3014,0.5,0.9,Georginio,,73.0,2024-08-19,2002-04-20,False,p463067,90,0,1,1,0,0,0,0,0,0,0,0,22,19.8,11.4,15.0,4.6,1,4,2,7,1,0.08,0.44,0.52,0.29,,,,,,,[],,86,8,113,14,69,14,87,12,0.08,0.0,0.44,0.52,0.29,0.0,174,40,104,11,71,7,197,31,1.0,1.0,7.0,Brighton,FWD,5.5
True,True,,,219249,0,0,0,0,-31.2,4,"[{'offset': 0, 'projected_percent': '-30.6', 'likelihood': -2}, {'offset': 1, 'projected_percent': '-25.1', 'likelihood': -2}, {'offset': 2, 'projected_percent': '-19.5', 'likelihood': -1}]",,False,0,3,0.0,0.0,0,Matt,0.0,126,False,,,55,219249.jpg,0.0,False,O'Riley,0.1,False,,a,5,36,0,812,156,1552,200,0.0,0.0,O'Riley,,58.0,2024-08-26,2000-11-21,False,p219249,0,0,0,0,0,0,0,0,0,0,0,0,0,0.0,0.0,0.0,0.0,0,0,0,0,0,0.00,0.00,0.00,0.00,,,,,3.0,,[],,551,230,566,239,542,222,566,237,0.0,0.0,0.0,0.0,0.0,0.0,146,90,574,243,574,243,415,162,0.0,0.0,0.0,Brighton,MID,5.5
True,True,,,514254,0,0,0,0,5.5,48,"[{'offset': 0, 'projected_percent': '5.5', 'likelihood': 1}, {'offset': 1, 'projected_percent': '6.2', 'likelihood': 1}, {'offset': 2, 'projected_percent': '6.9', 'likelihood': 1}]",,False,0,3,3.0,3.0,0,Diego,3.0,127,False,,,50,514254.jpg,6.0,False,Gómez Amarilla,3.9,False,,a,5,36,6,31385,7433,21014,4142,0.6,1.2,Gomez,Diego Gómez,168.0,2025-01-01,2003-03-27,False,p514254,85,0,1,1,0,0,0,0,0,0,0,0,27,33.0,25.1,41.0,9.9,2,1,3,6,1,0.18,0.48,0.66,0.29,,,5.0,,,,[],,43,19,47,31,12,7,13,10,0.19,0.0,0.51,0.7,0.31,0.0,356,207,75,32,49,21,87,28,1.06,1.06,6.35,Brighton,MID,5.0
True,False,0.0,0.0,536916,0,0,0,0,0.0,0,"[{'offset': 0, 'projected_percent': '0.0', 'likelihood': 0}, {'offset': 1, 'projected_percent': '0.0', 'likelihood': 0}, {'offset': 2, 'projected_percent': '0.0', 'likelihood': 0}]",,False,0,3,0.0,0.0,0,Facundo,0.0,128,False,Has joined Elche on loan for the rest of the season,2026-08-10T14:03:07.561436Z,50,536916.jpg,0.0,False,Buonanotte,0.0,False,,u,5,36,0,0,0,191,18,0.0,0.0,Buonanotte,,10.0,2023-01-01,2004-12-23,False,p536916,0,0,0,0,0,0,0,0,0,0,0,0,0,0.0,0.0,0.0,0.0,0,0,0,0,0,0.00,0.00,0.00,0.00,,,,,,,[],,517,210,530,219,488,187,533,217,0.0,0.0,0.0,0.0,0.0,0.0,366,215,545,227,545,227,609,266,0.0,0.0,0.0,Brighton,MID,5.0
True,True,,,509416,0,0,0,0,-29.1,-6,"[{'offset': 0, 'projected_percent': '-29.2', 'likelihood': -2}, {'offset': 1, 'projected_percent': '-30.6', 'likelihood': -2}, {'offset': 2, 'projected_percent': '-31.9', 'likelihood': -2}]",,False,0,3,1.0,1.0,0,Yasin,1.0,129,False,,,55,509416.jpg,2.0,False,Ayari,0.6,False,,a,5,36,2,4118,784,8734,1123,0.2,0.4,Ayari,,206.0,2023-01-30,2003-10-06,False,p509416,63,0,0,1,0,0,0,0,1,0,0,0,8,0.0,15.0,6.0,1.7,1,3,0,4,1,0.11,0.03,0.14,0.19,4.0,,2.0,,,,[],,570,244,81,51,121,62,201,89,0.16,0.0,0.04,0.2,0.27,0.0,197,124,203,97,156,79,234,79,1.43,1.43,5.71,Brighton,MID,5.5
True,True,,,467779,0,0,0,0,5.6,42,"[{'offset': 0, 'projected_percent': '5.6', 'likelihood': 1}, {'offset': 1, 'projected_percent': '6.2', 'likelihood': 1}, {'offset': 2, 'projected_percent': '6.8', 'likelihood': 1}]",,False,0,2,3.5,3.5,0,Mats,3.5,130,False,,,50,467779.jpg,7.0,False,Wieffer,0.5,False,,a,5,36,7,15937,2509,3617,560,0.7,1.4,Wieffer,,152.0,2024-07-06,1999-11-16,False,p467779,77,0,0,1,0,0,0,0,0,0,0,1,32,16.6,26.3,6.0,4.9,4,5,4,8,1,0.09,0.05,0.14,0.29,,,,,,,[],,104,44,40,13,116,35,80,28,0.11,0.0,0.06,0.17,0.34,0.0,321,61,61,23,32,12,262,98,1.17,1.17,9.35,Brighton,DEF,5.0
True,False,0.0,0.0,597320,0,0,0,0,0.0,-6,"[{'offset': 0, 'projected_percent': '0.0', 'likelihood': 0}, {'offset': 1, 'projected_percent': '0.0', 'likelihood': 0}, {'offset': 2, 'projected_percent': '0.0', 'likelihood': 0}]",,False,0,3,0.0,0.0,0,Harry,0.0,132,False,Has joined Leicester City on loan for the rest of the season,2026-08-17T13:53:19.019938Z,45,597320.jpg,0.0,False,Howell,0.1,False,,u,5,36,0,0,0,1724,192,0.0,0.0,Howell,,,,,False,p597320,0,0,0,0,0,0,0,0,0,0,0,0,0,0.0,0.0,0.0,0.0,0,0,0,0,0,0.00,0.00,0.00,0.00,,,,,,,[],,418,154,424,164,364,122,434,161,0.0,0.0,0.0,0.0,0.0,0.0,530,266,458,181,458,181,489,201,0.0,0.0,0.0,Brighton,MID,4.5
True,False,0.0,0.0,549074,0,0,0,0,0.0,0,"[{'offset': 0, 'projected_percent': '0.0', 'likelihood': 0}, {'offset': 1, 'projected_percent': '0.0', 'likelihood': 0}, {'offset': 2, 'projected_percent': '0.0', 'likelihood': 0}]",,False,0,3,0.0,0.0,0,Tom,0.0,133,False,Has joined Leicester City on loan for the rest of the season,2026-08-03T14:05:44.459483Z,50,549074.jpg,0.0,False,Watson,0.0,False,,u,5,36,0,0,0,61,5,0.0,0.0,Watson,,241.0,2025-06-01,2006-04-08,False,p549074,0,0,0,0,0,0,0,0,0,0,0,0,0,0.0,0.0,0.0,0.0,0,0,0,0,0,0.00,0.00,0.00,0.00,,,,,,,[],,520,213,533,222,492,191,536,220,0.0,0.0,0.0,0.0,0.0,0.0,371,220,548,230,548,230,618,271,0.0,0.0,0.0,Brighton,MID,5.0
True,True,,,556637,0,0,0,0,-10.8,-2,"[{'offset': 0, 'projected_percent': '-10.9', 'likelihood': -1}, {'offset': 1, 'projected_percent': '-11.7', 'likelihood': -1}, {'offset': 2, 'projected_percent': '-12.4', 'likelihood': -1}]",,False,0,3,0.0,0.0,0,Nehemiah,0.0,134,False,,,45,556637.jpg,0.0,False,Oriola,0.3,False,,a,5,36,0,2087,379,3137,357,0.0,0.0,Oriola,,241.0,2025-10-17,2007-06-11,False,p556637,0,0,0,0,0,0,0,0,0,0,0,0,0,0.0,0.0,0.0,0.0,0,0,0,0,0,0.00,0.00,0.00,0.00,,,,,,,[],,405,149,412,159,350,117,421,156,0.0,0.0,0.0,0.0,0.0,0.0,514,260,446,176,446,176,305,105,0.0,0.0,0.0,Brighton,MID,4.5
True,True,,,700308,0,0,0,0,-36.1,-2,"[{'offset': 0, 'projected_percent': '-36.6', 'likelihood': -2}, {'offset': 1, 'projected_percent': '-41.5', 'likelihood': -3}, {'offset': 2, 'projected_percent': '-46.3', 'likelihood': -3}]",,False,0,3,0.5,0.5,0,Zadok,0.5,135,False,,,50,700308.jpg,1.0,False,Yohanna,0.1,False,,a,5,36,1,433,60,1022,143,0.1,0.2,Yohanna,,157.0,2026-06-15,2007-06-29,False,p700308,12,0,0,0,0,0,0,0,0,0,0,0,3,0.2,1.3,0.0,0.2,0,0,0,0,0,0.00,0.03,0.03,0.00,,,,,,,[],,278,133,210,119,514,207,284,135,0.0,0.0,0.22,0.22,0.0,0.0,399,239,283,135,269,126,464,187,0.0,0.0,0.0,Brighton,MID,5.0
True,True,0.0,0.0,608181,0,0,0,0,-42.0,0,"[{'offset': 0, 'projected_percent': '-42.0', 'likelihood': -3}, {'offset': 1, 'projected_percent': '-42.0', 'likelihood': -3}, {'offset': 2, 'projected_percent': '-42.0', 'likelihood': -3}]",,False,0,4,0.0,0.0,0,Stefanos,0.0,137,False,Knee injury - Unknown return date,2026-07-23T12:01:23.432796Z,55,608181.jpg,0.0,False,Tzimas,0.0,False,,i,5,36,0,91,7,286,34,0.0,0.0,Tzimas,,83.0,2025-02-03,2006-01-06,False,p608181,0,0,0,0,0,0,0,0,0,0,0,0,0,0.0,0.0,0.0,0.0,0,0,0,0,0,0.00,0.00,0.00,0.00,,,,,,,[],https://www.brightonandhovealbion.com/media-article/fabian-hurzeler-reflects-on-a-successful-training-camp?srsltid=AfmBOoq6Qw6fHwT9Mxn5PIGBhoGos01rwVude5hxVRG_7iMPpS-YkOIf&utm_source=chatgpt.com,576,55,586,61,577,61,588,62,0.0,0.0,0.0,0.0,0.0,0.0,217,45,591,64,591,64,595,72,0.0,0.0,0.0,Brighton,FWD,5.5
True,True,,,647850,0,0,0,0,-8.7,4,"[{'offset': 0, 'projected_percent': '-8.4', 'likelihood': -1}, {'offset': 1, 'projected_percent': '-5.9', 'likelihood': -1}, {'offset': 2, 'projected_percent': '-3.3', 'likelihood': -1}]",,False,0,4,0.5,0.5,0,Charalampos,0.5,138,False,,,55,647850.jpg,1.0,False,Kostoulas,0.2,False,,a,5,36,1,1932,548,2471,320,0.1,0.2,Kostoulas,,83.0,2025-07-01,2007-05-30,False,p647850,26,0,0,0,0,0,0,0,0,0,0,0,-1,0.0,0.4,10.0,0.9,0,1,1,2,0,0.18,0.00,0.18,0.10,,,,,,,[],,579,56,255,29,88,17,237,23,0.62,0.0,0.0,0.62,0.35,0.0,220,46,304,34,294,33,325,53,0.0,0.0,6.92,Brighton,FWD,5.5
True,True,0.0,0.0,487117,0,0,0,0,-17.2,0,"[{'offset': 0, 'projected_percent': '-17.2', 'likelihood': -1}, {'offset': 1, 'projected_percent': '-17.2', 'likelihood': -1}, {'offset': 2, 'projected_percent': '-17.2', 'likelihood': -1}]",,False,0,4,0.0,0.0,0,Evan,0.0,139,False,Ankle injury - Expected back 10 Oct,2026-07-23T12:01:23.448357Z,50,487117.jpg,0.0,False,Ferguson,0.0,False,,i,5,36,0,426,108,754,131,0.0,0.0,Ferguson,,104.0,2021-08-23,2004-10-19,False,p487117,0,0,0,0,0,0,0,0,0,0,0,0,0,0.0,0.0,0.0,0.0,0,0,0,0,0,0.00,0.00,0.00,0.00,,,,,,,[],https://www.brightonandhovealbion.com/media-article/fabian-hurzeler-reflects-on-a-successful-training-camp?srsltid=AfmBOoq6Qw6fHwT9Mxn5PIGBhoGos01rwVude5hxVRG_7iMPpS-YkOIf&utm_source=chatgpt.com,499,39,511,47,467,46,515,48,0.0,0.0,0.0,0.0,0.0,0.0,331,55,530,53,530,53,527,69,0.0,0.0,0.0,Brighton,FWD,5.0
True,True,100.0,100.0,222694,0,0,0,0,-20.3,-1,"[{'offset': 0, 'projected_percent': '-20.3', 'likelihood': -2}, {'offset': 1, 'projected_percent': '-21.1', 'likelihood': -2}, {'offset': 2, 'projected_percent': '-21.8', 'likelihood': -2}]",,False,0,2,0.0,0.0,0,Pascal,0.0,328,False,,2026-08-15T20:30:07.523574Z,50,222694.jpg,0.0,False,Struijk,0.2,False,,a,5,36,0,1648,232,2829,275,0.0,0.0,Struijk,,152.0,2026-06-30,1999-08-11,False,p222694,0,0,0,0,0,0,0,0,0,0,0,0,0,0.0,0.0,0.0,0.0,0,0,0,0,0,0.00,0.00,0.00,0.00,,,,,,,[],,469,187,478,187,426,173,485,187,0.0,0.0,0.0,0.0,0.0,0.0,282,50,501,182,501,182,326,122,0.0,0.0,0.0,Brighton,DEF,5.0
True,True,,,610799,0,0,0,0,5.3,45,"[{'offset': 0, 'projected_percent': '5.4', 'likelihood': 1}, {'offset': 1, 'projected_percent': '6.0', 'likelihood': 1}, {'offset': 2, 'projected_percent': '6.6', 'likelihood': 1}]",,False,0,2,3.0,3.0,0,Luka,3.0,504,False,,,50,610799.jpg,6.0,False,Vušković,2.5,False,,a,5,36,6,25410,4224,14596,2249,0.6,1.2,Vuskovic,,97.0,2026-07-14,2007-02-24,False,p610799,90,0,0,1,0,0,0,0,0,0,0,0,19,12.4,4.5,12.0,2.9,4,2,0,4,1,0.13,0.03,0.16,0.29,,,,,,,[],,141,66,149,44,78,22,137,54,0.13,0.0,0.03,0.16,0.29,0.0,386,76,77,32,51,23,117,44,1.0,1.0,4.0,Brighton,DEF,5.0
True,True,,,538007,0,0,0,0,0.0,0,"[{'offset': 0, 'projected_percent': '0.0', 'likelihood': 0}, {'offset': 1, 'projected_percent': '0.0', 'likelihood': 0}, {'offset': 2, 'projected_percent': '0.0', 'likelihood': 0}]",2026-09-01T14:01:16.200061Z,False,0,4,0.0,0.0,0,Promise,0.0,594,False,,,60,538007.jpg,0.0,False,David,0.3,False,,a,5,36,0,3141,622,4719,578,0.0,0.0,David,,39.0,2026-08-18,2001-07-03,False,p538007,0,0,0,0,0,0,0,0,0,0,0,0,0,0.0,0.0,0.0,0.0,0,0,0,0,0,0.00,0.00,0.00,0.00,,,,,2.0,,[],,602,66,605,67,600,67,605,67,0.0,0.0,0.0,0.0,0.0,0.0,100,25,605,68,605,68,312,52,0.0,0.0,0.0,Brighton,FWD,6.0
True,True,,,612855,0,0,0,0,0.0,0,"[{'offset': 0, 'projected_percent': '0.0', 'likelihood': 0}, {'offset': 1, 'projected_percent': '0.0', 'likelihood': 0}, {'offset': 2, 'projected_percent': '0.0', 'likelihood': 0}]",2026-09-03T13:04:41.322924Z,False,0,3,0.5,0.5,0,Ibrahim,0.5,600,False,,,50,612855.jpg,1.0,False,Osman,0.0,False,,a,5,36,1,250,32,166,23,0.1,0.2,Osman,,81.0,2024-07-01,2004-11-29,False,p612855,12,0,0,0,0,0,0,0,0,0,0,0,7,4.2,15.4,4.0,2.4,0,2,0,2,0,0.00,0.05,0.05,0.00,,,,,,,[],,221,95,78,49,136,68,157,71,0.0,0.0,0.38,0.38,0.0,0.0,387,231,278,131,264,121,564,234,0.0,0.0,15.0,Brighton,MID,5.0
True,True,,,611695,0,0,0,0,0.0,0,"[{'offset': 0, 'projected_percent': '0.0', 'likelihood': 0}, {'offset': 1, 'projected_percent': '0.0', 'likelihood': 0}, {'offset': 2, 'projected_percent': '0.0', 'likelihood': 0}]",2026-09-05T18:19:45.373499Z,False,0,3,0.5,0.5,0,Malick,0.5,605,False,,,45,611695.jpg,1.0,False,Yalcouyé,0.1,False,,a,5,36,1,5277,938,1247,295,0.1,0.2,Yalcouyé,,54.0,2024-07-12,2005-11-18,False,p611695,4,0,0,0,0,0,0,0,0,0,0,0,3,0.6,2.7,0.0,0.3,0,0,0,0,0,0.00,0.01,0.01,0.00,,,,,,,[],,269,126,167,98,366,123,275,129,0.0,0.0,0.22,0.22,0.0,0.0,533,267,245,110,229,99,409,160,0.0,0.0,0.0,Brighton,MID,4.5
True,True,,,512123,0,0,0,0,0.0,0,"[{'offset': 0, 'projected_percent': '0.0', 'likelihood': 0}, {'offset': 1, 'projected_percent': '0.0', 'likelihood': 0}, {'offset': 2, 'projected_percent': '0.0', 'likelihood': 0}]",2026-09-08T14:03:01.287849Z,False,0,2,1.7,1.7,0,Jaouen,0.0,614,False,,,45,512123.jpg,0.0,False,Hadjam,0.0,False,,a,5,36,0,1518,512,93,39,0.0,0.0,Hadjam,,3.0,2026-08-25,2003-03-26,False,p512123,0,0,0,0,0,0,0,0,0,0,0,0,0,0.0,0.0,0.0,0.0,0,0,0,0,0,0.00,0.00,0.00,0.00,,,,,,,[],,391,164,398,165,336,147,407,164,0.0,0.0,0.0,0.0,0.0,0.0,499,135,432,163,432,163,539,187,0.0,0.0,0.0,Brighton,DEF,4.5
True,True,,,244850,0,0,0,0,84.7,-62,"[{'offset': 0, 'projected_percent': '84.6', 'likelihood': 3}, {'offset': 1, 'projected_percent': '83.8', 'likelihood': 3}, {'offset': 2, 'projected_percent': '82.9', 'likelihood': 3}]",,False,0,3,4.0,4.0,0,Morgan,4.0,40,False,,,75,244850.jpg,8.0,False,Rogers,26.1,False,,a,6,8,8,280166,28315,100144,28395,0.5,1.1,Rogers,,241.0,2026-07-21,2002-07-26,False,p244850,81,1,0,0,2,0,0,0,0,0,0,1,37,48.8,53.5,29.0,13.1,0,5,2,7,1,0.96,0.10,1.06,1.24,4.0,,,,,,[],,8,6,4,3,30,16,3,3,1.07,0.0,0.11,1.18,1.38,2.22,17,10,59,26,28,13,10,4,1.11,0.0,7.78,Chelsea,MID,7.5
True,True,75.0,75.0,56979,0,0,0,0,-38.7,0,"[{'offset': 0, 'projected_percent': '-38.7', 'likelihood': -2}, {'offset': 1, 'projected_percent': '-38.7', 'likelihood': -2}, {'offset': 2, 'projected_percent': '-38.7', 'likelihood': -2}]",,False,0,3,0.0,0.0,0,Jordan,0.0,101,False,Wrist injury - 75% chance of playing,2026-08-09T09:30:07.136250Z,50,56979.jpg,0.0,False,Henderson,0.0,False,,d,6,8,0,263,49,808,117,0.0,0.0,Henderson,Jordan Henderson,241.0,2026-08-03,1990-06-17,False,p56979,0,0,0,0,0,0,0,0,0,0,0,0,0,0.0,0.0,0.0,0.0,0,0,0,0,0,0.00,0.00,0.00,0.00,,,,,,,[],,435,165,441,175,382,134,451,172,0.0,0.0,0.0,0.0,0.0,0.0,227,141,473,191,473,191,512,213,0.0,0.0,0.0,Chelsea,MID,5.0
True,True,100.0,100.0,50175,0,0,0,0,-98.4,-23,"[{'offset': 0, 'projected_percent': '-98.7', 'likelihood': -4}, {'offset': 1, 'projected_percent': '-102.1', 'likelihood': -5}, {'offset': 2, 'projected_percent': '-105.4', 'likelihood': -5}]",,False,0,4,0.0,0.0,0,Danny,0.0,136,False,,2026-08-20T14:00:07.949090Z,60,50175.jpg,0.0,False,Welbeck,1.0,False,,a,6,8,0,5057,1921,24520,2095,0.0,0.0,Welbeck,,241.0,2026-08-01,1990-11-26,False,p50175,0,0,0,0,0,0,0,0,0,0,0,0,0,0.0,0.0,0.0,0.0,0,0,0,0,0,0.00,0.00,0.00,0.00,,,,,,,[],,585,58,593,63,584,63,595,64,0.0,0.0,0.0,0.0,0.0,0.0,57,13,597,66,597,66,195,30,0.0,0.0,0.0,Chelsea,FWD,6.0
True,True,,,215059,0,0,0,0,-47.4,-82,"[{'offset': 0, 'projected_percent': '-47.9', 'likelihood': -3}, {'offset': 1, 'projected_percent': '-53.4', 'likelihood': -3}, {'offset': 2, 'projected_percent': '-58.9', 'likelihood': -3}]",,False,0,1,1.0,1.0,0,Robert,1.0,140,False,,,50,215059.jpg,2.0,False,Lynch Sánchez,2.1,False,,a,6,8,2,9680,756,31890,4699,0.2,0.4,Sánchez,,200.0,2023-08-05,1997-11-18,False,p215059,90,0,0,0,2,0,0,0,0,0,4,0,6,21.4,0.0,0.0,2.1,1,5,0,0,1,0.00,0.01,0.01,1.33,,,,,,,[],,78,11,471,56,417,56,170,11,0.0,4.0,0.01,0.01,1.33,2.0,271,12,183,16,138,11,127,19,1.0,0.0,0.0,Chelsea,GKP,5.0
True,False,0.0,0.0,508479,0,0,0,0,0.0,-1,"[{'offset': 0, 'projected_percent': '0.0', 'likelihood': 0}, {'offset': 1, 'projected_percent': '0.0', 'likelihood': 0}, {'offset': 2, 'projected_percent': '0.0', 'likelihood': 0}]",,False,0,1,0.0,0.0,0,Filip,0.0,141,False,Has joined RC Strasbourg on loan for the rest of the season,2026-08-12T14:07:02.607115Z,50,508479.jpg,0.0,False,Jörgensen,0.0,False,,u,6,8,0,0,0,545,44,0.0,0.0,Jörgensen,,58.0,2024-07-30,2002-04-16,False,p508479,0,0,0,0,0,0,0,0,0,0,0,0,0,0.0,0.0,0.0,0.0,0,0,0,0,0,0.00,0.00,0.00,0.00,,,,,,,[],,513,69,526,65,483,65,529,69,0.0,0.0,0.0,0.0,0.0,0.0,353,21,541,69,541,69,579,66,0.0,0.0,0.0,Chelsea,GKP,5.0
True,True,,,225796,0,0,0,0,-5.8,-56,"[{'offset': 0, 'projected_percent': '-5.9', 'likelihood': -1}, {'offset': 1, 'projected_percent': '-6.7', 'likelihood': -1}, {'offset': 2, 'projected_percent': '-7.5', 'likelihood': -1}]",,False,0,2,0.0,0.0,0,Reece,0.0,142,False,,,55,225796.jpg,0.0,False,James,9.9,False,,a,6,8,0,70222,7697,94044,12726,0.0,0.0,James,,241.0,2019-05-15,1999-12-08,False,p225796,90,0,0,0,2,0,0,0,1,0,0,0,5,23.4,16.8,19.0,5.9,6,4,0,6,1,0.10,0.07,0.17,1.33,1.0,,1.0,,,,[],,72,32,71,23,48,13,54,15,0.1,0.0,0.07,0.17,1.33,2.0,148,17,576,200,576,200,39,13,1.0,0.0,6.0,Chelsea,DEF,5.5
True,False,0.0,0.0,180736,0,0,0,0,0.0,-22,"[{'offset': 0, 'projected_percent': '0.0', 'likelihood': 0}, {'offset': 1, 'projected_percent': '0.0', 'likelihood': 0}, {'offset': 2, 'projected_percent': '0.0', 'likelihood': 0}]",,False,0,2,0.0,0.0,0,Trevoh,0.0,143,False,Has joined Como permanently,2026-08-10T14:03:50.769483Z,55,180736.jpg,0.0,False,Chalobah,0.1,False,,u,6,8,0,0,0,8820,762,0.0,0.0,Chalobah,,241.0,2018-02-16,1999-07-05,False,p180736,0,0,0,0,0,0,0,0,0,0,0,0,0,0.0,0.0,0.0,0.0,0,0,0,0,0,0.00,0.00,0.00,0.00,,,,,,,[],,542,201,557,201,529,194,558,201,0.0,0.0,0.0,0.0,0.0,0.0,129,13,566,198,566,198,397,142,0.0,0.0,0.0,Chelsea,DEF,5.5
True,True,,,482609,0,0,0,0,2.1,-21,"[{'offset': 0, 'projected_percent': '2.1', 'likelihood': 1}, {'offset': 1, 'projected_percent': '1.8', 'likelihood': 1}, {'offset': 2, 'projected_percent': '1.5', 'likelihood': 1}]",,False,0,2,0.5,0.5,0,Malo,0.5,144,False,,,50,482609.jpg,1.0,False,Gusto,1.2,False,,a,6,8,1,15024,1699,12696,1749,0.1,0.2,Gusto,,73.0,2023-01-28,2003-05-19,False,p482609,75,0,0,0,2,0,0,0,0,0,0,0,2,7.2,9.8,6.0,2.3,2,4,1,3,1,0.00,0.03,0.03,1.11,,,,,,,[],,185,82,125,38,117,36,162,63,0.0,0.0,0.04,0.04,1.33,2.4,327,63,262,98,248,97,173,71,1.2,0.0,3.6,Chelsea,DEF,5.0
True,True,100.0,100.0,444463,0,0,0,0,0.0,0,"[{'offset': 0, 'projected_percent': '0.0', 'likelihood': 0}, {'offset': 1, 'projected_percent': '0.0', 'likelihood': 0}, {'offset': 2, 'projected_percent': '0.0', 'likelihood': 0}]",2026-09-01T21:00:07.689883Z,False,0,2,0.0,0.0,0,Wesley,0.0,145,False,,2026-07-23T12:01:23.464591Z,50,444463.jpg,0.0,False,Fofana,0.0,False,,a,6,8,0,1078,265,342,81,0.0,0.0,Fofana,Wesley Fofana,73.0,2022-08-31,2000-12-17,False,p444463,0,0,0,0,0,0,0,0,0,0,0,0,0,0.0,0.0,0.0,0.0,0,0,0,0,0,0.00,0.00,0.00,0.00,,,,,,,[],,485,190,495,190,448,178,501,190,0.0,0.0,0.0,0.0,0.0,0.0,307,56,517,186,517,186,503,175,0.0,0.0,0.0,Chelsea,DEF,5.0
True,False,0.0,0.0,242880,0,0,0,0,0.0,-3,"[{'offset': 0, 'projected_percent': '0.0', 'likelihood': 0}, {'offset': 1, 'projected_percent': '0.0', 'likelihood': 0}, {'offset': 2, 'projected_percent': '0.0', 'likelihood': 0}]",,False,0,2,0.0,0.0,0,Benoît,0.0,146,False,Has joined Napoli on loan for the rest of the season,2026-08-25T14:03:47.079414Z,45,242880.jpg,0.0,False,Badiashile Mukinayi,0.0,False,,u,6,8,0,232,0,994,194,0.0,0.0,B.Badiashile,,73.0,2023-01-05,2001-03-26,False,p242880,0,0,0,0,0,0,0,0,0,0,0,0,0,0.0,0.0,0.0,0.0,0,0,0,0,0,0.00,0.00,0.00,0.00,,,,,,,[],,368,153,373,157,304,134,385,154,0.0,0.0,0.0,0.0,0.0,0.0,460,115,411,154,411,154,553,191,0.0,0.0,0.0,Chelsea,DEF,4.5
True,True,,,109646,0,0,0,0,-48.2,-11,"[{'offset': 0, 'projected_percent': '-49.0', 'likelihood': -3}, {'offset': 1, 'projected_percent': '-56.9', 'likelihood': -3}, {'offset': 2, 'projected_percent': '-64.8', 'likelihood': -3}]",,False,0,2,0.0,0.0,0,Tosin,0.0,147,False,,,45,109646.jpg,0.0,False,Adarabioyo,0.2,False,,a,6,8,0,296,33,2325,205,0.0,0.0,Tosin,,241.0,2024-07-01,1997-09-24,False,p109646,0,0,0,0,0,0,0,0,0,0,0,0,0,0.0,0.0,0.0,0.0,0,0,0,0,0,0.00,0.00,0.00,0.00,,,,,,,[],,344,141,347,144,274,117,361,142,0.0,0.0,0.0,0.0,0.0,0.0,418,86,389,144,389,144,346,130,0.0,0.0,0.0,Chelsea,DEF,4.5
True,True,,,551210,0,0,0,0,0.1,-13,"[{'offset': 0, 'projected_percent': '0.1', 'likelihood': 1}, {'offset': 1, 'projected_percent': '-2.1', 'likelihood': -1}, {'offset': 2, 'projected_percent': '-6.0', 'likelihood': -1}]",,False,0,2,0.5,0.5,0,Jorrel,0.5,148,False,,,45,551210.jpg,1.0,False,Hato,0.5,False,,a,6,8,1,4887,529,5146,662,0.1,0.2,Hato,,152.0,2025-08-03,2006-03-07,False,p551210,64,0,0,0,2,0,0,0,0,0,0,0,5,8.4,12.3,11.0,3.2,1,2,2,3,1,0.01,0.03,0.04,1.05,,,,,,,[],,175,76,101,30,82,26,125,47,0.01,0.0,0.04,0.05,1.48,2.81,511,140,242,90,225,87,260,96,1.41,0.0,4.22,Chelsea,DEF,4.5
True,True,,,460028,0,0,0,0,-20.4,-26,"[{'offset': 0, 'projected_percent': '-20.7', 'likelihood': -2}, {'offset': 1, 'projected_percent': '-23.2', 'likelihood': -2}, {'offset': 2, 'projected_percent': '-25.7', 'likelihood': -2}]",,False,0,2,0.0,0.0,0,Levi,0.0,149,False,,,50,460028.jpg,0.0,False,Samuels Colwill,1.5,False,,a,6,8,0,11846,1275,20448,2669,0.0,0.0,Colwill,,241.0,2022-07-01,2003-02-26,False,p460028,90,0,0,0,2,0,0,0,1,0,0,0,6,6.0,1.6,7.0,1.5,2,3,2,4,1,0.01,0.03,0.04,1.33,,,,,,,[],,201,88,195,60,105,31,208,81,0.01,0.0,0.03,0.04,1.33,2.0,314,59,523,189,523,189,157,64,1.0,0.0,4.0,Chelsea,DEF,5.0
True,False,0.0,,574458,0,0,0,0,0.0,-18,"[{'offset': 0, 'projected_percent': '0.0', 'likelihood': 0}, {'offset': 1, 'projected_percent': '0.0', 'likelihood': 0}, {'offset': 2, 'projected_percent': '0.0', 'likelihood': 0}]",,False,0,2,0.0,0.0,0,Mamadou,0.0,150,False,Has joined Real Sociedad on loan for the rest of the season,2026-08-29T00:34:23.077418Z,45,574458.jpg,0.0,False,Sarr,0.1,False,,u,6,8,0,429,24,1782,833,0.0,0.0,M.Sarr,Mamadou Sarr,189.0,2025-06-09,2005-08-29,False,p574458,0,0,0,0,0,0,0,0,0,0,0,0,0,0.0,0.0,0.0,0.0,0,0,0,0,0,0.00,0.00,0.00,0.00,,,,,,,[],,411,170,417,171,356,153,427,170,0.0,0.0,0.0,0.0,0.0,0.0,520,142,451,169,451,169,463,165,0.0,0.0,0.0,Chelsea,DEF,4.5
True,True,,,577016,0,0,0,0,2.4,7,"[{'offset': 0, 'projected_percent': '2.4', 'likelihood': 1}, {'offset': 1, 'projected_percent': '2.5', 'likelihood': 1}, {'offset': 2, 'projected_percent': '2.6', 'likelihood': 1}]",,False,0,2,1.5,1.5,0,Josh,1.5,151,False,,,45,577016.jpg,3.0,False,Acheampong,0.4,False,,a,6,8,3,9515,1450,3776,642,0.3,0.7,Acheampong,,241.0,2024-03-10,2006-05-05,False,p577016,90,0,0,0,2,0,0,0,0,0,0,0,13,33.2,2.2,2.0,3.7,10,6,5,15,1,0.00,0.01,0.01,1.33,,,,,,,[],,41,14,180,54,163,59,112,40,0.0,0.0,0.01,0.01,1.33,2.0,523,144,134,51,94,38,280,107,1.0,0.0,15.0,Chelsea,DEF,4.5
True,True,75.0,75.0,620109,0,0,0,0,-103.9,-538,"[{'offset': 0, 'projected_percent': '-106.0', 'likelihood': -5}, {'offset': 1, 'projected_percent': '-126.9', 'likelihood': -5}, {'offset': 2, 'projected_percent': '-147.7', 'likelihood': -5}]",,False,0,2,0.0,0.0,0,Marco,0.0,152,False,Unspecified injury - 75% chance of playing,2026-08-24T18:30:07.421239Z,55,620109.jpg,0.0,False,Palestra,2.0,False,,d,6,8,0,5128,168,80273,10336,0.0,0.0,Palestra,,106.0,2026-07-01,2005-03-03,False,p620109,0,0,0,0,0,0,0,0,0,0,0,0,0,0.0,0.0,0.0,0.0,0,0,0,0,0,0.00,0.00,0.00,0.00,,,,,,,[],https://www.chelseafc.com/en/news/article/xabi-alonso-explains-marco-palestra-and-moises-caicedo-absences-against?utm_source=chatgpt.com,577,205,587,205,578,204,589,205,0.0,0.0,0.0,0.0,0.0,0.0,218,32,592,203,592,203,132,53,0.0,0.0,0.0,Chelsea,DEF,5.5
True,True,100.0,100.0,244851,1,-1,1,-1,2.0,304,"[{'offset': 0, 'projected_percent': '2.1', 'likelihood': 1}, {'offset': 1, 'projected_percent': '3.7', 'likelihood': 1}, {'offset': 2, 'projected_percent': '5.2', 'likelihood': 1}]",,False,1,3,6.5,6.5,0,Cole,6.5,154,False,,2026-08-24T22:00:07.971542Z,96,244851.jpg,13.0,False,Palmer,17.1,False,,a,6,8,13,437628,60756,42734,10774,0.7,1.4,Palmer,,241.0,2023-09-01,2002-05-06,False,p244851,82,1,1,0,2,0,0,0,0,0,0,3,60,65.2,41.3,54.0,16.1,0,7,2,9,1,0.28,0.19,0.47,1.24,,,3.0,,1.0,,[],,2,2,14,12,5,4,1,1,0.31,0.0,0.21,0.52,1.36,2.2,3,2,22,12,6,4,20,7,1.1,0.0,9.88,Chelsea,MID,9.6
True,True,,,448047,0,0,0,0,-103.0,-330,"[{'offset': 0, 'projected_percent': '-104.1', 'likelihood': -5}, {'offset': 1, 'projected_percent': '-115.4', 'likelihood': -5}, {'offset': 2, 'projected_percent': '-126.6', 'likelihood': -5}]",,False,0,3,0.5,0.5,0,Enzo,0.5,155,False,,,70,448047.jpg,1.0,False,Fernández,4.2,False,,a,6,8,1,16342,1388,103994,14829,0.1,0.1,Enzo,,10.0,2023-01-31,2001-01-17,False,p448047,25,0,0,0,0,0,0,0,0,0,0,0,6,3.4,12.0,0.0,1.5,0,3,0,3,0,0.00,0.02,0.02,0.28,3.0,,2.0,,2.0,,[],,236,105,106,64,618,272,212,95,0.0,0.0,0.07,0.07,1.01,0.0,28,18,324,161,316,158,80,25,0.0,0.0,10.8,Chelsea,MID,7.0
True,True,,,247632,0,0,0,0,-83.4,-66,"[{'offset': 0, 'projected_percent': '-84.3', 'likelihood': -3}, {'offset': 1, 'projected_percent': '-92.4', 'likelihood': -3}, {'offset': 2, 'projected_percent': '-100.6', 'likelihood': -5}]",,False,0,3,0.5,0.5,0,Pedro,0.5,156,False,,,65,247632.jpg,1.0,False,Lomba Neto,1.2,False,,a,6,8,1,6355,720,26625,3263,0.1,0.2,Neto,Pedro Neto,173.0,2024-08-11,2000-03-09,False,p247632,14,0,0,0,0,0,0,0,0,0,0,0,9,5.2,4.1,4.0,1.3,0,3,1,4,0,0.03,0.07,0.10,0.22,2.0,,4.0,,,,[],,212,88,152,90,144,73,227,102,0.19,0.0,0.45,0.64,1.41,0.0,38,25,320,157,312,154,180,54,0.0,0.0,25.71,Chelsea,MID,6.5
True,True,,,624773,0,0,0,0,-91.9,-71,"[{'offset': 0, 'projected_percent': '-92.8', 'likelihood': -3}, {'offset': 1, 'projected_percent': '-101.9', 'likelihood': -5}, {'offset': 2, 'projected_percent': '-111.1', 'likelihood': -5}]",,False,0,3,0.5,0.5,0,Estêvão,0.5,157,False,,,65,624773.jpg,1.0,False,Almeida de Oliveira Gonçalves,1.1,False,,a,6,8,1,6496,932,27251,3467,0.1,0.2,Estêvão,Estêvão,30.0,2025-07-14,2007-04-24,False,p624773,7,0,0,0,0,0,0,0,0,0,0,0,3,0.2,0.4,0.0,0.1,0,1,0,1,0,0.00,0.00,0.00,0.09,5.0,,,,3.0,,[],,279,134,256,135,615,270,295,141,0.0,0.0,0.0,0.0,1.16,0.0,49,33,322,159,314,156,184,57,0.0,0.0,12.86,Chelsea,MID,6.5
True,True,,,463936,0,0,0,0,-78.3,-2,"[{'offset': 0, 'projected_percent': '-79.3', 'likelihood': -3}, {'offset': 1, 'projected_percent': '-89.0', 'likelihood': -3}, {'offset': 2, 'projected_percent': '-98.7', 'likelihood': -4}]",,False,0,3,0.0,0.0,0,Jamie,0.0,158,False,,,60,463936.jpg,0.0,False,Bynoe-Gittens,0.0,False,,a,6,8,0,323,52,869,96,0.0,0.0,Gittens,,241.0,2025-07-05,2004-08-08,False,p463936,0,0,0,0,0,0,0,0,0,0,0,0,0,0.0,0.0,0.0,0.0,0,0,0,0,0,0.00,0.00,0.00,0.00,,,,,,,[],,598,259,601,261,594,254,601,261,0.0,0.0,0.0,0.0,0.0,0.0,88,56,603,263,603,263,522,217,0.0,0.0,0.0,Chelsea,MID,6.0
True,True,75.0,75.0,486672,0,0,0,0,-106.0,-377,"[{'offset': 0, 'projected_percent': '-107.1', 'likelihood': -5}, {'offset': 1, 'projected_percent': '-117.9', 'likelihood': -5}, {'offset': 2, 'projected_percent': '-128.8', 'likelihood': -5}]",,False,0,3,0.0,0.0,0,Moisés,0.0,159,False,Unspecified injury - 75% chance of playing,2026-08-24T18:30:07.431154Z,55,486672.jpg,0.0,False,Caicedo Corozo,2.7,False,,d,6,8,0,9933,452,113498,15175,0.0,0.0,Caicedo,Moisés Caicedo,62.0,2023-08-14,2001-11-02,False,p486672,0,0,0,0,0,0,0,0,0,0,0,0,0,0.0,0.0,0.0,0.0,0,0,0,0,0,0.00,0.00,0.00,0.00,,,,,,,[],https://www.chelseafc.com/en/news/article/xabi-alonso-confirms-chelsea-team-news-for-brighton-visit,566,240,579,248,563,237,579,246,0.0,0.0,0.0,0.0,0.0,0.0,188,117,584,251,584,251,111,35,0.0,0.0,0.0,Chelsea,MID,5.5
True,True,,,514356,0,0,0,0,0.2,-1,"[{'offset': 0, 'projected_percent': '0.2', 'likelihood': 1}, {'offset': 1, 'projected_percent': '0.2', 'likelihood': 1}, {'offset': 2, 'projected_percent': '0.2', 'likelihood': 1}]",,False,0,3,0.5,0.5,0,Roméo,0.5,161,False,,,50,514356.jpg,1.0,False,Lavia,0.1,False,,a,6,8,1,1378,205,1058,139,0.1,0.2,Lavia,,21.0,2023-08-18,2004-01-06,False,p514356,64,0,0,0,2,0,0,0,1,0,0,0,8,13.6,21.9,33.0,6.9,2,4,3,9,1,0.21,0.03,0.24,1.05,,,,,,,[],,130,43,55,36,24,11,44,26,0.3,0.0,0.04,0.34,1.48,2.81,357,208,270,124,256,114,467,189,1.41,0.0,12.66,Chelsea,MID,5.0
True,True,,,491007,0,0,0,0,-33.0,2,"[{'offset': 0, 'projected_percent': '-32.9', 'likelihood': -2}, {'offset': 1, 'projected_percent': '-31.1', 'likelihood': -2}, {'offset': 2, 'projected_percent': '-29.3', 'likelihood': -2}]",,False,0,3,0.0,0.0,0,Dário,0.0,163,False,,,45,491007.jpg,0.0,False,Luís Essugo,0.2,False,,a,6,8,0,1534,282,3259,372,0.0,0.0,D.Essugo,Dário Essugo,173.0,2025-06-02,2005-03-14,False,p491007,0,0,0,0,0,0,0,0,0,0,0,0,0,0.0,0.0,0.0,0.0,0,0,0,0,0,0.00,0.00,0.00,0.00,,,,,,,[],,382,142,389,152,327,110,398,149,0.0,0.0,0.0,0.0,0.0,0.0,490,253,423,169,423,169,347,127,0.0,0.0,0.0,Chelsea,MID,4.5
True,True,100.0,100.0,593117,0,0,0,0,-80.5,-5,"[{'offset': 0, 'projected_percent': '-82.2', 'likelihood': -3}, {'offset': 1, 'projected_percent': '-98.4', 'likelihood': -4}, {'offset': 2, 'projected_percent': '-114.7', 'likelihood': -5}]",,False,0,3,0.5,0.5,0,Geovany,0.5,164,False,,2026-07-24T20:30:10.609931Z,55,593117.jpg,1.0,False,Quenda,0.0,False,,a,6,8,1,279,48,963,143,0.1,0.2,Quenda,Geovany Quenda,173.0,2026-06-15,2007-04-30,False,p593117,8,0,0,0,0,0,0,0,0,0,0,0,2,1.2,0.3,2.0,0.4,1,0,0,1,0,0.00,0.00,0.00,0.09,,,,,,,[],,264,122,265,140,181,91,270,126,0.0,0.0,0.0,0.0,1.01,0.0,216,137,303,145,292,140,502,209,0.0,0.0,11.25,Chelsea,MID,5.5
True,True,,,475168,0,0,1,-1,27.6,387,"[{'offset': 0, 'projected_percent': '28.1', 'likelihood': 2}, {'offset': 1, 'projected_percent': '33.5', 'likelihood': 2}, {'offset': 2, 'projected_percent': '38.8', 'likelihood': 2}]",,False,1,4,5.5,5.5,0,João Pedro,5.5,165,False,,,76,475168.jpg,11.0,False,Junqueira de Jesus,68.5,False,,a,6,8,11,443749,38561,42374,14209,0.7,1.4,João Pedro,João Pedro,30.0,2025-07-02,2001-09-26,False,p475168,90,1,1,0,2,0,0,0,0,0,0,2,45,51.2,23.0,37.0,11.1,1,2,0,3,1,0.63,0.06,0.69,1.33,,,,,,,[],,5,1,53,3,19,7,11,2,0.63,0.0,0.06,0.69,1.33,2.0,14,5,32,3,10,1,2,2,1.0,0.0,3.0,Chelsea,FWD,7.6
True,True,,,499309,0,0,0,0,-40.7,-8,"[{'offset': 0, 'projected_percent': '-40.9', 'likelihood': -3}, {'offset': 1, 'projected_percent': '-43.6', 'likelihood': -3}, {'offset': 2, 'projected_percent': '-46.2', 'likelihood': -3}]",,False,0,4,0.0,0.0,0,Marc,0.0,168,False,,,50,499309.jpg,0.0,False,Guiu Paz,0.4,False,,a,6,8,0,2680,502,7106,960,0.0,0.0,Marc Guiu,,200.0,2024-07-01,2006-01-04,False,p499309,0,0,0,0,0,0,0,0,0,0,0,0,0,0.0,0.0,0.0,0.0,0,0,0,0,0,0.00,0.00,0.00,0.00,,,,,,,[],,510,40,523,48,480,47,526,49,0.0,0.0,0.0,0.0,0.0,0.0,346,56,539,54,539,54,269,46,0.0,0.0,0.0,Chelsea,FWD,5.0
True,True,,,567119,0,0,0,0,-9.5,7,"[{'offset': 0, 'projected_percent': '-9.2', 'likelihood': -1}, {'offset': 1, 'projected_percent': '-6.6', 'likelihood': -1}, {'offset': 2, 'projected_percent': '-3.9', 'likelihood': -1}]",,False,0,4,0.0,0.0,0,Shumaira,0.0,169,False,,,45,567119.jpg,0.0,False,Mheuka,0.4,False,,a,6,8,0,3691,762,5054,645,0.0,0.0,Mheuka,,,,,False,p567119,0,0,0,0,0,0,0,0,0,0,0,0,0,0.0,0.0,0.0,0.0,0,0,0,0,0,0.00,0.00,0.00,0.00,,,,,,,[],,408,31,414,38,353,37,424,40,0.0,0.0,0.0,0.0,0.0,0.0,517,69,448,45,448,45,286,49,0.0,0.0,0.0,Chelsea,FWD,4.5
True,True,100.0,100.0,503037,0,0,0,0,-24.2,-3,"[{'offset': 0, 'projected_percent': '-24.5', 'likelihood': -2}, {'offset': 1, 'projected_percent': '-27.4', 'likelihood': -2}, {'offset': 2, 'projected_percent': '-30.3', 'likelihood': -2}]",,False,0,4,0.0,0.0,0,Emmanuel,0.0,170,False,,2026-07-24T20:30:10.622380Z,50,503037.jpg,0.0,False,Emegha,0.1,False,,a,6,8,0,1777,327,2755,421,0.0,0.0,Emegha,,152.0,2026-06-15,2003-02-03,False,p503037,0,0,0,0,0,0,0,0,0,0,0,0,0,0.0,0.0,0.0,0.0,0,0,0,0,0,0.00,0.00,0.00,0.00,,,,,,,[],,512,41,525,49,482,48,528,50,0.0,0.0,0.0,0.0,0.0,0.0,351,57,540,55,540,55,378,55,0.0,0.0,0.0,Chelsea,FWD,5.0
True,True,,,437499,0,0,0,0,9.5,17,"[{'offset': 0, 'projected_percent': '9.5', 'likelihood': 1}, {'offset': 1, 'projected_percent': '9.7', 'likelihood': 1}, {'offset': 2, 'projected_percent': '10.0', 'likelihood': 1}]",,False,0,2,3.0,3.0,0,Maxence,3.0,200,False,,,60,437499.jpg,6.0,False,Lacroix,9.5,False,,a,6,8,6,72733,9211,53890,9083,0.5,1.0,Lacroix,,73.0,2026-07-30,2000-04-06,False,p437499,90,0,1,0,2,0,0,0,0,0,0,0,25,44.2,11.2,2.0,5.7,7,2,5,12,1,0.00,0.20,0.20,1.33,,,,,,,[],,15,5,120,36,184,63,58,17,0.0,0.0,0.2,0.2,1.33,2.0,79,8,87,35,58,27,42,15,1.0,0.0,12.0,Chelsea,DEF,6.0
True,True,,,549939,0,0,0,0,-27.4,-2,"[{'offset': 0, 'projected_percent': '-27.8', 'likelihood': -2}, {'offset': 1, 'projected_percent': '-31.8', 'likelihood': -2}, {'offset': 2, 'projected_percent': '-35.8', 'likelihood': -2}]",,False,0,1,0.0,0.0,0,Mike,0.0,560,False,,,45,549939.jpg,0.0,False,Penders,0.1,False,,a,6,8,0,472,77,896,131,0.0,0.0,Penders,,21.0,2024-08-27,2005-07-31,False,p549939,0,0,0,0,0,0,0,0,0,0,0,0,0,0.0,0.0,0.0,0.0,0,0,0,0,0,0.00,0.00,0.00,0.00,,,,,,,[],,401,59,408,47,346,47,417,59,0.0,0.0,0.0,0.0,0.0,0.0,509,47,442,59,442,59,460,50,0.0,0.0,0.0,Chelsea,GKP,4.5
True,True,100.0,100.0,622758,0,0,0,0,-2.7,0,"[{'offset': 0, 'projected_percent': '-2.7', 'likelihood': -1}, {'offset': 1, 'projected_percent': '-2.7', 'likelihood': -1}, {'offset': 2, 'projected_percent': '-2.7', 'likelihood': -1}]",,False,0,2,0.0,0.0,0,Aaron,0.0,561,False,,2026-08-23T19:00:08.536705Z,45,622758.jpg,0.0,False,Anselmino,0.0,False,,a,6,8,0,147,25,471,25,0.0,0.0,Anselmino,,10.0,2024-08-08,2005-04-29,False,p622758,0,0,0,0,0,0,0,0,0,0,0,0,0,0.0,0.0,0.0,0.0,0,0,0,0,0,0.00,0.00,0.00,0.00,,,,,,,[],,424,174,430,175,371,158,440,174,0.0,0.0,0.0,0.0,0.0,0.0,538,149,462,172,462,172,557,195,0.0,0.0,0.0,Chelsea,DEF,4.5
True,True,,,543158,0,0,0,0,-34.1,3,"[{'offset': 0, 'projected_percent': '-33.8', 'likelihood': -2}, {'offset': 1, 'projected_percent': '-30.8', 'likelihood': -2}, {'offset': 2, 'projected_percent': '-27.9', 'likelihood': -2}]",,False,0,3,0.0,0.0,0,Valentín,0.0,568,False,,,55,543158.jpg,0.0,False,Barco,0.1,False,,a,6,8,0,807,279,1888,227,0.0,0.0,Barco,,10.0,2026-08-02,2004-07-23,False,p543158,0,0,0,0,0,0,0,0,0,0,0,0,0,0.0,0.0,0.0,0.0,0,0,0,0,0,0.00,0.00,0.00,0.00,,,,,,,[],,571,245,583,252,570,242,583,250,0.0,0.0,0.0,0.0,0.0,0.0,200,127,588,255,588,255,387,149,0.0,0.0,0.0,Chelsea,MID,5.5
True,True,,,465920,0,0,0,0,-58.2,-6,"[{'offset': 0, 'projected_percent': '-60.2', 'likelihood': -3}, {'offset': 1, 'projected_percent': '-80.1', 'likelihood': -3}, {'offset': 2, 'projected_percent': '-100.0', 'likelihood': -5}]",,False,0,3,0.0,0.0,0,Mykhailo,0.0,578,False,,,55,465920.jpg,0.0,False,Mudryk,0.0,False,,a,6,8,0,277,43,1134,158,0.0,0.0,Mudryk,,225.0,2023-01-15,2001-01-05,False,p465920,0,0,0,0,0,0,0,0,0,0,0,0,0,0.0,0.0,0.0,0.0,0,0,0,0,0,0.00,0.00,0.00,0.00,,,,,,,[],,562,237,575,245,560,234,576,243,0.0,0.0,0.0,0.0,0.0,0.0,178,110,581,248,581,248,499,207,0.0,0.0,0.0,Chelsea,MID,5.5
True,True,,,498444,0,0,0,0,-18.6,-3,"[{'offset': 0, 'projected_percent': '-18.9', 'likelihood': -1}, {'offset': 1, 'projected_percent': '-21.0', 'likelihood': -2}, {'offset': 2, 'projected_percent': '-23.2', 'likelihood': -2}]",,False,0,2,0.5,0.5,0,Pep,0.5,583,False,,,50,498444.jpg,1.0,False,Chavarría,0.2,False,,a,6,8,1,1222,141,2877,319,0.1,0.2,Chavarria,,200.0,2026-08-12,1998-04-10,False,p498444,25,0,0,0,0,0,0,0,0,0,0,0,3,2.4,0.2,2.0,0.5,1,1,0,1,0,0.00,0.00,0.00,0.28,,,,,,,[],,243,96,270,99,172,61,257,95,0.0,0.0,0.0,0.0,1.01,0.0,345,70,266,99,253,98,342,128,0.0,0.0,3.6,Chelsea,DEF,5.0
True,True,,,231065,0,0,0,0,-19.9,-5,"[{'offset': 0, 'projected_percent': '-20.7', 'likelihood': -2}, {'offset': 1, 'projected_percent': '-29.0', 'likelihood': -2}, {'offset': 2, 'projected_percent': '-37.3', 'likelihood': -2}]",,False,0,2,0.5,0.5,1,Ethan,0.5,91,False,,,45,231065.jpg,1.0,False,Pinnock,0.1,False,,a,7,9,1,710,136,1123,152,0.1,0.2,Pinnock,,107.0,2026-08-26,1993-05-29,False,p231065,12,0,0,0,1,0,0,0,0,0,0,0,-1,0.0,0.0,0.0,0.0,2,0,0,2,0,0.00,0.00,0.00,0.54,,,,,,,[],,364,150,368,154,299,131,381,151,0.0,0.0,0.0,0.0,4.05,7.5,454,111,233,82,215,78,448,158,0.0,0.0,15.0,Coventry City,DEF,4.5
True,True,,,428580,0,0,0,0,0.4,-14,"[{'offset': 0, 'projected_percent': '0.4', 'likelihood': 1}, {'offset': 1, 'projected_percent': '0.2', 'likelihood': 1}, {'offset': 2, 'projected_percent': '0.0', 'likelihood': 0}]",,False,0,3,1.0,1.0,0,Frank,1.0,104,False,,,50,428580.jpg,2.0,False,Onyeka,0.2,False,,a,7,9,2,2539,83,2002,402,0.2,0.4,Onyeka,,157.0,2026-07-01,1998-01-01,False,p428580,90,0,0,0,3,0,0,0,0,0,0,0,8,3.6,1.6,0.0,0.5,3,5,1,9,1,0.00,0.01,0.01,1.88,,,,,,,[],,232,102,194,113,441,164,255,115,0.0,0.0,0.01,0.01,1.88,3.0,299,180,186,83,141,66,369,140,1.0,0.0,9.0,Coventry City,MID,5.0
True,True,,,472739,0,0,0,0,3.4,-37,"[{'offset': 0, 'projected_percent': '3.3', 'likelihood': 1}, {'offset': 1, 'projected_percent': '2.8', 'likelihood': 1}, {'offset': 2, 'projected_percent': '2.3', 'likelihood': 1}]",,False,0,1,1.5,1.5,2,Carl,1.5,110,False,,,45,472739.jpg,1.5,False,Rushworth,1.2,False,,a,7,9,3,12327,396,6906,2234,0.3,0.7,Rushworth,,241.0,2026-08-04,2001-07-02,False,p472739,180,0,0,0,4,0,0,0,0,0,3,0,10,14.2,0.0,0.0,1.4,2,20,0,0,2,0.00,0.01,0.01,2.61,,,,,,,[],,121,17,383,40,320,40,216,17,0.0,1.5,0.0,0.0,1.3,2.0,481,40,132,9,175,12,177,26,1.0,0.0,0.0,Coventry City,GKP,4.5
True,True,,,484389,0,0,0,0,-8.8,-22,"[{'offset': 0, 'projected_percent': '-9.0', 'likelihood': -1}, {'offset': 1, 'projected_percent': '-11.1', 'likelihood': -1}, {'offset': 2, 'projected_percent': '-13.2', 'likelihood': -1}]",,False,0,1,0.0,0.0,0,Oliver,0.0,171,False,,,40,484389.jpg,0.0,False,Dovin,1.5,False,,a,7,9,0,3638,1004,7359,948,0.0,0.0,Dovin,,206.0,2024-07-19,2002-07-11,False,p484389,0,0,0,0,0,0,0,0,0,0,0,0,0,0.0,0.0,0.0,0.0,0,0,0,0,0,0.00,0.00,0.00,0.00,,,,,,,[],,310,38,310,18,231,18,327,38,0.0,0.0,0.0,0.0,0.0,0.0,593,66,356,38,356,38,154,22,0.0,0.0,0.0,Coventry City,GKP,4.0
True,True,,,110690,0,0,0,0,-36.1,-13,"[{'offset': 0, 'projected_percent': '-36.5', 'likelihood': -2}, {'offset': 1, 'projected_percent': '-40.6', 'likelihood': -3}, {'offset': 2, 'projected_percent': '-44.6', 'likelihood': -3}]",,False,0,1,0.0,0.0,0,Ben,0.0,172,False,,,45,110690.jpg,0.0,False,Wilson,0.5,False,,a,7,9,0,254,27,3918,478,0.0,0.0,Wilson,,241.0,2019-07-01,1992-08-09,False,p110690,0,0,0,0,0,0,0,0,0,0,0,0,0,0.0,0.0,0.0,0.0,0,0,0,0,0,0.00,0.00,0.00,0.00,,,,,,,[],,345,46,348,28,275,28,362,46,0.0,0.0,0.0,0.0,0.0,0.0,419,28,390,46,390,46,267,36,0.0,0.0,0.0,Coventry City,GKP,4.5
True,True,,,461102,0,0,0,0,8.0,71,"[{'offset': 0, 'projected_percent': '8.1', 'likelihood': 1}, {'offset': 1, 'projected_percent': '9.0', 'likelihood': 1}, {'offset': 2, 'projected_percent': '10.0', 'likelihood': 1}]",,False,0,2,5.5,5.5,8,Bobby,5.5,173,False,,,40,461102.jpg,5.5,False,Thomas,7.9,False,,a,7,9,11,45378,7267,29249,5359,1.4,2.8,Thomas,,241.0,2023-07-22,2001-01-30,False,p461102,167,0,0,1,3,0,0,0,0,0,0,2,39,23.2,11.2,1.0,3.5,18,8,1,19,2,0.02,0.02,0.04,2.06,,,,,,,[],,73,33,119,35,189,65,115,42,0.01,0.0,0.01,0.02,1.11,1.62,589,178,28,12,63,28,52,20,1.08,0.54,10.24,Coventry City,DEF,4.0
True,True,,,436761,0,0,0,0,-30.0,-24,"[{'offset': 0, 'projected_percent': '-30.5', 'likelihood': -2}, {'offset': 1, 'projected_percent': '-36.0', 'likelihood': -2}, {'offset': 2, 'projected_percent': '-41.4', 'likelihood': -3}]",,False,0,2,0.0,0.0,0,Liam,0.0,174,False,,,40,436761.jpg,0.0,False,Kitching,0.6,False,,a,7,9,0,600,80,5386,600,0.0,0.0,Kitching,,241.0,2023-09-01,1999-09-25,False,p436761,0,0,0,0,0,0,0,0,0,0,0,0,0,0.0,0.0,0.0,0.0,0,0,0,0,0,0.00,0.00,0.00,0.00,,,,,,,[],,303,112,303,114,222,80,320,113,0.0,0.0,0.0,0.0,0.0,0.0,582,173,349,116,349,116,233,87,0.0,0.0,0.0,Coventry City,DEF,4.0
True,True,,,451284,0,0,0,0,-2.5,-305,"[{'offset': 0, 'projected_percent': '-2.9', 'likelihood': -1}, {'offset': 1, 'projected_percent': '-6.3', 'likelihood': -1}, {'offset': 2, 'projected_percent': '-9.7', 'likelihood': -1}]",,False,0,2,1.5,1.5,2,Milan,1.5,175,False,,,40,451284.jpg,1.5,False,van Ewijk,12.9,False,,a,7,9,3,39649,5198,62558,12700,0.4,0.8,van Ewijk,,152.0,2023-07-27,2000-09-08,False,p451284,180,0,0,0,4,0,0,0,0,0,0,0,7,10.6,2.0,2.0,1.5,7,6,2,9,2,0.00,0.17,0.17,2.61,,,,,,,[],,157,72,186,56,157,53,206,79,0.0,0.0,0.08,0.08,1.3,2.0,587,176,130,49,174,56,31,11,1.0,0.0,4.5,Coventry City,DEF,4.0
True,True,,,173878,0,0,0,0,-0.1,-16,"[{'offset': 0, 'projected_percent': '-0.4', 'likelihood': -1}, {'offset': 1, 'projected_percent': '-3.2', 'likelihood': -1}, {'offset': 2, 'projected_percent': '-6.0', 'likelihood': -1}]",,False,0,2,1.5,1.5,2,Jay,1.5,176,False,,,40,173878.jpg,1.5,False,Dasilva,0.8,False,,a,7,9,3,3457,233,4662,608,0.4,0.8,Dasilva,,244.0,2023-07-01,1998-04-22,False,p173878,180,0,0,0,4,0,0,0,0,0,0,0,11,13.8,3.8,0.0,1.8,7,4,2,9,2,0.18,0.07,0.25,2.61,,,,,,,[],,124,56,154,45,211,72,188,73,0.09,0.0,0.04,0.13,1.3,2.0,567,161,129,48,173,55,214,79,1.0,0.0,4.5,Coventry City,DEF,4.0
True,True,0.0,0.0,465390,0,0,0,0,-23.0,-3,"[{'offset': 0, 'projected_percent': '-23.3', 'likelihood': -2}, {'offset': 1, 'projected_percent': '-26.1', 'likelihood': -2}, {'offset': 2, 'projected_percent': '-28.9', 'likelihood': -2}]",,False,0,2,0.0,0.0,0,Kaine,0.0,177,False,Hamstring injury - Unknown return date,2026-08-27T14:56:28.704361Z,40,465390.jpg,0.0,False,Kesler-Hayden,0.1,False,,i,7,9,0,182,14,980,230,0.0,0.0,Kesler-Hayden,,241.0,2025-07-01,2002-10-23,False,p465390,0,0,0,0,0,0,0,0,0,0,0,0,0,0.0,0.0,0.0,0.0,0,0,0,0,0,0.00,0.00,0.00,0.00,,,,,,,[],,308,114,308,116,229,84,325,115,0.0,0.0,0.0,0.0,0.0,0.0,591,179,354,118,354,118,480,168,0.0,0.0,0.0,Coventry City,DEF,4.0
True,True,,,80178,0,0,0,0,-9.9,0,"[{'offset': 0, 'projected_percent': '-9.9', 'likelihood': -1}, {'offset': 1, 'projected_percent': '-9.9', 'likelihood': -1}, {'offset': 2, 'projected_percent': '-9.9', 'likelihood': -1}]",,False,0,2,0.0,0.0,0,Jake,0.0,178,False,,,40,80178.jpg,0.0,False,Bidwell,0.1,False,,a,7,9,0,541,35,854,110,0.0,0.0,Bidwell,,241.0,2022-01-17,1993-03-21,False,p80178,0,0,0,0,0,0,0,0,0,0,0,0,0,0.0,0.0,0.0,0.0,0,0,0,0,0,0.00,0.00,0.00,0.00,,,,,,,[],,286,103,283,102,201,67,302,103,0.0,0.0,0.0,0.0,0.0,0.0,554,153,332,107,332,107,436,152,0.0,0.0,0.0,Coventry City,DEF,4.0
True,True,,,204813,0,0,0,0,-26.2,-4,"[{'offset': 0, 'projected_percent': '-27.5', 'likelihood': -2}, {'offset': 1, 'projected_percent': '-40.1', 'likelihood': -3}, {'offset': 2, 'projected_percent': '-52.8', 'likelihood': -3}]",,False,0,2,0.0,0.0,0,Joel,0.0,179,False,,,40,204813.jpg,0.0,False,Latibeaudiere,0.0,False,,a,7,9,0,192,32,466,46,0.0,0.0,Latibeaudiere,,107.0,2023-07-18,2000-01-06,False,p204813,0,0,0,0,0,0,0,0,0,0,0,0,0,0.0,0.0,0.0,0.0,0,0,0,0,0,0.00,0.00,0.00,0.00,,,,,,,[],,296,108,295,109,215,76,313,109,0.0,0.0,0.0,0.0,0.0,0.0,571,165,342,112,342,112,506,177,0.0,0.0,0.0,Coventry City,DEF,4.0
True,True,0.0,0.0,220583,0,0,0,0,-18.4,-12,"[{'offset': 0, 'projected_percent': '-18.8', 'likelihood': -1}, {'offset': 1, 'projected_percent': '-22.6', 'likelihood': -2}, {'offset': 2, 'projected_percent': '-26.4', 'likelihood': -2}]",,False,0,2,0.0,0.0,0,Luke,0.0,180,False,Knee injury - Unknown return date,2026-08-27T14:56:28.718566Z,40,220583.jpg,0.0,False,Woolfenden,0.2,False,,i,7,9,0,998,52,2856,628,0.0,0.0,Woolfenden,,241.0,2025-09-01,1998-10-21,False,p220583,0,0,0,0,0,0,0,0,0,0,0,0,0,0.0,0.0,0.0,0.0,0,0,0,0,0,0.00,0.00,0.00,0.00,,,,,,,[],,299,110,298,111,218,78,316,111,0.0,0.0,0.0,0.0,0.0,0.0,576,169,345,114,345,114,367,137,0.0,0.0,0.0,Coventry City,DEF,4.0
True,False,0.0,,577411,0,0,0,0,0.0,-9,"[{'offset': 0, 'projected_percent': '0.0', 'likelihood': 0}, {'offset': 1, 'projected_percent': '0.0', 'likelihood': 0}, {'offset': 2, 'projected_percent': '0.0', 'likelihood': 0}]",,False,0,2,0.0,0.0,0,Miguel,0.0,181,False,Has joined Academico de Viseu on loan for the rest of the season,2026-08-29T00:35:59.980316Z,40,577411.jpg,0.0,False,Brau,0.0,False,,u,7,9,0,275,19,543,205,0.0,0.0,Brau,,200.0,2025-07-01,2001-12-27,False,p577411,0,0,0,0,0,0,0,0,0,0,0,0,0,0.0,0.0,0.0,0.0,0,0,0,0,0,0.00,0.00,0.00,0.00,,,,,,,[],,327,130,327,132,250,102,344,131,0.0,0.0,0.0,0.0,0.0,0.0,612,197,372,133,372,133,510,179,0.0,0.0,0.0,Coventry City,DEF,4.0
True,True,,,539142,0,0,0,0,-4.1,-12,"[{'offset': 0, 'projected_percent': '-4.3', 'likelihood': -1}, {'offset': 1, 'projected_percent': '-6.4', 'likelihood': -1}, {'offset': 2, 'projected_percent': '-8.5', 'likelihood': -1}]",,False,0,2,1.0,1.0,1,Aurèle,1.0,182,False,,,40,539142.jpg,1.0,False,Amenda,0.8,False,,a,7,9,2,3579,251,5435,924,0.2,0.5,Amenda,,207.0,2026-07-16,2003-07-31,False,p539142,180,0,0,0,4,0,0,0,1,0,0,0,4,28.8,0.8,0.0,3.0,13,5,0,13,2,0.02,0.05,0.07,2.61,,,,,,,[],,54,21,227,77,240,92,129,49,0.01,0.0,0.02,0.03,1.3,2.0,602,187,165,60,200,64,212,78,1.0,0.0,6.5,Coventry City,DEF,4.0
True,True,100.0,100.0,480457,0,0,0,0,0.1,-4,"[{'offset': 0, 'projected_percent': '0.1', 'likelihood': 1}, {'offset': 1, 'projected_percent': '-0.3', 'likelihood': -1}, {'offset': 2, 'projected_percent': '-4.4', 'likelihood': -1}]",,False,0,3,2.0,2.0,3,Jack,2.0,183,False,,2026-07-23T12:01:23.481435Z,50,480457.jpg,2.0,False,Rudoni,0.1,False,,a,7,9,4,1391,141,1573,274,0.4,0.8,Rudoni,,241.0,2024-06-20,2001-06-14,False,p480457,90,0,0,1,0,0,0,0,0,0,0,0,15,5.6,3.8,17.0,2.6,1,8,2,11,1,0.19,0.09,0.28,0.33,4.0,,1.0,,,,[],,206,84,157,91,54,29,148,66,0.19,0.0,0.09,0.28,0.33,0.0,326,191,115,53,142,67,385,148,1.0,1.0,11.0,Coventry City,MID,5.0
True,True,,,168144,0,0,0,0,0.4,-12,"[{'offset': 0, 'projected_percent': '0.4', 'likelihood': 1}, {'offset': 1, 'projected_percent': '0.3', 'likelihood': 1}, {'offset': 2, 'projected_percent': '0.1', 'likelihood': 1}]",,False,0,3,2.0,2.0,2,Matt,2.0,184,False,,,50,168144.jpg,2.0,False,Grimes,0.2,False,,a,7,9,4,2395,105,2020,404,0.4,0.8,Grimes,,241.0,2025-01-31,1995-07-15,False,p168144,180,0,0,0,4,0,0,0,0,0,0,0,28,13.4,3.7,0.0,1.7,5,12,0,17,2,0.01,0.05,0.06,2.61,1.0,,,,3.0,,[],,133,44,158,92,401,144,197,87,0.0,0.0,0.02,0.02,1.3,2.0,249,152,114,52,135,62,342,124,1.0,0.0,8.5,Coventry City,MID,5.0
True,True,,,501459,0,0,0,0,-70.3,-4,"[{'offset': 0, 'projected_percent': '-70.9', 'likelihood': -3}, {'offset': 1, 'projected_percent': '-76.9', 'likelihood': -3}, {'offset': 2, 'projected_percent': '-82.9', 'likelihood': -3}]",,False,0,3,0.5,0.5,1,Tatsuhiro,0.5,185,False,,,50,501459.jpg,1.0,False,Sakamoto,0.1,False,,a,7,9,1,164,27,1632,177,0.1,0.2,Sakamoto,,108.0,2023-07-10,1996-10-22,False,p501459,31,0,0,0,1,0,0,0,0,0,0,0,8,0.0,0.0,0.0,0.0,0,2,2,4,0,0.02,0.02,0.04,0.69,,,,,,,[],,511,207,524,216,481,183,527,214,0.06,0.0,0.06,0.12,2.0,2.9,349,203,267,121,254,112,424,168,0.0,0.0,11.61,Coventry City,MID,5.0
True,True,100.0,100.0,241293,0,0,0,0,-47.8,-11,"[{'offset': 0, 'projected_percent': '-49.1', 'likelihood': -3}, {'offset': 1, 'projected_percent': '-62.7', 'likelihood': -3}, {'offset': 2, 'projected_percent': '-76.2', 'likelihood': -3}]",,False,0,3,0.5,0.5,1,Ephron,0.5,186,False,,2026-08-19T18:00:08.310507Z,55,241293.jpg,1.0,False,Mason-Clark,0.1,False,,a,7,9,1,551,62,1791,213,0.1,0.2,Mason-Clark,,107.0,2024-02-01,1999-08-25,False,p241293,57,0,0,0,0,0,0,0,0,0,0,0,4,0.0,0.0,0.0,0.0,1,2,0,3,1,0.00,0.06,0.06,0.04,,,,,,,[],,554,233,568,241,545,225,568,239,0.0,0.0,0.09,0.09,0.06,0.0,152,94,289,138,278,132,399,156,1.58,0.0,4.74,Coventry City,MID,5.5
True,True,,,439668,0,0,0,0,-94.9,0,"[{'offset': 0, 'projected_percent': '-94.9', 'likelihood': -3}, {'offset': 1, 'projected_percent': '-94.9', 'likelihood': -3}, {'offset': 2, 'projected_percent': '-94.9', 'likelihood': -3}]",,False,0,3,0.0,0.0,0,Josh,0.0,187,False,,,50,439668.jpg,0.0,False,Eccles,0.0,False,,a,7,9,0,82,13,351,52,0.0,0.0,Eccles,,241.0,2018-07-01,2000-04-06,False,p439668,0,0,0,0,0,0,0,0,0,0,0,0,0,0.0,0.0,0.0,0.0,0,0,0,0,0,0.00,0.00,0.00,0.00,,,,,,,[],,483,191,493,200,446,166,499,198,0.0,0.0,0.0,0.0,0.0,0.0,305,182,515,213,515,213,577,244,0.0,0.0,0.0,Coventry City,MID,5.0
True,True,,,226965,0,0,0,0,-43.3,-12,"[{'offset': 0, 'projected_percent': '-44.4', 'likelihood': -3}, {'offset': 1, 'projected_percent': '-55.3', 'likelihood': -3}, {'offset': 2, 'projected_percent': '-66.2', 'likelihood': -3}]",,False,0,3,1.0,1.0,1,Victor,1.0,188,False,,,55,226965.jpg,1.0,False,Torp,0.2,False,,a,7,9,2,568,19,2180,356,0.2,0.4,Torp,,58.0,2024-01-11,1999-07-30,False,p226965,47,0,0,0,1,0,0,0,0,0,0,0,10,6.8,16.4,0.0,2.3,1,2,0,3,0,0.00,0.12,0.12,1.01,2.0,,2.0,,2.0,,[],,192,76,72,44,544,224,163,74,0.0,0.0,0.23,0.23,1.93,1.91,149,92,197,92,277,131,372,142,0.0,0.0,5.74,Coventry City,MID,5.5
True,True,,,684268,0,0,0,0,-31.5,-12,"[{'offset': 0, 'projected_percent': '-32.2', 'likelihood': -2}, {'offset': 1, 'projected_percent': '-38.2', 'likelihood': -2}, {'offset': 2, 'projected_percent': '-44.3', 'likelihood': -3}]",,False,0,3,0.0,0.0,0,George,0.0,189,False,,,45,684268.jpg,0.0,False,Shepherd,0.3,False,,a,7,9,0,1193,180,3592,421,0.0,0.0,Shepherd,,,,,False,p684268,0,0,0,0,0,0,0,0,0,0,0,0,0,0.0,0.0,0.0,0.0,0,0,0,0,0,0.00,0.00,0.00,0.00,,,,,,,[],,430,160,436,170,377,129,446,167,0.0,0.0,0.0,0.0,0.0,0.0,544,273,468,186,468,186,301,102,0.0,0.0,0.0,Coventry City,MID,4.5
True,True,,,469272,0,0,0,0,0.7,-10,"[{'offset': 0, 'projected_percent': '0.7', 'likelihood': 1}, {'offset': 1, 'projected_percent': '0.6', 'likelihood': 1}, {'offset': 2, 'projected_percent': '0.4', 'likelihood': 1}]",,False,0,3,1.5,1.5,1,Loum,1.5,190,False,,,55,469272.jpg,1.5,False,Tchaouna,0.2,False,,a,7,9,3,2800,38,1763,312,0.3,0.5,Tchaouna,,73.0,2026-07-11,2003-09-08,False,p469272,139,0,0,0,3,0,0,0,0,0,0,0,18,1.8,6.0,3.0,1.1,5,8,1,14,2,0.09,0.17,0.26,1.80,,,,,,,[],,256,117,138,82,151,78,232,105,0.06,0.0,0.11,0.17,1.17,1.94,179,111,149,67,190,95,370,141,1.29,0.0,9.06,Coventry City,MID,5.5
True,True,,,492498,0,0,0,0,-27.4,-4,"[{'offset': 0, 'projected_percent': '-27.8', 'likelihood': -2}, {'offset': 1, 'projected_percent': '-31.2', 'likelihood': -2}, {'offset': 2, 'projected_percent': '-34.7', 'likelihood': -2}]",,False,0,3,0.0,0.0,0,Raphael,0.0,191,False,,,45,492498.jpg,0.0,False,Borges Rodrigues,0.2,False,,a,7,9,0,897,217,2150,277,0.0,0.0,Borges Rodrigues,,13.0,2024-07-01,2003-09-11,False,p492498,0,0,0,0,0,0,0,0,0,0,0,0,0,0.0,0.0,0.0,0.0,0,0,0,0,0,0.00,0.00,0.00,0.00,,,,,,,[],,384,144,391,154,329,112,400,151,0.0,0.0,0.0,0.0,0.0,0.0,492,255,425,171,425,171,364,138,0.0,0.0,0.0,Coventry City,MID,4.5
True,False,0.0,,629397,0,0,0,0,0.0,-113,"[{'offset': 0, 'projected_percent': '0.0', 'likelihood': 0}, {'offset': 1, 'projected_percent': '0.0', 'likelihood': 0}, {'offset': 2, 'projected_percent': '0.0', 'likelihood': 0}]",,False,0,3,0.0,0.0,0,Kai,0.0,192,False,Has joined Oxford United on loan for the rest of the season,2026-08-29T00:35:59.998520Z,45,629397.jpg,0.0,False,Andrews,0.6,False,,u,7,9,0,2718,142,10652,3458,0.0,0.0,Andrews,,244.0,2023-08-11,2006-08-06,False,p629397,0,0,0,0,0,0,0,0,0,0,0,0,0,0.0,0.0,0.0,0.0,0,0,0,0,0,0.00,0.00,0.00,0.00,,,,,,,[],,425,157,431,167,372,126,441,164,0.0,0.0,0.0,0.0,0.0,0.0,539,270,463,183,463,183,240,81,0.0,0.0,0.0,Coventry City,MID,4.5
True,True,0.0,0.0,176412,0,0,0,0,-86.3,-16,"[{'offset': 0, 'projected_percent': '-87.0', 'likelihood': -3}, {'offset': 1, 'projected_percent': '-93.3', 'likelihood': -3}, {'offset': 2, 'projected_percent': '-99.6', 'likelihood': -4}]",,False,0,4,0.0,0.0,0,Haji,0.0,193,False,Thigh injury - Unknown return date,2026-08-14T22:00:07.214508Z,55,176412.jpg,0.0,False,Wright,0.1,False,,i,7,9,0,125,18,6071,646,0.0,0.0,Wright,,229.0,2023-08-04,1998-03-27,False,p176412,0,0,0,0,0,0,0,0,0,0,0,0,0,0.0,0.0,0.0,0.0,0,0,0,0,0,0.00,0.00,0.00,0.00,,,,,1.0,,[],https://www.ccfc.co.uk/news/2026/august/19/head-coach-frank-lampard-provides-an-update-on-haji-wright/,541,49,556,57,528,56,557,58,0.0,0.0,0.0,0.0,0.0,0.0,128,34,565,63,565,63,393,57,0.0,0.0,0.0,Coventry City,FWD,5.5
True,True,,,230730,0,0,0,0,3.7,-4,"[{'offset': 0, 'projected_percent': '3.7', 'likelihood': 1}, {'offset': 1, 'projected_percent': '3.6', 'likelihood': 1}, {'offset': 2, 'projected_percent': '3.6', 'likelihood': 1}]",,False,0,4,1.5,1.5,1,Brandon,1.5,194,False,,,50,230730.jpg,1.5,False,Thomas-Asante,0.8,False,,a,7,9,3,16947,2353,9636,1748,0.3,0.6,Thomas-Asante,,81.0,2024-08-01,1998-12-29,False,p230730,101,0,0,0,4,0,0,0,0,0,0,0,14,4.6,1.1,0.0,0.6,5,3,0,8,1,0.00,0.02,0.02,2.29,,,,,4.0,,[],,217,15,220,25,431,43,251,26,0.0,0.0,0.02,0.02,2.04,3.56,287,52,137,14,179,19,211,34,0.89,0.0,7.13,Coventry City,FWD,5.0
True,True,,,218997,0,0,0,0,5.4,-75,"[{'offset': 0, 'projected_percent': '5.3', 'likelihood': 1}, {'offset': 1, 'projected_percent': '4.3', 'likelihood': 1}, {'offset': 2, 'projected_percent': '3.2', 'likelihood': 1}]",,False,0,4,1.0,1.0,0,Ellis,1.0,195,False,,,50,218997.jpg,2.0,False,Simms,1.0,False,,a,7,9,2,22336,2400,12083,2480,0.2,0.4,Simms,,241.0,2023-07-07,2001-01-05,False,p218997,69,0,0,0,3,0,0,0,0,0,0,0,7,2.6,12.3,2.0,1.7,1,2,0,3,1,0.00,0.01,0.01,1.60,,,,,,,[],,241,18,102,10,168,27,198,20,0.0,0.0,0.01,0.01,2.09,3.91,276,50,184,19,139,14,191,29,1.3,0.0,3.91,Coventry City,FWD,5.0
True,False,0.0,0.0,551262,0,0,0,0,0.0,-1,"[{'offset': 0, 'projected_percent': '0.0', 'likelihood': 0}, {'offset': 1, 'projected_percent': '0.0', 'likelihood': 0}, {'offset': 2, 'projected_percent': '0.0', 'likelihood': 0}]",,False,0,4,0.0,0.0,0,Jahnoah,0.0,196,False,Has joined Shabab Al-Ahli Dubai permanently,2026-08-17T13:53:55.791223Z,50,551262.jpg,0.0,False,Markelo,0.0,False,,u,7,9,0,0,0,647,57,0.0,0.0,Markelo,,203.0,2026-01-27,2003-01-04,False,p551262,0,0,0,0,0,0,0,0,0,0,0,0,0,0.0,0.0,0.0,0.0,0,0,0,0,0,0.00,0.00,0.00,0.00,,,,,,,[],,522,42,535,50,494,49,538,51,0.0,0.0,0.0,0.0,0.0,0.0,373,59,550,56,550,56,581,71,0.0,0.0,0.0,Coventry City,FWD,5.0
True,False,0.0,0.0,549653,0,0,0,0,0.0,-1,"[{'offset': 0, 'projected_percent': '0.0', 'likelihood': 0}, {'offset': 1, 'projected_percent': '0.0', 'likelihood': 0}, {'offset': 2, 'projected_percent': '0.0', 'likelihood': 0}]",,False,0,4,0.0,0.0,0,Norman,0.0,197,False,Has joined KVC Westerlo on loan for the rest of the season,2026-07-28T12:58:50.001768Z,45,549653.jpg,0.0,False,Bassette,0.0,False,,u,7,9,0,0,0,904,116,0.0,0.0,Bassette,,,,,False,p549653,0,0,0,0,0,0,0,0,0,0,0,0,0,0.0,0.0,0.0,0.0,0,0,0,0,0,0.00,0.00,0.00,0.00,,,,,,,[],,400,28,407,36,345,34,416,37,0.0,0.0,0.0,0.0,0.0,0.0,508,66,441,43,441,43,513,67,0.0,0.0,0.0,Coventry City,FWD,4.5
True,True,,,210156,0,0,0,0,-4.0,-51,"[{'offset': 0, 'projected_percent': '-5.0', 'likelihood': -1}, {'offset': 1, 'projected_percent': '-14.0', 'likelihood': -1}, {'offset': 2, 'projected_percent': '-23.0', 'likelihood': -2}]",,False,0,4,1.5,1.5,2,Taiwo,1.5,492,False,,,55,210156.jpg,1.5,False,Awoniyi,0.8,False,,a,7,9,3,9380,726,11087,1794,0.3,0.5,Awoniyi,,157.0,2026-08-17,1997-08-12,False,p210156,110,0,0,0,1,0,0,0,0,0,0,0,10,0.0,1.4,0.0,0.1,1,3,0,4,1,0.94,0.04,0.98,1.02,,,,,5.0,,[],,549,50,201,24,540,57,292,32,0.77,0.0,0.03,0.8,0.83,0.82,143,36,145,16,187,21,216,36,0.82,0.0,3.27,Coventry City,FWD,5.5
True,True,,,661888,0,0,0,0,-28.3,-4,"[{'offset': 0, 'projected_percent': '-28.6', 'likelihood': -2}, {'offset': 1, 'projected_percent': '-31.0', 'likelihood': -2}, {'offset': 2, 'projected_percent': '-33.5', 'likelihood': -2}]",,False,0,3,2.0,2.0,3,Caleb,2.0,575,False,,,50,661888.jpg,2.0,False,Yirenkyi,0.2,False,,a,7,9,4,1114,117,3060,485,0.4,0.8,Yirenkyi,,81.0,2026-08-07,2006-01-15,False,p661888,131,0,0,1,3,0,0,0,1,0,0,0,19,0.0,3.1,0.0,0.0,3,7,0,10,2,0.03,0.17,0.20,1.60,,,,,,,[],,533,221,164,96,512,205,549,228,0.02,0.0,0.12,0.14,1.1,2.06,397,237,119,56,147,71,320,112,1.37,0.69,6.87,Coventry City,MID,5.0
True,True,,,196100,0,0,0,0,-18.2,-15,"[{'offset': 0, 'projected_percent': '-19.7', 'likelihood': -1}, {'offset': 1, 'projected_percent': '-35.2', 'likelihood': -2}, {'offset': 2, 'projected_percent': '-50.7', 'likelihood': -3}]",,False,0,3,1.0,1.0,1,Gustavo,1.0,584,False,,,55,196100.jpg,1.0,False,Hamer,0.1,False,,a,7,9,2,435,49,1701,273,0.2,0.4,Hamer,,152.0,2026-08-11,1997-06-24,False,p196100,27,0,0,0,1,0,0,0,0,0,0,0,5,0.4,0.3,0.0,0.1,0,1,0,1,0,0.00,0.02,0.02,0.82,3.0,,,,,,[],,274,129,263,139,532,215,291,138,0.0,0.0,0.07,0.07,2.73,3.33,132,82,196,91,276,130,390,151,0.0,0.0,3.33,Coventry City,MID,5.5
True,True,,,627221,0,0,0,0,0.0,0,"[{'offset': 0, 'projected_percent': '0.0', 'likelihood': 0}, {'offset': 1, 'projected_percent': '0.0', 'likelihood': 0}, {'offset': 2, 'projected_percent': '0.0', 'likelihood': 0}]",2026-09-02T14:02:06.979982Z,False,0,4,0.0,0.0,0,Sidiki,0.0,599,False,,,50,627221.jpg,0.0,False,Cherif,0.1,False,,a,7,9,0,2061,337,1658,264,0.0,0.0,Cherif,,73.0,2026-08-19,2006-12-15,False,p627221,0,0,0,0,0,0,0,0,0,0,0,0,0,0.0,0.0,0.0,0.0,0,0,0,0,0,0.00,0.00,0.00,0.00,,,,,,,[],,530,43,542,51,506,50,546,52,0.0,0.0,0.0,0.0,0.0,0.0,390,60,555,57,555,57,419,62,0.0,0.0,0.0,Coventry City,FWD,5.0
True,True,,,79602,0,0,0,0,0.0,0,"[{'offset': 0, 'projected_percent': '0.0', 'likelihood': 0}, {'offset': 1, 'projected_percent': '0.0', 'likelihood': 0}, {'offset': 2, 'projected_percent': '0.0', 'likelihood': 0}]",2026-09-11T19:08:56.427340Z,False,0,1,1.0,1.0,0,Dan,0.0,623,False,,,40,79602.jpg,0.0,False,Bentley,0.0,False,,a,7,9,0,101,101,5,5,0.0,0.0,Bentley,,,,,False,p79602,0,0,0,0,0,0,0,0,0,0,0,0,0,0.0,0.0,0.0,0.0,0,0,0,0,0,0.00,0.00,0.00,0.00,,,,,,,[],,285,26,282,6,200,6,301,26,0.0,0.0,0.0,0.0,0.0,0.0,553,54,331,26,331,26,614,69,0.0,0.0,0.0,Coventry City,GKP,4.0
True,True,,,485337,0,0,0,0,-21.4,-6,"[{'offset': 0, 'projected_percent': '-23.3', 'likelihood': -2}, {'offset': 1, 'projected_percent': '-42.7', 'likelihood': -3}, {'offset': 2, 'projected_percent': '-62.1', 'likelihood': -3}]",,False,0,3,1.0,1.0,1,Evann,1.0,42,False,,,55,485337.jpg,1.0,False,Guessand,0.0,False,,a,8,31,2,603,120,815,192,0.2,0.4,Guessand,,54.0,2026-08-12,2001-07-01,False,p485337,54,0,0,0,1,0,0,0,0,0,0,0,6,3.2,1.8,7.0,1.2,1,0,1,2,0,0.03,0.03,0.06,0.34,,,,,,,[],,237,106,191,111,111,58,230,104,0.05,0.0,0.05,0.1,0.57,1.67,186,116,201,96,285,134,495,205,0.0,0.0,3.33,Crystal Palace,MID,5.5
True,True,,,220362,0,0,0,0,-14.4,0,"[{'offset': 0, 'projected_percent': '-14.4', 'likelihood': -1}, {'offset': 1, 'projected_percent': '-14.4', 'likelihood': -1}, {'offset': 2, 'projected_percent': '-14.4', 'likelihood': -1}]",,False,0,2,0.5,0.5,1,Axel,0.5,153,False,,,45,220362.jpg,1.0,False,Disasi,0.1,False,,a,8,31,1,718,193,982,134,0.1,0.2,Disasi,,73.0,2026-08-26,1998-03-11,False,p220362,16,0,0,0,1,0,0,0,0,0,0,0,-2,0.0,0.0,0.0,0.0,0,1,1,1,0,0.00,0.00,0.00,0.20,,,,,,,[],,360,148,364,152,293,127,377,149,0.0,0.0,0.0,0.0,1.12,5.62,445,104,231,80,212,75,473,167,0.0,0.0,5.62,Crystal Palace,DEF,4.5
True,True,100.0,100.0,172649,0,0,0,0,-20.3,-19,"[{'offset': 0, 'projected_percent': '-20.4', 'likelihood': -2}, {'offset': 1, 'projected_percent': '-21.9', 'likelihood': -2}, {'offset': 2, 'projected_percent': '-23.4', 'likelihood': -2}]",,False,0,1,1.5,1.5,1,Dean,1.5,198,False,,2026-08-20T14:00:08.018379Z,50,172649.jpg,1.5,False,Henderson,1.8,False,,a,8,31,3,7519,1615,15962,2188,0.3,0.6,Henderson,Dean Henderson,241.0,2023-08-31,1997-03-12,False,p172649,180,0,0,0,6,0,0,0,0,0,7,0,18,28.2,0.0,0.0,2.8,5,24,0,0,2,0.00,0.00,0.00,3.33,,,,,,,[],,57,9,462,54,404,54,140,9,0.0,3.5,0.0,0.0,1.66,3.0,252,10,136,12,178,15,138,21,1.0,0.0,0.0,Crystal Palace,GKP,5.0
True,True,,,121709,0,0,0,0,-40.4,-1,"[{'offset': 0, 'projected_percent': '-40.5', 'likelihood': -3}, {'offset': 1, 'projected_percent': '-41.1', 'likelihood': -3}, {'offset': 2, 'projected_percent': '-41.8', 'likelihood': -3}]",,False,0,1,0.0,0.0,0,Walter,0.0,199,False,,,45,121709.jpg,0.0,False,Benítez,0.1,False,,a,8,31,0,545,77,1542,166,0.0,0.0,Benitez,,10.0,2025-07-01,1993-01-19,False,p121709,0,0,0,0,0,0,0,0,0,0,0,0,0,0.0,0.0,0.0,0.0,0,0,0,0,0,0.00,0.00,0.00,0.00,,,,,,,[],,346,47,349,29,276,29,363,47,0.0,0.0,0.0,0.0,0.0,0.0,420,29,391,47,391,47,404,44,0.0,0.0,0.0,Crystal Palace,GKP,4.5
True,True,,,247348,0,0,0,0,-87.1,-824,"[{'offset': 0, 'projected_percent': '-88.6', 'likelihood': -3}, {'offset': 1, 'projected_percent': '-103.7', 'likelihood': -5}, {'offset': 2, 'projected_percent': '-118.7', 'likelihood': -5}]",,False,0,2,0.0,0.0,0,Daniel,0.0,201,False,,,55,247348.jpg,0.0,False,Muñoz Mejía,7.9,False,,a,8,31,0,17997,2352,160466,35040,0.0,0.0,Muñoz,,48.0,2024-01-30,1996-05-26,False,p247348,54,0,0,0,2,0,0,0,0,0,0,0,-4,1.2,1.8,21.0,2.4,3,1,1,4,1,0.23,0.01,0.24,0.84,,,,,,,[],,263,100,190,58,43,10,159,61,0.38,0.0,0.02,0.4,1.4,3.33,156,19,578,201,578,201,53,21,1.67,0.0,6.67,Crystal Palace,DEF,5.5
True,True,,,427623,0,0,0,0,-19.5,-20,"[{'offset': 0, 'projected_percent': '-19.8', 'likelihood': -1}, {'offset': 1, 'projected_percent': '-23.8', 'likelihood': -2}, {'offset': 2, 'projected_percent': '-27.7', 'likelihood': -2}]",,False,0,2,1.5,1.5,0,Chris,1.5,202,False,,,50,427623.jpg,1.5,False,Richards,0.7,False,,a,8,31,3,4902,694,7971,1517,0.3,0.6,Richards,,229.0,2022-07-27,2000-03-28,False,p427623,180,0,0,0,6,0,0,0,0,0,0,0,9,42.6,0.7,0.0,4.3,18,3,4,22,2,0.04,0.00,0.04,3.33,,,,,,,[],,22,8,236,83,440,176,95,33,0.02,0.0,0.0,0.02,1.66,3.0,298,53,138,52,180,57,224,83,1.0,0.0,11.0,Crystal Palace,DEF,5.0
True,True,,,651426,0,0,0,0,-58.6,-17,"[{'offset': 0, 'projected_percent': '-59.4', 'likelihood': -3}, {'offset': 1, 'projected_percent': '-67.7', 'likelihood': -3}, {'offset': 2, 'projected_percent': '-76.0', 'likelihood': -3}]",,False,0,2,0.5,0.5,0,Jaydee,0.5,203,False,,,50,651426.jpg,0.5,False,Canvot,0.3,False,,a,8,31,1,1039,218,4763,742,0.1,0.2,Canvot,,73.0,2025-09-01,2006-07-29,False,p651426,180,0,0,0,6,0,0,0,0,0,0,0,8,27.4,5.7,5.0,3.8,10,4,5,15,2,0.05,0.01,0.06,3.33,,,,,,,[],,60,23,142,42,124,40,109,38,0.02,0.0,0.0,0.02,1.66,3.0,394,78,281,100,321,103,297,111,1.0,0.0,7.5,Crystal Palace,DEF,5.0
True,True,,,244723,0,0,0,0,-37.4,-257,"[{'offset': 0, 'projected_percent': '-38.1', 'likelihood': -2}, {'offset': 1, 'projected_percent': '-44.9', 'likelihood': -3}, {'offset': 2, 'projected_percent': '-51.7', 'likelihood': -3}]",,False,0,2,0.5,0.5,0,Tyrick,0.5,204,False,,,45,244723.jpg,0.5,False,Mitchell,5.4,False,,a,8,31,1,7127,1162,58850,8511,0.1,0.2,Mitchell,,241.0,2019-12-15,1999-09-01,False,p244723,180,0,0,0,6,0,0,0,0,0,0,0,1,11.6,13.8,2.0,2.7,6,5,4,10,2,0.11,0.17,0.28,3.33,,,,,,,[],,145,68,92,27,162,58,143,56,0.06,0.0,0.08,0.14,1.66,3.0,464,118,235,84,318,102,67,27,1.0,0.0,5.0,Crystal Palace,DEF,4.5
True,True,,,218364,0,0,0,0,-37.3,-1,"[{'offset': 0, 'projected_percent': '-37.9', 'likelihood': -2}, {'offset': 1, 'projected_percent': '-43.4', 'likelihood': -3}, {'offset': 2, 'projected_percent': '-48.9', 'likelihood': -3}]",,False,0,2,0.0,0.0,0,Borna,0.0,205,False,,,45,218364.jpg,0.0,False,Sosa,0.0,False,,a,8,31,0,145,19,405,53,0.0,0.0,Sosa,,97.0,2025-07-11,1998-01-21,False,p218364,0,0,0,0,0,0,0,0,0,0,0,0,0,0.0,0.0,0.0,0.0,0,0,0,0,0,0.00,0.00,0.00,0.00,,,,,,,[],,359,147,363,151,292,126,376,148,0.0,0.0,0.0,0.0,0.0,0.0,444,103,404,150,404,150,530,185,0.0,0.0,0.0,Crystal Palace,DEF,4.5
True,True,0.0,0.0,515621,-1,1,-1,1,-6.0,-10,"[{'offset': 0, 'projected_percent': '-6.7', 'likelihood': -1}, {'offset': 1, 'projected_percent': '-14.0', 'likelihood': -1}, {'offset': 2, 'projected_percent': '-21.2', 'likelihood': -2}]",,False,0,2,0.0,0.0,0,Chadi,0.5,206,False,Knee injury - Unknown return date,2026-08-22T18:00:07.352049Z,44,515621.jpg,1.0,False,Riad Dnanou,0.0,False,,i,8,31,1,359,39,3224,381,0.1,0.2,Chadi Riad,,145.0,2024-07-02,2003-06-17,False,p515621,72,0,0,0,2,0,0,0,0,0,0,0,7,12.6,1.3,0.0,1.4,6,3,1,7,1,0.00,0.01,0.01,0.98,,,,,,,[],https://www.cpfc.co.uk/news/first-team/press-conference-team-news-crystal-palace-manchester-city-august-2026/,137,64,205,66,262,113,214,83,0.0,0.0,0.01,0.01,1.22,2.5,547,152,224,74,204,68,501,174,1.25,0.0,8.75,Crystal Palace,DEF,4.4
True,True,,,242313,0,0,0,0,-81.0,-4,"[{'offset': 0, 'projected_percent': '-81.8', 'likelihood': -3}, {'offset': 1, 'projected_percent': '-89.7', 'likelihood': -3}, {'offset': 2, 'projected_percent': '-97.6', 'likelihood': -4}]",,False,0,2,0.5,0.5,1,Oscar,0.5,207,False,,,45,242313.jpg,1.0,False,Mingueza,0.1,False,,a,8,31,1,245,46,1444,164,0.1,0.2,Mingueza,,200.0,2026-07-09,1999-05-13,False,p242313,15,0,0,0,1,0,0,0,0,0,0,0,1,0.0,0.0,0.0,0.0,0,0,1,1,0,0.00,0.00,0.00,0.20,,,,,,,[],,367,152,372,156,303,133,384,153,0.0,0.0,0.0,0.0,1.2,6.0,459,114,234,83,216,79,454,162,0.0,0.0,6.0,Crystal Palace,DEF,4.5
True,True,0.0,0.0,232185,0,0,-1,1,-36.5,-587,"[{'offset': 0, 'projected_percent': '-38.0', 'likelihood': -2}, {'offset': 1, 'projected_percent': '-52.7', 'likelihood': -3}, {'offset': 2, 'projected_percent': '-67.3', 'likelihood': -3}]",,False,0,3,0.0,0.0,0,Ismaïla,0.0,208,False,Groin injury - Unknown return date,2026-08-22T18:00:07.363165Z,64,232185.jpg,0.0,False,Sarr,2.1,False,,i,8,31,0,2159,57,230223,23645,0.0,0.0,Sarr,Ismaïla Sarr,189.0,2024-08-01,1998-02-25,False,p232185,0,0,0,0,0,0,0,0,0,0,0,0,0,0.0,0.0,0.0,0.0,0,0,0,0,0,0.00,0.00,0.00,0.00,,,,,2.0,,[],https://www.cpfc.co.uk/news/first-team/press-conference-team-news-crystal-palace-manchester-city-august-2026/,606,264,609,266,605,262,609,266,0.0,0.0,0.0,0.0,0.0,0.0,52,36,607,266,607,266,130,39,0.0,0.0,0.0,Crystal Palace,MID,6.4
True,True,100.0,100.0,496221,0,0,0,0,-1.8,0,"[{'offset': 0, 'projected_percent': '-1.8', 'likelihood': -1}, {'offset': 1, 'projected_percent': '-1.8', 'likelihood': -1}, {'offset': 2, 'projected_percent': '-1.8', 'likelihood': -1}]",,False,0,3,3.0,3.0,2,Adam,3.0,210,False,,2026-07-23T12:01:23.498963Z,55,496221.jpg,3.0,False,Wharton,0.9,False,,a,8,31,6,8682,1972,9580,1780,0.5,1.1,Wharton,,241.0,2024-02-01,2004-02-06,False,p496221,180,0,0,0,6,0,0,0,0,0,0,0,41,16.8,30.9,0.0,4.8,4,11,6,21,2,0.00,0.31,0.31,3.33,2.0,,,,,,[],,103,36,25,20,565,238,82,43,0.0,0.0,0.16,0.16,1.66,3.0,191,119,82,35,101,42,203,67,1.0,0.0,10.5,Crystal Palace,MID,5.5
True,True,,,488024,0,0,0,0,-34.9,7,"[{'offset': 0, 'projected_percent': '-34.4', 'likelihood': -2}, {'offset': 1, 'projected_percent': '-29.6', 'likelihood': -2}, {'offset': 2, 'projected_percent': '-24.7', 'likelihood': -2}]",,False,0,3,3.0,3.0,5,Yéremy,3.0,211,False,,,55,488024.jpg,3.0,False,Pino Santos,0.2,False,,a,8,31,6,1256,942,2774,316,0.5,1.1,Yeremy,,200.0,2025-08-29,2002-10-20,False,p488024,102,0,1,0,3,0,0,0,0,0,0,0,31,2.0,6.3,6.0,1.4,2,9,4,15,1,0.11,0.09,0.20,2.28,1.0,,1.0,,,,[],,254,116,137,81,120,61,220,98,0.1,0.0,0.08,0.18,2.01,2.65,189,118,81,34,100,41,345,126,0.88,0.0,13.24,Crystal Palace,MID,5.5
True,True,,,108413,0,0,0,0,-29.8,-290,"[{'offset': 0, 'projected_percent': '-30.2', 'likelihood': -2}, {'offset': 1, 'projected_percent': '-34.1', 'likelihood': -2}, {'offset': 2, 'projected_percent': '-38.1', 'likelihood': -2}]",,False,0,3,0.0,0.0,0,Will,0.0,212,False,,,45,108413.jpg,0.0,False,Hughes,10.6,False,,a,8,31,0,24655,4473,106721,16541,0.0,0.0,Hughes,,241.0,2021-08-28,1995-04-17,False,p108413,0,0,0,0,0,0,0,0,0,0,0,0,0,0.0,0.0,0.0,0.0,0,0,0,0,0,0.00,0.00,0.00,0.00,4.0,,,,,,[],,342,135,345,145,272,101,359,142,0.0,0.0,0.0,0.0,0.0,0.0,416,244,387,162,387,162,37,14,0.0,0.0,0.0,Crystal Palace,MID,4.5
True,True,,,152551,0,0,0,0,-68.4,-11,"[{'offset': 0, 'projected_percent': '-69.9', 'likelihood': -3}, {'offset': 1, 'projected_percent': '-84.8', 'likelihood': -3}, {'offset': 2, 'projected_percent': '-99.7', 'likelihood': -4}]",,False,0,3,0.0,0.0,0,Jefferson,0.0,213,False,,,50,152551.jpg,0.0,False,Lerma Solís,0.1,False,,a,8,31,0,238,34,1718,268,0.0,0.0,Lerma,,48.0,2023-07-01,1994-10-25,False,p152551,0,0,0,0,0,0,0,0,0,0,0,0,0,0.0,0.0,0.0,0.0,0,0,0,0,0,0.00,0.00,0.00,0.00,,,,,,,[],,448,170,456,180,396,139,464,177,0.0,0.0,0.0,0.0,0.0,0.0,244,147,484,195,484,195,417,163,0.0,0.0,0.0,Crystal Palace,MID,5.0
True,True,,,209400,0,0,0,0,-12.1,-10,"[{'offset': 0, 'projected_percent': '-12.6', 'likelihood': -1}, {'offset': 1, 'projected_percent': '-17.5', 'likelihood': -1}, {'offset': 2, 'projected_percent': '-22.4', 'likelihood': -2}]",,False,0,3,2.5,2.5,2,Daichi,2.5,214,False,,,50,209400.jpg,2.5,False,Kamada,0.3,False,,a,8,31,5,2703,759,3651,557,0.5,1.0,Kamada,,108.0,2024-07-01,1996-08-05,False,p209400,180,0,0,0,6,0,0,0,1,0,0,0,46,20.4,29.3,0.0,5.0,4,10,9,23,2,0.05,0.29,0.34,3.33,3.0,,,,,,[],,81,27,29,22,414,151,75,40,0.02,0.0,0.14,0.16,1.66,3.0,266,163,97,42,116,53,304,104,1.0,0.0,11.5,Crystal Palace,MID,5.0
True,True,,,489706,0,0,0,0,-49.0,-1,"[{'offset': 0, 'projected_percent': '-50.5', 'likelihood': -3}, {'offset': 1, 'projected_percent': '-65.1', 'likelihood': -3}, {'offset': 2, 'projected_percent': '-79.7', 'likelihood': -3}]",,False,0,3,0.0,0.0,0,Justin,0.0,215,False,,,50,489706.jpg,0.0,False,Devenny,0.0,False,,a,8,31,0,82,13,204,28,0.0,0.0,Devenny,,242.0,2024-03-13,2003-10-11,False,p489706,0,0,0,0,0,0,0,0,0,0,0,0,0,0.0,0.0,0.0,0.0,0,0,0,0,0,0.00,0.00,0.00,0.00,,,2.0,,3.0,,[],,500,200,512,209,469,176,516,207,0.0,0.0,0.0,0.0,0.0,0.0,333,193,531,220,531,220,583,247,0.0,0.0,0.0,Crystal Palace,MID,5.0
True,True,,,606921,0,0,0,0,-50.1,-2,"[{'offset': 0, 'projected_percent': '-50.8', 'likelihood': -3}, {'offset': 1, 'projected_percent': '-58.1', 'likelihood': -3}, {'offset': 2, 'projected_percent': '-65.4', 'likelihood': -3}]",,False,0,3,0.0,0.0,0,Romain,0.0,216,False,,,50,606921.jpg,0.0,False,Esse,0.0,False,,a,8,31,0,254,43,702,112,0.0,0.0,Esse,,241.0,2025-01-18,2005-05-13,False,p606921,0,0,0,0,0,0,0,0,0,0,0,0,0,0.0,0.0,0.0,0.0,0,0,0,0,0,0.00,0.00,0.00,0.00,,,,,,,[],,528,219,540,227,502,198,544,226,0.0,0.0,0.0,0.0,0.0,0.0,383,228,553,233,553,233,508,211,0.0,0.0,0.0,Crystal Palace,MID,5.0
True,True,,,536694,-1,1,-1,1,0.0,-9,"[{'offset': 0, 'projected_percent': '0.0', 'likelihood': 0}, {'offset': 1, 'projected_percent': '-24.8', 'likelihood': -2}, {'offset': 2, 'projected_percent': '-53.5', 'likelihood': -3}]",,False,0,3,0.0,0.0,0,Matheus,0.0,217,False,,,49,536694.jpg,0.0,False,França de Oliveira,0.0,False,,a,8,31,0,212,195,897,183,0.0,0.0,M.França,Matheus França,30.0,2023-08-05,2004-04-01,False,p536694,0,0,0,0,0,0,0,0,0,0,0,0,0,0.0,0.0,0.0,0.0,0,0,0,0,0,0.00,0.00,0.00,0.00,,,,,,,[],,434,164,440,174,381,133,450,171,0.0,0.0,0.0,0.0,0.0,0.0,402,242,472,190,472,190,537,222,0.0,0.0,0.0,Crystal Palace,MID,4.9
True,True,,,438464,0,0,0,0,-76.8,-4,"[{'offset': 0, 'projected_percent': '-77.7', 'likelihood': -3}, {'offset': 1, 'projected_percent': '-86.0', 'likelihood': -3}, {'offset': 2, 'projected_percent': '-94.4', 'likelihood': -3}]",,False,0,3,0.0,0.0,0,Cheick,0.0,218,False,,,50,438464.jpg,0.0,False,Doucouré,0.1,False,,a,8,31,0,301,53,1274,215,0.0,0.0,Doucouré,,132.0,2022-07-11,2000-01-08,False,p438464,0,0,0,0,0,0,0,0,0,0,0,0,0,0.0,0.0,0.0,0.0,0,0,0,0,0,0.00,0.00,0.00,0.00,,,,,,,[],,482,190,492,199,445,165,498,197,0.0,0.0,0.0,0.0,0.0,0.0,304,181,514,212,514,212,474,193,0.0,0.0,0.0,Crystal Palace,MID,5.0
True,True,,,450542,0,0,0,0,-51.0,0,"[{'offset': 0, 'projected_percent': '-51.0', 'likelihood': -3}, {'offset': 1, 'projected_percent': '-51.0', 'likelihood': -3}, {'offset': 2, 'projected_percent': '-51.0', 'likelihood': -3}]",,False,0,3,0.0,0.0,0,Jesurun,0.0,219,False,,,50,450542.jpg,0.0,False,Rak-Sakyi,0.0,False,,a,8,31,0,44,5,104,14,0.0,0.0,J.Rak-Sakyi,,81.0,2021-04-09,2002-10-05,False,p450542,0,0,0,0,0,0,0,0,0,0,0,0,0,0.0,0.0,0.0,0.0,0,0,0,0,0,0.00,0.00,0.00,0.00,,,,,,,[],,490,194,500,203,453,169,506,201,0.0,0.0,0.0,0.0,0.0,0.0,312,185,521,215,521,215,601,258,0.0,0.0,0.0,Crystal Palace,MID,5.0
True,False,0.0,0.0,590014,0,0,0,0,0.0,-1,"[{'offset': 0, 'projected_percent': '0.0', 'likelihood': 0}, {'offset': 1, 'projected_percent': '0.0', 'likelihood': 0}, {'offset': 2, 'projected_percent': '0.0', 'likelihood': 0}]",,False,0,2,0.0,0.0,0,Rio,0.0,220,False,Has joined Bristol City on loan for the rest of the season,2026-08-12T14:08:46.501813Z,45,590014.jpg,0.0,False,Cardines,0.0,False,,u,8,31,0,0,0,72,7,0.0,0.0,Cardines,,217.0,2025-07-24,2006-07-01,False,p590014,0,0,0,0,0,0,0,0,0,0,0,0,0,0.0,0.0,0.0,0.0,0,0,0,0,0,0.00,0.00,0.00,0.00,,,,,,,[],,413,171,419,172,359,155,429,171,0.0,0.0,0.0,0.0,0.0,0.0,525,145,453,170,453,170,616,206,0.0,0.0,0.0,Crystal Palace,DEF,4.5
True,True,,,672492,0,0,0,0,-29.7,-2,"[{'offset': 0, 'projected_percent': '-30.0', 'likelihood': -2}, {'offset': 1, 'projected_percent': '-32.6', 'likelihood': -2}, {'offset': 2, 'projected_percent': '-35.3', 'likelihood': -2}]",,False,0,3,0.0,0.0,0,Joél,0.0,221,False,,,45,672492.jpg,0.0,False,Drakes-Thomas,0.1,False,,a,8,31,0,495,96,1158,170,0.0,0.0,Drakes-Thomas,,241.0,2025-12-10,2009-06-09,False,p672492,0,0,0,0,0,0,0,0,0,0,0,0,0,0.0,0.0,0.0,0.0,0,0,0,0,0,0.00,0.00,0.00,0.00,,,,,,,[],,429,159,435,169,376,128,445,166,0.0,0.0,0.0,0.0,0.0,0.0,543,272,467,185,467,185,441,176,0.0,0.0,0.0,Crystal Palace,MID,4.5
True,True,,,247412,0,0,0,0,-56.6,0,"[{'offset': 0, 'projected_percent': '-56.6', 'likelihood': -3}, {'offset': 1, 'projected_percent': '-56.6', 'likelihood': -3}, {'offset': 2, 'projected_percent': '-56.6', 'likelihood': -3}]",,False,0,4,1.5,1.5,2,Jørgen,1.5,222,False,,,60,247412.jpg,1.5,False,Strand Larsen,0.5,False,,a,8,31,3,3055,1545,8909,1138,0.2,0.5,Strand Larsen,,161.0,2026-02-02,2000-02-06,False,p247412,89,0,0,0,3,0,0,0,0,0,0,0,16,1.0,3.5,17.0,2.2,2,1,1,4,1,0.30,0.01,0.31,2.15,,,,,,,[],,266,23,159,20,61,13,168,17,0.3,0.0,0.01,0.31,2.17,3.03,76,20,152,17,191,22,253,42,1.01,0.0,4.04,Crystal Palace,FWD,6.0
True,True,0.0,,231747,0,0,0,0,-45.6,-1509,"[{'offset': 0, 'projected_percent': '-47.3', 'likelihood': -3}, {'offset': 1, 'projected_percent': '-64.7', 'likelihood': -3}, {'offset': 2, 'projected_percent': '-82.0', 'likelihood': -3}]",,False,0,4,0.0,1.0,0,Jean-Philippe,1.0,223,False,Hamstring injury - Expected back 11 Oct,2026-08-28T21:00:08.020382Z,65,231747.jpg,2.0,False,Mateta,4.5,False,,i,8,31,2,24719,768,133323,60890,0.2,0.3,Mateta,,73.0,2022-01-31,1997-06-28,False,p231747,62,0,0,0,2,0,0,0,0,0,0,0,-3,1.4,12.3,11.0,2.5,1,2,2,5,1,0.70,0.02,0.72,0.98,,,,,1.0,,[],,260,22,103,11,85,16,153,16,1.02,0.0,0.03,1.05,1.42,2.9,37,11,215,24,166,17,74,11,1.45,0.0,7.26,Crystal Palace,FWD,6.5
True,True,,,205533,0,0,0,0,-14.9,18,"[{'offset': 0, 'projected_percent': '-14.3', 'likelihood': -1}, {'offset': 1, 'projected_percent': '-9.1', 'likelihood': -1}, {'offset': 2, 'projected_percent': '-3.9', 'likelihood': -1}]",,False,0,4,1.5,1.5,2,Eddie,1.5,224,False,,,55,205533.jpg,1.5,False,Nketiah,0.5,False,,a,8,31,3,4898,1635,6743,963,0.3,0.5,Nketiah,,241.0,2024-08-30,1999-05-30,False,p205533,122,0,0,0,5,0,0,0,0,0,0,0,20,10.4,24.5,23.0,5.8,2,4,3,9,2,0.96,0.58,1.54,2.85,,,,,,,[],,161,12,49,2,42,11,56,10,0.71,0.0,0.43,1.14,2.1,3.69,139,35,144,15,186,20,256,44,1.48,0.0,6.64,Crystal Palace,FWD,5.5
True,False,0.0,0.0,660392,0,0,0,0,0.0,0,"[{'offset': 0, 'projected_percent': '0.0', 'likelihood': 0}, {'offset': 1, 'projected_percent': '0.0', 'likelihood': 0}, {'offset': 2, 'projected_percent': '0.0', 'likelihood': 0}]",,False,0,4,0.0,0.0,0,Christantus,0.0,225,False,has returned to Getafe CF,2026-07-23T12:18:56.275922Z,50,660392.jpg,0.0,False,Uche,0.0,False,,u,8,31,0,0,0,0,0,0.0,0.0,Uche,,,,,False,p660392,0,0,0,0,0,0,0,0,0,0,0,0,0,0.0,0.0,0.0,0.0,0,0,0,0,0,0.00,0.00,0.00,0.00,,,,,,,[],,532,44,546,52,511,51,548,53,0.0,0.0,0.0,0.0,0.0,0.0,396,61,557,58,557,58,623,73,0.0,0.0,0.0,Crystal Palace,FWD,5.0
True,True,,,433154,0,0,0,0,-44.0,-8,"[{'offset': 0, 'projected_percent': '-44.7', 'likelihood': -3}, {'offset': 1, 'projected_percent': '-51.7', 'likelihood': -3}, {'offset': 2, 'projected_percent': '-58.7', 'likelihood': -3}]",,False,0,3,1.5,1.5,1,Dwight,1.5,241,False,,,55,433154.jpg,1.5,False,McNeil,0.2,False,,a,8,31,3,583,111,2177,349,0.3,0.5,McNeil,,241.0,2026-08-11,1999-11-22,False,p433154,84,0,0,0,3,0,0,0,0,0,0,0,13,9.6,4.7,2.0,1.6,4,3,0,7,1,0.05,0.02,0.07,1.18,,,,,,,[],,167,64,148,88,176,87,204,92,0.05,0.0,0.02,0.07,1.26,3.21,162,101,148,66,189,94,365,139,1.07,0.0,7.5,Crystal Palace,MID,5.5
True,True,,,169593,0,0,0,0,0.5,-17,"[{'offset': 0, 'projected_percent': '0.5', 'likelihood': 1}, {'offset': 1, 'projected_percent': '0.3', 'likelihood': 1}, {'offset': 2, 'projected_percent': '0.1', 'likelihood': 1}]",,False,0,1,0.0,0.0,0,Remi,0.0,555,False,,,40,169593.jpg,0.0,False,Matthews,1.9,False,,a,8,31,0,7892,1947,7298,1063,0.0,0.0,Matthews,,241.0,2021-07-13,1994-02-10,False,p169593,0,0,0,0,0,0,0,0,0,0,0,0,0,0.0,0.0,0.0,0.0,0,0,0,0,0,0.00,0.00,0.00,0.00,,,,,,,[],,293,31,292,11,210,11,310,31,0.0,0.0,0.0,0.0,0.0,0.0,566,59,339,31,339,31,135,20,0.0,0.0,0.0,Crystal Palace,GKP,4.0
True,True,,,223723,0,0,0,0,-23.0,-6,"[{'offset': 0, 'projected_percent': '-23.3', 'likelihood': -2}, {'offset': 1, 'projected_percent': '-25.6', 'likelihood': -2}, {'offset': 2, 'projected_percent': '-28.0', 'likelihood': -2}]",,False,0,2,1.0,1.0,1,Takehiro,1.0,577,False,,,45,223723.jpg,1.0,False,Tomiyasu,0.3,False,,a,8,31,2,1058,229,3039,372,0.2,0.4,Tomiyasu,,108.0,2026-08-06,1998-11-05,False,p223723,91,0,0,0,3,0,0,0,0,0,0,0,0,2.4,2.4,0.0,0.5,8,4,1,9,1,0.00,0.01,0.01,2.15,,,,,,,[],,242,95,172,51,296,129,254,94,0.0,0.0,0.01,0.01,2.13,2.97,449,107,171,64,213,76,287,109,0.99,0.0,8.9,Crystal Palace,DEF,4.5
True,True,,,570794,0,0,0,0,0.0,0,"[{'offset': 0, 'projected_percent': '0.0', 'likelihood': 0}, {'offset': 1, 'projected_percent': '0.0', 'likelihood': 0}, {'offset': 2, 'projected_percent': '0.0', 'likelihood': 0}]",2026-08-30T13:56:30.932335Z,False,0,2,1.5,1.5,2,Anan,1.5,588,False,,,50,570794.jpg,1.5,False,Khalaili,0.1,False,,a,8,31,3,867,405,967,140,0.3,0.6,Khalaili,,105.0,2026-08-15,2004-09-03,False,p570794,109,0,0,0,3,0,0,0,1,0,0,0,21,24.0,26.5,4.0,5.5,9,8,14,23,1,0.02,0.16,0.18,2.28,,,,,,,[],,69,30,39,12,134,44,63,21,0.02,0.0,0.13,0.15,1.88,2.48,377,74,140,53,182,58,410,145,0.83,0.0,18.99,Crystal Palace,DEF,5.0
True,True,,,559152,0,0,0,0,0.0,0,"[{'offset': 0, 'projected_percent': '0.0', 'likelihood': 0}, {'offset': 1, 'projected_percent': '0.0', 'likelihood': 0}, {'offset': 2, 'projected_percent': '0.0', 'likelihood': 0}]",2026-09-01T14:01:46.428415Z,False,0,3,0.5,0.5,1,Zavier,0.5,595,False,,,50,559152.jpg,1.0,False,Gozo,0.0,False,,a,8,31,1,130,29,197,24,0.1,0.2,Gozo,,229.0,2026-08-18,2007-03-22,False,p559152,22,0,0,0,1,0,0,0,0,0,0,0,3,0.0,0.0,0.0,0.0,0,0,1,1,0,0.00,0.00,0.00,0.20,,,,,,,[],,525,216,537,224,497,194,541,223,0.0,0.0,0.0,0.0,0.82,4.09,376,223,275,128,261,118,575,242,0.0,0.0,4.09,Crystal Palace,MID,5.0
True,True,0.0,0.0,128295,0,0,0,0,-73.7,-3,"[{'offset': 0, 'projected_percent': '-73.9', 'likelihood': -3}, {'offset': 1, 'projected_percent': '-76.1', 'likelihood': -3}, {'offset': 2, 'projected_percent': '-78.2', 'likelihood': -3}]",,False,0,3,0.0,0.0,0,Christian,0.0,21,False,Unspecified injury - Unknown return date,2026-08-15T20:00:06.779594Z,50,128295.jpg,0.0,False,Nørgaard,0.1,False,,i,9,11,0,121,19,3203,337,0.0,0.0,Nørgaard,,58.0,2026-08-05,1994-03-10,False,p128295,0,0,0,0,0,0,0,0,0,0,0,0,0,0.0,0.0,0.0,0.0,0,0,0,0,0,0.00,0.00,0.00,0.00,,,,,,,[],https://www.evertonfc.com/news/2026/august/21/everton-team-news-for-2026-27-premier-league-opener/,445,168,452,178,393,137,461,175,0.0,0.0,0.0,0.0,0.0,0.0,240,145,481,193,481,193,443,178,0.0,0.0,0.0,Everton,MID,5.0
True,True,,,242898,0,0,0,0,-67.4,-17,"[{'offset': 0, 'projected_percent': '-69.0', 'likelihood': -3}, {'offset': 1, 'projected_percent': '-85.0', 'likelihood': -3}, {'offset': 2, 'projected_percent': '-100.9', 'likelihood': -5}]",,False,0,3,1.0,1.0,1,Brennan,1.0,209,False,,,60,242898.jpg,1.0,False,Johnson,0.2,False,,a,9,11,2,874,142,3000,420,0.2,0.3,Johnson,,244.0,2026-08-11,2001-05-23,False,p242898,34,0,0,0,0,0,0,0,0,0,0,0,4,4.0,0.3,0.0,0.4,2,0,1,3,0,0.00,0.00,0.00,1.86,,,,,,,[],,225,98,266,141,590,251,272,127,0.0,0.0,0.0,0.0,4.92,0.0,75,48,212,104,301,145,376,145,0.0,0.0,7.94,Everton,MID,6.0
True,True,,,111234,0,0,0,0,14.5,93,"[{'offset': 0, 'projected_percent': '14.6', 'likelihood': 1}, {'offset': 1, 'projected_percent': '15.9', 'likelihood': 1}, {'offset': 2, 'projected_percent': '17.2', 'likelihood': 1}]",,False,0,1,5.0,5.0,3,Jordan,5.0,226,False,,,55,111234.jpg,5.0,False,Pickford,8.9,False,,a,9,11,10,72995,9456,34450,6260,0.9,1.8,Pickford,,241.0,2017-07-01,1994-03-07,False,p111234,180,0,0,1,1,0,0,0,0,0,8,0,56,31.8,0.0,0.0,3.2,4,23,0,0,2,0.00,0.02,0.02,4.13,,,,,,,[],,49,5,551,66,522,66,127,5,0.0,4.0,0.01,0.01,2.06,0.5,119,2,37,2,69,6,45,6,1.0,0.5,0.0,Everton,GKP,5.5
True,True,,,229600,0,0,0,0,-23.3,-2,"[{'offset': 0, 'projected_percent': '-24.1', 'likelihood': -2}, {'offset': 1, 'projected_percent': '-32.1', 'likelihood': -2}, {'offset': 2, 'projected_percent': '-40.1', 'likelihood': -3}]",,False,0,1,0.0,0.0,0,Mark,0.0,227,False,,,50,229600.jpg,0.0,False,Travers,0.0,False,,a,9,11,0,327,37,475,72,0.0,0.0,Travers,,104.0,2025-07-15,1999-05-18,False,p229600,0,0,0,0,0,0,0,0,0,0,0,0,0,0.0,0.0,0.0,0.0,0,0,0,0,0,0.00,0.00,0.00,0.00,,,,,,,[],,471,65,480,57,430,57,487,65,0.0,0.0,0.0,0.0,0.0,0.0,286,13,504,65,504,65,515,55,0.0,0.0,0.0,Everton,GKP,5.0
True,True,,,138001,0,0,0,0,-14.7,1,"[{'offset': 0, 'projected_percent': '-14.3', 'likelihood': -1}, {'offset': 1, 'projected_percent': '-10.4', 'likelihood': -1}, {'offset': 2, 'projected_percent': '-6.5', 'likelihood': -1}]",,False,0,1,0.0,0.0,0,Tom,0.0,228,False,,,45,138001.jpg,0.0,False,King,0.0,False,,a,9,11,0,282,39,446,67,0.0,0.0,King,,244.0,2025-08-15,1995-03-09,False,p138001,0,0,0,0,0,0,0,0,0,0,0,0,0,0.0,0.0,0.0,0.0,0,0,0,0,0,0.00,0.00,0.00,0.00,,,,,,,[],,348,49,351,31,278,31,365,49,0.0,0.0,0.0,0.0,0.0,0.0,423,31,393,49,393,49,498,53,0.0,0.0,0.0,Everton,GKP,4.5
True,True,,,17761,0,0,0,0,6.0,1274,"[{'offset': 0, 'projected_percent': '7.8', 'likelihood': 1}, {'offset': 1, 'projected_percent': '25.4', 'likelihood': 2}, {'offset': 2, 'projected_percent': '43.1', 'likelihood': 3}]",,False,1,2,9.0,9.0,12,James,9.0,229,True,,,60,17761.jpg,9.0,False,Tarkowski,8.8,False,,a,9,11,18,58764,16028,45046,7980,1.5,3.0,Tarkowski,,241.0,2022-07-01,1992-11-19,False,p17761,180,1,0,1,1,0,0,0,0,0,0,2,52,15.2,0.8,4.0,2.0,17,7,2,19,2,0.14,0.01,0.15,4.13,,,,,,,[],,115,53,232,80,138,46,181,70,0.07,0.0,0.0,0.07,2.06,0.5,56,5,4,2,21,8,47,18,1.0,0.5,9.5,Everton,DEF,6.0
True,True,,,480455,0,0,0,0,5.4,44,"[{'offset': 0, 'projected_percent': '5.5', 'likelihood': 1}, {'offset': 1, 'projected_percent': '6.1', 'likelihood': 1}, {'offset': 2, 'projected_percent': '6.7', 'likelihood': 1}]",,False,0,2,5.0,5.0,4,Jarrad,5.0,230,False,,,55,480455.jpg,5.0,False,Branthwaite,1.8,False,,a,9,11,10,21478,2375,10782,1864,0.9,1.8,Branthwaite,,241.0,2020-06-20,2002-06-27,False,p480455,180,0,0,1,1,0,0,0,0,0,0,0,33,18.6,0.8,6.0,2.5,16,5,3,19,2,0.04,0.02,0.06,4.13,,,,,,,[],,92,39,231,79,119,37,152,59,0.02,0.0,0.01,0.03,2.06,0.5,184,25,39,17,73,30,137,54,1.0,0.5,9.5,Everton,DEF,5.5
True,True,,,106611,0,0,0,0,-90.1,-186,"[{'offset': 0, 'projected_percent': '-92.1', 'likelihood': -3}, {'offset': 1, 'projected_percent': '-112.2', 'likelihood': -5}, {'offset': 2, 'projected_percent': '-132.3', 'likelihood': -5}]",,False,0,2,0.0,0.0,0,Michael,0.0,231,False,,,50,106611.jpg,0.0,False,Keane,1.3,False,,a,9,11,0,3583,323,28923,4038,0.0,0.0,Keane,,241.0,2017-07-03,1993-01-11,False,p106611,0,0,0,0,0,0,0,0,0,0,0,0,0,0.0,0.0,0.0,0.0,0,0,0,0,0,0.00,0.00,0.00,0.00,,,,,,,[],,440,177,447,178,388,161,456,177,0.0,0.0,0.0,0.0,0.0,0.0,235,37,478,175,478,175,167,68,0.0,0.0,0.0,Everton,DEF,5.0
True,True,,,512462,0,0,0,0,-84.5,-54,"[{'offset': 0, 'projected_percent': '-86.4', 'likelihood': -3}, {'offset': 1, 'projected_percent': '-104.9', 'likelihood': -5}, {'offset': 2, 'projected_percent': '-123.5', 'likelihood': -5}]",,False,0,2,0.0,0.0,0,Jake,0.0,232,False,,,50,512462.jpg,0.0,False,O'Brien,0.4,False,,a,9,11,0,1542,139,8768,1039,0.0,0.0,O'Brien,,104.0,2024-07-30,2001-05-15,False,p512462,0,0,0,0,0,0,0,0,0,0,0,0,0,0.0,0.0,0.0,0.0,0,0,0,0,0,0.00,0.00,0.00,0.00,,,,,,,[],,514,197,527,197,484,188,530,197,0.0,0.0,0.0,0.0,0.0,0.0,354,71,542,194,542,194,274,104,0.0,0.0,0.0,Everton,DEF,5.0
True,True,,,224967,0,0,0,0,6.0,56,"[{'offset': 0, 'projected_percent': '6.1', 'likelihood': 1}, {'offset': 1, 'projected_percent': '6.9', 'likelihood': 1}, {'offset': 2, 'projected_percent': '7.7', 'likelihood': 1}]",,False,0,2,5.0,5.0,4,Vitalii,5.0,233,False,,,45,224967.jpg,5.0,False,Mykolenko,1.7,False,,a,9,11,10,25728,3944,10721,1651,1.1,2.2,Mykolenko,,225.0,2022-01-01,1999-05-29,False,p224967,180,0,0,1,1,0,0,0,0,0,0,0,33,12.8,13.8,2.0,2.9,15,10,1,16,2,0.00,0.06,0.06,4.13,,,,,,,[],,136,63,91,26,160,56,135,53,0.0,0.0,0.03,0.03,2.06,0.5,450,108,34,15,65,29,146,60,1.0,0.5,8.0,Everton,DEF,4.5
True,True,,,243571,0,0,0,0,-20.3,-1,"[{'offset': 0, 'projected_percent': '-20.8', 'likelihood': -2}, {'offset': 1, 'projected_percent': '-25.8', 'likelihood': -2}, {'offset': 2, 'projected_percent': '-30.8', 'likelihood': -2}]",,False,0,2,0.0,0.0,0,Nathan,0.0,234,False,,,45,243571.jpg,0.0,False,Patterson,0.0,False,,a,9,11,0,243,36,413,44,0.0,0.0,Patterson,,243.0,2022-01-04,2001-10-16,False,p243571,0,0,0,0,0,0,0,0,0,0,0,0,0,0.0,0.0,0.0,0.0,0,0,0,0,0,0.00,0.00,0.00,0.00,,,,,,,[],,370,155,375,159,307,136,387,156,0.0,0.0,0.0,0.0,0.0,0.0,463,117,413,156,413,156,526,184,0.0,0.0,0.0,Everton,DEF,4.5
True,True,,,499300,0,0,0,0,-12.6,-13,"[{'offset': 0, 'projected_percent': '-13.6', 'likelihood': -1}, {'offset': 1, 'projected_percent': '-23.5', 'likelihood': -2}, {'offset': 2, 'projected_percent': '-33.4', 'likelihood': -2}]",,False,0,2,0.0,0.0,0,Adam,0.0,235,False,,,40,499300.jpg,0.0,False,Aznou,0.2,False,,a,9,11,0,1190,181,1939,251,0.0,0.0,Aznou,,145.0,2025-07-29,2006-06-02,False,p499300,0,0,0,0,0,0,0,0,0,0,0,0,0,0.0,0.0,0.0,0.0,0,0,0,0,0,0.00,0.00,0.00,0.00,,,,,,,[],,313,117,313,119,234,87,330,118,0.0,0.0,0.0,0.0,0.0,0.0,596,182,359,121,359,121,352,132,0.0,0.0,0.0,Everton,DEF,4.0
True,True,,,215413,0,0,0,0,49.5,-115,"[{'offset': 0, 'projected_percent': '49.3', 'likelihood': 3}, {'offset': 1, 'projected_percent': '47.7', 'likelihood': 3}, {'offset': 2, 'projected_percent': '46.1', 'likelihood': 3}]",,False,0,3,6.5,6.5,2,Kiernan,6.5,236,False,,,65,215413.jpg,6.5,False,Dewsbury-Hall,4.7,False,,a,9,11,13,142887,10240,35683,8732,1.0,2.0,Dewsbury-Hall,,241.0,2025-08-06,1998-09-06,False,p215413,180,1,0,1,1,0,0,0,0,0,0,3,64,42.8,28.3,27.0,9.8,1,12,5,18,2,0.16,0.33,0.49,4.09,2.0,,,,,,[],,20,10,32,24,35,19,16,12,0.08,0.0,0.16,0.24,2.04,0.5,35,23,21,11,40,20,71,23,1.0,0.5,9.0,Everton,MID,6.5
True,True,,,440993,0,0,0,0,27.9,-109,"[{'offset': 0, 'projected_percent': '27.7', 'likelihood': 2}, {'offset': 1, 'projected_percent': '26.2', 'likelihood': 2}, {'offset': 2, 'projected_percent': '24.7', 'likelihood': 2}]",,False,0,3,6.5,6.5,4,Iliman,6.5,237,False,,,60,440993.jpg,6.5,False,Ndiaye,15.9,False,,a,9,11,13,138251,15563,82367,22347,1.1,2.2,Ndiaye,Iliman Ndiaye,189.0,2024-07-03,2000-03-06,False,p440993,180,0,1,1,1,0,0,0,0,0,0,1,52,40.8,39.8,48.0,12.9,5,15,5,25,2,0.26,0.39,0.65,4.13,,,,,1.0,,[],,25,13,15,13,9,6,5,4,0.13,0.0,0.2,0.33,2.06,0.5,80,51,19,9,39,19,26,9,1.0,0.5,12.5,Everton,MID,6.0
True,True,100.0,100.0,232928,0,0,0,0,-1.7,-7,"[{'offset': 0, 'projected_percent': '-2.4', 'likelihood': -1}, {'offset': 1, 'projected_percent': '-9.2', 'likelihood': -1}, {'offset': 2, 'projected_percent': '-16.1', 'likelihood': -1}]",,False,0,3,1.0,1.0,1,James,1.0,239,False,,2026-07-25T14:30:10.455878Z,60,232928.jpg,1.0,False,Garner,0.1,False,,a,9,11,2,1976,443,2065,416,0.2,0.3,Garner,,241.0,2022-09-01,2001-03-13,False,p232928,72,0,0,0,1,0,0,0,1,0,0,0,15,4.8,11.8,2.0,1.9,1,7,4,12,1,0.00,0.04,0.04,0.93,1.0,,1.0,,3.0,,[],,215,91,109,65,183,93,187,84,0.0,0.0,0.05,0.05,1.16,1.25,74,47,211,103,300,144,389,150,1.25,0.0,15.0,Everton,MID,6.0
True,True,100.0,0.0,490094,0,0,0,0,0.0,0,"[{'offset': 0, 'projected_percent': '0.0', 'likelihood': 0}, {'offset': 1, 'projected_percent': '0.0', 'likelihood': 0}, {'offset': 2, 'projected_percent': '0.0', 'likelihood': 0}]",2026-09-06T14:30:08.427579Z,False,0,3,0.5,0.0,1,Tim,0.5,240,False,,2026-08-15T20:00:06.878792Z,50,490094.jpg,1.0,False,Iroegbunam,0.0,False,,a,9,11,1,28,7,383,35,0.1,0.2,Iroegbunam,,241.0,2024-06-22,2003-06-30,False,p490094,3,0,0,0,0,0,0,0,0,0,0,0,2,0.0,0.0,0.0,0.0,0,0,0,0,0,0.00,0.00,0.00,0.00,,,,,,,[],,502,202,514,211,471,178,518,209,0.0,0.0,0.0,0.0,0.0,0.0,335,195,263,119,249,109,586,250,0.0,0.0,0.0,Everton,MID,5.0
True,True,,,550615,0,0,0,0,0.0,-15,"[{'offset': 0, 'projected_percent': '-0.8', 'likelihood': -1}, {'offset': 1, 'projected_percent': '-8.5', 'likelihood': -1}, {'offset': 2, 'projected_percent': '-16.1', 'likelihood': -1}]",,False,0,3,2.5,2.5,2,Tyrique,2.5,242,False,,,55,550615.jpg,2.5,False,George,0.3,False,,a,9,11,5,2558,285,2983,501,0.5,0.9,George,,241.0,2026-07-06,2006-02-04,False,p550615,144,0,0,1,1,0,0,0,0,0,0,0,25,7.0,23.4,25.0,5.5,3,5,1,9,2,0.21,0.09,0.30,2.26,,,,,,,[],,190,75,50,32,37,21,65,34,0.13,0.0,0.06,0.19,1.41,0.62,206,131,108,49,122,56,303,103,1.25,0.62,5.62,Everton,MID,5.5
True,True,,,502697,0,0,0,0,-21.1,-8,"[{'offset': 0, 'projected_percent': '-22.3', 'likelihood': -2}, {'offset': 1, 'projected_percent': '-34.7', 'likelihood': -2}, {'offset': 2, 'projected_percent': '-47.0', 'likelihood': -3}]",,False,0,3,0.5,0.5,0,Carlos,0.5,243,False,,,50,502697.jpg,0.5,False,Alcaraz Durán,0.1,False,,a,9,11,1,871,118,1365,227,0.1,0.2,Alcaraz,,10.0,2025-07-01,2002-11-30,False,p502697,4,0,0,0,0,0,0,0,1,0,0,0,5,5.0,0.3,17.0,2.2,0,2,1,3,0,0.05,0.00,0.05,0.04,,,,,,,[],,213,89,261,137,55,30,165,75,1.12,0.0,0.0,1.12,0.9,0.0,350,204,268,122,320,160,428,171,0.0,0.0,67.5,Everton,MID,5.0
True,True,,,609873,0,0,0,0,5.9,89,"[{'offset': 0, 'projected_percent': '6.0', 'likelihood': 1}, {'offset': 1, 'projected_percent': '7.3', 'likelihood': 1}, {'offset': 2, 'projected_percent': '8.5', 'likelihood': 1}]",,False,0,3,5.0,5.0,2,Harrison,5.0,244,False,,,50,609873.jpg,5.0,False,Armstrong,0.3,False,,a,9,11,10,15889,3103,3094,627,1.0,2.0,Armstrong,,241.0,2024-08-09,2007-01-19,False,p609873,176,0,1,1,1,0,0,0,0,0,0,0,39,28.8,14.7,4.0,4.8,6,14,5,25,2,0.00,0.08,0.08,4.13,,,,,,,[],,55,22,83,53,135,67,81,42,0.0,0.0,0.04,0.04,2.11,0.51,385,230,36,16,68,28,306,106,1.02,0.51,12.78,Everton,MID,5.0
True,True,,,496661,0,0,0,0,-90.9,-4,"[{'offset': 0, 'projected_percent': '-92.5', 'likelihood': -3}, {'offset': 1, 'projected_percent': '-108.9', 'likelihood': -5}, {'offset': 2, 'projected_percent': '-125.2', 'likelihood': -5}]",,False,0,3,0.0,0.0,0,Tyler,0.0,245,False,,,55,496661.jpg,0.0,False,Dibling,0.0,False,,a,9,11,0,234,33,841,90,0.0,0.0,Dibling,,241.0,2025-08-25,2006-02-17,False,p496661,0,0,0,0,0,0,0,0,0,0,0,0,0,0.0,0.0,0.0,0.0,0,0,0,0,0,0.00,0.00,0.00,0.00,,,,,,,[],,567,241,580,249,566,239,580,247,0.0,0.0,0.0,0.0,0.0,0.0,192,120,585,252,585,252,519,216,0.0,0.0,0.0,Everton,MID,5.5
True,True,,,513466,0,0,0,0,-6.0,0,"[{'offset': 0, 'projected_percent': '-6.0', 'likelihood': -1}, {'offset': 1, 'projected_percent': '-6.0', 'likelihood': -1}, {'offset': 2, 'projected_percent': '-6.0', 'likelihood': -1}]",,False,0,3,2.5,2.5,2,Merlin,2.5,246,False,,,50,513466.jpg,2.5,False,Röhl,0.1,False,,a,9,11,5,597,79,747,111,0.5,1.0,Röhl,,80.0,2026-06-15,2002-07-05,False,p513466,176,0,0,1,1,0,0,0,0,0,0,0,25,13.8,13.0,2.0,2.9,4,9,5,18,2,0.00,0.07,0.07,4.13,,,,,,,[],,128,41,100,62,173,85,136,62,0.0,0.0,0.04,0.04,2.11,0.51,355,206,99,44,117,54,477,196,1.02,0.51,9.2,Everton,MID,5.0
True,True,100.0,50.0,244860,0,0,0,0,-2.1,-7,"[{'offset': 0, 'projected_percent': '-2.5', 'likelihood': -1}, {'offset': 1, 'projected_percent': '-6.6', 'likelihood': -1}, {'offset': 2, 'projected_percent': '-10.7', 'likelihood': -1}]",,False,0,3,2.0,1.0,1,Hayden,2.0,247,False,,2026-08-26T22:00:07.797766Z,55,244860.jpg,2.0,False,Hackney,0.2,False,,a,9,11,4,890,46,4000,798,0.4,0.7,Hackney,,241.0,2026-07-02,2002-06-26,False,p244860,106,0,0,1,0,0,0,0,0,0,0,0,19,8.6,12.2,5.0,2.6,2,5,2,9,1,0.01,0.02,0.03,3.19,3.0,,,,,,[],,174,68,104,63,126,63,149,67,0.01,0.0,0.02,0.03,2.71,0.0,155,96,121,57,151,74,318,110,0.85,0.85,7.64,Everton,MID,5.5
True,True,,,486385,0,0,0,0,-84.1,-218,"[{'offset': 0, 'projected_percent': '-85.5', 'likelihood': -3}, {'offset': 1, 'projected_percent': '-99.4', 'likelihood': -4}, {'offset': 2, 'projected_percent': '-113.4', 'likelihood': -5}]",,False,0,4,1.0,1.0,1,Norberto Bercique,1.0,248,False,,,55,486385.jpg,1.0,False,Gomes Betuncal,2.2,False,,a,9,11,2,8947,1238,48989,6178,0.2,0.4,Beto,Beto,90.0,2023-08-29,1998-01-31,False,p486385,31,0,0,0,0,0,0,0,0,0,0,0,5,0.0,0.0,2.0,0.2,1,0,0,1,0,0.11,0.00,0.11,1.91,,,,,4.0,,[],,565,54,578,60,177,28,285,30,0.32,0.0,0.0,0.32,5.55,0.0,187,42,202,20,286,32,123,19,0.0,0.0,2.9,Everton,FWD,5.5
True,True,,,586309,0,0,0,0,64.7,172,"[{'offset': 0, 'projected_percent': '65.0', 'likelihood': 3}, {'offset': 1, 'projected_percent': '67.3', 'likelihood': 3}, {'offset': 2, 'projected_percent': '69.7', 'likelihood': 3}]",,False,0,4,5.0,5.0,2,Thierno,5.0,249,False,,,55,586309.jpg,5.0,False,Barry,3.7,False,,a,9,11,10,175412,25147,30441,8013,0.9,1.8,Barry,,73.0,2025-07-09,2002-10-21,False,p586309,147,1,0,1,1,0,0,0,0,0,0,2,43,38.0,19.0,41.0,9.8,2,3,1,6,2,1.87,0.09,1.96,2.21,,,,,2.0,,[],,31,3,65,5,14,4,15,3,1.14,0.0,0.06,1.2,1.35,0.61,215,44,40,4,74,8,91,14,1.22,0.61,3.67,Everton,FWD,5.5
True,True,,,80201,0,0,0,0,1.2,7,"[{'offset': 0, 'projected_percent': '1.2', 'likelihood': 1}, {'offset': 1, 'projected_percent': '1.3', 'likelihood': 1}, {'offset': 2, 'projected_percent': '1.3', 'likelihood': 1}]",,False,0,1,1.0,1.0,0,Bernd,1.0,250,False,,,45,80201.jpg,2.0,False,Leno,3.0,False,,a,10,54,2,14614,2440,13448,1919,0.2,0.4,Leno,,80.0,2022-08-02,1992-03-04,False,p80201,90,0,0,0,3,0,0,0,0,0,3,0,11,29.6,0.0,0.0,3.0,1,9,0,0,1,0.00,0.00,0.00,2.24,,,,,,,[],,53,7,341,24,266,24,130,7,0.0,3.0,0.0,0.0,2.24,3.0,408,24,169,14,129,9,106,18,1.0,0.0,0.0,Fulham,GKP,4.5
True,True,,,86873,0,0,0,0,-7.9,3,"[{'offset': 0, 'projected_percent': '-7.8', 'likelihood': -1}, {'offset': 1, 'projected_percent': '-7.5', 'likelihood': -1}, {'offset': 2, 'projected_percent': '-7.2', 'likelihood': -1}]",,False,0,1,0.0,0.0,0,Benjamin,0.0,251,False,,,40,86873.jpg,0.0,False,Lecomte,1.2,False,,a,10,54,0,2098,606,4647,519,0.0,0.0,Lecomte,,73.0,2025-07-26,1991-04-26,False,p86873,0,0,0,0,0,0,0,0,0,0,0,0,0,0.0,0.0,0.0,0.0,0,0,0,0,0,0.00,0.00,0.00,0.00,,,,,,,[],,287,27,284,7,202,7,303,27,0.0,0.0,0.0,0.0,0.0,0.0,555,55,333,27,333,27,178,27,0.0,0.0,0.0,Fulham,GKP,4.0
True,True,,,505079,0,0,0,0,0.1,12,"[{'offset': 0, 'projected_percent': '0.2', 'likelihood': 1}, {'offset': 1, 'projected_percent': '0.3', 'likelihood': 1}, {'offset': 2, 'projected_percent': '0.5', 'likelihood': 1}]",,False,0,1,0.0,0.0,0,Alfie,0.0,252,False,,,40,505079.jpg,0.0,False,McNally,0.2,False,,a,10,54,0,1297,492,733,113,0.0,0.0,McNally,,,,,False,p505079,0,0,0,0,0,0,0,0,0,0,0,0,0,0.0,0.0,0.0,0.0,0,0,0,0,0,0.00,0.00,0.00,0.00,,,,,,,[],,316,40,316,20,237,20,333,40,0.0,0.0,0.0,0.0,0.0,0.0,599,68,362,40,362,40,368,39,0.0,0.0,0.0,Fulham,GKP,4.0
True,True,100.0,100.0,174874,0,0,0,0,0.0,0,"[{'offset': 0, 'projected_percent': '0.0', 'likelihood': 0}, {'offset': 1, 'projected_percent': '0.0', 'likelihood': 0}, {'offset': 2, 'projected_percent': '0.0', 'likelihood': 0}]",2026-09-01T21:00:07.729855Z,False,0,2,0.0,0.0,0,Joachim,0.0,253,False,,2026-07-23T12:01:23.516350Z,50,174874.jpg,0.0,False,Andersen,0.1,False,,a,10,54,0,3049,735,805,175,0.0,0.0,Andersen,,58.0,2024-08-23,1996-05-31,False,p174874,0,0,0,0,0,0,0,0,0,0,0,0,0,0.0,0.0,0.0,0.0,0,0,0,0,0,0.00,0.00,0.00,0.00,,,,,,,[],,454,181,463,182,405,165,470,181,0.0,0.0,0.0,0.0,0.0,0.0,253,41,489,178,489,178,430,151,0.0,0.0,0.0,Fulham,DEF,5.0
True,True,,,169528,0,0,0,0,1.6,5,"[{'offset': 0, 'projected_percent': '1.6', 'likelihood': 1}, {'offset': 1, 'projected_percent': '1.6', 'likelihood': 1}, {'offset': 2, 'projected_percent': '1.7', 'likelihood': 1}]",,False,0,2,0.5,0.5,0,Antonee,0.5,254,False,,,45,169528.jpg,1.0,False,Robinson,1.7,False,,a,10,54,1,12635,1454,10790,1361,0.1,0.2,Robinson,Antonee Robinson,229.0,2020-08-20,1997-08-08,False,p169528,81,0,0,0,3,0,0,0,0,0,0,0,4,21.6,25.2,3.0,5.0,4,5,3,7,1,0.13,0.04,0.17,2.21,,,,,2.0,,[],,76,36,46,15,147,48,74,25,0.14,0.0,0.04,0.18,2.46,3.33,429,92,229,78,210,73,147,61,1.11,0.0,7.78,Fulham,DEF,4.5
True,True,,,246301,0,0,0,0,0.3,4,"[{'offset': 0, 'projected_percent': '0.3', 'likelihood': 1}, {'offset': 1, 'projected_percent': '0.3', 'likelihood': 1}, {'offset': 2, 'projected_percent': '0.4', 'likelihood': 1}]",,False,0,2,1.5,1.5,0,Jorge,1.5,255,False,,,45,246301.jpg,3.0,False,Cuenca Barreno,0.0,False,,a,10,54,3,882,101,314,55,0.3,0.7,J.Cuenca,,200.0,2024-08-03,1999-11-17,False,p246301,90,0,0,0,3,0,0,0,0,0,0,0,7,32.8,21.3,0.0,5.4,9,3,1,10,1,0.00,0.03,0.03,2.24,,,,,,,[],,44,16,60,18,309,138,66,22,0.0,0.0,0.03,0.03,2.24,3.0,466,120,131,50,93,37,518,181,1.0,0.0,10.0,Fulham,DEF,4.5
True,True,,,167074,0,0,0,0,-31.0,-4,"[{'offset': 0, 'projected_percent': '-31.2', 'likelihood': -2}, {'offset': 1, 'projected_percent': '-33.4', 'likelihood': -2}, {'offset': 2, 'projected_percent': '-35.6', 'likelihood': -2}]",,False,0,2,0.0,0.0,0,Kenny,0.0,256,False,,,45,167074.jpg,0.0,False,Tete,0.3,False,,a,10,54,0,381,43,2274,213,0.0,0.0,Tete,,152.0,2020-09-10,1995-10-09,False,p167074,0,0,0,0,0,0,0,0,0,0,0,0,0,0.0,0.0,0.0,0.0,0,0,0,0,0,0.00,0.00,0.00,0.00,,,,,,,[],,350,142,354,146,281,119,367,143,0.0,0.0,0.0,0.0,0.0,0.0,428,91,395,145,395,145,311,116,0.0,0.0,0.0,Fulham,DEF,4.5
True,True,,,232892,0,0,0,0,0.9,3,"[{'offset': 0, 'projected_percent': '0.9', 'likelihood': 1}, {'offset': 1, 'projected_percent': '1.0', 'likelihood': 1}, {'offset': 2, 'projected_percent': '1.0', 'likelihood': 1}]",,False,0,2,0.0,0.0,0,Calvin,0.0,257,False,,,45,232892.jpg,0.0,False,Bassey,0.8,False,,a,10,54,0,7580,717,6819,777,0.0,0.0,Bassey,,157.0,2023-07-28,1999-12-31,False,p232892,90,0,0,0,3,0,0,0,1,0,0,0,1,13.8,3.8,2.0,2.0,3,4,1,4,1,0.02,0.02,0.04,2.24,,,,,,,[],,127,59,155,46,161,57,176,67,0.02,0.0,0.02,0.04,2.24,3.0,457,113,410,153,410,153,219,80,1.0,0.0,4.0,Fulham,DEF,4.5
True,True,,,166477,0,0,0,0,4.1,16,"[{'offset': 0, 'projected_percent': '4.2', 'likelihood': 1}, {'offset': 1, 'projected_percent': '4.4', 'likelihood': 1}, {'offset': 2, 'projected_percent': '4.6', 'likelihood': 1}]",,False,0,2,3.0,3.0,0,Timothy,3.0,258,False,,,45,166477.jpg,6.0,False,Castagne,0.5,False,,a,10,54,6,13728,1632,3028,413,0.7,1.3,Castagne,,21.0,2023-08-29,1995-12-05,False,p166477,90,0,2,0,3,0,0,0,1,0,0,0,21,38.0,27.8,23.0,8.9,5,4,1,6,1,0.09,0.18,0.27,2.24,,,,,,,[],,30,10,35,9,41,9,22,3,0.09,0.0,0.18,0.27,2.24,3.0,427,90,67,26,43,17,259,95,1.0,0.0,6.0,Fulham,DEF,4.5
True,True,,,153133,0,0,0,0,-13.0,-16,"[{'offset': 0, 'projected_percent': '-13.2', 'likelihood': -1}, {'offset': 1, 'projected_percent': '-15.6', 'likelihood': -1}, {'offset': 2, 'projected_percent': '-18.0', 'likelihood': -1}]",,False,0,3,1.0,1.0,0,Alex,1.0,261,False,,,55,153133.jpg,2.0,False,Iwobi,1.0,False,,a,10,54,2,6981,886,10975,1579,0.2,0.4,Iwobi,,157.0,2023-09-01,1996-05-03,False,p153133,90,0,0,0,3,0,0,0,0,0,0,0,17,12.4,11.3,0.0,2.4,3,6,1,10,1,0.00,0.04,0.04,2.24,1.0,,1.0,,3.0,,[],,142,48,116,68,524,212,158,72,0.0,0.0,0.04,0.04,2.24,3.0,122,79,195,90,149,73,198,64,1.0,0.0,10.0,Fulham,MID,5.5
True,True,,,209289,0,0,0,0,-45.8,-10,"[{'offset': 0, 'projected_percent': '-46.2', 'likelihood': -3}, {'offset': 1, 'projected_percent': '-49.9', 'likelihood': -3}, {'offset': 2, 'projected_percent': '-53.7', 'likelihood': -3}]",,False,0,3,0.0,0.0,0,Emile,0.0,262,False,,,55,209289.jpg,0.0,False,Smith Rowe,0.4,False,,a,10,54,0,1653,239,5385,637,0.0,0.0,Smith Rowe,,241.0,2024-08-02,2000-07-28,False,p209289,0,0,0,0,0,0,0,0,0,0,0,0,0,0.0,0.0,0.0,0.0,0,0,0,0,0,0.00,0.00,0.00,0.00,,,,,,,[],,548,228,564,237,539,220,564,235,0.0,0.0,0.0,0.0,0.0,0.0,142,88,572,241,572,241,284,92,0.0,0.0,0.0,Fulham,MID,5.5
True,True,,,560552,0,0,0,0,-43.8,-1,"[{'offset': 0, 'projected_percent': '-44.1', 'likelihood': -3}, {'offset': 1, 'projected_percent': '-47.2', 'likelihood': -3}, {'offset': 2, 'projected_percent': '-50.2', 'likelihood': -3}]",,False,0,3,0.5,0.5,0,Kevin,0.5,263,False,,,55,560552.jpg,1.0,False,Santos Lopes de Macedo,0.1,False,,a,10,54,1,483,64,992,130,0.1,0.2,Kevin,Kevin,30.0,2025-09-01,2003-01-04,False,p560552,17,0,0,0,0,0,0,0,0,0,0,0,2,5.2,1.9,0.0,0.7,0,1,2,3,0,0.00,0.01,0.01,0.03,3.0,,,,,,[],,209,86,189,110,573,245,248,111,0.0,0.0,0.05,0.05,0.16,0.0,208,133,301,143,290,138,482,199,0.0,0.0,15.88,Fulham,MID,5.5
True,True,,,477555,0,0,0,0,1.0,2,"[{'offset': 0, 'projected_percent': '1.0', 'likelihood': 1}, {'offset': 1, 'projected_percent': '1.0', 'likelihood': 1}, {'offset': 2, 'projected_percent': '1.0', 'likelihood': 1}]",,False,0,3,1.0,1.0,0,Oscar,1.0,264,False,,,55,477555.jpg,2.0,False,Bobb,0.3,False,,a,10,54,2,5159,639,3623,626,0.2,0.4,Bobb,,161.0,2026-01-30,2003-07-12,False,p477555,66,0,0,0,3,0,0,0,0,0,0,0,10,9.8,13.8,6.0,3.0,1,2,3,6,1,0.00,0.26,0.26,2.21,2.0,,,,,,[],,165,62,93,59,118,60,132,61,0.0,0.0,0.35,0.35,3.01,4.09,183,114,200,95,155,78,288,94,1.36,0.0,8.18,Fulham,MID,5.5
True,True,,,207189,0,0,0,0,-19.4,-16,"[{'offset': 0, 'projected_percent': '-20.0', 'likelihood': -2}, {'offset': 1, 'projected_percent': '-25.9', 'likelihood': -2}, {'offset': 2, 'projected_percent': '-31.9', 'likelihood': -2}]",,False,0,3,1.0,1.0,0,Sander,1.0,265,False,,,50,207189.jpg,2.0,False,Berge,0.4,False,,a,10,54,2,1708,243,3861,528,0.2,0.4,Berge,,161.0,2024-08-22,1998-02-14,False,p207189,72,0,0,0,3,0,0,0,0,0,0,0,14,13.6,23.1,7.0,4.4,1,2,1,4,1,0.03,0.03,0.06,2.21,,,,,,,[],,129,42,52,34,104,53,91,48,0.04,0.0,0.04,0.08,2.76,3.75,263,161,181,80,136,63,279,90,1.25,0.0,5.0,Fulham,MID,5.0
True,True,0.0,0.0,76357,0,0,0,0,-60.7,0,"[{'offset': 0, 'projected_percent': '-60.7', 'likelihood': -3}, {'offset': 1, 'projected_percent': '-60.7', 'likelihood': -3}, {'offset': 2, 'projected_percent': '-60.7', 'likelihood': -3}]",,False,0,3,0.0,0.0,0,Tom,0.0,266,False,Knee injury - Expected back 10 Oct,2026-08-14T18:00:06.460944Z,50,76357.jpg,0.0,False,Cairney,0.0,False,,i,10,54,0,13,1,127,12,0.0,0.0,Cairney,,243.0,2015-07-07,1991-01-20,False,p76357,0,0,0,0,0,0,0,0,0,0,0,0,0,0.0,0.0,0.0,0.0,0,0,0,0,0,0.00,0.00,0.00,0.00,,,,,,,[],https://www.fulhamfc.com/news/2026/august/21/team-news-joachim-andersen-tom-cairney-absent-for-chelsea/,436,166,442,176,383,135,452,173,0.0,0.0,0.0,0.0,0.0,0.0,228,142,474,192,474,192,604,261,0.0,0.0,0.0,Fulham,MID,5.0
True,True,,,577725,0,0,0,0,15.7,64,"[{'offset': 0, 'projected_percent': '15.8', 'likelihood': 1}, {'offset': 1, 'projected_percent': '16.7', 'likelihood': 1}, {'offset': 2, 'projected_percent': '17.6', 'likelihood': 1}]",,False,0,3,3.5,3.5,0,Josh,3.5,268,False,,,55,577725.jpg,7.0,False,King,0.6,False,,a,10,54,7,38404,3721,5116,952,0.6,1.3,King,,241.0,2024-02-02,2007-01-03,False,p577725,90,1,0,0,3,0,0,0,0,0,0,0,34,41.6,15.6,41.0,9.8,2,4,2,8,1,0.17,0.04,0.21,2.24,,,,,,,[],,23,12,77,48,13,8,14,11,0.17,0.0,0.04,0.21,2.24,3.0,213,136,63,28,36,16,237,80,1.0,0.0,8.0,Fulham,MID,5.5
True,True,,,184349,0,0,0,0,-21.2,-5,"[{'offset': 0, 'projected_percent': '-21.3', 'likelihood': -2}, {'offset': 1, 'projected_percent': '-22.9', 'likelihood': -2}, {'offset': 2, 'projected_percent': '-24.4', 'likelihood': -2}]",,False,0,2,0.5,0.5,0,Ryan,0.5,269,False,,,45,184349.jpg,1.0,False,Sessegnon,0.4,False,,a,10,54,1,1094,135,3363,349,0.1,0.2,Sessegnon,,241.0,2024-07-26,2000-05-18,False,p184349,17,0,0,0,0,0,0,0,0,0,0,0,7,6.6,0.5,19.0,2.6,1,1,0,1,0,0.03,0.00,0.03,0.03,,,,,,,[],,194,86,249,90,46,11,147,58,0.16,0.0,0.0,0.16,0.16,0.0,433,94,230,79,211,74,272,102,0.0,0.0,5.29,Fulham,DEF,4.5
True,True,,,153366,0,0,0,0,-22.4,-14,"[{'offset': 0, 'projected_percent': '-22.6', 'likelihood': -2}, {'offset': 1, 'projected_percent': '-24.0', 'likelihood': -2}, {'offset': 2, 'projected_percent': '-25.4', 'likelihood': -2}]",,False,0,3,0.0,0.0,0,Harrison,0.0,270,False,,,45,153366.jpg,0.0,False,Reed,1.4,False,,a,10,54,0,6666,1084,16375,1872,0.0,0.0,Reed,,241.0,2020-08-30,1995-01-27,False,p153366,0,0,0,0,0,0,0,0,0,0,0,0,0,0.0,0.0,0.0,0.0,0,0,0,0,0,0.00,0.00,0.00,0.00,,,,,,,[],,349,136,353,146,280,102,366,143,0.0,0.0,0.0,0.0,0.0,0.0,425,245,394,163,394,163,163,48,0.0,0.0,0.0,Fulham,MID,4.5
True,True,,,244042,0,0,0,0,-35.6,-14,"[{'offset': 0, 'projected_percent': '-36.0', 'likelihood': -2}, {'offset': 1, 'projected_percent': '-39.7', 'likelihood': -2}, {'offset': 2, 'projected_percent': '-43.4', 'likelihood': -3}]",,False,0,4,0.5,0.5,0,Rodrigo,0.5,271,False,,,55,244042.jpg,1.0,False,Muniz Carvalho,0.5,False,,a,10,54,1,3398,586,7895,1005,0.1,0.2,Muniz,Rodrigo Muniz,30.0,2021-08-20,2001-05-04,False,p244042,8,0,0,0,0,0,0,0,0,0,0,0,6,6.0,11.5,7.0,2.5,1,0,0,1,0,0.02,0.00,0.02,0.03,,,,,,,[],,202,13,112,13,108,22,151,15,0.22,0.0,0.0,0.22,0.34,0.0,154,37,290,30,279,28,245,38,0.0,0.0,11.25,Fulham,FWD,5.5
True,True,,,631786,0,0,0,0,-7.0,-58,"[{'offset': 0, 'projected_percent': '-7.2', 'likelihood': -1}, {'offset': 1, 'projected_percent': '-8.4', 'likelihood': -1}, {'offset': 2, 'projected_percent': '-9.6', 'likelihood': -1}]",,False,0,4,0.0,0.0,0,Jonah,0.0,272,False,,,45,631786.jpg,0.0,False,Kusi-Asare,6.9,False,,a,10,54,0,29483,5795,50685,6408,0.0,0.0,Kusi-Asare,,206.0,2026-06-27,2007-07-04,False,p631786,0,0,0,0,0,0,0,0,0,0,0,0,0,0.0,0.0,0.0,0.0,0,0,0,0,0,0.00,0.00,0.00,0.00,,,,,,,[],,426,35,432,42,373,41,442,44,0.0,0.0,0.0,0.0,0.0,0.0,540,73,464,49,464,49,60,9,0.0,0.0,0.0,Fulham,FWD,4.5
True,True,,,551466,0,0,0,0,77.8,478,"[{'offset': 0, 'projected_percent': '78.5', 'likelihood': 3}, {'offset': 1, 'projected_percent': '85.1', 'likelihood': 3}, {'offset': 2, 'projected_percent': '91.7', 'likelihood': 3}]",,False,0,4,3.0,3.0,0,Gonzalo,3.0,569,False,,,60,551466.jpg,6.0,False,García,4.4,False,,a,10,54,6,188155,35937,22137,4930,0.5,1.0,Gonzalo,,200.0,2026-08-03,2004-03-24,False,p551466,90,1,0,0,3,0,0,0,0,0,0,0,33,37.2,4.3,40.0,8.2,0,1,1,2,1,0.73,0.01,0.74,2.24,,,,,1.0,,[],,34,4,150,18,16,6,30,6,0.73,0.0,0.01,0.74,2.24,3.0,103,27,89,9,59,4,77,12,1.0,0.0,2.0,Fulham,FWD,6.0
True,True,,,571779,0,0,0,0,-20.3,1,"[{'offset': 0, 'projected_percent': '-20.2', 'likelihood': -2}, {'offset': 1, 'projected_percent': '-19.9', 'likelihood': -1}, {'offset': 2, 'projected_percent': '-19.5', 'likelihood': -1}]",,False,0,3,1.0,1.0,0,César,1.0,570,False,,,55,571779.jpg,2.0,False,Palacios,0.2,False,,a,10,54,2,1065,155,2089,305,0.2,0.4,Palacios,,200.0,2026-08-03,2004-11-11,False,p571779,72,0,0,0,3,0,0,0,0,0,0,0,10,2.8,7.3,8.0,1.8,0,2,2,4,1,0.16,0.01,0.17,2.21,,,,,,,[],,240,109,132,78,98,49,194,86,0.2,0.0,0.01,0.21,2.76,3.75,211,135,205,99,158,81,336,121,1.25,0.0,5.0,Fulham,MID,5.5
True,True,,,463210,0,0,0,0,-17.9,-1,"[{'offset': 0, 'projected_percent': '-18.1', 'likelihood': -1}, {'offset': 1, 'projected_percent': '-20.1', 'likelihood': -2}, {'offset': 2, 'projected_percent': '-22.0', 'likelihood': -2}]",,False,0,3,0.5,0.5,0,Shea,0.5,580,False,,,50,463210.jpg,1.0,False,Charles,0.1,False,,a,10,54,1,411,52,945,137,0.1,0.2,Charles,,242.0,2026-08-11,2003-11-05,False,p463210,23,0,0,0,0,0,0,0,0,0,0,0,5,3.4,1.3,0.0,0.5,0,2,1,3,0,0.00,0.00,0.00,0.03,,,,,,,[],,234,104,209,118,458,172,256,116,0.0,0.0,0.0,0.0,0.12,0.0,318,188,259,117,244,107,434,173,0.0,0.0,11.74,Fulham,MID,5.0
True,True,75.0,75.0,547686,0,0,0,0,0.0,0,"[{'offset': 0, 'projected_percent': '0.0', 'likelihood': 0}, {'offset': 1, 'projected_percent': '0.0', 'likelihood': 0}, {'offset': 2, 'projected_percent': '0.0', 'likelihood': 0}]",2026-09-06T21:39:13.973938Z,False,0,2,0.0,0.0,0,Luc,0.0,610,False,Unspecified injury - 75% chance of playing,2026-08-28T11:30:08.336405Z,40,547686.jpg,0.0,False,De Fougerolles,0.1,False,,d,10,54,0,3375,324,737,263,0.0,0.0,De Fougerolles,,39.0,2023-07-19,2005-10-12,False,p547686,0,0,0,0,0,0,0,0,0,0,0,0,0,0.0,0.0,0.0,0.0,0,0,0,0,0,0.00,0.00,0.00,0.00,,,,,,,[],,321,124,321,126,243,95,338,125,0.0,0.0,0.0,0.0,0.0,0.0,605,190,367,128,367,128,446,157,0.0,0.0,0.0,Fulham,DEF,4.0
True,True,,,167825,0,0,0,0,-10.3,-9,"[{'offset': 0, 'projected_percent': '-10.4', 'likelihood': -1}, {'offset': 1, 'projected_percent': '-11.2', 'likelihood': -1}, {'offset': 2, 'projected_percent': '-12.1', 'likelihood': -1}]",,False,0,1,0.0,0.0,0,Dillon,0.0,273,False,,,40,167825.jpg,0.0,False,Phillips,1.5,False,,a,11,88,0,3926,811,8103,1009,0.0,0.0,Phillips,,241.0,2025-07-01,1995-06-11,False,p167825,0,0,0,0,0,0,0,0,0,0,0,0,0,0.0,0.0,0.0,0.0,0,0,0,0,0,0.00,0.00,0.00,0.00,,,,,,,[],,292,30,290,10,208,10,308,30,0.0,0.0,0.0,0.0,0.0,0.0,564,58,338,30,338,30,156,23,0.0,0.0,0.0,Hull City,GKP,4.0
True,True,0.0,0.0,105666,0,0,0,0,-34.1,-4,"[{'offset': 0, 'projected_percent': '-34.3', 'likelihood': -2}, {'offset': 1, 'projected_percent': '-36.5', 'likelihood': -2}, {'offset': 2, 'projected_percent': '-38.6', 'likelihood': -2}]",,False,0,1,0.0,0.0,0,Jack,0.0,274,False,Arm injury - Unknown return date,2026-08-08T19:00:05.601633Z,45,105666.jpg,0.0,False,Butland,0.1,False,,i,11,88,0,142,18,1963,225,0.0,0.0,Butland,,241.0,2026-07-02,1993-03-10,False,p105666,0,0,0,0,0,0,0,0,0,0,0,0,0,0.0,0.0,0.0,0.0,0,0,0,0,0,0.00,0.00,0.00,0.00,,,,,,,[],,341,44,344,26,271,26,358,44,0.0,0.0,0.0,0.0,0.0,0.0,414,26,386,44,386,44,427,46,0.0,0.0,0.0,Hull City,GKP,4.5
True,False,0.0,0.0,494950,0,0,0,0,0.0,0,"[{'offset': 0, 'projected_percent': '0.0', 'likelihood': 0}, {'offset': 1, 'projected_percent': '0.0', 'likelihood': 0}, {'offset': 2, 'projected_percent': '0.0', 'likelihood': 0}]",,False,0,1,0.0,0.0,0,Harvey,0.0,275,False,Has joined Grimsby Town on loan for the rest of the season,2026-07-29T13:00:27.959925Z,40,494950.jpg,0.0,False,Cartwright,0.0,False,,u,11,88,0,0,0,126,15,0.0,0.0,Cartwright,,241.0,2020-07-01,2002-05-09,False,p494950,0,0,0,0,0,0,0,0,0,0,0,0,0,0.0,0.0,0.0,0.0,0,0,0,0,0,0.00,0.00,0.00,0.00,,,,,,,[],,312,39,312,19,233,19,329,39,0.0,0.0,0.0,0.0,0.0,0.0,595,67,358,39,358,39,594,68,0.0,0.0,0.0,Hull City,GKP,4.0
True,False,0.0,0.0,444307,0,0,0,0,0.0,-1,"[{'offset': 0, 'projected_percent': '0.0', 'likelihood': 0}, {'offset': 1, 'projected_percent': '0.0', 'likelihood': 0}, {'offset': 2, 'projected_percent': '0.0', 'likelihood': 0}]",,False,0,1,0.0,0.0,0,Thimothée,0.0,276,False,Has joined Colchester United on loan for the rest of the season,2026-08-17T13:50:27.125537Z,40,444307.jpg,0.0,False,Lo-Tutala,0.0,False,,u,11,88,0,0,0,438,55,0.0,0.0,Lo-Tutala,,73.0,2023-07-01,2003-02-13,False,p444307,0,0,0,0,0,0,0,0,0,0,0,0,0,0.0,0.0,0.0,0.0,0,0,0,0,0,0.00,0.00,0.00,0.00,,,,,,,[],,305,36,305,16,224,16,322,36,0.0,0.0,0.0,0.0,0.0,0.0,584,64,351,36,351,36,529,58,0.0,0.0,0.0,Hull City,GKP,4.0
True,True,,,108416,0,0,0,0,17.0,782,"[{'offset': 0, 'projected_percent': '18.1', 'likelihood': 1}, {'offset': 1, 'projected_percent': '29.0', 'likelihood': 2}, {'offset': 2, 'projected_percent': '39.8', 'likelihood': 2}]",,False,1,2,8.5,8.5,9,John,8.5,277,True,,,40,108416.jpg,8.5,False,Egan,2.1,False,,a,11,88,17,56672,13735,12774,1567,2.1,4.2,Egan,,104.0,2025-02-03,1992-10-20,False,p108416,180,0,0,2,0,0,0,0,0,0,0,1,52,43.4,0.1,2.0,4.6,32,4,2,34,2,0.00,0.00,0.00,3.11,,,,,,,[],,19,7,272,100,154,50,86,30,0.0,0.0,0.0,0.0,1.56,0.0,557,155,5,3,23,9,129,52,1.0,1.0,17.0,Hull City,DEF,4.0
True,True,0.0,0.0,501902,0,0,0,0,-43.0,-3,"[{'offset': 0, 'projected_percent': '-43.1', 'likelihood': -3}, {'offset': 1, 'projected_percent': '-44.5', 'likelihood': -3}, {'offset': 2, 'projected_percent': '-45.9', 'likelihood': -3}]",,False,0,2,0.0,0.0,0,Charlie,0.0,278,False,Groin injury - Unknown return date,2026-08-02T09:00:11.030017Z,40,501902.jpg,0.0,False,Hughes,0.1,False,,i,11,88,0,111,12,2566,246,0.0,0.0,Hughes,,241.0,2024-08-16,2003-10-16,False,p501902,0,0,0,0,0,0,0,0,0,0,0,0,0,0.0,0.0,0.0,0.0,0,0,0,0,0,0.00,0.00,0.00,0.00,,,,,,,[],,315,119,315,121,236,89,332,120,0.0,0.0,0.0,0.0,0.0,0.0,598,184,361,123,361,123,412,147,0.0,0.0,0.0,Hull City,DEF,4.0
True,True,100.0,100.0,146426,0,0,0,0,41.2,2015,"[{'offset': 0, 'projected_percent': '44.0', 'likelihood': 3}, {'offset': 1, 'projected_percent': '71.9', 'likelihood': 3}, {'offset': 2, 'projected_percent': '99.8', 'likelihood': 4}]",,False,1,2,10.0,10.0,6,Semi,10.0,279,True,,2026-08-22T17:30:07.668197Z,40,146426.jpg,10.0,False,Ajayi,2.5,False,,a,11,88,20,117352,37946,18099,2506,2.5,5.0,Ajayi,,157.0,2025-07-01,1993-11-09,False,p146426,153,1,0,2,0,0,0,0,0,0,0,2,63,44.2,0.2,35.0,7.9,12,8,2,14,2,0.52,0.00,0.52,2.14,,,,,,,[],,14,4,267,97,20,4,32,7,0.31,0.0,0.0,0.31,1.26,0.0,560,157,2,1,11,4,118,45,1.18,1.18,8.24,Hull City,DEF,4.0
True,True,75.0,100.0,193278,0,0,0,0,-9.8,-47,"[{'offset': 0, 'projected_percent': '-10.4', 'likelihood': -1}, {'offset': 1, 'projected_percent': '-16.1', 'likelihood': -1}, {'offset': 2, 'projected_percent': '-21.9', 'likelihood': -2}]",,False,0,2,2.2,3.0,0,Lewie,3.0,280,False,Unspecified injury - 75% chance of playing,2026-08-29T16:30:08.151841Z,40,193278.jpg,3.0,False,Coyle,0.6,False,,d,11,88,6,3172,549,5814,733,0.8,1.5,Coyle,,241.0,2020-08-07,1995-10-15,False,p193278,114,0,0,1,0,0,0,0,1,0,0,0,25,5.8,11.3,0.0,1.7,5,4,1,6,2,0.00,0.01,0.01,2.24,,,,,,,[],,203,89,114,33,214,75,196,77,0.0,0.0,0.01,0.01,1.77,0.0,570,164,65,24,92,36,235,88,1.58,0.79,4.74,Hull City,DEF,4.0
True,True,100.0,100.0,433590,0,0,0,0,-0.3,-5,"[{'offset': 0, 'projected_percent': '-1.2', 'likelihood': -1}, {'offset': 1, 'projected_percent': '-10.5', 'likelihood': -1}, {'offset': 2, 'projected_percent': '-19.9', 'likelihood': -1}]",,False,0,2,1.0,1.0,1,Cody,1.0,281,False,,2026-08-08T19:00:05.613036Z,40,433590.jpg,1.0,False,Drameh,0.1,False,,a,11,88,2,1213,105,507,94,0.2,0.5,Drameh,,241.0,2024-07-23,2001-12-08,False,p433590,65,0,0,0,0,0,0,0,0,0,0,0,8,2.2,0.0,1.0,0.3,5,4,1,6,0,0.05,0.00,0.05,0.88,,,,,,,[],,245,97,302,113,188,64,273,98,0.07,0.0,0.0,0.07,1.22,0.0,581,172,162,57,199,63,460,164,0.0,0.0,8.31,Hull City,DEF,4.0
True,True,,,232351,0,0,0,0,4.2,33,"[{'offset': 0, 'projected_percent': '4.2', 'likelihood': 1}, {'offset': 1, 'projected_percent': '4.7', 'likelihood': 1}, {'offset': 2, 'projected_percent': '5.1', 'likelihood': 1}]",,False,0,2,6.0,6.0,6,Ryan,6.0,282,False,,,40,232351.jpg,6.0,False,Giles,0.9,False,,a,11,88,12,14260,1368,4783,592,1.5,3.0,Giles,,241.0,2024-06-27,2000-01-26,False,p232351,174,0,0,2,0,0,0,0,0,0,0,0,47,13.8,18.8,4.0,3.7,6,5,2,8,2,0.02,0.14,0.16,3.04,1.0,,1.0,,,,[],,125,57,66,20,130,42,110,39,0.01,0.0,0.07,0.08,1.57,0.0,578,171,23,9,41,15,202,76,1.03,1.03,4.14,Hull City,DEF,4.0
True,True,0.0,0.0,449428,0,0,0,0,-26.3,0,"[{'offset': 0, 'projected_percent': '-26.3', 'likelihood': -2}, {'offset': 1, 'projected_percent': '-26.3', 'likelihood': -2}, {'offset': 2, 'projected_percent': '-26.3', 'likelihood': -2}]",,False,0,2,0.0,0.0,0,Matty,0.0,283,False,Hip injury - Expected back 5 Sep,2026-08-02T09:00:11.038361Z,40,449428.jpg,0.0,False,Jacob,0.0,False,,i,11,88,0,73,16,249,21,0.0,0.0,Jacob,,241.0,2019-07-01,2001-06-03,False,p449428,0,0,0,0,0,0,0,0,0,0,0,0,0,0.0,0.0,0.0,0.0,0,0,0,0,0,0.00,0.00,0.00,0.00,,,,,,,[],,306,113,306,115,225,81,323,114,0.0,0.0,0.0,0.0,0.0,0.0,585,174,352,117,352,117,580,199,0.0,0.0,0.0,Hull City,DEF,4.0
True,True,,,661800,0,0,0,0,-12.6,-6,"[{'offset': 0, 'projected_percent': '-13.7', 'likelihood': -1}, {'offset': 1, 'projected_percent': '-24.8', 'likelihood': -2}, {'offset': 2, 'projected_percent': '-35.9', 'likelihood': -2}]",,False,0,2,0.0,0.0,0,Cathal,0.0,284,False,,,40,661800.jpg,0.0,False,McCarthy,0.1,False,,a,11,88,0,747,72,1082,123,0.0,0.0,McCarthy,,,,,False,p661800,0,0,0,0,0,0,0,0,0,0,0,0,0,0.0,0.0,0.0,0.0,0,0,0,0,0,0.00,0.00,0.00,0.00,,,,,,,[],,336,138,337,141,260,111,353,139,0.0,0.0,0.0,0.0,0.0,0.0,623,207,381,141,381,141,440,155,0.0,0.0,0.0,Hull City,DEF,4.0
True,True,,,160817,0,0,0,0,-0.4,-5,"[{'offset': 0, 'projected_percent': '-0.9', 'likelihood': -1}, {'offset': 1, 'projected_percent': '-5.9', 'likelihood': -1}, {'offset': 2, 'projected_percent': '-10.9', 'likelihood': -1}]",,False,0,2,0.5,0.5,0,Paddy,0.5,285,False,,,40,160817.jpg,1.0,False,McNair,0.1,False,,a,11,88,1,726,80,864,174,0.1,0.2,McNair,,242.0,2026-01-28,1995-04-27,False,p160817,26,0,0,0,0,0,0,0,0,0,0,0,3,4.2,0.0,0.0,0.4,2,1,0,2,0,0.00,0.00,0.00,0.96,,,,,,,[],,220,91,289,105,207,70,261,96,0.0,0.0,0.0,0.0,3.32,0.0,562,158,220,70,196,60,394,141,0.0,0.0,6.92,Hull City,DEF,4.0
True,True,,,540324,0,0,0,0,6.2,123,"[{'offset': 0, 'projected_percent': '6.3', 'likelihood': 1}, {'offset': 1, 'projected_percent': '8.1', 'likelihood': 1}, {'offset': 2, 'projected_percent': '9.8', 'likelihood': 1}]",,False,0,3,4.5,4.5,6,Mohamed,4.5,286,False,,,50,540324.jpg,4.5,False,Belloumi,0.7,False,,a,11,88,9,16386,2496,4744,713,0.9,1.8,Belloumi,,3.0,2024-08-30,2002-06-01,False,p540324,172,0,1,2,0,0,0,0,0,0,0,0,31,10.6,2.2,7.0,2.0,6,8,6,20,2,0.17,0.05,0.22,2.93,3.0,,2.0,,,,[],,159,57,181,106,107,55,179,81,0.09,0.0,0.03,0.12,1.53,0.0,367,216,48,22,81,34,230,77,1.05,1.05,10.47,Hull City,MID,5.0
True,True,,,232905,0,0,0,0,-29.4,27,"[{'offset': 0, 'projected_percent': '-23.5', 'likelihood': -2}, {'offset': 1, 'projected_percent': '0.2', 'likelihood': 1}, {'offset': 2, 'projected_percent': '0.6', 'likelihood': 1}]",,False,0,3,3.0,3.0,6,Liam,3.0,287,False,,,50,232905.jpg,3.0,False,Millar,0.1,False,,a,11,88,6,643,338,1103,116,0.6,1.2,Millar,,39.0,2024-08-09,1999-09-27,False,p232905,50,1,0,0,0,0,0,0,1,0,0,0,26,2.0,0.3,2.0,0.4,2,1,1,4,0,0.58,0.00,0.58,0.88,,,,,,,[],,252,114,259,136,169,83,265,121,1.04,0.0,0.0,1.04,1.58,0.0,291,175,73,31,96,39,468,190,0.0,0.0,7.2,Hull City,MID,5.0
True,True,,,171270,0,0,0,0,-26.4,0,"[{'offset': 0, 'projected_percent': '-26.4', 'likelihood': -2}, {'offset': 1, 'projected_percent': '-26.4', 'likelihood': -2}, {'offset': 2, 'projected_percent': '-26.4', 'likelihood': -2}]",,False,0,3,0.0,0.0,0,Kieran,0.0,288,False,,,45,171270.jpg,0.0,False,Dowell,0.4,False,,a,11,88,0,2165,449,4925,667,0.0,0.0,Dowell,,241.0,2026-01-23,1997-10-10,False,p171270,0,0,0,0,0,0,0,0,0,0,0,0,0,0.0,0.0,0.0,0.0,0,0,0,0,0,0.00,0.00,0.00,0.00,,,,,,,[],,351,137,355,147,282,103,368,144,0.0,0.0,0.0,0.0,0.0,0.0,430,246,396,164,396,164,285,93,0.0,0.0,0.0,Hull City,MID,4.5
True,True,75.0,,101282,0,0,0,0,2.4,-71,"[{'offset': 0, 'projected_percent': '2.3', 'likelihood': 1}, {'offset': 1, 'projected_percent': '1.3', 'likelihood': 1}, {'offset': 2, 'projected_percent': '0.3', 'likelihood': 1}]",,False,0,3,0.8,1.0,0,Matt,1.0,289,False,Thigh injury - 75% chance of playing,2026-08-29T15:00:08.569326Z,45,101282.jpg,2.0,False,Crooks,0.7,False,,d,11,88,2,11611,1470,7439,1749,0.2,0.4,Crooks,,241.0,2025-01-10,1994-01-20,False,p101282,90,0,0,1,0,0,0,0,1,0,0,0,9,19.0,2.4,0.0,2.1,4,1,4,9,1,0.00,0.00,0.00,1.83,,,,,,,[],https://www.wearehullcity.co.uk/news/2026/august/29/team-news-coventry-city-a/,89,29,171,101,270,100,169,77,0.0,0.0,0.0,0.0,1.83,0.0,413,243,170,75,130,59,227,75,1.0,1.0,9.0,Hull City,MID,4.5
True,True,,,243413,0,0,0,0,38.3,333,"[{'offset': 0, 'projected_percent': '38.8', 'likelihood': 2}, {'offset': 1, 'projected_percent': '43.4', 'likelihood': 3}, {'offset': 2, 'projected_percent': '48.0', 'likelihood': 3}]",,False,0,3,4.0,4.0,2,Regan,4.0,290,False,,,45,243413.jpg,4.0,False,Slater,4.1,False,,a,11,88,8,111427,19056,27616,5242,0.9,1.8,Slater,,241.0,2022-01-27,1999-09-11,False,p243413,180,0,1,2,0,0,0,0,1,0,0,0,26,18.4,19.3,0.0,3.8,2,6,5,13,2,0.00,0.45,0.45,3.11,2.0,,,,,,[],,94,33,63,41,305,106,106,55,0.0,0.0,0.22,0.22,1.56,0.0,461,249,55,25,84,35,85,27,1.0,1.0,6.5,Hull City,MID,4.5
True,True,0.0,0.0,465525,0,0,0,0,-9.0,0,"[{'offset': 0, 'projected_percent': '-9.0', 'likelihood': -1}, {'offset': 1, 'projected_percent': '-9.0', 'likelihood': -1}, {'offset': 2, 'projected_percent': '-9.0', 'likelihood': -1}]",,False,0,3,0.0,0.0,0,Eliot,0.0,291,False,Knee injury - Unknown return date,2026-07-23T12:01:23.532635Z,45,465525.jpg,0.0,False,Matazo,0.0,False,,i,11,88,0,77,13,115,19,0.0,0.0,Matazo,,21.0,2025-01-23,2002-02-15,False,p465525,0,0,0,0,0,0,0,0,0,0,0,0,0,0.0,0.0,0.0,0.0,0,0,0,0,0,0.00,0.00,0.00,0.00,,,,,,,[],,376,140,381,150,316,108,393,147,0.0,0.0,0.0,0.0,0.0,0.0,477,251,420,167,420,167,599,256,0.0,0.0,0.0,Hull City,MID,4.5
True,True,,,208481,0,0,0,0,-57.0,0,"[{'offset': 0, 'projected_percent': '-57.0', 'likelihood': -3}, {'offset': 1, 'projected_percent': '-57.0', 'likelihood': -3}, {'offset': 2, 'projected_percent': '-57.0', 'likelihood': -3}]",,False,0,3,0.0,0.0,0,Abdülkadir,0.0,292,False,,,50,208481.jpg,0.0,False,Ömür,0.0,False,,a,11,88,0,235,26,454,67,0.0,0.0,Ömür,,219.0,2024-02-01,1999-06-25,False,p208481,0,0,0,0,0,0,0,0,0,0,0,0,0,0.0,0.0,0.0,0.0,0,0,0,0,0,0.00,0.00,0.00,0.00,,,,,,,[],,459,178,467,187,412,150,475,185,0.0,0.0,0.0,0.0,0.0,0.0,264,162,492,201,492,201,561,232,0.0,0.0,0.0,Hull City,MID,5.0
True,False,0.0,0.0,490161,0,0,0,0,0.0,0,"[{'offset': 0, 'projected_percent': '0.0', 'likelihood': 0}, {'offset': 1, 'projected_percent': '0.0', 'likelihood': 0}, {'offset': 2, 'projected_percent': '0.0', 'likelihood': 0}]",,False,0,3,0.0,0.0,0,Abu,0.0,293,False,Has joined Portsmouth permanently,2026-08-12T14:08:23.542043Z,50,490161.jpg,0.0,False,Kamara,0.0,False,,u,11,88,0,0,0,214,17,0.0,0.0,Kamara,,241.0,2024-08-30,2003-07-21,False,p490161,0,0,0,0,0,0,0,0,0,0,0,0,0,0.0,0.0,0.0,0.0,0,0,0,0,0,0.00,0.00,0.00,0.00,,,,,,,[],,503,203,515,212,472,179,519,210,0.0,0.0,0.0,0.0,0.0,0.0,336,196,533,222,533,222,608,265,0.0,0.0,0.0,Hull City,MID,5.0
True,True,0.0,0.0,553783,0,0,0,0,-30.1,-6,"[{'offset': 0, 'projected_percent': '-30.4', 'likelihood': -2}, {'offset': 1, 'projected_percent': '-33.5', 'likelihood': -2}, {'offset': 2, 'projected_percent': '-36.6', 'likelihood': -2}]",,False,0,3,0.0,0.0,0,Óscar,0.0,294,False,Thigh injury - Unknown return date,2026-08-04T18:30:11.016909Z,45,553783.jpg,0.0,False,Zambrano,0.1,False,,i,11,88,0,633,142,2486,337,0.0,0.0,Zambrano,,62.0,2026-07-21,2004-04-20,False,p553783,0,0,0,0,0,0,0,0,0,0,0,0,0,0.0,0.0,0.0,0.0,0,0,0,0,0,0.00,0.00,0.00,0.00,,,,,,,[],,403,148,410,158,348,116,419,155,0.0,0.0,0.0,0.0,0.0,0.0,512,259,444,175,444,175,418,164,0.0,0.0,0.0,Hull City,MID,4.5
True,True,,,169432,0,0,0,0,32.3,-61,"[{'offset': 0, 'projected_percent': '32.2', 'likelihood': 2}, {'offset': 1, 'projected_percent': '31.4', 'likelihood': 2}, {'offset': 2, 'projected_percent': '30.5', 'likelihood': 2}]",,False,0,4,3.0,3.0,1,Oli,3.0,295,False,,,55,169432.jpg,3.0,False,McBurnie,2.2,False,,a,11,88,6,88495,5854,21090,5149,0.5,1.1,McBurnie,,243.0,2025-08-06,1996-06-04,False,p169432,180,0,1,2,0,0,0,0,1,0,0,0,28,17.2,21.1,52.0,9.0,3,6,0,9,2,0.16,0.03,0.19,3.11,,,,,1.0,,[],,100,10,61,4,6,2,21,5,0.08,0.0,0.02,0.1,1.56,0.0,124,31,78,8,98,13,126,20,1.0,1.0,4.5,Hull City,FWD,5.5
True,True,,,213292,0,0,0,0,0.0,-1,"[{'offset': 0, 'projected_percent': '0.0', 'likelihood': 0}, {'offset': 1, 'projected_percent': '0.0', 'likelihood': 0}, {'offset': 2, 'projected_percent': '-0.4', 'likelihood': -1}]",,False,0,3,0.0,0.0,0,David,0.0,296,False,,,50,213292.jpg,0.0,False,Akintola,0.0,False,,a,11,88,0,1112,198,1142,202,0.0,0.0,Akintola,,157.0,2025-08-15,1996-01-13,False,p213292,0,0,0,0,0,0,0,0,0,0,0,0,0,0.0,0.0,0.0,0.0,0,0,0,0,0,0.00,0.00,0.00,0.00,,,,,,,[],,461,179,469,188,415,152,477,186,0.0,0.0,0.0,0.0,0.0,0.0,269,166,494,202,494,202,500,208,0.0,0.0,0.0,Hull City,MID,5.0
True,True,0.0,0.0,470294,0,0,0,0,-37.8,0,"[{'offset': 0, 'projected_percent': '-37.8', 'likelihood': -2}, {'offset': 1, 'projected_percent': '-37.8', 'likelihood': -2}, {'offset': 2, 'projected_percent': '-37.8', 'likelihood': -2}]",,False,0,3,0.0,0.0,0,Darko,0.0,297,False,Thigh injury - Unknown return date,2026-08-04T18:30:11.027155Z,45,470294.jpg,0.0,False,Gyabi,0.0,False,,i,11,88,0,75,11,608,82,0.0,0.0,Gyabi,,241.0,2025-09-01,2004-02-18,False,p470294,0,0,0,0,0,0,0,0,0,0,0,0,0,0.0,0.0,0.0,0.0,0,0,0,0,0,0.00,0.00,0.00,0.00,,,,,,,[],,377,141,382,151,317,109,394,148,0.0,0.0,0.0,0.0,0.0,0.0,478,252,421,168,421,168,544,224,0.0,0.0,0.0,Hull City,MID,4.5
True,False,0.0,0.0,500957,0,0,0,0,0.0,-19,"[{'offset': 0, 'projected_percent': '0.0', 'likelihood': 0}, {'offset': 1, 'projected_percent': '0.0', 'likelihood': 0}, {'offset': 2, 'projected_percent': '0.0', 'likelihood': 0}]",,False,0,4,0.0,0.0,0,Enis,0.0,298,False,Has joined Konyaspor permanently,2026-08-17T13:50:27.145733Z,45,500957.jpg,0.0,False,Destan,0.3,False,,u,11,88,0,0,0,9918,1052,0.0,0.0,Destan,,219.0,2025-08-01,2002-06-15,False,p500957,0,0,0,0,0,0,0,0,0,0,0,0,0,0.0,0.0,0.0,0.0,0,0,0,0,0,0.00,0.00,0.00,0.00,,,,,,,[],,389,26,396,34,334,32,405,35,0.0,0.0,0.0,0.0,0.0,0.0,497,64,430,41,430,41,294,51,0.0,0.0,0.0,Hull City,FWD,4.5
True,False,0.0,0.0,534392,0,0,0,0,0.0,-8,"[{'offset': 0, 'projected_percent': '0.0', 'likelihood': 0}, {'offset': 1, 'projected_percent': '0.0', 'likelihood': 0}, {'offset': 2, 'projected_percent': '0.0', 'likelihood': 0}]",,False,0,4,0.0,0.0,0,Mason,0.0,299,False,Has joined Sheffield Wednesday on loan for the rest of the season,2026-08-03T14:05:20.234842Z,45,534392.jpg,0.0,False,Burstow,0.1,False,,u,11,88,0,0,0,1375,165,0.0,0.0,Burstow,,241.0,2024-08-16,2003-08-04,False,p534392,0,0,0,0,0,0,0,0,0,0,0,0,0,0.0,0.0,0.0,0.0,0,0,0,0,0,0.00,0.00,0.00,0.00,,,,,,,[],,397,27,404,35,342,33,413,36,0.0,0.0,0.0,0.0,0.0,0.0,505,65,438,42,438,42,491,66,0.0,0.0,0.0,Hull City,FWD,4.5
True,True,0.0,0.0,462635,0,0,0,0,-43.6,0,"[{'offset': 0, 'projected_percent': '-43.6', 'likelihood': -3}, {'offset': 1, 'projected_percent': '-43.6', 'likelihood': -3}, {'offset': 2, 'projected_percent': '-43.6', 'likelihood': -3}]",,False,0,3,0.0,0.0,0,Joe,0.0,340,False,Ankle injury - Expected back 5 Sep,2026-08-17T21:30:07.799839Z,50,462635.jpg,0.0,False,Gelhardt,0.0,False,,i,11,88,0,55,10,320,32,0.0,0.0,Gelhardt,,241.0,2026-08-15,2002-05-04,False,p462635,0,0,0,0,0,0,0,0,0,0,0,0,0,0.0,0.0,0.0,0.0,0,0,0,0,0,0.00,0.00,0.00,0.00,,,,,,,[],,494,196,504,205,457,171,510,203,0.0,0.0,0.0,0.0,0.0,0.0,317,187,526,217,526,217,584,248,0.0,0.0,0.0,Hull City,MID,5.0
True,True,,,169359,0,0,0,0,-18.4,-108,"[{'offset': 0, 'projected_percent': '-19.1', 'likelihood': -1}, {'offset': 1, 'projected_percent': '-26.0', 'likelihood': -2}, {'offset': 2, 'projected_percent': '-33.0', 'likelihood': -2}]",,False,0,2,0.5,0.5,0,Matt,0.5,556,False,,,40,169359.jpg,1.0,False,Targett,2.2,False,,a,11,88,1,6205,812,18043,2602,0.1,0.2,Targett,,241.0,2026-07-23,1995-09-18,False,p169359,5,0,0,0,0,0,0,0,0,0,0,0,3,0.4,0.0,0.0,0.0,0,1,0,0,0,0.00,0.00,0.00,0.07,,,,,,,[],,271,101,291,106,209,71,309,106,0.0,0.0,0.0,0.0,1.26,0.0,565,160,222,72,198,62,124,49,0.0,0.0,0.0,Hull City,DEF,4.0
True,True,100.0,100.0,445028,0,0,0,0,0.0,0,"[{'offset': 0, 'projected_percent': '0.0', 'likelihood': 0}, {'offset': 1, 'projected_percent': '0.0', 'likelihood': 0}, {'offset': 2, 'projected_percent': '0.0', 'likelihood': 0}]",,False,0,3,0.5,0.5,1,Hidemasa,0.5,563,False,,2026-08-15T16:00:07.961518Z,50,445028.jpg,1.0,False,Morita,0.0,False,,a,11,88,1,163,45,359,31,0.1,0.2,Morita,,108.0,2026-07-24,1995-05-10,False,p445028,45,0,0,0,0,0,0,0,0,0,0,0,6,0.0,0.0,0.0,0.0,2,1,0,3,1,0.00,0.00,0.00,1.08,,,,,,,[],,487,192,497,201,450,167,503,199,0.0,0.0,0.0,0.0,2.16,0.0,309,183,258,116,243,106,547,226,2.0,0.0,6.0,Hull City,MID,5.0
True,True,,,473284,0,0,0,0,41.8,1138,"[{'offset': 0, 'projected_percent': '43.4', 'likelihood': 3}, {'offset': 1, 'projected_percent': '59.1', 'likelihood': 3}, {'offset': 2, 'projected_percent': '74.8', 'likelihood': 3}]",,False,2,1,10.0,10.0,10,Konstantinos,10.0,572,True,,,45,473284.jpg,10.0,False,Tzolakis,3.5,False,,a,11,88,20,128670,26700,15043,2628,2.2,4.4,Tzolakis,,83.0,2026-08-05,2002-11-08,False,p473284,180,0,0,2,0,0,0,0,0,0,8,6,73,34.6,0.0,0.0,3.5,0,33,0,0,2,0.00,0.00,0.00,3.11,,,,,,,[],,38,4,384,41,321,41,116,4,0.0,4.0,0.0,0.0,1.56,0.0,482,41,3,1,13,1,95,15,1.0,1.0,0.0,Hull City,GKP,4.5
True,True,,,552946,0,0,0,0,-39.8,-1,"[{'offset': 0, 'projected_percent': '-39.9', 'likelihood': -2}, {'offset': 1, 'projected_percent': '-40.8', 'likelihood': -3}, {'offset': 2, 'projected_percent': '-41.8', 'likelihood': -3}]",,False,0,3,0.0,0.0,0,Jens,0.0,574,False,,,50,552946.jpg,0.0,False,Hjertø-Dahl,0.1,False,,a,11,88,0,360,53,1126,157,0.0,0.0,Hjertø-Dahl,,161.0,2026-08-07,2005-10-31,False,p552946,0,0,0,0,0,0,0,0,0,0,0,0,0,0.0,0.0,0.0,0.0,0,0,0,0,0,0.00,0.00,0.00,0.00,,,,,,,[],,523,214,536,223,495,192,539,221,0.0,0.0,0.0,0.0,0.0,0.0,374,221,551,231,551,231,450,180,0.0,0.0,0.0,Hull City,MID,5.0
True,True,,,608227,0,0,0,0,0.4,-7,"[{'offset': 0, 'projected_percent': '0.3', 'likelihood': 1}, {'offset': 1, 'projected_percent': '0.3', 'likelihood': 1}, {'offset': 2, 'projected_percent': '0.2', 'likelihood': 1}]",,False,0,3,1.5,1.5,0,Elliot,1.5,576,False,,,50,608227.jpg,1.5,False,Stroud,0.1,False,,a,11,88,3,1571,141,756,159,0.3,0.6,Stroud,,206.0,2026-08-09,2002-06-22,False,p608227,128,0,0,1,0,0,0,0,1,0,0,0,9,8.4,4.8,0.0,1.3,3,7,3,13,2,0.02,0.04,0.06,2.24,,,,,,,[],,176,69,146,86,503,199,225,100,0.01,0.0,0.03,0.04,1.58,0.0,384,229,141,62,183,91,426,170,1.41,0.7,9.14,Hull City,MID,5.0
True,True,,,597462,0,0,0,0,-4.0,-10,"[{'offset': 0, 'projected_percent': '-4.2', 'likelihood': -1}, {'offset': 1, 'projected_percent': '-6.5', 'likelihood': -1}, {'offset': 2, 'projected_percent': '-8.7', 'likelihood': -1}]",,False,0,2,1.0,1.0,1,Lucas,1.0,585,False,,,40,597462.jpg,1.0,False,Herrington,0.6,False,,a,11,88,2,3094,323,4081,479,0.2,0.5,Herrington,,13.0,2026-08-12,2007-09-05,False,p597462,57,0,0,0,0,0,0,0,0,0,0,0,7,8.0,0.0,0.0,0.8,5,0,0,5,0,0.00,0.00,0.00,1.17,,,,,,,[],,178,78,331,135,254,105,241,91,0.0,0.0,0.0,0.0,1.85,0.0,616,200,167,62,203,67,232,86,0.0,0.0,7.89,Hull City,DEF,4.0
True,True,100.0,100.0,606930,0,0,0,0,38.0,235,"[{'offset': 0, 'projected_percent': '38.4', 'likelihood': 2}, {'offset': 1, 'projected_percent': '41.6', 'likelihood': 3}, {'offset': 2, 'projected_percent': '44.9', 'likelihood': 3}]",,False,1,2,8.0,8.0,1,Nobel,8.0,586,True,,2026-08-22T17:30:08.045208Z,40,606930.jpg,8.0,False,Mendy,4.8,False,,a,11,88,16,217158,37578,26009,6549,2.0,4.0,Mendy,,189.0,2026-08-12,2004-09-03,False,p606930,121,1,0,1,0,0,0,0,0,0,0,1,44,51.8,0.6,33.0,8.5,20,3,2,22,2,0.30,0.00,0.30,1.94,,,,,,,[],,4,1,237,84,23,6,27,5,0.22,0.0,0.0,0.22,1.44,0.0,618,202,9,5,26,10,70,30,1.49,0.74,16.36,Hull City,DEF,4.0
True,True,,,469266,0,0,0,0,0.0,0,"[{'offset': 0, 'projected_percent': '0.0', 'likelihood': 0}, {'offset': 1, 'projected_percent': '0.0', 'likelihood': 0}, {'offset': 2, 'projected_percent': '0.0', 'likelihood': 0}]",2026-08-30T13:58:04.062423Z,False,0,3,0.5,0.5,1,Lucas,0.5,589,False,,,50,469266.jpg,1.0,False,Gourna-Douath,0.0,False,,a,11,88,1,160,25,358,45,0.1,0.2,Gourna-Douath,,73.0,2026-08-15,2003-08-05,False,p469266,45,0,0,0,0,0,0,0,0,0,0,0,7,0.0,0.0,0.0,0.0,1,3,3,7,0,0.00,0.01,0.01,0.21,,,,,,,[],,496,198,507,207,462,174,512,205,0.0,0.0,0.02,0.02,0.42,0.0,324,190,261,118,247,108,533,219,0.0,0.0,14.0,Hull City,MID,5.0
True,True,,,490884,0,0,0,0,0.0,0,"[{'offset': 0, 'projected_percent': '0.0', 'likelihood': 0}, {'offset': 1, 'projected_percent': '0.0', 'likelihood': 0}, {'offset': 2, 'projected_percent': '0.0', 'likelihood': 0}]",2026-09-10T13:58:52.488087Z,False,0,3,1.5,1.5,1,Mohamed-Ali,1.0,617,False,,,50,490884.jpg,1.0,False,Cho,0.0,False,,a,11,88,1,116,91,18,16,0.2,0.2,Cho,,73.0,2026-08-27,2004-01-19,False,p490884,7,0,0,0,0,0,0,0,0,0,0,0,3,0.0,0.0,0.0,0.0,0,0,0,0,0,0.00,0.00,0.00,0.18,,,,,,,[],,505,205,517,214,474,181,521,212,0.0,0.0,0.0,0.0,2.31,0.0,338,198,188,84,250,110,617,270,0.0,0.0,0.0,Hull City,MID,5.0
True,True,,,219924,0,0,0,0,-8.2,-176,"[{'offset': 0, 'projected_percent': '-8.4', 'likelihood': -1}, {'offset': 1, 'projected_percent': '-9.9', 'likelihood': -1}, {'offset': 2, 'projected_percent': '-11.4', 'likelihood': -1}]",,False,0,2,1.0,1.0,0,Issa,1.0,259,False,,,40,219924.jpg,2.0,False,Diop,16.8,False,,a,12,40,2,31122,4609,81599,10675,0.2,0.5,Diop,,145.0,2026-07-22,1997-01-09,False,p219924,90,0,0,0,1,0,0,0,0,0,0,0,7,7.2,0.8,2.0,1.0,4,6,1,5,1,0.00,0.01,0.01,0.66,,,,,,,[],,184,81,226,76,156,52,234,88,0.0,0.0,0.01,0.01,0.66,1.0,575,168,161,56,126,47,21,7,1.0,0.0,5.0,Ipswich Town,DEF,4.0
True,True,,,212314,0,0,0,0,-4.7,0,"[{'offset': 0, 'projected_percent': '-4.7', 'likelihood': -1}, {'offset': 1, 'projected_percent': '-4.7', 'likelihood': -1}, {'offset': 2, 'projected_percent': '-4.7', 'likelihood': -1}]",,False,0,3,2.5,2.5,0,Saša,2.5,267,False,,,50,212314.jpg,5.0,False,Lukić,0.1,False,,a,12,40,5,1310,132,1495,150,0.5,1.0,Lukić,,190.0,2026-08-08,1996-08-13,False,p212314,90,0,1,0,1,0,0,0,0,0,0,0,22,23.4,14.8,2.0,4.0,2,3,1,6,1,0.00,0.02,0.02,0.66,4.0,,,,,,[],,71,24,82,52,167,82,102,53,0.0,0.0,0.02,0.02,0.66,1.0,268,165,98,43,66,26,396,155,1.0,0.0,6.0,Ipswich Town,MID,5.0
True,True,,,108813,0,0,0,0,-45.3,-8,"[{'offset': 0, 'projected_percent': '-45.6', 'likelihood': -3}, {'offset': 1, 'projected_percent': '-47.9', 'likelihood': -3}, {'offset': 2, 'projected_percent': '-50.3', 'likelihood': -3}]",,False,0,1,0.0,0.0,0,Christian,0.0,300,False,,,45,108813.jpg,0.0,False,Walton,0.5,False,,a,12,40,0,250,41,4974,402,0.0,0.0,Walton,,241.0,2022-01-19,1995-11-09,False,p108813,0,0,0,0,0,0,0,0,0,0,0,0,0,0.0,0.0,0.0,0.0,0,0,0,0,0,0.00,0.00,0.00,0.00,,,,,,,[],,343,45,346,27,273,27,360,45,0.0,0.0,0.0,0.0,0.0,0.0,417,27,388,45,388,45,258,34,0.0,0.0,0.0,Ipswich Town,GKP,4.5
True,True,,,112520,0,0,0,0,-6.8,-13,"[{'offset': 0, 'projected_percent': '-6.9', 'likelihood': -1}, {'offset': 1, 'projected_percent': '-7.3', 'likelihood': -1}, {'offset': 2, 'projected_percent': '-7.7', 'likelihood': -1}]",,False,0,1,0.0,0.0,0,Alex,0.0,301,False,,,40,112520.jpg,0.0,False,Palmer,4.4,False,,a,12,40,0,10424,2738,19967,2619,0.0,0.0,Palmer,,241.0,2025-02-03,1996-08-10,False,p112520,0,0,0,0,0,0,0,0,0,0,0,0,0,0.0,0.0,0.0,0.0,0,0,0,0,0,0.00,0.00,0.00,0.00,,,,,,,[],,289,28,286,8,204,8,305,28,0.0,0.0,0.0,0.0,0.0,0.0,558,56,335,28,335,28,75,10,0.0,0.0,0.0,Ipswich Town,GKP,4.0
True,True,,,50093,0,0,0,0,0.2,8,"[{'offset': 0, 'projected_percent': '0.2', 'likelihood': 1}, {'offset': 1, 'projected_percent': '0.4', 'likelihood': 1}, {'offset': 2, 'projected_percent': '0.5', 'likelihood': 1}]",,False,0,1,0.0,0.0,0,David,0.0,302,False,,,40,50093.jpg,0.0,False,Button,0.5,False,,a,12,40,0,2902,943,2155,336,0.0,0.0,Button,,241.0,2025-07-04,1989-02-27,False,p50093,0,0,0,0,0,0,0,0,0,0,0,0,0,0.0,0.0,0.0,0.0,0,0,0,0,0,0.00,0.00,0.00,0.00,,,,,,,[],,283,24,280,4,198,4,299,24,0.0,0.0,0.0,0.0,0.0,0.0,551,52,329,24,329,24,265,35,0.0,0.0,0.0,Ipswich Town,GKP,4.0
True,True,,,183015,0,0,0,0,-33.3,-14,"[{'offset': 0, 'projected_percent': '-33.7', 'likelihood': -2}, {'offset': 1, 'projected_percent': '-36.9', 'likelihood': -2}, {'offset': 2, 'projected_percent': '-40.1', 'likelihood': -3}]",,False,0,2,0.0,0.0,0,Cédric,0.0,303,False,,,40,183015.jpg,0.0,False,Kipré,0.6,False,,a,12,40,0,401,69,5345,398,0.0,0.0,Kipré,,54.0,2026-07-01,1996-12-09,False,p183015,0,0,0,0,0,0,0,0,0,0,0,0,0,0.0,0.0,0.0,0.0,0,0,0,0,0,0.00,0.00,0.00,0.00,,,,,,,[],,295,107,294,108,213,74,312,108,0.0,0.0,0.0,0.0,0.0,0.0,569,163,341,111,341,111,239,90,0.0,0.0,0.0,Ipswich Town,DEF,4.0
True,True,,,216616,0,0,0,0,-0.1,-7,"[{'offset': 0, 'projected_percent': '-0.1', 'likelihood': -1}, {'offset': 1, 'projected_percent': '-0.4', 'likelihood': -1}, {'offset': 2, 'projected_percent': '-0.7', 'likelihood': -1}]",,False,0,2,2.0,2.0,0,Dara,2.0,304,False,,,40,216616.jpg,4.0,False,O'Shea,3.4,False,,a,12,40,4,19349,3710,16702,2718,0.5,1.0,O'Shea,,104.0,2024-08-25,1999-03-04,False,p216616,90,0,0,0,1,0,0,0,0,0,0,0,16,48.0,24.5,2.0,7.5,16,6,2,18,1,0.00,0.16,0.16,0.66,,,,,,,[],,9,2,48,16,155,51,34,9,0.0,0.0,0.16,0.16,0.66,1.0,574,167,113,43,83,33,99,39,1.0,0.0,18.0,Ipswich Town,DEF,4.0
True,True,,,455084,0,0,0,0,-10.7,-49,"[{'offset': 0, 'projected_percent': '-10.8', 'likelihood': -1}, {'offset': 1, 'projected_percent': '-12.3', 'likelihood': -1}, {'offset': 2, 'projected_percent': '-13.8', 'likelihood': -1}]",,False,0,2,1.0,1.0,0,Leif,1.0,305,False,,,40,455084.jpg,2.0,False,Davis,4.8,False,,a,12,40,2,8715,1393,25293,4003,0.2,0.5,Davis,,241.0,2022-07-25,1999-12-31,False,p455084,90,0,0,0,1,0,0,0,0,0,0,0,10,15.2,2.3,0.0,1.8,7,4,0,7,1,0.00,0.01,0.01,0.66,2.0,,2.0,,,,[],,111,50,176,52,227,83,190,75,0.0,0.0,0.01,0.01,0.66,1.0,588,177,164,59,128,49,69,29,1.0,0.0,7.0,Ipswich Town,DEF,4.0
True,True,,,449429,0,0,0,0,-12.2,-8,"[{'offset': 0, 'projected_percent': '-12.2', 'likelihood': -1}, {'offset': 1, 'projected_percent': '-13.0', 'likelihood': -1}, {'offset': 2, 'projected_percent': '-13.8', 'likelihood': -1}]",,False,0,2,1.0,1.0,0,Jacob,1.0,306,False,,,40,449429.jpg,2.0,False,Greaves,1.4,False,,a,12,40,2,1903,267,6809,698,0.2,0.5,Greaves,,241.0,2024-07-12,2000-09-12,False,p449429,90,0,0,0,1,0,0,0,0,0,0,0,12,16.4,1.3,0.0,1.8,4,1,3,7,1,0.00,0.00,0.00,0.66,,,,,,,[],,105,45,204,65,226,82,189,74,0.0,0.0,0.0,0.0,0.66,1.0,586,175,163,58,127,48,164,66,1.0,0.0,7.0,Ipswich Town,DEF,4.0
True,True,,,222018,0,0,0,0,-23.5,-3,"[{'offset': 0, 'projected_percent': '-23.9', 'likelihood': -2}, {'offset': 1, 'projected_percent': '-28.5', 'likelihood': -2}, {'offset': 2, 'projected_percent': '-33.1', 'likelihood': -2}]",,False,0,2,0.0,0.0,0,Ben,0.0,307,False,,,40,222018.jpg,0.0,False,Johnson,0.1,False,,a,12,40,0,509,82,1160,138,0.0,0.0,Johnson,,241.0,2024-07-01,2000-01-24,False,p222018,0,0,0,0,0,0,0,0,0,0,0,0,0,0.0,0.0,0.0,0.0,0,0,0,0,0,0.00,0.00,0.00,0.00,,,,,,,[],,300,111,299,112,219,79,317,112,0.0,0.0,0.0,0.0,0.0,0.0,577,170,346,115,346,115,411,146,0.0,0.0,0.0,Ipswich Town,DEF,4.0
True,True,,,176420,0,0,0,0,-31.0,-10,"[{'offset': 0, 'projected_percent': '-31.3', 'likelihood': -2}, {'offset': 1, 'projected_percent': '-33.8', 'likelihood': -2}, {'offset': 2, 'projected_percent': '-36.3', 'likelihood': -2}]",,False,0,2,0.0,0.0,0,Darnell,0.0,308,False,,,40,176420.jpg,0.0,False,Furlong,0.6,False,,a,12,40,0,316,47,4881,465,0.0,0.0,Furlong,,241.0,2025-08-28,1995-10-31,False,p176420,0,0,0,0,0,0,0,0,0,0,0,0,0,0.0,0.0,0.0,0.0,0,0,0,0,0,0.00,0.00,0.00,0.00,,,,,,,[],,294,106,293,107,212,73,311,107,0.0,0.0,0.0,0.0,0.0,0.0,568,162,340,110,340,110,241,91,0.0,0.0,0.0,Ipswich Town,DEF,4.0
True,True,,,501390,0,0,0,0,-0.9,-2,"[{'offset': 0, 'projected_percent': '-1.1', 'likelihood': -1}, {'offset': 1, 'projected_percent': '-3.2', 'likelihood': -1}, {'offset': 2, 'projected_percent': '-5.2', 'likelihood': -1}]",,False,0,3,2.0,2.0,0,Marcelino,2.0,309,False,,,50,501390.jpg,4.0,False,Núñez,0.1,False,,a,12,40,4,1398,201,1565,172,0.4,0.8,Núñez,,44.0,2025-08-29,2000-03-01,False,p501390,79,0,0,0,1,0,0,0,0,0,0,0,26,13.0,7.3,4.0,2.4,4,6,2,12,1,0.03,0.03,0.06,0.63,1.0,,1.0,,,,[],,135,45,131,77,133,66,155,70,0.03,0.0,0.03,0.06,0.72,1.14,348,202,116,54,88,36,380,147,1.14,0.0,13.67,Ipswich Town,MID,5.0
True,True,0.0,0.0,241117,0,0,0,0,-58.5,0,"[{'offset': 0, 'projected_percent': '-58.5', 'likelihood': -3}, {'offset': 1, 'projected_percent': '-58.5', 'likelihood': -3}, {'offset': 2, 'projected_percent': '-58.5', 'likelihood': -3}]",,False,0,3,0.0,0.0,0,Azor,0.0,310,False,Muscular injury - Unknown return date,2026-07-29T18:00:10.305484Z,50,241117.jpg,0.0,False,Matusiwa,0.0,False,,i,12,40,0,9,1,121,9,0.0,0.0,Matusiwa,,152.0,2025-07-13,1998-04-28,False,p241117,0,0,0,0,0,0,0,0,0,0,0,0,0,0.0,0.0,0.0,0.0,0,0,0,0,0,0.00,0.00,0.00,0.00,,,,,,,[],https://www.itfc.co.uk/news/2026/may/12/midfield-duo-undergo-surgery/,475,186,484,195,435,160,491,193,0.0,0.0,0.0,0.0,0.0,0.0,293,176,508,209,508,209,611,267,0.0,0.0,0.0,Ipswich Town,MID,5.0
True,False,0.0,0.0,149929,0,0,0,0,0.0,-1,"[{'offset': 0, 'projected_percent': '0.0', 'likelihood': 0}, {'offset': 1, 'projected_percent': '0.0', 'likelihood': 0}, {'offset': 2, 'projected_percent': '0.0', 'likelihood': 0}]",,False,0,3,0.0,0.0,0,Wes,0.0,311,False,Has joined Leicester City permanently,2026-08-10T14:02:47.597478Z,50,149929.jpg,0.0,False,Burns,0.0,False,,u,12,40,0,0,0,200,9,0.0,0.0,Burns,,244.0,2021-06-09,1994-11-23,False,p149929,0,0,0,0,0,0,0,0,0,0,0,0,0,0.0,0.0,0.0,0.0,0,0,0,0,0,0.00,0.00,0.00,0.00,,,,,,,[],,447,169,455,179,395,138,463,176,0.0,0.0,0.0,0.0,0.0,0.0,243,146,483,194,483,194,606,263,0.0,0.0,0.0,Ipswich Town,MID,5.0
True,True,0.0,0.0,231899,0,0,0,0,-38.9,-4,"[{'offset': 0, 'projected_percent': '-39.5', 'likelihood': -2}, {'offset': 1, 'projected_percent': '-44.9', 'likelihood': -3}, {'offset': 2, 'projected_percent': '-50.3', 'likelihood': -3}]",,False,0,3,0.0,0.0,0,Jack,0.0,312,False,Knee injury - Unknown return date,2026-07-29T18:00:10.319370Z,45,231899.jpg,0.0,False,Taylor,0.0,False,,i,12,40,0,138,27,1012,129,0.0,0.0,Taylor,,104.0,2023-06-26,1998-06-23,False,p231899,0,0,0,0,0,0,0,0,0,0,0,0,0,0.0,0.0,0.0,0.0,0,0,0,0,0,0.00,0.00,0.00,0.00,,,,,,,[],https://www.itfc.co.uk/news/2026/may/12/midfield-duo-undergo-surgery/,365,139,369,149,300,105,382,146,0.0,0.0,0.0,0.0,0.0,0.0,455,248,408,166,408,166,511,212,0.0,0.0,0.0,Ipswich Town,MID,4.5
True,True,,,443261,0,0,0,0,0.5,-6,"[{'offset': 0, 'projected_percent': '0.5', 'likelihood': 1}, {'offset': 1, 'projected_percent': '0.4', 'likelihood': 1}, {'offset': 2, 'projected_percent': '0.3', 'likelihood': 1}]",,False,0,3,3.5,3.5,0,Jack,3.5,313,False,,,55,443261.jpg,7.0,False,Clarke,0.3,False,,a,12,40,7,3562,360,2833,390,0.6,1.3,Clarke,Jack Clarke,241.0,2024-08-24,2000-11-23,False,p443261,19,1,0,0,0,0,0,0,0,0,0,1,27,33.6,0.6,18.0,5.2,0,1,1,2,0,0.10,0.00,0.10,0.03,3.0,,3.0,,1.0,,[],,40,18,245,130,51,26,72,39,0.47,0.0,0.0,0.47,0.14,0.0,168,105,62,27,34,15,300,101,0.0,0.0,9.47,Ipswich Town,MID,5.5
True,True,,,229164,0,0,0,0,-67.5,-1,"[{'offset': 0, 'projected_percent': '-68.6', 'likelihood': -3}, {'offset': 1, 'projected_percent': '-80.0', 'likelihood': -3}, {'offset': 2, 'projected_percent': '-91.4', 'likelihood': -3}]",,False,0,3,0.0,0.0,0,Chiedozie,0.0,314,False,,,50,229164.jpg,0.0,False,Ogbene,0.0,False,,a,12,40,0,46,9,267,24,0.0,0.0,Ogbene,,104.0,2024-08-28,1997-05-01,False,p229164,0,0,0,0,0,0,0,0,0,0,0,0,0,0.0,0.0,0.0,0.0,0,0,0,0,0,0.00,0.00,0.00,0.00,,,,,,,[],,470,183,479,192,429,157,486,190,0.0,0.0,0.0,0.0,0.0,0.0,285,171,503,206,503,206,572,240,0.0,0.0,0.0,Ipswich Town,MID,5.0
True,True,,,531442,0,0,0,0,-55.0,-4,"[{'offset': 0, 'projected_percent': '-55.3', 'likelihood': -3}, {'offset': 1, 'projected_percent': '-58.0', 'likelihood': -3}, {'offset': 2, 'projected_percent': '-60.7', 'likelihood': -3}]",,False,0,3,1.0,1.0,0,Abdul,1.0,315,False,,,55,531442.jpg,2.0,False,Fatawu,0.2,False,,a,12,40,2,635,65,3137,369,0.2,0.4,Fatawu,Abdul Fatawu,81.0,2026-07-21,2004-03-08,False,p531442,65,0,0,0,1,0,0,0,0,0,0,0,22,18.6,28.4,8.0,5.5,1,2,4,7,1,0.00,0.41,0.41,0.63,,,,,,,[],,93,32,31,23,97,48,64,33,0.0,0.0,0.57,0.57,0.87,1.38,199,126,204,98,157,80,329,117,1.38,0.0,9.69,Ipswich Town,MID,5.5
True,True,,,543968,0,0,0,0,27.8,-65,"[{'offset': 0, 'projected_percent': '27.7', 'likelihood': 2}, {'offset': 1, 'projected_percent': '26.8', 'likelihood': 2}, {'offset': 2, 'projected_percent': '26.0', 'likelihood': 2}]",,False,0,4,4.5,4.5,0,Emersonn,4.5,316,False,,,55,543968.jpg,9.0,False,Correia da Silva,2.0,False,,a,12,40,9,84329,7522,21161,4351,0.8,1.6,Emersonn,Emersonn,30.0,2026-07-08,2004-07-16,False,p543968,65,1,0,0,1,0,0,0,0,0,0,3,41,45.6,26.3,40.0,11.2,1,1,1,3,1,0.82,0.06,0.88,0.63,,,,,2.0,,[],,13,2,42,1,15,5,10,1,1.14,0.0,0.08,1.22,0.87,1.38,201,43,50,6,19,2,133,21,1.38,0.0,4.15,Ipswich Town,FWD,5.5
True,False,0.0,0.0,222625,0,0,0,0,0.0,-18,"[{'offset': 0, 'projected_percent': '0.0', 'likelihood': 0}, {'offset': 1, 'projected_percent': '0.0', 'likelihood': 0}, {'offset': 2, 'projected_percent': '0.0', 'likelihood': 0}]",,False,0,4,0.0,0.0,0,George,0.0,317,False,Has joined Stoke City permanently,2026-08-21T13:06:08.606019Z,50,222625.jpg,0.0,False,Hirst,0.2,False,,u,12,40,0,0,0,9435,740,0.0,0.0,Hirst,,243.0,2023-07-13,1999-02-15,False,p222625,0,0,0,0,0,0,0,0,0,0,0,0,0,0.0,0.0,0.0,0.0,0,0,0,0,0,0.00,0.00,0.00,0.00,,,,,,,[],,468,36,477,44,425,42,484,45,0.0,0.0,0.0,0.0,0.0,0.0,281,51,500,50,500,50,373,54,0.0,0.0,0.0,Ipswich Town,FWD,5.0
True,True,0.0,0.0,481624,0,0,0,0,-70.6,-19,"[{'offset': 0, 'projected_percent': '-71.4', 'likelihood': -3}, {'offset': 1, 'projected_percent': '-79.6', 'likelihood': -3}, {'offset': 2, 'projected_percent': '-87.8', 'likelihood': -3}]",,False,0,3,0.0,0.0,0,Jaden,0.0,318,False,Ankle injury - Unknown return date,2026-08-25T11:30:07.532993Z,55,481624.jpg,0.0,False,Philogene,0.1,False,,i,12,40,0,108,2,4565,637,0.0,0.0,Philogene,,241.0,2025-01-15,2002-02-08,False,p481624,0,0,0,0,0,0,0,0,0,0,0,0,0,0.0,0.0,0.0,0.0,0,0,0,0,0,0.00,0.00,0.00,0.00,5.0,,,,3.0,,[],,564,239,577,247,562,236,578,245,0.0,0.0,0.0,0.0,0.0,0.0,185,115,583,250,583,250,400,157,0.0,0.0,0.0,Ipswich Town,MID,5.5
True,False,0.0,0.0,172453,0,0,0,0,0.0,-2,"[{'offset': 0, 'projected_percent': '0.0', 'likelihood': 0}, {'offset': 1, 'projected_percent': '0.0', 'likelihood': 0}, {'offset': 2, 'projected_percent': '0.0', 'likelihood': 0}]",,False,0,3,0.0,0.0,0,Sam,0.0,319,False,Has joined Derby County on loan for the rest of the season,2026-08-17T13:51:41.713979Z,50,172453.jpg,0.0,False,Szmodics,0.0,False,,u,12,40,0,0,0,454,45,0.0,0.0,Szmodics,,104.0,2024-08-16,1995-09-24,False,p172453,0,0,0,0,0,0,0,0,0,0,0,0,0,0.0,0.0,0.0,0.0,0,0,0,0,0,0.00,0.00,0.00,0.00,,,,,,,[],,453,174,461,184,403,145,469,181,0.0,0.0,0.0,0.0,0.0,0.0,251,153,488,198,488,198,600,257,0.0,0.0,0.0,Ipswich Town,MID,5.0
True,True,,,147675,0,0,0,0,-5.7,12,"[{'offset': 0, 'projected_percent': '-5.4', 'likelihood': -1}, {'offset': 1, 'projected_percent': '-2.2', 'likelihood': -1}, {'offset': 2, 'projected_percent': '0.0', 'likelihood': 0}]",,False,0,4,0.5,0.5,0,Chuba,0.5,320,False,,,50,147675.jpg,1.0,False,Akpom,0.5,False,,a,12,40,1,5652,1027,7161,911,0.1,0.2,Akpom,,241.0,2026-07-01,1995-10-09,False,p147675,24,0,0,0,0,0,0,0,0,0,0,0,3,1.4,0.0,2.0,0.3,0,2,1,3,0,0.00,0.00,0.00,0.03,,,,,,,[],,258,21,454,43,165,26,276,29,0.0,0.0,0.0,0.0,0.11,0.0,242,49,250,27,235,25,250,40,0.0,0.0,11.25,Ipswich Town,FWD,5.0
True,True,,,557012,0,0,0,0,7.7,58,"[{'offset': 0, 'projected_percent': '7.8', 'likelihood': 1}, {'offset': 1, 'projected_percent': '8.6', 'likelihood': 1}, {'offset': 2, 'projected_percent': '9.4', 'likelihood': 1}]",,False,0,4,0.5,0.5,0,Sindre,0.5,321,False,,,45,557012.jpg,1.0,False,Walle Egeli,2.6,False,,a,12,40,1,52447,11735,27807,4366,0.1,0.2,Walle Egeli,,161.0,2025-08-29,2006-06-21,False,p557012,10,0,0,0,0,0,0,0,0,0,0,0,3,0.0,0.1,0.0,0.0,0,0,0,0,0,0.00,0.00,0.00,0.03,,,,,,,[],,406,29,274,31,351,35,422,38,0.0,0.0,0.0,0.0,0.27,0.0,515,67,243,26,226,24,115,18,0.0,0.0,0.0,Ipswich Town,FWD,4.5
True,False,0.0,0.0,462387,0,0,0,0,0.0,-17,"[{'offset': 0, 'projected_percent': '0.0', 'likelihood': 0}, {'offset': 1, 'projected_percent': '0.0', 'likelihood': 0}, {'offset': 2, 'projected_percent': '0.0', 'likelihood': 0}]",,False,0,4,0.0,0.0,0,Ali,0.0,322,False,Has joined Sheffield Wednesday on loan for the rest of the season,2026-08-27T14:54:10.215357Z,50,462387.jpg,0.0,False,Al-Hamadi,0.1,False,,u,12,40,0,755,0,3897,895,0.0,0.0,Al-Hamadi,Ali Al Hamadi,103.0,2024-01-29,2002-03-01,False,p462387,0,0,0,0,0,0,0,0,0,0,0,0,0,0.0,0.0,0.0,0.0,0,0,0,0,0,0.00,0.00,0.00,0.00,,,,,,,[],,493,38,503,46,456,45,509,47,0.0,0.0,0.0,0.0,0.0,0.0,316,54,525,52,525,52,405,59,0.0,0.0,0.0,Ipswich Town,FWD,5.0
True,True,,,461587,0,0,0,0,-15.3,-14,"[{'offset': 0, 'projected_percent': '-15.5', 'likelihood': -1}, {'offset': 1, 'projected_percent': '-16.9', 'likelihood': -1}, {'offset': 2, 'projected_percent': '-18.4', 'likelihood': -1}]",,False,0,3,0.5,0.5,0,Kasey,0.5,323,False,,,45,461587.jpg,1.0,False,McAteer,1.3,False,,a,12,40,1,6732,1117,13200,1635,0.1,0.2,McAteer,,104.0,2025-08-22,2001-11-22,False,p461587,24,0,0,0,0,0,0,0,0,0,0,0,4,1.2,1.3,0.0,0.3,0,2,1,3,0,0.00,0.00,0.00,0.03,,,,,,,[],,261,120,206,116,315,107,274,128,0.0,0.0,0.0,0.0,0.11,0.0,475,250,238,109,219,98,166,49,0.0,0.0,11.25,Ipswich Town,MID,4.5
True,True,,,232457,0,0,0,0,-66.5,0,"[{'offset': 0, 'projected_percent': '-66.5', 'likelihood': -3}, {'offset': 1, 'projected_percent': '-66.5', 'likelihood': -3}, {'offset': 2, 'projected_percent': '-66.5', 'likelihood': -3}]",,False,0,3,0.0,0.0,0,Anis,0.0,324,False,,,50,232457.jpg,0.0,False,Mehmeti,0.0,False,,a,12,40,0,54,7,763,77,0.0,0.0,Mehmeti,,2.0,2026-01-23,2001-01-09,False,p232457,0,0,0,0,0,0,0,0,0,0,0,0,0,0.0,0.0,0.0,0.0,0,0,0,0,0,0.00,0.00,0.00,0.00,,,,,,,[],,473,185,482,194,433,159,489,192,0.0,0.0,0.0,0.0,0.0,0.0,289,173,506,208,506,208,493,204,0.0,0.0,0.0,Ipswich Town,MID,5.0
True,False,0.0,0.0,546600,0,0,0,0,0.0,-5,"[{'offset': 0, 'projected_percent': '0.0', 'likelihood': 0}, {'offset': 1, 'projected_percent': '0.0', 'likelihood': 0}, {'offset': 2, 'projected_percent': '0.0', 'likelihood': 0}]",,False,0,1,0.0,0.0,0,Kayne,0.0,554,False,Has joined Valencia on loan for the rest of the season,2026-08-25T14:04:09.529320Z,45,546600.jpg,0.0,False,van Oevelen,0.0,False,,u,12,40,0,54,0,805,168,0.0,0.0,Van Oevelen,,152.0,2026-07-21,2003-08-07,False,p546600,0,0,0,0,0,0,0,0,0,0,0,0,0,0.0,0.0,0.0,0.0,0,0,0,0,0,0.00,0.00,0.00,0.00,,,,,,,[],,398,58,405,46,343,46,414,58,0.0,0.0,0.0,0.0,0.0,0.0,506,46,439,58,439,58,531,59,0.0,0.0,0.0,Ipswich Town,GKP,4.5
True,True,,,442967,0,0,0,0,-47.0,-8,"[{'offset': 0, 'projected_percent': '-47.4', 'likelihood': -3}, {'offset': 1, 'projected_percent': '-50.5', 'likelihood': -3}, {'offset': 2, 'projected_percent': '-53.6', 'likelihood': -3}]",,False,0,3,1.0,1.0,0,Daizen,1.0,562,False,,,55,442967.jpg,2.0,False,Maeda,0.4,False,,a,12,40,2,816,76,4536,494,0.2,0.4,Maeda,,108.0,2026-07-25,1997-10-20,False,p442967,79,0,0,0,1,0,0,0,0,0,0,0,7,12.6,1.4,7.0,2.1,3,2,4,9,1,0.61,0.00,0.61,0.63,,,,,,,[],,139,47,203,115,110,57,173,79,0.69,0.0,0.0,0.69,0.72,1.14,167,104,198,93,153,76,283,91,1.14,0.0,10.25,Ipswich Town,MID,5.5
True,True,,,240514,0,0,0,0,-17.2,-14,"[{'offset': 0, 'projected_percent': '-17.5', 'likelihood': -1}, {'offset': 1, 'projected_percent': '-20.6', 'likelihood': -2}, {'offset': 2, 'projected_percent': '-23.8', 'likelihood': -2}]",,False,0,1,1.0,1.0,0,Kjell,1.0,564,False,,,45,240514.jpg,2.0,False,Scherpen,0.6,False,,a,12,40,2,1473,144,4216,640,0.2,0.4,Scherpen,,152.0,2026-07-28,2000-01-23,False,p240514,90,0,0,0,1,0,0,0,0,0,2,0,12,14.4,0.0,0.0,1.4,1,10,0,0,1,0.00,0.00,0.00,0.66,,,,,,,[],,118,16,371,36,302,36,215,16,0.0,2.0,0.0,0.0,0.66,1.0,458,36,172,15,131,10,238,32,1.0,0.0,0.0,Ipswich Town,GKP,4.5
True,True,75.0,75.0,216055,0,0,0,0,-54.5,-4,"[{'offset': 0, 'projected_percent': '-54.7', 'likelihood': -3}, {'offset': 1, 'projected_percent': '-57.1', 'likelihood': -3}, {'offset': 2, 'projected_percent': '-59.4', 'likelihood': -3}]",,False,0,3,0.0,0.0,0,Florentino Ibrain,0.0,571,False,Calf injury - 75% chance of playing,2026-08-25T11:30:07.678802Z,50,216055.jpg,0.0,False,Morris Luís,0.1,False,,d,12,40,0,224,10,2502,295,0.0,0.0,Florentino,Florentino,173.0,2026-08-04,1999-08-19,False,p216055,0,0,0,0,0,0,0,0,0,0,0,0,0,0.0,0.0,0.0,0.0,0,0,0,0,0,0.00,0.00,0.00,0.00,,,,,,,[],,463,180,472,189,419,153,479,187,0.0,0.0,0.0,0.0,0.0,0.0,274,167,495,203,495,203,403,159,0.0,0.0,0.0,Ipswich Town,MID,5.0
True,True,100.0,100.0,474120,0,0,0,0,0.0,0,"[{'offset': 0, 'projected_percent': '0.0', 'likelihood': 0}, {'offset': 1, 'projected_percent': '0.0', 'likelihood': 0}, {'offset': 2, 'projected_percent': '0.0', 'likelihood': 0}]",2026-08-31T13:58:54.247304Z,False,0,3,2.5,2.5,0,Julio,2.5,591,False,,2026-08-22T18:00:07.551930Z,55,474120.jpg,5.0,False,Enciso,0.5,False,,a,12,40,5,19476,1807,5106,652,0.5,0.9,Enciso,,168.0,2026-08-17,2004-01-23,False,p474120,70,0,1,0,1,0,0,0,0,0,0,0,24,21.6,14.0,18.0,5.4,2,5,1,8,1,0.23,0.31,0.54,0.63,,,,,,,[],,77,25,88,56,52,27,68,36,0.3,0.0,0.4,0.7,0.81,1.29,180,112,106,48,72,30,255,86,1.29,0.0,10.29,Ipswich Town,MID,5.5
True,True,,,572584,0,0,0,0,0.0,0,"[{'offset': 0, 'projected_percent': '0.0', 'likelihood': 0}, {'offset': 1, 'projected_percent': '0.0', 'likelihood': 0}, {'offset': 2, 'projected_percent': '0.0', 'likelihood': 0}]",2026-08-31T13:59:29.234241Z,False,0,2,0.5,0.5,0,Abdoul,0.5,592,False,,,40,572584.jpg,1.0,False,Ouattara,1.0,False,,a,12,40,1,3134,365,6468,602,0.1,0.2,Ouattara,,54.0,2026-08-17,2005-10-22,False,p572584,10,0,0,0,0,0,0,0,0,0,0,0,4,5.2,10.0,0.0,1.5,2,0,0,2,0,0.00,0.00,0.00,0.03,,,,,,,[],,208,90,123,37,248,100,207,80,0.0,0.0,0.0,0.0,0.27,0.0,610,195,223,73,202,66,192,74,0.0,0.0,18.0,Ipswich Town,DEF,4.0
True,True,,,524180,0,0,0,0,0.0,0,"[{'offset': 0, 'projected_percent': '0.0', 'likelihood': 0}, {'offset': 1, 'projected_percent': '0.0', 'likelihood': 0}, {'offset': 2, 'projected_percent': '0.0', 'likelihood': 0}]",2026-09-04T19:31:08.856600Z,False,0,3,0.0,0.0,0,Cameron,0.0,602,False,,,45,524180.jpg,0.0,False,Humphreys,0.0,False,,a,12,40,0,1552,277,427,94,0.0,0.0,Humphreys,,241.0,2021-08-09,2003-10-30,False,p524180,0,0,0,0,0,0,0,0,0,0,0,0,0,0.0,0.0,0.0,0.0,0,0,0,0,0,0.00,0.00,0.00,0.00,,,,,,,[],,396,147,403,157,341,115,412,154,0.0,0.0,0.0,0.0,0.0,0.0,504,258,437,174,437,174,524,218,0.0,0.0,0.0,Ipswich Town,MID,4.5
True,True,,,218543,0,0,0,0,0.0,0,"[{'offset': 0, 'projected_percent': '0.0', 'likelihood': 0}, {'offset': 1, 'projected_percent': '0.0', 'likelihood': 0}, {'offset': 2, 'projected_percent': '0.0', 'likelihood': 0}]",2026-09-10T13:59:58.521186Z,False,0,3,1.5,1.5,0,Exequiel,0.0,619,False,,,50,218543.jpg,0.0,False,Palacios,0.0,False,,a,12,40,0,415,326,32,27,0.0,0.0,Palacios,,10.0,2026-08-27,1998-10-05,False,p218543,0,0,0,0,0,0,0,0,0,0,0,0,0,0.0,0.0,0.0,0.0,0,0,0,0,0,0.00,0.00,0.00,0.00,,,,,,,[],,464,181,473,190,420,154,480,188,0.0,0.0,0.0,0.0,0.0,0.0,275,168,496,204,496,204,603,260,0.0,0.0,0.0,Ipswich Town,MID,5.0
True,True,,,153682,0,0,0,0,-41.7,-226,"[{'offset': 0, 'projected_percent': '-42.3', 'likelihood': -3}, {'offset': 1, 'projected_percent': '-48.2', 'likelihood': -3}, {'offset': 2, 'projected_percent': '-54.1', 'likelihood': -3}]",,False,0,3,1.5,1.5,0,Harry,1.5,260,False,,,65,153682.jpg,3.0,False,Wilson,5.5,False,,a,13,2,3,16260,1331,69093,11325,0.2,0.5,Wilson,,244.0,2026-07-08,1997-03-22,False,p153682,65,0,0,1,0,0,0,0,0,0,0,0,8,6.2,15.3,4.0,2.6,0,0,2,2,1,0.00,0.02,0.02,0.53,2.0,,,,,,[],,199,80,79,50,143,72,150,68,0.0,0.0,0.03,0.03,0.73,0.0,34,22,158,72,108,48,66,22,1.38,1.38,2.77,Leeds,MID,6.5
True,True,,,201595,0,0,0,0,-46.7,-11,"[{'offset': 0, 'projected_percent': '-47.0', 'likelihood': -3}, {'offset': 1, 'projected_percent': '-50.0', 'likelihood': -3}, {'offset': 2, 'projected_percent': '-52.9', 'likelihood': -3}]",,False,0,1,0.0,0.0,0,Lucas Estella,0.0,326,False,,,45,201595.jpg,0.0,False,Perri,0.5,False,,a,13,2,0,382,54,5832,473,0.0,0.0,Perri,Lucas Perri,30.0,2025-07-26,1997-12-10,False,p201595,0,0,0,0,0,0,0,0,0,0,0,0,0,0.0,0.0,0.0,0.0,0,0,0,0,0,0.00,0.00,0.00,0.00,,,,,,,[],,356,51,360,33,289,33,373,51,0.0,0.0,0.0,0.0,0.0,0.0,439,33,401,51,401,51,247,33,0.0,0.0,0.0,Leeds,GKP,4.5
True,True,,,434752,0,0,0,0,16.9,43,"[{'offset': 0, 'projected_percent': '17.0', 'likelihood': 1}, {'offset': 1, 'projected_percent': '17.6', 'likelihood': 1}, {'offset': 2, 'projected_percent': '18.2', 'likelihood': 1}]",,False,0,2,5.0,5.0,0,Jaka,5.0,327,False,,,50,434752.jpg,10.0,False,Bijol,1.0,False,,a,13,2,10,49027,3808,9491,1307,1.0,2.0,Bijol,,195.0,2025-06-23,1999-02-05,False,p434752,90,0,0,1,0,0,0,0,0,0,0,2,28,23.6,0.4,15.0,3.9,11,5,1,12,1,0.11,0.00,0.11,0.66,,,,,,,[],,70,31,254,92,68,18,104,35,0.11,0.0,0.0,0.11,0.66,0.0,302,54,35,16,14,6,194,75,1.0,1.0,12.0,Leeds,DEF,5.0
True,True,,,214225,0,0,0,0,3.3,-4,"[{'offset': 0, 'projected_percent': '3.3', 'likelihood': 1}, {'offset': 1, 'projected_percent': '3.2', 'likelihood': 1}, {'offset': 2, 'projected_percent': '3.2', 'likelihood': 1}]",,False,0,2,3.0,3.0,0,Joe,3.0,329,False,,,45,214225.jpg,6.0,False,Rodon,3.6,False,,a,13,2,6,24809,3209,15254,2680,0.7,1.3,Rodon,,244.0,2024-07-02,1997-10-22,False,p214225,90,0,0,1,0,0,0,0,0,0,0,0,21,14.4,14.4,5.0,3.4,6,1,1,7,1,0.03,0.06,0.09,0.66,,,,,,,[],,117,54,86,25,122,38,118,43,0.03,0.0,0.06,0.09,0.66,0.0,442,101,69,28,45,19,93,36,1.0,1.0,7.0,Leeds,DEF,4.5
True,True,,,226182,0,0,0,0,1.5,3,"[{'offset': 0, 'projected_percent': '1.5', 'likelihood': 1}, {'offset': 1, 'projected_percent': '1.5', 'likelihood': 1}, {'offset': 2, 'projected_percent': '1.5', 'likelihood': 1}]",,False,0,2,3.0,3.0,0,Jayden,3.0,330,False,,,45,226182.jpg,6.0,False,Bogle,0.5,False,,a,13,2,6,6442,517,3512,388,0.7,1.3,Bogle,,241.0,2024-07-20,2000-07-27,False,p226182,90,0,0,1,0,0,0,0,0,0,0,0,24,7.0,1.1,0.0,0.8,2,3,1,3,1,0.00,0.00,0.00,0.66,,,,,,,[],,189,84,219,73,297,130,243,93,0.0,0.0,0.0,0.0,0.66,0.0,451,109,70,29,46,20,246,93,1.0,1.0,3.0,Leeds,DEF,4.5
True,True,75.0,75.0,243526,0,0,0,0,-0.1,0,"[{'offset': 0, 'projected_percent': '-0.1', 'likelihood': -1}, {'offset': 1, 'projected_percent': '-0.1', 'likelihood': -1}, {'offset': 2, 'projected_percent': '-0.1', 'likelihood': -1}]",2026-09-05T13:30:07.418977Z,False,0,2,0.0,0.0,0,Gabriel,0.0,331,False,Hamstring injury - 75% chance of playing,2026-08-08T20:00:07.546568Z,45,243526.jpg,0.0,False,Gudmundsson,0.0,False,,d,13,2,0,78,12,1054,62,0.0,0.0,Gudmundsson,,206.0,2025-07-08,1999-04-29,False,p243526,0,0,0,0,0,0,0,0,0,0,0,0,0,0.0,0.0,0.0,0.0,0,0,0,0,0,0.00,0.00,0.00,0.00,,,,,,,[],https://www.leedsunited.com/en/news/daniel-farke-provides-fitness-update-ahead-of-brentford-h,369,154,374,158,306,135,386,155,0.0,0.0,0.0,0.0,0.0,0.0,462,116,412,155,412,155,497,173,0.0,0.0,0.0,Leeds,DEF,4.5
True,True,,,220627,0,0,0,0,14.2,21,"[{'offset': 0, 'projected_percent': '14.2', 'likelihood': 1}, {'offset': 1, 'projected_percent': '14.5', 'likelihood': 1}, {'offset': 2, 'projected_percent': '14.8', 'likelihood': 1}]",,False,0,2,5.0,5.0,0,James,5.0,332,False,,,45,220627.jpg,10.0,False,Justin,1.3,False,,a,13,2,10,49469,5935,11027,1636,1.1,2.2,Justin,,241.0,2025-08-25,1998-02-23,False,p220627,90,0,0,1,0,0,0,0,0,0,0,2,28,24.6,2.3,2.0,2.9,6,4,6,12,1,0.00,0.01,0.01,0.66,,,,,,,[],,66,28,177,53,159,55,134,52,0.0,0.0,0.01,0.01,0.66,0.0,446,105,33,14,12,5,169,69,1.0,1.0,12.0,Leeds,DEF,4.5
True,False,0.0,0.0,437738,0,0,0,0,0.0,0,"[{'offset': 0, 'projected_percent': '0.0', 'likelihood': 0}, {'offset': 1, 'projected_percent': '0.0', 'likelihood': 0}, {'offset': 2, 'projected_percent': '0.0', 'likelihood': 0}]",,False,0,2,0.0,0.0,0,Sebastiaan,0.0,333,False,Has joined Hamburg SV on loan for the rest of the season,2026-08-19T13:56:14.645970Z,45,437738.jpg,0.0,False,Bornauw,0.0,False,,u,13,2,0,0,0,177,7,0.0,0.0,Bornauw,,21.0,2025-07-01,1999-03-22,False,p437738,0,0,0,0,0,0,0,0,0,0,0,0,0,0.0,0.0,0.0,0.0,0,0,0,0,0,0.00,0.00,0.00,0.00,,,,,,,[],,374,158,378,161,312,140,391,159,0.0,0.0,0.0,0.0,0.0,0.0,470,123,417,159,417,159,610,204,0.0,0.0,0.0,Leeds,DEF,4.5
True,True,,,522047,0,0,0,0,4.5,9,"[{'offset': 0, 'projected_percent': '4.5', 'likelihood': 1}, {'offset': 1, 'projected_percent': '4.7', 'likelihood': 1}, {'offset': 2, 'projected_percent': '4.8', 'likelihood': 1}]",,False,0,2,3.0,3.0,0,Tarik,3.0,334,False,,,50,522047.jpg,6.0,False,Muharemović,3.3,False,,a,13,2,6,24721,3182,15412,3570,0.6,1.2,Muharemović,,27.0,2026-07-17,2003-02-28,False,p522047,90,0,0,1,0,0,0,0,0,0,0,0,25,15.6,0.6,17.0,3.3,7,1,0,7,1,0.09,0.00,0.09,0.66,,,,,,,[],,108,48,241,87,56,15,123,46,0.09,0.0,0.0,0.09,0.66,0.0,360,72,76,31,50,22,103,42,1.0,1.0,7.0,Leeds,DEF,5.0
True,True,,,466525,0,0,0,0,32.1,-39,"[{'offset': 0, 'projected_percent': '32.1', 'likelihood': 2}, {'offset': 1, 'projected_percent': '31.5', 'likelihood': 2}, {'offset': 2, 'projected_percent': '31.0', 'likelihood': 2}]",,False,1,3,6.5,6.5,0,Anton,6.5,335,False,,,60,466525.jpg,13.0,False,Stach,2.8,False,,a,13,2,13,91240,9896,18192,4513,1.1,2.2,Stach,,80.0,2025-07-22,1998-11-15,False,p466525,90,1,0,1,0,0,0,0,0,0,0,3,37,47.8,2.3,16.0,6.6,8,5,3,16,1,0.10,0.05,0.15,0.66,1.0,,1.0,,,,[],,10,7,179,105,66,36,47,29,0.1,0.0,0.05,0.15,0.66,0.0,90,57,20,10,5,3,107,31,1.0,1.0,16.0,Leeds,MID,6.0
True,True,,,435997,0,0,0,0,-109.0,-37,"[{'offset': 0, 'projected_percent': '-110.3', 'likelihood': -5}, {'offset': 1, 'projected_percent': '-123.7', 'likelihood': -5}, {'offset': 2, 'projected_percent': '-137.1', 'likelihood': -5}]",,False,0,3,0.5,0.5,0,Noah,0.5,336,False,,,60,435997.jpg,1.0,False,Okafor,0.4,False,,a,13,2,1,1535,180,10393,1225,0.1,0.2,Okafor,,207.0,2025-08-21,2000-05-24,False,p435997,24,0,0,0,0,0,0,0,0,0,0,0,10,10.0,14.0,4.0,2.8,1,2,2,5,0,0.00,0.16,0.16,0.13,,,,,,,[],,164,61,89,57,140,70,141,63,0.0,0.0,0.6,0.6,0.49,0.0,78,50,310,149,302,146,276,89,0.0,0.0,18.75,Leeds,MID,6.0
True,True,,,427637,0,0,0,0,-31.7,-16,"[{'offset': 0, 'projected_percent': '-32.0', 'likelihood': -2}, {'offset': 1, 'projected_percent': '-34.7', 'likelihood': -2}, {'offset': 2, 'projected_percent': '-37.4', 'likelihood': -2}]",,False,0,3,1.5,1.5,0,Brenden,1.5,337,False,,,55,427637.jpg,3.0,False,Aaronson,0.8,False,,a,13,2,3,2976,383,9718,1285,0.3,0.5,Aaronson,,229.0,2022-07-01,2000-10-22,False,p427637,81,0,0,1,0,0,0,0,0,0,0,0,16,8.0,1.1,7.0,1.6,0,6,1,7,1,0.01,0.01,0.02,0.58,,,3.0,,,,[],,179,70,221,123,109,56,203,91,0.01,0.0,0.01,0.02,0.64,0.0,158,98,147,65,99,40,210,70,1.11,1.11,7.78,Leeds,MID,5.5
True,True,,,199598,0,0,0,0,-15.1,-14,"[{'offset': 0, 'projected_percent': '-15.2', 'likelihood': -1}, {'offset': 1, 'projected_percent': '-16.8', 'likelihood': -1}, {'offset': 2, 'projected_percent': '-18.4', 'likelihood': -1}]",,False,0,3,2.5,2.5,0,Ethan,2.5,338,False,,,55,199598.jpg,5.0,False,Ampadu,1.3,False,,a,13,2,5,5182,591,11086,1645,0.5,0.9,Ampadu,,244.0,2023-07-19,2000-09-14,False,p199598,90,0,0,1,0,0,0,0,0,0,0,0,18,18.6,23.3,0.0,4.2,6,5,2,13,1,0.00,0.04,0.04,0.66,,,,,,,[],,91,31,51,33,533,216,97,50,0.0,0.0,0.04,0.04,0.66,0.0,134,83,101,46,70,29,168,50,1.0,1.0,13.0,Leeds,MID,5.5
True,True,,,180135,0,0,0,0,-40.0,-4,"[{'offset': 0, 'projected_percent': '-40.4', 'likelihood': -3}, {'offset': 1, 'projected_percent': '-45.0', 'likelihood': -3}, {'offset': 2, 'projected_percent': '-49.5', 'likelihood': -3}]",,False,0,3,0.5,0.5,0,Sean,0.5,339,False,,,50,180135.jpg,1.0,False,Longstaff,0.1,False,,a,13,2,1,668,93,1850,219,0.1,0.2,Longstaff,,241.0,2025-07-18,1997-10-30,False,p180135,8,0,0,0,0,0,0,0,0,0,0,0,3,0.0,0.2,0.0,0.0,0,0,0,0,0,0.00,0.00,0.00,0.07,3.0,,2.0,,,,[],,455,175,268,142,406,146,471,182,0.0,0.0,0.0,0.0,0.79,0.0,254,154,252,113,237,103,395,154,0.0,0.0,0.0,Leeds,MID,5.0
True,True,75.0,75.0,492859,0,0,0,0,0.0,0,"[{'offset': 0, 'projected_percent': '0.0', 'likelihood': 0}, {'offset': 1, 'projected_percent': '0.0', 'likelihood': 0}, {'offset': 2, 'projected_percent': '0.0', 'likelihood': 0}]",2026-09-05T13:30:07.441139Z,False,0,3,0.0,0.0,0,Wilfried,0.0,341,False,Hamstring injury - 75% chance of playing,2026-08-17T20:30:08.092366Z,50,492859.jpg,0.0,False,Gnonto,0.0,False,,d,13,2,0,24,6,741,45,0.0,0.0,Gnonto,,106.0,2022-09-01,2003-11-05,False,p492859,0,0,0,0,0,0,0,0,0,0,0,0,0,0.0,0.0,0.0,0.0,0,0,0,0,0,0.00,0.00,0.00,0.00,,,,,,,[],https://www.leedsunited.com/en/news/daniel-farke-provides-fitness-update-ahead-of-brentford-h,508,206,520,215,477,182,524,213,0.0,0.0,0.0,0.0,0.0,0.0,341,199,537,224,537,224,568,237,0.0,0.0,0.0,Leeds,MID,5.0
True,False,0.0,0.0,221399,0,0,0,0,0.0,0,"[{'offset': 0, 'projected_percent': '0.0', 'likelihood': 0}, {'offset': 1, 'projected_percent': '0.0', 'likelihood': 0}, {'offset': 2, 'projected_percent': '0.0', 'likelihood': 0}]",,False,0,3,0.0,0.0,0,Jack,0.0,342,False,Has joined New England Revolution permanently,2026-07-28T12:59:09.492431Z,50,221399.jpg,0.0,False,Harrison,0.0,False,,u,13,2,0,0,0,38,2,0.0,0.0,Harrison,,241.0,2021-07-02,1996-11-20,False,p221399,0,0,0,0,0,0,0,0,0,0,0,0,0,0.0,0.0,0.0,0.0,0,0,0,0,0,0.00,0.00,0.00,0.00,,,,,,,[],,465,182,474,191,422,155,481,189,0.0,0.0,0.0,0.0,0.0,0.0,278,169,497,205,497,205,622,274,0.0,0.0,0.0,Leeds,MID,5.0
True,True,,,200617,0,0,0,0,-26.3,8,"[{'offset': 0, 'projected_percent': '-25.4', 'likelihood': -2}, {'offset': 1, 'projected_percent': '-16.3', 'likelihood': -1}, {'offset': 2, 'projected_percent': '-7.3', 'likelihood': -1}]",,False,0,3,0.0,0.0,0,Daniel,0.0,343,False,,,50,200617.jpg,0.0,False,James,0.1,False,,a,13,2,0,1139,276,1961,225,0.0,0.0,James,,244.0,2021-08-31,1997-11-10,False,p200617,0,0,0,0,0,0,0,0,0,0,0,0,0,0.0,0.0,0.0,0.0,0,0,0,0,0,0.00,0.00,0.00,0.00,,,,,,,[],,457,177,465,186,408,148,473,184,0.0,0.0,0.0,0.0,0.0,0.0,257,157,491,200,491,200,401,158,0.0,0.0,0.0,Leeds,MID,5.0
True,True,0.0,0.0,486520,0,0,0,0,-66.5,0,"[{'offset': 0, 'projected_percent': '-66.5', 'likelihood': -3}, {'offset': 1, 'projected_percent': '-66.5', 'likelihood': -3}, {'offset': 2, 'projected_percent': '-66.5', 'likelihood': -3}]",,False,0,3,0.0,0.0,0,Ilia,0.0,344,False,Knee injury - Unknown return date,2026-08-14T23:00:06.272027Z,50,486520.jpg,0.0,False,Gruev,0.0,False,,i,13,2,0,11,2,138,9,0.0,0.0,Gruev,,34.0,2023-08-31,2000-05-06,False,p486520,0,0,0,0,0,0,0,0,0,0,0,0,0,0.0,0.0,0.0,0.0,0,0,0,0,0,0.00,0.00,0.00,0.00,,,,,,,[],,498,199,510,208,466,175,514,206,0.0,0.0,0.0,0.0,0.0,0.0,330,192,529,219,529,219,605,262,0.0,0.0,0.0,Leeds,MID,5.0
True,True,,,248056,0,0,0,0,-81.3,-4,"[{'offset': 0, 'projected_percent': '-81.6', 'likelihood': -3}, {'offset': 1, 'projected_percent': '-84.3', 'likelihood': -3}, {'offset': 2, 'projected_percent': '-86.9', 'likelihood': -3}]",,False,0,3,0.0,0.0,0,Tanaka,0.0,345,False,,,50,248056.jpg,0.0,False,Ao,0.2,False,,a,13,2,0,1097,198,4746,513,0.0,0.0,Tanaka,,108.0,2024-08-30,1998-09-10,False,p248056,0,0,0,0,0,0,0,0,0,0,0,0,0,0.0,0.0,0.0,0.0,0,0,0,0,0,0.00,0.00,0.00,0.00,4.0,,,,,,[],,478,188,487,197,438,162,494,195,0.0,0.0,0.0,0.0,0.0,0.0,296,178,511,211,511,211,330,118,0.0,0.0,0.0,Leeds,MID,5.0
True,True,,,177815,0,0,0,0,-17.6,-1356,"[{'offset': 0, 'projected_percent': '-18.3', 'likelihood': -1}, {'offset': 1, 'projected_percent': '-25.3', 'likelihood': -2}, {'offset': 2, 'projected_percent': '-32.3', 'likelihood': -2}]",,False,0,4,0.5,0.5,0,Dominic,0.5,346,False,,,60,177815.jpg,1.0,False,Calvert-Lewin,27.9,False,,a,13,2,1,97375,13061,234226,45290,0.1,0.2,Calvert-Lewin,,241.0,2025-08-15,1997-03-16,False,p177815,90,0,0,1,0,0,0,0,1,0,0,0,-2,0.0,0.8,11.0,0.7,0,2,0,2,1,0.13,0.00,0.13,0.66,,,,,1.0,,[],,590,61,233,27,84,15,250,25,0.13,0.0,0.0,0.13,0.66,0.0,64,16,309,36,299,36,9,3,1.0,1.0,2.0,Leeds,FWD,6.0
True,True,,,174594,0,0,0,0,-77.6,-14,"[{'offset': 0, 'projected_percent': '-77.9', 'likelihood': -3}, {'offset': 1, 'projected_percent': '-81.8', 'likelihood': -3}, {'offset': 2, 'projected_percent': '-85.6', 'likelihood': -3}]",,False,0,4,0.0,0.0,0,Lukas,0.0,347,False,,,55,174594.jpg,0.0,False,Nmecha,0.5,False,,a,13,2,0,2357,440,10565,1021,0.0,0.0,Nmecha,,80.0,2025-07-01,1998-12-14,False,p174594,0,0,0,0,0,0,0,0,0,0,0,0,0,0.0,0.0,0.0,0.0,0,0,0,0,0,0.00,0.00,0.00,0.00,,,,,2.0,,[],,540,48,555,56,527,55,556,57,0.0,0.0,0.0,0.0,0.0,0.0,127,33,564,62,564,62,254,43,0.0,0.0,0.0,Leeds,FWD,5.5
True,False,0.0,0.0,235826,0,0,0,0,0.0,-8,"[{'offset': 0, 'projected_percent': '0.0', 'likelihood': 0}, {'offset': 1, 'projected_percent': '0.0', 'likelihood': 0}, {'offset': 2, 'projected_percent': '0.0', 'likelihood': 0}]",,False,0,4,0.0,0.0,0,Joël,0.0,348,False,Has joined West Ham United on loan for the rest of the season,2026-08-19T13:56:14.666726Z,50,235826.jpg,0.0,False,Piroe,0.1,False,,u,13,2,0,0,0,5916,565,0.0,0.0,Piroe,,203.0,2023-08-24,1999-08-02,False,p235826,0,0,0,0,0,0,0,0,0,0,0,0,0,0.0,0.0,0.0,0.0,0,0,0,0,0,0.00,0.00,0.00,0.00,,,,,3.0,,[],,474,37,483,45,434,44,490,46,0.0,0.0,0.0,0.0,0.0,0.0,292,53,507,51,507,51,406,60,0.0,0.0,0.0,Leeds,FWD,5.0
True,True,0.0,0.0,565297,0,0,0,0,-23.9,-8,"[{'offset': 0, 'projected_percent': '-24.7', 'likelihood': -2}, {'offset': 1, 'projected_percent': '-32.2', 'likelihood': -2}, {'offset': 2, 'projected_percent': '-39.7', 'likelihood': -2}]",,False,0,4,0.0,0.0,0,Mateo,0.0,349,False,Knee injury - Unknown return date,2026-07-29T18:00:10.338170Z,45,565297.jpg,0.0,False,Joseph Fernández-Regatillo,0.1,False,,i,13,2,0,438,113,1213,162,0.0,0.0,Mateo Joseph,,200.0,2022-11-04,2003-10-19,False,p565297,0,0,0,0,0,0,0,0,0,0,0,0,0,0.0,0.0,0.0,0.0,0,0,0,0,0,0.00,0.00,0.00,0.00,,,,,,,[],,407,30,413,37,352,36,423,39,0.0,0.0,0.0,0.0,0.0,0.0,516,68,447,44,447,44,481,63,0.0,0.0,0.0,Leeds,FWD,4.5
True,True,,,432720,0,0,0,0,19.5,119,"[{'offset': 0, 'projected_percent': '19.7', 'likelihood': 1}, {'offset': 1, 'projected_percent': '21.3', 'likelihood': 2}, {'offset': 2, 'projected_percent': '23.0', 'likelihood': 2}]",,False,0,1,4.5,4.5,0,James,4.5,385,False,,,50,432720.jpg,9.0,False,Trafford,4.6,False,,a,13,2,9,73484,9690,18557,3453,0.9,1.8,Trafford,,241.0,2026-08-06,2002-10-10,False,p432720,90,0,0,1,0,0,0,0,0,0,3,2,28,19.4,0.0,0.0,1.9,0,9,0,0,1,0.00,0.00,0.00,0.66,,,,,,,[],,87,13,489,58,442,58,185,13,0.0,3.0,0.0,0.0,0.66,0.0,300,14,46,3,17,2,73,9,1.0,1.0,0.0,Leeds,GKP,5.0
True,True,,,173774,0,0,0,0,0.0,0,"[{'offset': 0, 'projected_percent': '0.0', 'likelihood': 0}, {'offset': 1, 'projected_percent': '0.0', 'likelihood': 0}, {'offset': 2, 'projected_percent': '0.0', 'likelihood': 0}]",2026-09-02T14:01:33.181261Z,False,0,2,0.0,0.0,0,Nico,0.0,598,False,,,45,173774.jpg,0.0,False,Elvedi,0.0,False,,a,13,2,0,396,42,312,33,0.0,0.0,Elvedi,,207.0,2026-08-19,1996-09-30,False,p173774,0,0,0,0,0,0,0,0,0,0,0,0,0,0.0,0.0,0.0,0.0,0,0,0,0,0,0.00,0.00,0.00,0.00,,,,,,,[],,352,143,356,147,283,120,369,144,0.0,0.0,0.0,0.0,0.0,0.0,431,93,397,146,397,146,538,186,0.0,0.0,0.0,Leeds,DEF,4.5
True,True,,,643970,0,0,0,0,0.0,0,"[{'offset': 0, 'projected_percent': '0.0', 'likelihood': 0}, {'offset': 1, 'projected_percent': '0.0', 'likelihood': 0}, {'offset': 2, 'projected_percent': '0.0', 'likelihood': 0}]",2026-09-04T19:31:28.542354Z,False,0,2,0.0,0.0,0,Jayden,0.0,603,False,,,40,643970.jpg,0.0,False,Lienou,0.1,False,,a,13,2,0,1705,217,433,114,0.0,0.0,Lienou,,244.0,2026-05-10,2008-04-08,False,p643970,0,0,0,0,0,0,0,0,0,0,0,0,0,0.0,0.0,0.0,0.0,0,0,0,0,0,0.00,0.00,0.00,0.00,,,,,,,[],,334,136,335,139,258,109,351,137,0.0,0.0,0.0,0.0,0.0,0.0,621,205,379,139,379,139,453,161,0.0,0.0,0.0,Leeds,DEF,4.0
True,True,,,592740,0,0,0,0,0.0,0,"[{'offset': 0, 'projected_percent': '0.0', 'likelihood': 0}, {'offset': 1, 'projected_percent': '0.0', 'likelihood': 0}, {'offset': 2, 'projected_percent': '0.0', 'likelihood': 0}]",2026-09-04T19:31:41.718342Z,False,0,3,0.0,0.0,0,Alfie,0.0,604,False,,,45,592740.jpg,0.0,False,Cresswell,0.1,False,,a,13,2,0,3748,719,904,194,0.0,0.0,Cresswell,,241.0,2026-05-16,2007-07-15,False,p592740,0,0,0,0,0,0,0,0,0,0,0,0,0,0.0,0.0,0.0,0.0,0,0,0,0,0,0.00,0.00,0.00,0.00,,,,,,,[],,415,153,421,163,361,121,431,160,0.0,0.0,0.0,0.0,0.0,0.0,527,265,455,180,455,180,447,179,0.0,0.0,0.0,Leeds,MID,4.5
True,True,,,116535,0,0,0,0,1.0,-123,"[{'offset': 0, 'projected_percent': '0.8', 'likelihood': 1}, {'offset': 1, 'projected_percent': '-2.3', 'likelihood': -1}, {'offset': 2, 'projected_percent': '-7.0', 'likelihood': -1}]",,False,0,1,1.0,1.0,0,Alisson,1.0,350,False,,,55,116535.jpg,1.0,False,Becker,3.8,False,,a,14,14,2,30272,4965,27912,6689,0.2,0.4,A.Becker,Alisson Becker,30.0,2018-07-19,1992-10-02,False,p116535,180,0,0,0,4,0,0,0,1,0,4,0,2,17.8,0.0,0.0,1.8,4,10,0,0,2,0.00,0.00,0.00,3.88,,,,,,,[],,98,14,552,67,523,67,193,14,0.0,2.0,0.0,0.0,1.94,2.0,120,3,194,17,274,20,89,14,1.0,0.0,0.0,Liverpool,GKP,5.5
True,True,,,449027,0,0,0,0,-59.0,-12,"[{'offset': 0, 'projected_percent': '-60.1', 'likelihood': -3}, {'offset': 1, 'projected_percent': '-71.1', 'likelihood': -3}, {'offset': 2, 'projected_percent': '-82.1', 'likelihood': -3}]",,False,0,1,0.0,0.0,0,Giorgi,0.0,351,False,,,50,449027.jpg,0.0,False,Mamardashvili,0.2,False,,a,14,14,0,790,132,2515,477,0.0,0.0,Mamardashvili,,79.0,2024-08-27,2000-09-29,False,p449027,0,0,0,0,0,0,0,0,0,0,0,0,0,0.0,0.0,0.0,0.0,0,0,0,0,0,0.00,0.00,0.00,0.00,,,,,,,[],,488,68,498,61,451,61,504,68,0.0,0.0,0.0,0.0,0.0,0.0,310,17,519,68,519,68,377,41,0.0,0.0,0.0,Liverpool,GKP,5.0
True,True,,,155503,0,0,0,0,-6.4,-8,"[{'offset': 0, 'projected_percent': '-6.5', 'likelihood': -1}, {'offset': 1, 'projected_percent': '-7.5', 'likelihood': -1}, {'offset': 2, 'projected_percent': '-8.4', 'likelihood': -1}]",,False,0,1,0.0,0.0,0,Freddie,0.0,352,False,,,40,155503.jpg,0.0,False,Woodman,1.1,False,,a,14,14,0,4216,953,6453,930,0.0,0.0,Woodman,,241.0,2025-07-01,1997-03-04,False,p155503,0,0,0,0,0,0,0,0,0,0,0,0,0,0.0,0.0,0.0,0.0,0,0,0,0,0,0.00,0.00,0.00,0.00,,,,,,,[],,291,29,288,9,206,9,307,29,0.0,0.0,0.0,0.0,0.0,0.0,561,57,337,29,337,29,187,28,0.0,0.0,0.0,Liverpool,GKP,4.0
True,False,0.0,0.0,586268,0,0,0,0,0.0,0,"[{'offset': 0, 'projected_percent': '0.0', 'likelihood': 0}, {'offset': 1, 'projected_percent': '0.0', 'likelihood': 0}, {'offset': 2, 'projected_percent': '0.0', 'likelihood': 0}]",,False,0,1,0.0,0.0,0,Armin,0.0,353,False,Has joined TSV Hartberg on loan for the rest of the season,2026-08-18T14:11:18.638344Z,40,586268.jpg,0.0,False,Pecsi,0.0,False,,u,14,14,0,0,0,487,39,0.0,0.0,Pecsi,,,,,False,p586268,0,0,0,0,0,0,0,0,0,0,0,0,0,0.0,0.0,0.0,0.0,0,0,0,0,0,0.00,0.00,0.00,0.00,,,,,,,[],,330,41,330,21,253,21,347,41,0.0,0.0,0.0,0.0,0.0,0.0,615,69,375,41,375,41,542,62,0.0,0.0,0.0,Liverpool,GKP,4.0
True,True,0.0,0.0,432987,0,0,0,0,0.0,0,"[{'offset': 0, 'projected_percent': '0.0', 'likelihood': 0}, {'offset': 1, 'projected_percent': '0.0', 'likelihood': 0}, {'offset': 2, 'projected_percent': '0.0', 'likelihood': 0}]",,False,0,1,0.0,0.0,0,Vitezslav,0.0,354,False,Knee injury - Unknown return date,2026-07-29T18:00:10.351066Z,40,432987.jpg,0.0,False,Jaros,0.0,False,,i,14,14,0,221,58,214,35,0.0,0.0,Jaros,,57.0,2019-07-10,2001-07-23,False,p432987,0,0,0,0,0,0,0,0,0,0,0,0,0,0.0,0.0,0.0,0.0,0,0,0,0,0,0.00,0.00,0.00,0.00,,,,,,,[],https://www.liverpoolfc.com/news/ajax-issue-vitezslav-jaros-injury-update,302,34,301,14,221,14,319,34,0.0,0.0,0.0,0.0,0.0,0.0,580,62,348,34,348,34,571,65,0.0,0.0,0.0,Liverpool,GKP,4.0
True,True,,,464353,0,0,0,0,0.0,0,"[{'offset': 0, 'projected_percent': '0.0', 'likelihood': 0}, {'offset': 1, 'projected_percent': '0.0', 'likelihood': 0}, {'offset': 2, 'projected_percent': '0.0', 'likelihood': 0}]",,False,0,1,0.0,0.0,0,Harvey,0.0,355,False,,,40,464353.jpg,0.0,False,Davies,0.1,False,,a,14,14,0,839,195,848,135,0.0,0.0,Davies,,241.0,2021-03-09,2003-09-03,False,p464353,0,0,0,0,0,0,0,0,0,0,0,0,0,0.0,0.0,0.0,0.0,0,0,0,0,0,0.00,0.00,0.00,0.00,,,,,,,[],,307,37,307,17,228,17,324,37,0.0,0.0,0.0,0.0,0.0,0.0,590,65,353,37,353,37,381,42,0.0,0.0,0.0,Liverpool,GKP,4.0
True,True,,,97032,0,0,0,0,-3.8,-876,"[{'offset': 0, 'projected_percent': '-4.4', 'likelihood': -1}, {'offset': 1, 'projected_percent': '-10.9', 'likelihood': -1}, {'offset': 2, 'projected_percent': '-17.5', 'likelihood': -1}]",,False,0,2,1.5,1.5,1,Virgil,1.5,356,False,,,65,97032.jpg,1.5,False,van Dijk,19.4,False,,a,14,14,3,85202,10588,110846,31726,0.2,0.5,Virgil,,152.0,2018-01-01,1991-07-08,False,p97032,180,0,0,0,4,0,0,0,1,0,0,0,13,25.6,1.6,24.0,5.1,16,11,2,18,2,0.25,0.04,0.29,3.88,,,,,,,[],,63,25,196,61,40,8,73,24,0.12,0.0,0.02,0.14,1.94,2.0,32,2,157,55,195,59,17,5,1.0,0.0,9.0,Liverpool,DEF,6.5
True,True,,,216094,0,0,0,0,-19.0,-308,"[{'offset': 0, 'projected_percent': '-20.3', 'likelihood': -2}, {'offset': 1, 'projected_percent': '-33.5', 'likelihood': -2}, {'offset': 2, 'projected_percent': '-46.7', 'likelihood': -3}]",,False,0,2,0.5,0.5,1,Jeremie,0.5,357,False,,,55,216094.jpg,0.5,False,Frimpong,3.4,False,,a,14,14,1,27985,3465,43904,10335,0.1,0.2,Frimpong,,152.0,2025-06-01,2000-12-10,False,p216094,160,0,0,0,4,0,0,0,1,0,0,0,12,13.6,37.8,10.0,6.1,5,6,3,8,2,0.01,0.11,0.12,3.81,,,,,,,[],,131,60,19,4,87,29,53,14,0.01,0.0,0.06,0.07,2.14,2.25,145,16,288,102,322,104,101,41,1.12,0.0,4.5,Liverpool,DEF,5.5
True,True,,,544877,0,0,0,0,-34.3,-287,"[{'offset': 0, 'projected_percent': '-35.5', 'likelihood': -2}, {'offset': 1, 'projected_percent': '-47.6', 'likelihood': -3}, {'offset': 2, 'projected_percent': '-59.7', 'likelihood': -3}]",,False,0,2,0.5,0.5,1,Milos,0.5,358,False,,,55,544877.jpg,0.5,False,Kerkez,3.4,False,,a,14,14,1,17485,1840,43912,9525,0.1,0.2,Kerkez,,98.0,2025-06-26,2003-11-07,False,p544877,160,0,0,0,4,0,0,0,1,0,0,0,12,18.0,13.8,12.0,4.4,11,7,4,15,2,0.02,0.03,0.05,3.81,,,,,,,[],,96,41,94,28,79,23,93,32,0.01,0.0,0.02,0.03,2.14,2.25,202,28,298,105,324,106,98,38,1.12,0.0,8.44,Liverpool,DEF,5.5
True,True,0.0,0.0,171287,0,0,0,0,-44.8,0,"[{'offset': 0, 'projected_percent': '-44.8', 'likelihood': -3}, {'offset': 1, 'projected_percent': '-44.8', 'likelihood': -3}, {'offset': 2, 'projected_percent': '-44.8', 'likelihood': -3}]",,False,0,2,0.0,0.0,0,Joe,0.0,359,False,Muscular injury - Unknown return date,2026-07-26T08:30:10.078473Z,50,171287.jpg,0.0,False,Gomez,0.0,False,,i,14,14,0,96,17,470,61,0.0,0.0,Gomez,,241.0,2015-06-20,1997-05-23,False,p171287,0,0,0,0,0,0,0,0,0,0,0,0,0,0.0,0.0,0.0,0.0,0,0,0,0,0,0.00,0.00,0.00,0.00,,,,,,,[],https://www.liverpoolfc.com/news/andoni-iraola-pre-season-win-over-sunderland-it-will-give-us-good-starting-point,452,180,460,181,402,164,468,180,0.0,0.0,0.0,0.0,0.0,0.0,250,40,487,177,487,177,563,196,0.0,0.0,0.0,Liverpool,DEF,5.0
True,True,0.0,0.0,492777,0,0,0,0,-25.6,0,"[{'offset': 0, 'projected_percent': '-25.6', 'likelihood': -2}, {'offset': 1, 'projected_percent': '-25.6', 'likelihood': -2}, {'offset': 2, 'projected_percent': '-25.6', 'likelihood': -2}]",,False,0,2,0.0,0.0,0,Conor,0.0,360,False,Knee injury - Unknown return date,2026-07-23T12:01:23.565711Z,50,492777.jpg,0.0,False,Bradley,0.0,False,,i,14,14,0,102,23,244,25,0.0,0.0,Bradley,,242.0,2023-09-25,2003-07-09,False,p492777,0,0,0,0,0,0,0,0,0,0,0,0,0,0.0,0.0,0.0,0.0,0,0,0,0,0,0.00,0.00,0.00,0.00,,,,,,,[],,507,195,519,195,476,186,523,195,0.0,0.0,0.0,0.0,0.0,0.0,340,68,536,192,536,192,588,200,0.0,0.0,0.0,Liverpool,DEF,5.0
True,True,,,519440,0,0,0,0,-13.9,0,"[{'offset': 0, 'projected_percent': '-13.9', 'likelihood': -1}, {'offset': 1, 'projected_percent': '-13.9', 'likelihood': -1}, {'offset': 2, 'projected_percent': '-13.9', 'likelihood': -1}]",,False,0,2,0.0,0.0,0,Wellity,0.0,361,False,,,40,519440.jpg,0.0,False,Lucky,0.1,False,,a,14,14,0,801,193,1332,195,0.0,0.0,Lucky,,,,,False,p519440,0,0,0,0,0,0,0,0,0,0,0,0,0,0.0,0.0,0.0,0.0,0,0,0,0,0,0.00,0.00,0.00,0.00,,,,,,,[],,317,120,317,122,238,90,334,121,0.0,0.0,0.0,0.0,0.0,0.0,600,185,363,124,363,124,398,143,0.0,0.0,0.0,Liverpool,DEF,4.0
True,True,100.0,100.0,606702,0,0,0,0,4.8,63,"[{'offset': 0, 'projected_percent': '4.9', 'likelihood': 1}, {'offset': 1, 'projected_percent': '5.8', 'likelihood': 1}, {'offset': 2, 'projected_percent': '6.6', 'likelihood': 1}]",,False,0,2,2.0,2.0,3,Jeremy,2.0,362,False,,2026-07-23T12:01:23.581126Z,50,606702.jpg,2.0,False,Jacquet,2.4,False,,a,14,14,4,29970,7258,22436,4280,0.4,0.8,Jacquet,,73.0,2026-07-01,2005-07-13,False,p606702,145,0,0,0,4,0,0,0,0,0,0,0,22,12.4,11.9,0.0,2.4,10,7,4,14,2,0.00,0.07,0.07,3.27,,,,,,,[],,140,65,107,32,501,190,156,60,0.0,0.0,0.04,0.04,2.03,2.48,382,75,118,44,146,51,121,48,1.24,0.0,8.69,Liverpool,DEF,5.0
True,True,0.0,0.0,647681,0,0,0,0,-15.6,-3,"[{'offset': 0, 'projected_percent': '-16.1', 'likelihood': -1}, {'offset': 1, 'projected_percent': '-20.5', 'likelihood': -2}, {'offset': 2, 'projected_percent': '-24.8', 'likelihood': -2}]",,False,0,2,0.0,0.0,0,Giovanni,0.0,363,False,Knee injury - Unknown return date,2026-07-23T12:01:23.596909Z,40,647681.jpg,0.0,False,Leoni,0.0,False,,i,14,14,0,229,47,619,100,0.0,0.0,Leoni,,106.0,2025-08-15,2006-12-21,False,p647681,0,0,0,0,0,0,0,0,0,0,0,0,0,0.0,0.0,0.0,0.0,0,0,0,0,0,0.00,0.00,0.00,0.00,,,,,,,[],https://www.liverpoolfc.com/news/liverpools-injury-list-suspensions-and-availability?utm_source=premier-league-web&utm_medium=referral&utm_campaign=pl-referral-always-on&utm_term=injuries&utm_content=club-injury-article,335,137,336,140,259,110,352,138,0.0,0.0,0.0,0.0,0.0,0.0,622,206,380,140,380,140,505,176,0.0,0.0,0.0,Liverpool,DEF,4.0
True,True,,,214285,0,0,0,0,-47.0,-4,"[{'offset': 0, 'projected_percent': '-47.8', 'likelihood': -3}, {'offset': 1, 'projected_percent': '-55.5', 'likelihood': -3}, {'offset': 2, 'projected_percent': '-63.3', 'likelihood': -3}]",,False,0,2,0.5,0.5,1,Kostas,0.5,364,False,,,50,214285.jpg,1.0,False,Tsimikas,0.1,False,,a,14,14,1,400,61,1136,154,0.1,0.2,Tsimikas,,83.0,2020-08-10,1996-05-12,False,p214285,19,0,0,0,0,0,0,0,0,0,0,0,4,0.0,0.0,0.0,0.0,0,0,0,0,0,0.04,0.01,0.05,0.07,,,,,,,[],,462,184,470,184,416,168,478,184,0.19,0.0,0.05,0.24,0.33,0.0,270,44,254,96,240,94,452,160,0.0,0.0,0.0,Liverpool,DEF,5.0
True,False,0.0,0.0,489580,0,0,0,0,0.0,-28,"[{'offset': 0, 'projected_percent': '0.0', 'likelihood': 0}, {'offset': 1, 'projected_percent': '0.0', 'likelihood': 0}, {'offset': 2, 'projected_percent': '0.0', 'likelihood': 0}]",,False,0,2,0.0,0.0,0,Calvin,0.0,365,False,Has joined St Mirren on loan for the rest of the season,2026-08-26T14:05:26.748768Z,40,489580.jpg,0.0,False,Ramsay,0.2,False,,u,14,14,0,638,0,5158,1406,0.0,0.0,Ramsay,,243.0,2022-06-19,2003-07-31,False,p489580,0,0,0,0,0,0,0,0,0,0,0,0,0,0.0,0.0,0.0,0.0,0,0,0,0,0,0.00,0.00,0.00,0.00,,,,,,,[],,311,116,311,118,232,86,328,117,0.0,0.0,0.0,0.0,0.0,0.0,594,181,357,120,357,120,362,135,0.0,0.0,0.0,Liverpool,DEF,4.0
True,True,,,494595,0,0,0,0,-52.8,-399,"[{'offset': 0, 'projected_percent': '-53.3', 'likelihood': -3}, {'offset': 1, 'projected_percent': '-58.5', 'likelihood': -3}, {'offset': 2, 'projected_percent': '-63.8', 'likelihood': -3}]",,False,0,3,3.0,3.0,4,Florian,3.0,366,False,,,75,494595.jpg,3.0,False,Wirtz,11.0,False,,a,14,14,6,30365,5442,154381,31119,0.4,0.8,Wirtz,,80.0,2025-06-20,2003-05-03,False,p494595,152,0,1,0,4,0,0,0,1,0,0,0,39,9.8,17.9,29.0,5.7,0,11,4,15,2,0.49,0.24,0.73,2.81,3.0,,2.0,,4.0,,[],,166,63,68,42,31,17,59,32,0.29,0.0,0.14,0.43,1.66,2.37,18,11,92,40,111,51,35,13,1.18,0.0,8.88,Liverpool,MID,7.5
True,True,,,243298,0,0,0,0,86.3,361,"[{'offset': 0, 'projected_percent': '86.8', 'likelihood': 3}, {'offset': 1, 'projected_percent': '91.8', 'likelihood': 3}, {'offset': 2, 'projected_percent': '96.8', 'likelihood': 4}]",,False,1,3,8.5,8.5,5,Cody,8.5,367,True,,,70,243298.jpg,8.5,False,Gakpo,6.9,False,,a,14,14,17,233098,27394,38146,10395,1.2,2.4,Gakpo,,152.0,2023-01-01,1999-05-07,False,p243298,160,1,1,0,4,0,0,0,0,0,0,3,54,44.0,34.0,37.0,11.5,5,7,3,15,2,0.30,0.80,1.10,3.81,2.0,,,,3.0,,[],,16,9,22,17,18,9,9,8,0.17,0.0,0.45,0.62,2.14,2.25,25,16,8,3,25,12,59,20,1.12,0.0,8.44,Liverpool,MID,7.0
True,True,,,424876,0,0,0,0,75.8,-678,"[{'offset': 0, 'projected_percent': '74.9', 'likelihood': 3}, {'offset': 1, 'projected_percent': '65.5', 'likelihood': 3}, {'offset': 2, 'projected_percent': '56.1', 'likelihood': 3}]",,False,0,3,6.0,6.0,4,Dominik,6.0,368,False,,,70,424876.jpg,6.0,False,Szoboszlai,43.2,False,,a,14,14,12,276281,31278,104397,36992,0.9,1.7,Szoboszlai,,98.0,2023-07-02,2000-10-25,False,p424876,180,1,0,0,4,0,0,0,0,0,0,1,53,50.4,47.1,21.0,11.9,5,11,4,20,2,1.01,0.44,1.45,3.88,1.0,,1.0,,1.0,,[],,7,5,8,7,45,24,7,6,0.5,0.0,0.22,0.72,1.94,2.0,26,17,27,14,61,25,4,2,1.0,0.0,10.0,Liverpool,MID,7.0
True,True,,,611922,0,0,0,0,-61.5,-158,"[{'offset': 0, 'projected_percent': '-63.7', 'likelihood': -3}, {'offset': 1, 'projected_percent': '-85.6', 'likelihood': -3}, {'offset': 2, 'projected_percent': '-107.6', 'likelihood': -5}]",,False,0,3,1.5,1.5,1,Rio,1.5,369,False,,,60,611922.jpg,1.5,False,Ngumoha,1.0,False,,a,14,14,3,6242,695,19802,4925,0.2,0.5,Ngumoha,,241.0,2024-12-17,2008-08-29,False,p611922,81,0,0,0,2,0,0,0,0,0,0,0,14,2.4,6.0,5.0,1.3,0,2,1,3,1,0.04,0.05,0.09,0.58,,,,,,,[],,244,110,139,83,128,64,226,101,0.04,0.0,0.06,0.1,0.64,2.22,106,67,156,71,194,97,189,61,1.11,0.0,3.33,Liverpool,MID,6.0
True,True,0.0,0.0,223541,0,0,0,0,-80.0,-38,"[{'offset': 0, 'projected_percent': '-82.0', 'likelihood': -3}, {'offset': 1, 'projected_percent': '-102.3', 'likelihood': -5}, {'offset': 2, 'projected_percent': '-122.7', 'likelihood': -5}]",,False,0,3,0.0,0.0,0,Federico,0.0,370,False,Back injury - Unknown return date,2026-08-27T13:30:07.598926Z,55,223541.jpg,0.0,False,Chiesa,0.1,False,,i,14,14,0,595,10,4735,1185,0.0,0.0,Chiesa,,106.0,2024-08-29,1997-10-25,False,p223541,0,0,0,0,0,0,0,0,0,0,0,0,0,0.0,0.0,0.0,0.0,0,0,0,0,0,0.00,0.00,0.00,0.00,,,,,,,[],https://www.liverpoolfc.com/news/federico-chiesa-injury-update-0,552,231,567,240,543,223,567,238,0.0,0.0,0.0,0.0,0.0,0.0,147,91,575,244,575,244,422,167,0.0,0.0,0.0,Liverpool,MID,5.5
True,True,,,441266,0,0,0,0,-5.2,-183,"[{'offset': 0, 'projected_percent': '-6.6', 'likelihood': -1}, {'offset': 1, 'projected_percent': '-20.1', 'likelihood': -2}, {'offset': 2, 'projected_percent': '-33.7', 'likelihood': -2}]",,False,0,3,3.0,3.0,1,Ryan,3.0,371,False,,,60,441266.jpg,3.0,False,Gravenberch,1.9,False,,a,14,14,6,17103,2098,21380,6197,0.5,1.0,Gravenberch,,152.0,2023-09-01,2002-05-16,False,p441266,96,0,1,0,2,0,0,0,0,0,0,0,33,24.4,16.0,4.0,4.4,2,8,2,12,1,0.06,0.06,0.12,1.17,,,,,,,[],,68,23,75,46,141,71,94,49,0.06,0.0,0.06,0.12,1.1,1.88,82,52,88,38,106,46,134,41,0.94,0.0,11.25,Liverpool,MID,6.0
True,True,,,243016,0,0,0,0,-47.4,-97,"[{'offset': 0, 'projected_percent': '-48.3', 'likelihood': -3}, {'offset': 1, 'projected_percent': '-57.2', 'likelihood': -3}, {'offset': 2, 'projected_percent': '-66.1', 'likelihood': -3}]",,False,0,3,1.5,1.5,2,Alexis,1.5,372,False,,,55,243016.jpg,1.5,False,Mac Allister,1.6,False,,a,14,14,3,8351,1784,25228,3720,0.3,0.5,Mac Allister,,10.0,2023-06-14,1998-12-24,False,p243016,103,0,0,0,2,0,0,0,0,0,0,0,19,5.8,1.4,0.0,0.7,2,6,5,13,1,0.00,0.40,0.40,3.30,,,,,5.0,,[],,204,82,202,114,546,226,246,109,0.0,0.0,0.35,0.35,2.88,1.75,153,95,146,64,188,93,152,45,0.87,0.0,11.36,Liverpool,MID,5.5
True,False,0.0,75.0,206915,0,0,0,0,0.0,-8,"[{'offset': 0, 'projected_percent': '0.0', 'likelihood': 0}, {'offset': 1, 'projected_percent': '0.0', 'likelihood': 0}, {'offset': 2, 'projected_percent': '0.0', 'likelihood': 0}]",,False,0,3,0.0,0.0,0,Curtis,0.0,373,False,Has joined Internazionale permanently,2026-08-16T18:30:07.426408Z,55,206915.jpg,0.0,False,Jones,0.0,False,,u,14,14,0,34,1,1343,215,0.0,0.0,C.Jones,,241.0,2018-04-06,2001-01-30,False,p206915,0,0,0,0,0,0,0,0,0,0,0,0,0,0.0,0.0,0.0,0.0,0,0,0,0,0,0.00,0.00,0.00,0.00,,,,,,,[],,547,227,563,236,538,219,563,234,0.0,0.0,0.0,0.0,0.0,0.0,140,86,571,240,571,240,516,215,0.0,0.0,0.0,Liverpool,MID,5.5
True,True,100.0,100.0,158983,0,0,0,0,-39.2,-7,"[{'offset': 0, 'projected_percent': '-40.7', 'likelihood': -3}, {'offset': 1, 'projected_percent': '-55.0', 'likelihood': -3}, {'offset': 2, 'projected_percent': '-69.3', 'likelihood': -3}]",,False,0,3,0.0,0.0,0,Endo,0.0,374,False,,2026-07-23T12:01:23.612529Z,50,158983.jpg,0.0,False,Wataru,0.1,False,,a,14,14,0,625,140,1203,218,0.0,0.0,Endo,,108.0,2023-08-18,1993-02-09,False,p158983,0,0,0,0,0,0,0,0,0,0,0,0,0,0.0,0.0,0.0,0.0,0,0,0,0,0,0.00,0.00,0.00,0.00,,,,,,,[],,451,173,459,183,400,143,467,180,0.0,0.0,0.0,0.0,0.0,0.0,248,151,486,197,486,197,469,191,0.0,0.0,0.0,Liverpool,MID,5.0
True,True,,,591386,0,0,0,0,-78.0,2,"[{'offset': 0, 'projected_percent': '-77.1', 'likelihood': -3}, {'offset': 1, 'projected_percent': '-67.9', 'likelihood': -3}, {'offset': 2, 'projected_percent': '-58.7', 'likelihood': -3}]",,False,0,3,0.5,0.5,1,Trey,0.5,375,False,,,50,591386.jpg,1.0,False,Nyoni,0.0,False,,a,14,14,1,192,53,783,110,0.1,0.2,Nyoni,,241.0,2023-11-11,2007-06-30,False,p591386,13,0,0,0,0,0,0,0,0,0,0,0,3,0.0,0.0,0.0,0.0,1,2,2,5,0,0.00,0.00,0.00,0.07,,,,,,,[],,527,218,539,226,500,197,543,225,0.0,0.0,0.0,0.0,0.48,0.0,381,227,277,130,263,120,514,214,0.0,0.0,34.62,Liverpool,MID,5.0
True,True,0.0,0.0,535928,0,0,0,0,-30.0,0,"[{'offset': 0, 'projected_percent': '-30.0', 'likelihood': -2}, {'offset': 1, 'projected_percent': '-30.0', 'likelihood': -2}, {'offset': 2, 'projected_percent': '-30.0', 'likelihood': -2}]",,False,0,3,0.0,0.0,0,Stefan,0.0,376,False,Hamstring injury - Unknown return date,2026-07-23T12:01:23.628373Z,50,535928.jpg,0.0,False,Bajčetić Maquieira,0.0,False,,i,14,14,0,11,3,40,11,0.0,0.0,Bajcetic,,200.0,2022-07-11,2004-10-22,False,p535928,0,0,0,0,0,0,0,0,0,0,0,0,0,0.0,0.0,0.0,0.0,0,0,0,0,0,0.00,0.00,0.00,0.00,,,,,,,[],https://www.liverpoolfc.com/news/liverpools-injury-list-suspensions-and-availability?utm_source=premier-league-web&utm_medium=referral&utm_campaign=pl-referral-always-on&utm_term=injuries&utm_content=club-injury-article,516,209,529,218,487,186,532,216,0.0,0.0,0.0,0.0,0.0,0.0,364,213,544,226,544,226,619,272,0.0,0.0,0.0,Liverpool,MID,5.0
True,True,,,551499,0,0,0,0,3.8,327,"[{'offset': 0, 'projected_percent': '4.2', 'likelihood': 1}, {'offset': 1, 'projected_percent': '8.8', 'likelihood': 1}, {'offset': 2, 'projected_percent': '13.3', 'likelihood': 1}]",,False,0,3,5.0,5.0,6,Victor,5.0,377,False,,,65,551499.jpg,5.0,False,Munoz,0.7,False,,a,14,14,10,14984,8498,7353,1440,0.8,1.5,Munoz,,200.0,2026-06-18,2003-07-13,False,p551499,117,1,1,0,2,0,0,0,1,0,0,0,39,4.0,8.9,14.0,2.7,4,1,2,7,1,0.42,0.23,0.65,3.37,,,,,,,[],,226,99,127,74,74,41,146,65,0.32,0.0,0.18,0.5,2.59,1.54,48,32,41,18,75,31,229,76,0.77,0.0,5.38,Liverpool,MID,6.5
True,True,,,491501,0,0,0,0,-36.0,-4,"[{'offset': 0, 'projected_percent': '-36.3', 'likelihood': -2}, {'offset': 1, 'projected_percent': '-38.5', 'likelihood': -2}, {'offset': 2, 'projected_percent': '-40.8', 'likelihood': -3}]",,False,0,3,0.0,0.0,0,James,0.0,378,False,,,45,491501.jpg,0.0,False,McConnell,0.3,False,,a,14,14,0,1087,204,3374,474,0.0,0.0,McConnell,,241.0,2023-07-18,2004-09-13,False,p491501,0,0,0,0,0,0,0,0,0,0,0,0,0,0.0,0.0,0.0,0.0,0,0,0,0,0,0.00,0.00,0.00,0.00,,,,,,,[],,383,143,390,153,328,111,399,150,0.0,0.0,0.0,0.0,0.0,0.0,491,254,424,170,424,170,314,109,0.0,0.0,0.0,Liverpool,MID,4.5
True,True,,,219168,0,0,0,0,-10.5,-72,"[{'offset': 0, 'projected_percent': '-10.6', 'likelihood': -1}, {'offset': 1, 'projected_percent': '-11.2', 'likelihood': -1}, {'offset': 2, 'projected_percent': '-11.9', 'likelihood': -1}]",,False,0,4,5.0,5.0,8,Alexander,5.0,379,False,,,90,219168.jpg,5.0,False,Isak,16.2,False,,a,14,14,10,86037,13001,132401,31268,0.6,1.1,Isak,,206.0,2025-09-01,1999-09-21,False,p219168,180,1,0,0,4,0,0,0,0,0,0,2,36,11.4,14.6,66.0,9.2,1,0,1,2,2,2.08,0.01,2.09,3.88,,,,,2.0,,[],,153,11,85,7,1,1,19,4,1.04,0.0,0.0,1.04,1.94,2.0,5,2,43,5,78,9,25,5,1.0,0.0,1.0,Liverpool,FWD,9.0
True,True,0.0,0.0,510663,0,0,0,0,-52.7,-16,"[{'offset': 0, 'projected_percent': '-53.3', 'likelihood': -3}, {'offset': 1, 'projected_percent': '-59.2', 'likelihood': -3}, {'offset': 2, 'projected_percent': '-65.1', 'likelihood': -3}]",,False,0,4,0.0,0.0,0,Hugo,0.0,380,False,Achilles injury - Unknown return date,2026-07-23T12:01:23.643771Z,75,510663.jpg,0.0,False,Ekitiké,0.1,False,,i,14,14,0,844,135,4555,748,0.0,0.0,Ekitiké,,73.0,2025-07-23,2002-06-20,False,p510663,0,0,0,0,0,0,0,0,0,0,0,0,0,0.0,0.0,0.0,0.0,0,0,0,0,0,0.00,0.00,0.00,0.00,,,,,,,[],https://www.liverpoolfc.com/news/lfc-fitness-update-bajcetic-bradley-ekitike-endo-and-leoni?utm_source=premier-league-web&utm_medium=referral&utm_campaign=pl-referral-always-on&utm_content=injuries-flag&utm_term=injury-news,620,72,621,72,621,72,621,72,0.0,0.0,0.0,0.0,0.0,0.0,19,7,617,71,617,71,384,56,0.0,0.0,0.0,Liverpool,FWD,7.5
True,True,,,514514,0,0,0,0,-14.4,-2,"[{'offset': 0, 'projected_percent': '-15.9', 'likelihood': -1}, {'offset': 1, 'projected_percent': '-30.9', 'likelihood': -2}, {'offset': 2, 'projected_percent': '-45.8', 'likelihood': -3}]",,False,0,3,0.5,0.5,0,Lewis,0.5,381,False,,,50,514514.jpg,1.0,False,Koumas,0.0,False,,a,14,14,1,191,35,276,66,0.1,0.2,Koumas,,244.0,2026-08-22,2005-09-19,False,p514514,12,0,0,0,0,0,0,0,0,0,0,0,4,1.2,0.5,7.0,0.9,0,1,0,1,0,0.03,0.00,0.03,0.48,,,,,,,[],,262,121,250,133,106,54,236,107,0.22,0.0,0.0,0.22,3.6,0.0,358,209,271,125,257,115,545,225,0.0,0.0,7.5,Liverpool,MID,5.0
True,True,0.0,0.0,500058,0,0,0,0,-13.0,0,"[{'offset': 0, 'projected_percent': '-13.0', 'likelihood': -1}, {'offset': 1, 'projected_percent': '-13.0', 'likelihood': -1}, {'offset': 2, 'projected_percent': '-13.0', 'likelihood': -1}]",,False,0,4,0.0,0.0,0,Jayden,0.0,382,False,Unspecified injury - Unknown return date,2026-07-23T12:01:23.659279Z,45,500058.jpg,0.0,False,Danns,0.0,False,,i,14,14,0,394,85,661,99,0.0,0.0,Danns,,,,,False,p500058,0,0,0,0,0,0,0,0,0,0,0,0,0,0.0,0.0,0.0,0.0,0,0,0,0,0,0.00,0.00,0.00,0.00,,,,,,,[],https://www.liverpoolfc.com/news/andoni-iraola-interview-pre-season-implementing-his-style-and-fitness-update,387,25,394,33,332,31,403,34,0.0,0.0,0.0,0.0,0.0,0.0,495,63,428,40,428,40,523,68,0.0,0.0,0.0,Liverpool,FWD,4.5
True,True,,,444884,0,0,0,0,-71.9,-10,"[{'offset': 0, 'projected_percent': '-73.9', 'likelihood': -3}, {'offset': 1, 'projected_percent': '-93.9', 'likelihood': -3}, {'offset': 2, 'projected_percent': '-114.0', 'likelihood': -5}]",,False,0,3,0.0,0.0,0,Harvey,0.0,383,False,,,55,444884.jpg,0.0,False,Elliott,0.1,False,,a,14,14,0,503,123,1517,301,0.0,0.0,Elliott,,241.0,2019-07-28,2003-04-04,False,p444884,0,0,0,0,0,0,0,0,0,0,0,0,0,0.0,0.0,0.0,0.0,0,0,0,0,0,0.00,0.00,0.00,0.00,,,,,,,[],,558,235,571,243,552,230,572,241,0.0,0.0,0.0,0.0,0.0,0.0,169,106,580,247,580,247,458,184,0.0,0.0,0.0,Liverpool,MID,5.5
True,True,,,445087,0,0,0,0,-36.2,-471,"[{'offset': 0, 'projected_percent': '-38.8', 'likelihood': -2}, {'offset': 1, 'projected_percent': '-64.7', 'likelihood': -3}, {'offset': 2, 'projected_percent': '-90.7', 'likelihood': -3}]",,False,0,2,0.5,0.5,0,Ronald,0.5,579,False,,,55,445087.jpg,0.5,False,Araujo,2.6,False,,a,14,14,1,26649,2742,47433,13659,0.1,0.2,Araujo,,230.0,2026-08-10,1999-03-07,False,p445087,33,0,0,0,0,0,0,0,1,0,0,0,2,13.2,1.2,0.0,1.4,4,3,1,5,0,0.00,0.04,0.04,0.61,,,,,,,[],,134,62,215,71,553,197,219,84,0.0,0.0,0.11,0.11,1.66,0.0,170,22,294,104,323,105,113,43,0.0,0.0,13.64,Liverpool,DEF,5.5
True,True,100.0,100.0,114283,0,0,0,0,-47.7,-12,"[{'offset': 0, 'projected_percent': '-48.5', 'likelihood': -3}, {'offset': 1, 'projected_percent': '-56.8', 'likelihood': -3}, {'offset': 2, 'projected_percent': '-65.2', 'likelihood': -3}]",,False,0,3,0.5,0.5,0,Jack,0.5,238,False,,2026-07-29T10:00:10.492904Z,65,114283.jpg,1.0,False,Grealish,0.2,False,,a,15,43,1,1385,183,3403,1000,0.1,0.2,Grealish,,241.0,2021-08-05,1995-09-10,False,p114283,8,0,0,0,0,0,0,0,0,0,0,0,2,1.0,0.6,0.0,0.2,0,0,1,1,0,0.00,0.00,0.00,0.00,,,,,,,[],,267,124,248,132,608,265,287,136,0.0,0.0,0.0,0.0,0.0,0.0,33,21,319,156,311,153,334,119,0.0,0.0,11.25,Man City,MID,6.5
True,True,,,204936,0,0,0,0,-13.4,-244,"[{'offset': 0, 'projected_percent': '-13.9', 'likelihood': -1}, {'offset': 1, 'projected_percent': '-18.1', 'likelihood': -1}, {'offset': 2, 'projected_percent': '-22.4', 'likelihood': -2}]",,False,0,1,1.5,1.5,0,Gianluigi,1.5,384,False,,,55,204936.jpg,1.5,False,Donnarumma,8.2,False,,a,15,43,3,39105,5097,66212,21260,0.3,0.5,Donnarumma,,106.0,2025-09-01,1999-02-25,False,p204936,180,0,0,0,2,1,0,0,0,0,4,0,17,26.8,0.0,0.0,2.7,1,12,0,0,2,0.00,0.00,0.00,1.31,,,,,,,[],,61,10,562,68,537,68,145,10,0.0,2.0,0.0,0.0,0.66,1.0,138,4,143,13,185,16,50,7,1.0,0.0,0.0,Man City,GKP,5.5
True,True,,,122074,0,0,0,0,-19.7,2,"[{'offset': 0, 'projected_percent': '-18.7', 'likelihood': -1}, {'offset': 1, 'projected_percent': '-8.6', 'likelihood': -1}, {'offset': 2, 'projected_percent': '0.0', 'likelihood': 0}]",,False,0,1,0.0,0.0,0,Marcus,0.0,386,False,,,45,122074.jpg,0.0,False,Bettinelli,0.0,False,,a,15,43,0,159,24,295,59,0.0,0.0,Bettinelli,,241.0,2025-06-10,1992-05-24,False,p122074,0,0,0,0,0,0,0,0,0,0,0,0,0,0.0,0.0,0.0,0.0,0,0,0,0,0,0.00,0.00,0.00,0.00,,,,,,,[],,347,48,350,30,277,30,364,48,0.0,0.0,0.0,0.0,0.0,0.0,421,30,392,48,392,48,532,60,0.0,0.0,0.0,Man City,GKP,4.5
True,True,,,472769,0,0,0,0,-14.0,-524,"[{'offset': 0, 'projected_percent': '-14.3', 'likelihood': -1}, {'offset': 1, 'projected_percent': '-18.0', 'likelihood': -1}, {'offset': 2, 'projected_percent': '-21.7', 'likelihood': -2}]",,False,0,2,2.0,2.0,2,Nico,2.0,387,False,,,65,472769.jpg,2.0,False,O'Reilly,20.5,False,,a,15,43,4,80214,11430,150352,43022,0.3,0.6,O'Reilly,,241.0,2022-12-16,2005-03-21,False,p472769,150,0,0,0,2,0,0,0,0,0,0,0,16,8.8,30.4,11.0,5.0,1,7,2,3,2,0.09,0.43,0.52,1.21,,,,,,,[],,173,75,27,6,86,28,79,27,0.05,0.0,0.26,0.31,0.73,1.2,43,4,127,47,167,54,15,3,1.2,0.0,1.8,Man City,DEF,6.5
True,True,,,209036,0,0,0,0,54.3,51,"[{'offset': 0, 'projected_percent': '54.4', 'likelihood': 3}, {'offset': 1, 'projected_percent': '55.1', 'likelihood': 3}, {'offset': 2, 'projected_percent': '55.8', 'likelihood': 3}]",,False,0,2,6.0,6.0,2,Marc,6.0,388,False,,,60,209036.jpg,6.0,False,Guéhi,19.5,False,,a,15,43,12,202838,20093,65850,24092,1.0,2.0,Guéhi,,241.0,2026-01-19,2000-07-13,False,p209036,180,1,0,0,2,0,0,0,0,0,0,2,43,43.6,17.5,28.0,8.9,6,8,3,9,2,0.89,0.36,1.25,1.31,,,,,,,[],,18,6,69,22,32,7,23,4,0.44,0.0,0.18,0.62,0.66,1.0,69,6,26,11,57,26,16,4,1.0,0.0,4.5,Man City,DEF,6.0
True,True,75.0,75.0,465351,0,0,0,0,-32.1,-187,"[{'offset': 0, 'projected_percent': '-33.2', 'likelihood': -2}, {'offset': 1, 'projected_percent': '-44.0', 'likelihood': -3}, {'offset': 2, 'projected_percent': '-54.9', 'likelihood': -3}]",,False,0,2,0.4,0.4,0,Matheus,0.5,389,False,Unspecified injury - 75% chance of playing,2026-08-27T11:30:08.171622Z,60,465351.jpg,1.0,False,Nunes,1.3,False,,d,15,43,1,3053,22,25360,7867,0.1,0.2,Matheus N.,Matheus Nunes,173.0,2023-09-01,1998-08-27,False,p465351,33,0,0,0,0,0,0,0,0,0,0,0,4,3.8,1.5,4.0,0.9,1,2,0,1,0,0.00,0.04,0.04,0.10,,,,,4.0,,[],https://www.mancity.com/news/mens/enzo-maresca-crystal-palace-press-conference-injury-news-63923408,229,94,199,63,142,47,238,89,0.0,0.0,0.11,0.11,0.27,0.0,89,10,312,106,304,101,165,67,0.0,0.0,2.73,Man City,DEF,6.0
True,True,,,171314,0,0,0,0,-7.7,-31,"[{'offset': 0, 'projected_percent': '-8.0', 'likelihood': -1}, {'offset': 1, 'projected_percent': '-10.5', 'likelihood': -1}, {'offset': 2, 'projected_percent': '-13.0', 'likelihood': -1}]",,False,0,2,2.0,2.0,2,Rúben,2.0,390,False,,,55,171314.jpg,2.0,False,dos Santos Gato Alves Dias,1.8,False,,a,15,43,4,11350,1492,16279,3722,0.4,0.7,Rúben,Rúben Dias,173.0,2020-09-29,1997-05-14,False,p171314,180,0,0,0,2,0,0,0,0,0,0,0,30,24.4,17.9,2.0,4.4,11,14,1,12,2,0.09,0.71,0.80,1.31,,,,,,,[],,67,29,67,21,175,62,92,31,0.04,0.0,0.36,0.4,0.66,1.0,125,12,120,45,150,52,141,57,1.0,0.0,6.0,Man City,DEF,5.5
True,True,,,477424,0,0,0,0,124.4,2754,"[{'offset': 0, 'projected_percent': '128.2', 'likelihood': 5}, {'offset': 1, 'projected_percent': '166.3', 'likelihood': 5}, {'offset': 2, 'projected_percent': '204.4', 'likelihood': 5}]",,False,0,2,7.0,7.0,5,Joško,7.0,391,False,,,55,477424.jpg,7.0,False,Gvardiol,15.2,False,,a,15,43,14,340074,111656,42977,7620,1.3,2.5,Gvardiol,,97.0,2023-08-05,2002-01-23,False,p477424,164,1,1,0,2,0,0,0,0,0,0,1,46,47.6,13.3,17.0,7.8,6,5,3,9,2,0.19,0.09,0.28,1.31,,,,,,,[],,11,3,97,29,59,17,33,8,0.1,0.0,0.05,0.15,0.72,1.1,182,24,14,7,35,14,28,9,1.1,0.0,4.94,Man City,DEF,5.5
True,True,,,448514,-1,1,-1,1,-13.9,-130,"[{'offset': 0, 'projected_percent': '-15.4', 'likelihood': -1}, {'offset': 1, 'projected_percent': '-30.4', 'likelihood': -2}, {'offset': 2, 'projected_percent': '-45.5', 'likelihood': -3}]",,False,0,2,0.0,0.0,0,Rayan,0.0,392,False,,,54,448514.jpg,0.0,False,Aït-Nouri,0.7,False,,a,15,43,0,2900,284,22446,5667,0.0,0.0,Aït-Nouri,,3.0,2025-06-09,2001-06-06,False,p448514,0,0,0,0,0,0,0,0,0,0,0,0,0,0.0,0.0,0.0,0.0,0,0,0,0,0,0.00,0.00,0.00,0.00,,,,,,,[],,535,200,548,200,516,193,551,200,0.0,0.0,0.0,0.0,0.0,0.0,223,34,559,197,559,197,222,81,0.0,0.0,0.0,Man City,DEF,5.4
True,True,,,578153,0,0,0,0,-28.3,-57,"[{'offset': 0, 'projected_percent': '-28.8', 'likelihood': -2}, {'offset': 1, 'projected_percent': '-33.6', 'likelihood': -2}, {'offset': 2, 'projected_percent': '-38.5', 'likelihood': -2}]",,False,0,2,2.0,2.0,2,Abdukodir,2.0,393,False,,,55,578153.jpg,2.0,False,Khusanov,1.7,False,,a,15,43,4,6990,904,18289,3752,0.4,0.7,Khusanov,,231.0,2025-01-20,2004-02-29,False,p578153,178,0,0,0,2,0,0,0,0,0,0,0,31,17.0,3.4,0.0,2.0,5,9,6,11,2,0.00,0.04,0.04,1.31,,,,,,,[],,101,43,161,48,576,203,180,69,0.0,0.0,0.02,0.02,0.66,1.01,214,31,123,46,159,53,144,58,1.01,0.0,5.56,Man City,DEF,5.5
True,False,0.0,0.0,494307,0,0,0,0,0.0,-2,"[{'offset': 0, 'projected_percent': '0.0', 'likelihood': 0}, {'offset': 1, 'projected_percent': '0.0', 'likelihood': 0}, {'offset': 2, 'projected_percent': '0.0', 'likelihood': 0}]",,False,0,2,0.0,0.0,0,Max,0.0,394,False,Has joined Burnley on loan for the rest of the season,2026-08-18T14:11:56.324656Z,50,494307.jpg,0.0,False,Alleyne,0.0,False,,u,15,43,0,0,0,388,31,0.0,0.0,Alleyne,,241.0,2022-12-16,2005-07-21,False,p494307,0,0,0,0,0,0,0,0,0,0,0,0,0,0.0,0.0,0.0,0.0,0,0,0,0,0,0.00,0.00,0.00,0.00,,,,,,,[],,509,196,521,196,478,187,525,196,0.0,0.0,0.0,0.0,0.0,0.0,342,69,538,193,538,193,598,203,0.0,0.0,0.0,Man City,DEF,5.0
True,True,,,477064,0,0,0,0,0.1,-24,"[{'offset': 0, 'projected_percent': '0.1', 'likelihood': 1}, {'offset': 1, 'projected_percent': '-9.8', 'likelihood': -1}, {'offset': 2, 'projected_percent': '-24.1', 'likelihood': -2}]",,False,0,2,0.5,0.5,0,Rico,0.5,395,False,,,45,477064.jpg,1.0,False,Lewis,0.2,False,,a,15,43,1,3862,242,3693,1170,0.1,0.2,Lewis,,241.0,2022-07-16,2004-11-21,False,p477064,56,0,0,0,1,0,0,0,0,0,0,0,-1,3.8,3.8,39.0,4.7,2,0,0,2,1,0.17,0.02,0.19,0.55,,,,,,,[],,227,93,156,47,17,3,83,29,0.27,0.0,0.03,0.3,0.88,1.61,483,129,240,88,222,84,316,119,1.61,0.0,3.21,Man City,DEF,4.5
True,True,,,616222,0,0,0,0,-33.3,2,"[{'offset': 0, 'projected_percent': '-32.0', 'likelihood': -2}, {'offset': 1, 'projected_percent': '-18.9', 'likelihood': -1}, {'offset': 2, 'projected_percent': '-5.8', 'likelihood': -1}]",,False,0,2,0.5,0.5,1,Vitor,0.5,396,False,,,45,616222.jpg,1.0,False,de Oliveira Nunes dos Reis,0.0,False,,a,15,43,1,118,16,291,51,0.1,0.2,Vitor Reis,Vitor Reis,30.0,2025-01-21,2006-01-12,False,p616222,1,0,0,0,0,0,0,0,0,0,0,0,3,0.0,0.0,0.0,0.0,0,0,0,0,0,0.00,0.00,0.00,0.00,,,,,,,[],,422,173,428,174,369,157,438,173,0.0,0.0,0.0,0.0,0.0,0.0,536,148,246,92,230,90,546,189,0.0,0.0,0.0,Man City,DEF,4.5
True,True,,,437730,0,0,0,0,-35.4,-790,"[{'offset': 0, 'projected_percent': '-35.9', 'likelihood': -2}, {'offset': 1, 'projected_percent': '-40.8', 'likelihood': -3}, {'offset': 2, 'projected_percent': '-45.7', 'likelihood': -3}]",,False,0,3,3.5,3.5,5,Antoine,3.5,397,False,,,85,437730.jpg,3.5,False,Semenyo,23.2,False,,a,15,43,7,59500,10400,246944,73734,0.4,0.8,Semenyo,,81.0,2026-01-09,2000-01-07,False,p437730,180,0,1,0,2,0,0,0,0,0,0,0,49,5.8,8.9,31.0,4.6,0,6,2,8,2,0.12,0.59,0.71,1.31,,,,,2.0,,[],,205,83,128,75,28,14,88,46,0.06,0.0,0.3,0.36,0.66,1.0,6,4,64,29,91,37,12,6,1.0,0.0,4.0,Man City,MID,8.5
True,True,,,209244,0,0,0,0,-14.6,382,"[{'offset': 0, 'projected_percent': '-13.3', 'likelihood': -1}, {'offset': 1, 'projected_percent': '-0.2', 'likelihood': -1}, {'offset': 2, 'projected_percent': '5.2', 'likelihood': 1}]",,False,1,3,5.0,5.0,9,Phil,5.0,398,False,,,70,209244.jpg,5.0,False,Foden,4.2,False,,a,15,43,10,41131,20984,54741,8220,0.7,1.4,Foden,,241.0,2016-12-05,2000-05-28,False,p209244,171,0,2,0,2,0,0,0,1,0,0,1,53,10.4,49.6,15.0,7.5,2,7,4,13,2,0.99,0.85,1.84,1.31,3.0,,2.0,,,,[],,163,60,5,4,71,39,37,22,0.52,0.0,0.45,0.97,0.69,1.05,24,15,42,19,76,32,82,26,1.05,0.0,6.84,Man City,MID,7.0
True,True,,,466052,1,-1,1,-1,33.7,5077,"[{'offset': 0, 'projected_percent': '36.3', 'likelihood': 2}, {'offset': 1, 'projected_percent': '62.2', 'likelihood': 3}, {'offset': 2, 'projected_percent': '88.2', 'likelihood': 3}]",,False,1,3,11.0,11.0,14,Rayan,11.0,399,True,,,76,466052.jpg,11.0,False,Cherki,15.1,False,,a,15,43,22,576605,373287,45281,3879,1.4,2.9,Cherki,,73.0,2025-06-10,2003-08-17,False,p466052,108,2,2,0,1,0,0,0,1,0,0,4,88,39.2,48.8,4.0,9.2,0,3,0,3,1,0.35,1.05,1.40,0.76,1.0,,1.0,,,,[],,28,15,6,5,146,75,18,14,0.29,0.0,0.88,1.17,0.63,0.83,13,8,1,1,9,6,29,10,0.83,0.0,2.5,Man City,MID,7.6
True,True,0.0,0.0,248875,-1,1,-1,1,-4.5,-150,"[{'offset': 0, 'projected_percent': '-4.9', 'likelihood': -1}, {'offset': 1, 'projected_percent': '-8.7', 'likelihood': -1}, {'offset': 2, 'projected_percent': '-12.6', 'likelihood': -1}]",,False,0,3,0.0,0.0,0,Jérémy,0.0,400,False,Calf injury - Expected back 5 Sep,2026-08-18T17:00:08.385597Z,74,248875.jpg,0.0,False,Doku,1.2,False,,i,15,43,0,597,103,77584,7569,0.0,0.0,Doku,,21.0,2023-08-24,2002-05-27,False,p248875,0,0,0,0,0,0,0,0,0,0,0,0,0,0.0,0.0,0.0,0.0,0,0,0,0,0,0.00,0.00,0.00,0.00,,,,,3.0,,[],https://www.mancity.com/news/mens/enzo-maresca-bournemouth-premier-league-team-news-63922897,619,272,620,273,620,273,620,273,0.0,0.0,0.0,0.0,0.0,0.0,22,13,616,272,616,272,179,53,0.0,0.0,0.0,Man City,MID,7.4
True,False,0.0,0.0,220566,0,0,0,0,0.0,-1,"[{'offset': 0, 'projected_percent': '0.0', 'likelihood': 0}, {'offset': 1, 'projected_percent': '0.0', 'likelihood': 0}, {'offset': 2, 'projected_percent': '0.0', 'likelihood': 0}]",,False,0,3,0.0,0.0,0,Rodrigo 'Rodri',0.0,402,False,Has joined Barcelona permanently,2026-07-23T12:01:23.675537Z,65,220566.jpg,0.0,False,Hernandez Cascante,0.0,False,,u,15,43,0,0,0,866,70,0.0,0.0,Rodrigo,Rodri,200.0,2019-07-04,1996-06-22,False,p220566,0,0,0,0,0,0,0,0,0,0,0,0,0,0.0,0.0,0.0,0.0,0,0,0,0,0,0.00,0.00,0.00,0.00,,,,,,,[],,609,267,611,268,609,266,611,268,0.0,0.0,0.0,0.0,0.0,0.0,36,24,609,268,609,268,570,239,0.0,0.0,0.0,Man City,MID,6.5
True,False,0.0,0.0,433036,0,0,0,0,0.0,-7,"[{'offset': 0, 'projected_percent': '0.0', 'likelihood': 0}, {'offset': 1, 'projected_percent': '0.0', 'likelihood': 0}, {'offset': 2, 'projected_percent': '0.0', 'likelihood': 0}]",,False,0,3,0.0,0.0,0,Tijjani,0.0,404,False,Has joined Al Qadsiah permanently,2026-08-20T14:02:58.154273Z,60,433036.jpg,0.0,False,Reijnders,0.1,False,,u,15,43,0,0,0,6048,424,0.0,0.0,Reijnders,,152.0,2025-06-10,1998-07-29,False,p433036,0,0,0,0,0,0,0,0,0,0,0,0,0,0.0,0.0,0.0,0.0,0,0,0,0,0,0.00,0.00,0.00,0.00,,,,,,,[],,594,257,598,259,591,252,598,259,0.0,0.0,0.0,0.0,0.0,0.0,77,49,600,261,600,261,479,198,0.0,0.0,0.0,Man City,MID,6.0
True,True,,,91651,0,0,0,0,-37.4,-10,"[{'offset': 0, 'projected_percent': '-39.0', 'likelihood': -2}, {'offset': 1, 'projected_percent': '-54.7', 'likelihood': -3}, {'offset': 2, 'projected_percent': '-70.5', 'likelihood': -3}]",,False,0,3,1.0,1.0,1,Mateo,1.0,406,False,,,55,91651.jpg,1.0,False,Kovačić,0.1,False,,a,15,43,2,971,142,1673,384,0.2,0.4,Kovačić,,97.0,2023-06-27,1994-05-06,False,p91651,42,0,0,0,0,0,0,0,0,0,0,0,12,2.2,2.1,0.0,0.4,0,2,0,2,0,0.00,0.02,0.02,0.10,,,,,,,[],,249,113,185,108,521,211,268,124,0.0,0.0,0.04,0.04,0.21,0.0,118,77,193,89,273,128,433,172,0.0,0.0,4.29,Man City,MID,5.5
True,True,,,575204,0,0,0,0,-72.4,-1,"[{'offset': 0, 'projected_percent': '-73.4', 'likelihood': -3}, {'offset': 1, 'projected_percent': '-83.8', 'likelihood': -3}, {'offset': 2, 'projected_percent': '-94.1', 'likelihood': -3}]",,False,0,3,0.0,0.0,0,Claudio,0.0,407,False,,,50,575204.jpg,0.0,False,Echeverri,0.0,False,,a,15,43,0,121,28,374,77,0.0,0.0,Echeverri,,10.0,2024-01-25,2006-01-02,False,p575204,0,0,0,0,0,0,0,0,0,0,0,0,0,0.0,0.0,0.0,0.0,0,0,0,0,0,0.00,0.00,0.00,0.00,,,,,,,[],,526,217,538,225,498,195,542,224,0.0,0.0,0.0,0.0,0.0,0.0,378,224,552,232,552,232,562,233,0.0,0.0,0.0,Man City,MID,5.0
True,False,0.0,0.0,155405,0,0,0,0,0.0,0,"[{'offset': 0, 'projected_percent': '0.0', 'likelihood': 0}, {'offset': 1, 'projected_percent': '0.0', 'likelihood': 0}, {'offset': 2, 'projected_percent': '0.0', 'likelihood': 0}]",,False,0,3,0.0,0.0,0,Kalvin,0.0,408,False,Has joined Sheffield United on loan for the rest of the season,2026-08-18T14:11:56.348781Z,50,155405.jpg,0.0,False,Phillips,0.0,False,,u,15,43,0,0,0,333,28,0.0,0.0,Phillips,,241.0,2022-07-04,1995-12-02,False,p155405,0,0,0,0,0,0,0,0,0,0,0,0,0,0.0,0.0,0.0,0.0,0,0,0,0,0,0.00,0.00,0.00,0.00,,,,,,,[],,449,171,457,181,397,140,465,178,0.0,0.0,0.0,0.0,0.0,0.0,245,148,485,196,485,196,597,255,0.0,0.0,0.0,Man City,MID,5.0
True,True,,,590039,0,0,0,0,-52.6,-7,"[{'offset': 0, 'projected_percent': '-53.1', 'likelihood': -3}, {'offset': 1, 'projected_percent': '-58.6', 'likelihood': -3}, {'offset': 2, 'projected_percent': '-64.0', 'likelihood': -3}]",,False,0,3,0.0,0.0,0,Divine,0.0,409,False,,,45,590039.jpg,0.0,False,Mukasa,0.2,False,,a,15,43,0,1041,114,3093,607,0.0,0.0,Mukasa,,241.0,2025-08-07,2007-08-22,False,p590039,0,0,0,0,0,0,0,0,0,0,0,0,0,0.0,0.0,0.0,0.0,0,0,0,0,0,0.00,0.00,0.00,0.00,,,,,,,[],,414,152,420,162,360,120,430,159,0.0,0.0,0.0,0.0,0.0,0.0,526,264,454,179,454,179,360,135,0.0,0.0,0.0,Man City,MID,4.5
True,True,,,649208,0,0,0,0,-78.1,-2,"[{'offset': 0, 'projected_percent': '-80.1', 'likelihood': -3}, {'offset': 1, 'projected_percent': '-100.4', 'likelihood': -5}, {'offset': 2, 'projected_percent': '-120.6', 'likelihood': -5}]",,False,0,3,0.0,0.0,0,Jeremy,0.0,410,False,,,50,649208.jpg,0.0,False,Monga,0.0,False,,a,15,43,0,97,21,352,69,0.0,0.0,Monga,,241.0,2026-07-11,2009-07-10,False,p649208,0,0,0,0,0,0,0,0,0,0,0,0,0,0.0,0.0,0.0,0.0,0,0,0,0,0,0.00,0.00,0.00,0.00,,,,,,,[],,531,220,544,229,509,203,547,227,0.0,0.0,0.0,0.0,0.0,0.0,393,235,556,234,556,234,569,238,0.0,0.0,0.0,Man City,MID,5.0
True,True,,,223094,0,0,0,0,3.6,991,"[{'offset': 0, 'projected_percent': '5.0', 'likelihood': 1}, {'offset': 1, 'projected_percent': '18.7', 'likelihood': 1}, {'offset': 2, 'projected_percent': '32.4', 'likelihood': 2}]",,False,1,4,7.5,7.5,13,Erling,7.5,411,True,,,155,223094.jpg,7.5,False,Haaland,68.7,False,,a,15,43,15,135645,66040,106844,2992,0.5,1.0,Haaland,,161.0,2022-07-01,2000-07-21,False,p223094,180,2,0,0,2,0,0,0,0,0,0,3,66,3.8,5.2,50.0,5.9,3,5,0,8,2,1.40,0.02,1.42,1.31,,,,,1.0,,[],,230,16,145,17,7,3,55,9,0.7,0.0,0.01,0.71,0.66,1.0,1,1,12,1,30,3,1,1,1.0,0.0,4.0,Man City,FWD,15.5
True,True,100.0,100.0,215379,0,0,-1,1,-17.5,-345,"[{'offset': 0, 'projected_percent': '-18.3', 'likelihood': -1}, {'offset': 1, 'projected_percent': '-26.8', 'likelihood': -2}, {'offset': 2, 'projected_percent': '-35.3', 'likelihood': -2}]",,False,0,3,2.5,2.5,3,Elliot,2.5,481,False,,2026-08-23T17:00:07.952697Z,64,215379.jpg,2.5,False,Anderson,5.9,False,,a,15,43,5,14449,4213,174452,21147,0.4,0.8,Anderson,,241.0,2026-07-02,2002-11-06,False,p215379,143,0,0,0,2,0,0,0,1,0,0,0,39,7.2,20.8,0.0,2.8,5,8,7,20,2,0.07,0.47,0.54,1.21,2.0,,,,,,[],,187,74,62,40,604,261,142,64,0.04,0.0,0.3,0.34,0.76,1.26,51,35,111,51,125,58,64,21,1.26,0.0,12.59,Man City,MID,6.4
True,True,,,106921,0,0,0,0,-18.0,-4,"[{'offset': 0, 'projected_percent': '-20.5', 'likelihood': -2}, {'offset': 1, 'projected_percent': '-45.4', 'likelihood': -3}, {'offset': 2, 'projected_percent': '-70.2', 'likelihood': -3}]",,False,0,1,0.0,0.0,0,Gerónimo,0.0,587,False,,,50,106921.jpg,0.0,False,Rulli,0.0,False,,a,15,43,0,113,19,285,61,0.0,0.0,Rulli,,10.0,2026-08-12,1992-05-20,False,p106921,0,0,0,0,0,0,0,0,0,0,0,0,0,0.0,0.0,0.0,0.0,0,0,0,0,0,0.00,0.00,0.00,0.00,,,,,,,[],,441,63,448,52,389,52,457,63,0.0,0.0,0.0,0.0,0.0,0.0,236,8,479,63,479,63,551,63,0.0,0.0,0.0,Man City,GKP,5.0
True,True,,,637238,0,0,0,0,0.0,0,"[{'offset': 0, 'projected_percent': '0.0', 'likelihood': 0}, {'offset': 1, 'projected_percent': '0.0', 'likelihood': 0}, {'offset': 2, 'projected_percent': '0.0', 'likelihood': 0}]",2026-09-09T14:56:53.434190Z,False,0,3,2.0,2.0,1,Ayyoub,1.0,616,False,,,55,637238.jpg,1.0,False,Bouaddi,0.1,False,,a,15,43,1,5383,2328,768,419,0.2,0.2,Bouaddi,,145.0,2026-08-26,2007-10-02,False,p637238,8,0,0,0,0,0,0,0,0,0,0,0,3,0.0,0.0,0.0,0.0,1,0,0,1,0,0.00,0.12,0.12,0.00,,,,,,,[],,578,249,588,254,579,246,590,254,0.0,0.0,1.35,1.35,0.0,0.0,219,138,206,100,293,141,457,183,0.0,0.0,11.25,Man City,MID,5.5
True,True,,,616288,0,0,0,0,0.0,0,"[{'offset': 0, 'projected_percent': '0.0', 'likelihood': 0}, {'offset': 1, 'projected_percent': '0.0', 'likelihood': 0}, {'offset': 2, 'projected_percent': '0.0', 'likelihood': 0}]",2026-09-10T21:22:22.867343Z,False,0,3,1.0,1.0,1,Ryan,1.0,621,False,,,45,616288.jpg,1.0,False,McAidoo,0.0,False,,a,15,43,1,782,782,103,103,0.2,0.2,McAidoo,,241.0,2025-09-26,2008-06-24,False,p616288,8,0,0,0,0,0,0,0,0,0,0,0,3,0.0,0.0,0.0,0.0,0,0,0,0,0,0.10,0.00,0.10,0.00,,,,,,,[],,423,156,429,166,370,125,439,163,1.12,0.0,0.0,1.12,0.0,0.0,537,269,178,77,231,100,573,241,0.0,0.0,0.0,Man City,MID,4.5
True,True,,,554054,0,0,0,0,0.0,0,"[{'offset': 0, 'projected_percent': '0.0', 'likelihood': 0}, {'offset': 1, 'projected_percent': '0.0', 'likelihood': 0}, {'offset': 2, 'projected_percent': '0.0', 'likelihood': 0}]",2026-09-10T21:22:36.261131Z,False,0,2,1.0,1.0,1,Kaden,1.0,622,False,,,40,554054.jpg,1.0,False,Braithwaite,0.0,False,,a,15,43,1,663,663,98,98,0.2,0.2,Braithwaite,,241.0,2024-09-23,2008-02-08,False,p554054,1,0,0,0,0,0,0,0,0,0,0,0,3,0.0,0.0,0.0,0.0,0,1,0,0,0,0.00,0.00,0.00,0.00,,,,,,,[],,324,127,324,129,246,98,341,128,0.0,0.0,0.0,0.0,0.0,0.0,608,193,166,61,201,65,574,198,0.0,0.0,0.0,Man City,DEF,4.0
True,True,100.0,100.0,166989,0,0,0,0,-55.4,-76,"[{'offset': 0, 'projected_percent': '-55.9', 'likelihood': -3}, {'offset': 1, 'projected_percent': '-60.6', 'likelihood': -3}, {'offset': 2, 'projected_percent': '-65.3', 'likelihood': -3}]",,False,0,3,1.0,1.0,0,Youri,1.0,43,False,,2026-07-23T12:01:23.321726Z,60,166989.jpg,2.0,False,Tielemans,2.3,False,,a,16,1,2,14541,1910,41193,5489,0.2,0.3,Tielemans,,21.0,2026-07-14,1997-05-07,False,p166989,66,0,0,0,2,0,0,0,0,0,0,0,13,5.0,11.3,4.0,2.0,0,5,0,5,1,0.04,0.11,0.15,0.94,,,,,3.0,,[],,214,90,117,69,139,69,182,82,0.05,0.0,0.15,0.2,1.28,2.73,63,42,208,101,160,82,122,38,1.36,0.0,6.82,Man Utd,MID,6.0
True,True,0.0,0.0,535301,0,0,0,0,-27.5,-17,"[{'offset': 0, 'projected_percent': '-28.0', 'likelihood': -2}, {'offset': 1, 'projected_percent': '-33.1', 'likelihood': -2}, {'offset': 2, 'projected_percent': '-38.1', 'likelihood': -2}]",,False,0,3,0.0,0.0,0,Carlos,0.0,131,False,Ankle injury - Expected back 19 Sep,2026-08-06T16:00:10.997714Z,50,535301.jpg,0.0,False,Baleba,0.2,False,,i,16,1,0,2674,350,5314,893,0.0,0.0,Baleba,,38.0,2026-08-25,2004-01-03,False,p535301,0,0,0,0,0,0,0,0,0,0,0,0,0,0.0,0.0,0.0,0.0,0,0,0,0,0,0.00,0.00,0.00,0.00,,,,,,,[],,515,208,528,217,486,185,531,215,0.0,0.0,0.0,0.0,0.0,0.0,363,212,543,225,543,225,358,133,0.0,0.0,0.0,Man Utd,MID,5.0
True,True,,,532605,0,0,0,0,-38.2,-39,"[{'offset': 0, 'projected_percent': '-38.8', 'likelihood': -2}, {'offset': 1, 'projected_percent': '-44.6', 'likelihood': -3}, {'offset': 2, 'projected_percent': '-50.4', 'likelihood': -3}]",,False,0,3,1.0,1.0,0,Andrey,1.0,162,False,,,50,532605.jpg,2.0,False,Nascimento dos Santos,1.0,False,,a,16,1,2,8940,1484,17552,2403,0.2,0.4,Andrey Santos,Andrey Santos,30.0,2026-07-13,2004-05-03,False,p532605,66,0,0,0,2,0,0,0,0,0,0,0,17,11.4,4.2,2.0,1.8,3,5,1,9,1,0.00,0.23,0.23,0.94,,,,,,,[],,151,51,151,89,174,86,191,85,0.0,0.0,0.31,0.31,1.28,2.73,362,211,189,85,143,68,196,63,1.36,0.0,12.27,Man Utd,MID,5.0
True,True,100.0,100.0,59735,0,0,0,0,-0.5,1,"[{'offset': 0, 'projected_percent': '-0.0', 'likelihood': 0}, {'offset': 1, 'projected_percent': '0.0', 'likelihood': 0}, {'offset': 2, 'projected_percent': '0.0', 'likelihood': 0}]",,False,0,1,0.0,0.0,0,Karl,0.0,325,False,,2026-07-23T12:01:23.549136Z,45,59735.jpg,0.0,False,Darlow,0.0,False,,a,16,1,0,296,54,317,60,0.0,0.0,Darlow,,244.0,2026-06-14,1990-10-08,False,p59735,0,0,0,0,0,0,0,0,0,0,0,0,0,0.0,0.0,0.0,0.0,0,0,0,0,0,0.00,0.00,0.00,0.00,,,,,,,[],,338,42,339,22,264,22,355,42,0.0,0.0,0.0,0.0,0.0,0.0,406,22,383,42,383,42,507,54,0.0,0.0,0.0,Man Utd,GKP,4.5
True,True,,,465247,0,0,0,0,-14.1,-150,"[{'offset': 0, 'projected_percent': '-14.2', 'likelihood': -1}, {'offset': 1, 'projected_percent': '-15.6', 'likelihood': -1}, {'offset': 2, 'projected_percent': '-17.0', 'likelihood': -1}]",,False,0,1,0.5,0.5,0,Senne,0.5,412,False,,,50,465247.jpg,1.0,False,Lammens,15.3,False,,a,16,1,1,38378,3664,104636,16026,0.1,0.2,Lammens,,21.0,2025-09-01,2002-07-07,False,p465247,90,0,0,0,2,0,0,0,0,0,2,0,7,20.2,0.0,0.0,2.0,2,8,0,0,1,0.00,0.00,0.00,1.01,,,,,,,[],,82,12,505,62,459,62,178,12,0.0,2.0,0.0,0.0,1.01,2.0,319,18,260,19,245,18,27,5,1.0,0.0,0.0,Man Utd,GKP,5.0
True,False,0.0,0.0,451302,0,0,0,0,0.0,0,"[{'offset': 0, 'projected_percent': '0.0', 'likelihood': 0}, {'offset': 1, 'projected_percent': '0.0', 'likelihood': 0}, {'offset': 2, 'projected_percent': '0.0', 'likelihood': 0}]",,False,0,1,0.0,0.0,0,Altay,0.0,413,False,Has joined Celta Vigo on loan for the rest of the season,2026-08-10T14:02:28.608415Z,45,451302.jpg,0.0,False,Bayındır,0.0,False,,u,16,1,0,0,0,642,54,0.0,0.0,Bayindir,,219.0,2023-09-01,1998-04-14,False,p451302,0,0,0,0,0,0,0,0,0,0,0,0,0,0.0,0.0,0.0,0.0,0,0,0,0,0,0.00,0.00,0.00,0.00,,,,,,,[],,375,55,379,38,313,38,392,55,0.0,0.0,0.0,0.0,0.0,0.0,472,38,419,55,419,55,558,64,0.0,0.0,0.0,Man Utd,GKP,4.5
True,True,0.0,0.0,21205,0,0,0,0,-17.4,-4,"[{'offset': 0, 'projected_percent': '-17.7', 'likelihood': -1}, {'offset': 1, 'projected_percent': '-20.0', 'likelihood': -2}, {'offset': 2, 'projected_percent': '-22.4', 'likelihood': -2}]",,False,0,1,0.0,0.0,0,Tom,0.0,414,False,Hamstring injury - Unknown return date,2026-08-15T16:00:07.854151Z,40,21205.jpg,0.0,False,Heaton,0.1,False,,i,16,1,0,278,63,1158,153,0.0,0.0,Heaton,,241.0,2021-07-02,1986-04-15,False,p21205,0,0,0,0,0,0,0,0,0,0,0,0,0,0.0,0.0,0.0,0.0,0,0,0,0,0,0.00,0.00,0.00,0.00,,,,,,,[],,280,21,277,1,195,1,296,21,0.0,0.0,0.0,0.0,0.0,0.0,548,49,326,21,326,21,432,48,0.0,0.0,0.0,Man Utd,GKP,4.0
True,True,,,596777,-1,1,-1,1,-4.1,-48,"[{'offset': 0, 'projected_percent': '-4.5', 'likelihood': -1}, {'offset': 1, 'projected_percent': '-8.3', 'likelihood': -1}, {'offset': 2, 'projected_percent': '-12.1', 'likelihood': -1}]",,False,0,3,0.0,0.0,0,Patrick,0.0,415,False,,,59,596777.jpg,0.0,False,Dorgu,1.1,False,,a,16,1,0,5555,747,32154,3493,0.0,0.0,Dorgu,,58.0,2025-02-02,2004-10-26,False,p596777,45,0,0,0,2,0,0,0,1,0,0,0,-11,0.0,1.2,16.0,0.7,1,0,0,1,1,0.47,0.03,0.50,0.92,,,,,,,[],,584,253,217,122,65,35,249,112,0.94,0.0,0.06,1.0,1.84,4.0,112,73,596,259,596,259,188,60,2.0,0.0,2.0,Man Utd,MID,5.9
True,True,0.0,0.0,209365,0,0,0,0,-34.9,-1,"[{'offset': 0, 'projected_percent': '-35.2', 'likelihood': -2}, {'offset': 1, 'projected_percent': '-37.6', 'likelihood': -2}, {'offset': 2, 'projected_percent': '-40.0', 'likelihood': -3}]",,False,0,2,0.0,0.0,0,Matthijs,0.0,416,False,Back injury - Unknown return date,2026-07-23T12:01:23.690880Z,50,209365.jpg,0.0,False,de Ligt,0.0,False,,i,16,1,0,140,23,597,99,0.0,0.0,De Ligt,,152.0,2024-08-13,1999-08-12,False,p209365,0,0,0,0,0,0,0,0,0,0,0,0,0,0.0,0.0,0.0,0.0,0,0,0,0,0,0.00,0.00,0.00,0.00,,,,,,,[],https://www.manutd.com/en/news/team-news-for-man-utd-hull-opener-aug-2026,460,183,468,183,413,167,476,183,0.0,0.0,0.0,0.0,0.0,0.0,265,43,493,179,493,179,541,188,0.0,0.0,0.0,Man Utd,DEF,5.0
True,True,,,216051,0,0,0,0,-52.0,-59,"[{'offset': 0, 'projected_percent': '-52.3', 'likelihood': -3}, {'offset': 1, 'projected_percent': '-55.8', 'likelihood': -3}, {'offset': 2, 'projected_percent': '-59.3', 'likelihood': -3}]",,False,0,2,0.5,0.5,0,Diogo,0.5,417,False,,,50,216051.jpg,1.0,False,Dalot Teixeira,2.4,False,,a,16,1,1,9030,840,37251,3619,0.1,0.2,Dalot,Diogo Dalot,173.0,2018-06-08,1999-03-18,False,p216051,10,0,0,0,0,0,0,0,0,0,0,0,6,7.6,11.3,0.0,1.9,1,1,2,3,0,0.00,0.00,0.00,0.00,,,,,,,[],,181,79,115,34,418,169,183,71,0.0,0.0,0.0,0.0,0.0,0.0,273,46,255,97,241,95,119,46,0.0,0.0,27.0,Man Utd,DEF,5.0
True,True,,,95658,0,0,0,0,-18.3,-471,"[{'offset': 0, 'projected_percent': '-18.7', 'likelihood': -1}, {'offset': 1, 'projected_percent': '-22.8', 'likelihood': -2}, {'offset': 2, 'projected_percent': '-26.9', 'likelihood': -2}]",,False,0,2,0.5,0.5,0,Harry,0.5,418,False,,,50,95658.jpg,1.0,False,Maguire,16.6,False,,a,16,1,1,57143,4190,138905,32594,0.1,0.2,Maguire,,241.0,2019-08-05,1993-03-05,False,p95658,90,0,0,0,2,0,0,0,0,0,0,0,15,25.4,28.6,19.0,7.3,4,5,0,4,1,0.04,0.40,0.44,1.01,,,,,,,[],,64,26,30,8,47,12,40,10,0.04,0.0,0.4,0.44,1.01,2.0,232,36,247,93,232,91,22,8,1.0,0.0,4.0,Man Utd,DEF,5.0
True,True,100.0,100.0,221820,0,0,0,0,-51.2,-6,"[{'offset': 0, 'projected_percent': '-51.2', 'likelihood': -3}, {'offset': 1, 'projected_percent': '-51.9', 'likelihood': -3}, {'offset': 2, 'projected_percent': '-52.5', 'likelihood': -3}]",,False,0,2,0.0,0.0,0,Lisandro,0.0,419,False,,2026-07-24T20:00:10.337107Z,50,221820.jpg,0.0,False,Martínez,1.3,False,,a,16,1,0,7560,785,21459,1884,0.0,0.0,Martinez,Lisandro Martínez,10.0,2022-07-17,1998-01-18,False,p221820,0,0,0,0,0,0,0,0,0,0,0,0,0,0.0,0.0,0.0,0.0,0,0,0,0,0,0.00,0.00,0.00,0.00,,,,,,,[],,467,186,476,186,424,172,483,186,0.0,0.0,0.0,0.0,0.0,0.0,280,49,499,181,499,181,171,70,0.0,0.0,0.0,Man Utd,DEF,5.0
True,True,,,550864,0,0,0,0,-78.1,-25,"[{'offset': 0, 'projected_percent': '-78.6', 'likelihood': -3}, {'offset': 1, 'projected_percent': '-84.3', 'likelihood': -3}, {'offset': 2, 'projected_percent': '-89.9', 'likelihood': -3}]",,False,0,2,0.0,0.0,0,Leny,0.0,420,False,,,50,550864.jpg,0.0,False,Yoro,0.6,False,,a,16,1,0,1758,222,11839,1095,0.0,0.0,Yoro,,73.0,2024-07-19,2005-11-13,False,p550864,0,0,0,0,0,0,0,0,0,0,0,0,0,0.0,0.0,0.0,0.0,0,0,0,0,0,0.00,0.00,0.00,0.00,,,,,,,[],,521,198,534,198,493,189,537,198,0.0,0.0,0.0,0.0,0.0,0.0,372,73,549,195,549,195,236,89,0.0,0.0,0.0,Man Utd,DEF,5.0
True,True,,,606745,0,0,0,0,-13.3,-2,"[{'offset': 0, 'projected_percent': '-13.3', 'likelihood': -1}, {'offset': 1, 'projected_percent': '-13.9', 'likelihood': -1}, {'offset': 2, 'projected_percent': '-14.5', 'likelihood': -1}]",,False,0,2,0.5,0.5,0,Ayden,0.5,421,False,,,45,606745.jpg,1.0,False,Heaven,0.4,False,,a,16,1,1,3405,317,4742,551,0.1,0.2,Heaven,,241.0,2025-02-01,2006-09-22,False,p606745,90,0,0,0,2,0,0,0,0,0,0,0,5,6.8,2.6,11.0,2.0,1,4,1,2,1,0.12,0.04,0.16,1.01,,,,,,,[],,191,85,168,50,83,27,177,68,0.12,0.0,0.04,0.16,1.01,2.0,532,146,244,91,228,89,275,105,1.0,0.0,2.0,Man Utd,DEF,4.5
True,True,,,230001,0,0,0,0,0.1,-14,"[{'offset': 0, 'projected_percent': '0.1', 'likelihood': 1}, {'offset': 1, 'projected_percent': '-1.4', 'likelihood': -1}, {'offset': 2, 'projected_percent': '-4.2', 'likelihood': -1}]",,False,0,2,0.5,0.5,0,Noussair,0.5,422,False,,,45,230001.jpg,1.0,False,Mazraoui,0.7,False,,a,16,1,1,6489,635,6958,866,0.1,0.2,Mazraoui,,145.0,2024-08-13,1997-11-14,False,p230001,79,0,0,0,2,0,0,0,0,0,0,0,8,17.4,29.4,9.0,5.6,4,3,1,5,1,0.22,0.05,0.27,1.01,,,,,,,[],,99,42,28,7,89,30,61,19,0.25,0.0,0.06,0.31,1.15,2.28,452,110,232,81,214,77,226,84,1.14,0.0,5.7,Man Utd,DEF,4.5
True,True,,,106760,0,0,0,0,-18.4,-438,"[{'offset': 0, 'projected_percent': '-18.7', 'likelihood': -1}, {'offset': 1, 'projected_percent': '-22.0', 'likelihood': -2}, {'offset': 2, 'projected_percent': '-25.3', 'likelihood': -2}]",,False,0,2,0.5,0.5,0,Luke,0.5,423,False,,,45,106760.jpg,1.0,False,Shaw,19.2,False,,a,16,1,1,46803,3876,140669,23580,0.1,0.2,Shaw,,241.0,2014-07-01,1995-07-12,False,p106760,90,0,0,0,2,0,0,0,0,0,0,0,13,25.2,59.2,6.0,9.0,3,3,1,4,1,0.00,0.26,0.26,1.01,3.0,,,,,,[],,65,27,1,1,113,32,20,2,0.0,0.0,0.26,0.26,1.01,2.0,415,85,227,76,208,71,18,6,1.0,0.0,4.0,Man Utd,DEF,4.5
True,True,,,577974,0,0,0,0,-21.9,5,"[{'offset': 0, 'projected_percent': '-21.5', 'likelihood': -2}, {'offset': 1, 'projected_percent': '-17.8', 'likelihood': -1}, {'offset': 2, 'projected_percent': '-14.1', 'likelihood': -1}]",,False,0,2,0.0,0.0,0,Harry,0.0,424,False,,,40,577974.jpg,0.0,False,Amass,0.2,False,,a,16,1,0,1073,185,2237,256,0.0,0.0,Amass,,241.0,2024-04-06,2007-03-16,False,p577974,0,0,0,0,0,0,0,0,0,0,0,0,0,0.0,0.0,0.0,0.0,0,0,0,0,0,0.00,0.00,0.00,0.00,,,,,,,[],,328,131,328,133,251,103,345,132,0.0,0.0,0.0,0.0,0.0,0.0,613,198,373,134,373,134,343,129,0.0,0.0,0.0,Man Utd,DEF,4.0
True,False,0.0,0.0,547676,0,0,0,0,0.0,-1,"[{'offset': 0, 'projected_percent': '0.0', 'likelihood': 0}, {'offset': 1, 'projected_percent': '0.0', 'likelihood': 0}, {'offset': 2, 'projected_percent': '0.0', 'likelihood': 0}]",,False,0,2,0.0,0.0,0,Tyler,0.0,425,False,Has joined Lausanne-Sport permanently,2026-08-18T14:12:31.904433Z,40,547676.jpg,0.0,False,Fredricson,0.0,False,,u,16,1,0,0,0,752,72,0.0,0.0,Fredricson,,241.0,2022-09-07,2005-02-23,False,p547676,0,0,0,0,0,0,0,0,0,0,0,0,0,0.0,0.0,0.0,0.0,0,0,0,0,0,0.00,0.00,0.00,0.00,,,,,,,[],,320,123,320,125,242,94,337,124,0.0,0.0,0.0,0.0,0.0,0.0,604,189,366,127,366,127,556,194,0.0,0.0,0.0,Man Utd,DEF,4.0
True,True,,,141746,0,0,0,0,-24.1,-1224,"[{'offset': 0, 'projected_percent': '-24.5', 'likelihood': -2}, {'offset': 1, 'projected_percent': '-28.2', 'likelihood': -2}, {'offset': 2, 'projected_percent': '-32.0', 'likelihood': -2}]",,False,0,3,1.0,1.0,0,Bruno,1.0,426,False,,,120,141746.jpg,2.0,False,Borges Fernandes,46.8,False,,a,16,1,2,51938,3420,323383,94803,0.1,0.2,B.Fernandes,Bruno Fernandes,173.0,2020-01-30,1994-09-08,False,p141746,90,0,0,0,2,0,0,0,0,0,0,0,18,20.2,55.4,17.0,9.3,1,5,0,6,1,0.08,0.26,0.34,1.01,1.0,,1.0,,1.0,,[],,83,28,3,2,63,33,17,13,0.08,0.0,0.26,0.34,1.01,2.0,2,1,219,108,172,89,3,1,1.0,0.0,6.0,Man Utd,MID,12.0
True,True,,,446008,0,0,0,0,-34.8,-1530,"[{'offset': 0, 'projected_percent': '-35.4', 'likelihood': -2}, {'offset': 1, 'projected_percent': '-41.9', 'likelihood': -3}, {'offset': 2, 'projected_percent': '-48.3', 'likelihood': -3}]",,False,0,3,1.0,1.0,0,Bryan,1.0,427,False,,,80,446008.jpg,2.0,False,Mbeumo,34.2,False,,a,16,1,2,88394,6169,341582,121394,0.1,0.2,Mbeumo,,38.0,2025-07-21,1999-08-07,False,p446008,90,0,0,0,2,0,0,0,0,0,0,0,12,9.6,28.1,49.0,8.7,0,4,0,4,1,0.50,0.23,0.73,1.01,2.0,,2.0,,2.0,,[],,168,65,34,26,8,5,25,16,0.5,0.0,0.23,0.73,1.01,2.0,9,6,218,107,171,88,7,3,1.0,0.0,4.0,Man Utd,MID,8.0
True,True,,,430871,0,0,0,0,-45.8,-405,"[{'offset': 0, 'projected_percent': '-46.4', 'likelihood': -3}, {'offset': 1, 'projected_percent': '-52.9', 'likelihood': -3}, {'offset': 2, 'projected_percent': '-59.3', 'likelihood': -3}]",,False,0,3,1.0,1.0,0,Matheus,1.0,428,False,,,80,430871.jpg,2.0,False,Santos Carneiro da Cunha,9.1,False,,a,16,1,2,28787,1933,117467,24510,0.1,0.2,Cunha,Matheus Cunha,30.0,2025-06-01,1999-05-27,False,p430871,79,0,0,0,2,0,0,0,0,0,0,0,14,5.4,28.2,35.0,6.9,0,3,0,3,1,0.24,0.21,0.45,1.01,,,,,,,[],,207,85,33,25,22,10,46,28,0.27,0.0,0.24,0.51,1.15,2.28,8,5,217,106,170,87,44,17,1.14,0.0,3.42,Man Utd,MID,8.0
True,True,,,176297,0,0,0,0,-28.0,-69,"[{'offset': 0, 'projected_percent': '-28.6', 'likelihood': -2}, {'offset': 1, 'projected_percent': '-34.7', 'likelihood': -2}, {'offset': 2, 'projected_percent': '-40.7', 'likelihood': -3}]",,False,0,3,0.5,0.5,0,Marcus,0.5,429,False,,,70,176297.jpg,1.0,False,Rashford,1.6,False,,a,16,1,1,16235,1171,26356,4278,0.1,0.1,Rashford,,241.0,2015-07-01,1997-10-31,False,p176297,45,0,0,0,0,0,0,0,0,0,0,0,9,11.6,48.6,4.0,6.4,0,1,0,1,0,0.00,0.10,0.10,0.09,,,,,,,[],,149,50,7,6,145,74,49,30,0.0,0.0,0.2,0.2,0.18,0.0,23,14,323,160,315,157,148,43,0.0,0.0,2.0,Man Utd,MID,7.0
True,True,75.0,75.0,184341,0,0,0,0,-51.9,0,"[{'offset': 0, 'projected_percent': '-51.9', 'likelihood': -3}, {'offset': 1, 'projected_percent': '-51.9', 'likelihood': -3}, {'offset': 2, 'projected_percent': '-51.9', 'likelihood': -3}]",,False,0,3,0.0,0.0,0,Mason,0.0,430,False,Foot injury - 75% chance of playing,2026-08-15T16:00:07.879135Z,55,184341.jpg,0.0,False,Mount,0.0,False,,d,16,1,0,42,7,772,77,0.0,0.0,Mount,,241.0,2023-07-05,1999-01-10,False,p184341,0,0,0,0,0,0,0,0,0,0,0,0,0,0.0,0.0,0.0,0.0,0,0,0,0,0,0.00,0.00,0.00,0.00,,,3.0,,,,[],https://www.manutd.com/en/news/team-news-for-ipswich-visit-30-august,544,225,559,234,531,214,560,232,0.0,0.0,0.0,0.0,0.0,0.0,131,81,568,238,568,238,535,220,0.0,0.0,0.0,Man Utd,MID,5.5
True,True,0.0,0.0,493250,0,0,-1,1,-32.3,-184,"[{'offset': 0, 'projected_percent': '-33.4', 'likelihood': -2}, {'offset': 1, 'projected_percent': '-44.6', 'likelihood': -3}, {'offset': 2, 'projected_percent': '-55.8', 'likelihood': -3}]",,False,0,3,0.0,0.0,0,Amad,0.0,431,False,Unspecified injury - Unknown return date,2026-08-22T11:00:08.617283Z,59,493250.jpg,0.0,False,Diallo,0.9,False,,i,16,1,0,1634,58,67978,8519,0.0,0.0,Amad,,54.0,2021-01-07,2002-07-11,False,p493250,0,0,0,0,0,0,0,0,0,0,0,0,0,0.0,0.0,0.0,0.0,0,0,0,0,0,0.00,0.00,0.00,0.00,4.0,,,,,,[],https://www.manutd.com/en/news/team-news-for-ipswich-visit-30-august,582,251,591,256,582,248,593,256,0.0,0.0,0.0,0.0,0.0,0.0,110,71,594,257,594,257,208,69,0.0,0.0,0.0,Man Utd,MID,5.9
True,True,,,516895,0,0,0,0,-59.3,-32,"[{'offset': 0, 'projected_percent': '-59.8', 'likelihood': -3}, {'offset': 1, 'projected_percent': '-64.8', 'likelihood': -3}, {'offset': 2, 'projected_percent': '-69.7', 'likelihood': -3}]",,False,0,3,0.5,0.5,0,Kobbie,0.5,432,False,,,55,516895.jpg,1.0,False,Mainoo,0.9,False,,a,16,1,1,4234,774,15638,1945,0.1,0.2,Mainoo,,241.0,2022-10-15,2005-04-19,False,p516895,23,0,0,0,0,0,0,0,0,0,0,0,7,2.8,2.5,2.0,0.7,0,1,0,1,0,0.07,0.01,0.08,0.07,,,,,,,[],,239,108,170,100,178,88,247,110,0.27,0.0,0.04,0.31,0.27,0.0,198,125,297,140,287,135,200,66,0.0,0.0,3.91,Man Utd,MID,5.5
True,True,0.0,0.0,232112,0,0,0,0,-35.4,0,"[{'offset': 0, 'projected_percent': '-35.4', 'likelihood': -2}, {'offset': 1, 'projected_percent': '-35.4', 'likelihood': -2}, {'offset': 2, 'projected_percent': '-35.4', 'likelihood': -2}]",,False,0,3,0.0,0.0,0,Manuel,0.0,433,False,Knee injury - Unknown return date,2026-07-23T12:01:23.706702Z,50,232112.jpg,0.0,False,Ugarte Ribeiro,0.0,False,,i,16,1,0,32,8,101,13,0.0,0.0,Ugarte,,230.0,2024-08-30,2001-04-11,False,p232112,0,0,0,0,0,0,0,0,0,0,0,0,0,0.0,0.0,0.0,0.0,0,0,0,0,0,0.00,0.00,0.00,0.00,,,,,,,[],https://www.manutd.com/en/news/an-official-update-on-manuel-ugarte,472,184,481,193,432,158,488,191,0.0,0.0,0.0,0.0,0.0,0.0,288,172,505,207,505,207,607,264,0.0,0.0,0.0,Man Utd,MID,5.0
True,True,,,547037,0,0,0,0,-53.8,-1,"[{'offset': 0, 'projected_percent': '-55.3', 'likelihood': -3}, {'offset': 1, 'projected_percent': '-70.4', 'likelihood': -3}, {'offset': 2, 'projected_percent': '-85.5', 'likelihood': -3}]",,False,0,3,0.0,0.0,0,Jack,0.0,434,False,,,50,547037.jpg,0.0,False,Fletcher,0.0,False,,a,16,1,0,57,16,197,28,0.0,0.0,J.Fletcher,Jack Fletcher,241.0,2024-07-12,2007-03-19,False,p547037,0,0,0,0,0,0,0,0,0,0,0,0,0,0.0,0.0,0.0,0.0,0,0,0,0,0,0.00,0.00,0.00,0.00,,,,,,,[],,519,212,532,221,490,189,535,219,0.0,0.0,0.0,0.0,0.0,0.0,369,218,547,229,547,229,585,249,0.0,0.0,0.0,Man Utd,MID,5.0
True,True,,,576628,0,0,0,0,-25.9,2,"[{'offset': 0, 'projected_percent': '-25.5', 'likelihood': -2}, {'offset': 1, 'projected_percent': '-21.2', 'likelihood': -2}, {'offset': 2, 'projected_percent': '-16.9', 'likelihood': -1}]",,False,0,3,0.5,0.5,0,Shea,0.5,435,False,,,50,576628.jpg,1.0,False,Lacey,0.1,False,,a,16,1,1,399,72,707,117,0.1,0.2,Lacey,,241.0,2025-05-26,2007-04-14,False,p576628,10,0,0,0,0,0,0,0,0,0,0,0,3,0.2,0.6,0.0,0.1,0,1,0,1,0,0.00,0.00,0.00,0.00,,,,,,,[],,277,132,242,128,499,196,289,137,0.0,0.0,0.0,0.0,0.0,0.0,379,225,276,129,262,119,490,202,0.0,0.0,9.0,Man Utd,MID,5.0
True,True,,,490881,0,0,0,0,-44.2,1,"[{'offset': 0, 'projected_percent': '-43.2', 'likelihood': -3}, {'offset': 1, 'projected_percent': '-33.4', 'likelihood': -2}, {'offset': 2, 'projected_percent': '-23.6', 'likelihood': -2}]",,False,0,3,0.0,0.0,0,Toby,0.0,436,False,,,50,490881.jpg,0.0,False,Collyer,0.0,False,,a,16,1,0,84,24,251,17,0.0,0.0,Collyer,,241.0,2023-07-01,2004-01-03,False,p490881,0,0,0,0,0,0,0,0,0,0,0,0,0,0.0,0.0,0.0,0.0,0,0,0,0,0,0.00,0.00,0.00,0.00,,,,,,,[],,504,204,516,213,473,180,520,211,0.0,0.0,0.0,0.0,0.0,0.0,337,197,534,223,534,223,559,230,0.0,0.0,0.0,Man Utd,MID,5.0
True,True,,,576620,0,0,0,0,-33.1,-4,"[{'offset': 0, 'projected_percent': '-33.4', 'likelihood': -2}, {'offset': 1, 'projected_percent': '-36.6', 'likelihood': -2}, {'offset': 2, 'projected_percent': '-39.8', 'likelihood': -2}]",,False,0,3,0.0,0.0,0,Bendito,0.0,437,False,,,45,576620.jpg,0.0,False,Mantato,0.2,False,,a,16,1,0,1178,217,2725,354,0.0,0.0,Bendito Mantato,,,,,False,p576620,0,0,0,0,0,0,0,0,0,0,0,0,0,0.0,0.0,0.0,0.0,0,0,0,0,0,0.00,0.00,0.00,0.00,,,,,,,[],,412,151,418,161,358,119,428,158,0.0,0.0,0.0,0.0,0.0,0.0,522,262,452,178,452,178,355,131,0.0,0.0,0.0,Man Utd,MID,4.5
True,True,,,519913,0,0,0,0,-36.3,-2,"[{'offset': 0, 'projected_percent': '-36.4', 'likelihood': -2}, {'offset': 1, 'projected_percent': '-37.1', 'likelihood': -2}, {'offset': 2, 'projected_percent': '-37.8', 'likelihood': -2}]",,False,0,3,0.0,0.0,0,Tyler,0.0,438,False,,,45,519913.jpg,0.0,False,Fletcher,0.3,False,,a,16,1,0,1595,267,4515,531,0.0,0.0,Fletcher,Tyler Fletcher,243.0,2025-05-26,2007-03-19,False,p519913,0,0,0,0,0,0,0,0,0,0,0,0,0,0.0,0.0,0.0,0.0,0,0,0,0,0,0.00,0.00,0.00,0.00,,,,,,,[],,395,146,402,156,340,114,411,153,0.0,0.0,0.0,0.0,0.0,0.0,503,257,436,173,436,173,292,97,0.0,0.0,0.0,Man Utd,MID,4.5
True,True,100.0,100.0,485711,0,0,0,0,8.1,10,"[{'offset': 0, 'projected_percent': '8.1', 'likelihood': 1}, {'offset': 1, 'projected_percent': '8.2', 'likelihood': 1}, {'offset': 2, 'projected_percent': '8.3', 'likelihood': 1}]",,False,0,4,0.5,0.5,0,Benjamin,0.5,439,False,,2026-07-23T12:01:23.722029Z,70,485711.jpg,1.0,False,Sesko,1.9,False,,a,16,1,1,34285,3731,18642,3516,0.1,0.1,Šeško,,195.0,2025-08-09,2003-05-31,False,p485711,23,0,0,0,0,0,0,0,0,0,0,0,2,0.0,0.5,9.0,0.9,0,0,0,0,0,0.04,0.00,0.04,0.07,,,,,,,[],,617,70,253,28,94,19,239,24,0.16,0.0,0.0,0.16,0.27,0.0,29,10,325,38,317,38,136,22,0.0,0.0,0.0,Man Utd,FWD,7.0
True,True,,,458249,-1,1,-1,1,-1.2,-8,"[{'offset': 0, 'projected_percent': '-1.3', 'likelihood': -1}, {'offset': 1, 'projected_percent': '-2.6', 'likelihood': -1}, {'offset': 2, 'projected_percent': '-3.9', 'likelihood': -1}]",,False,0,4,0.0,0.0,0,Joshua,0.0,440,False,,,54,458249.jpg,0.0,False,Zirkzee,0.5,False,,a,16,1,0,2833,788,14507,1376,0.0,0.0,Zirkzee,,152.0,2024-07-17,2001-05-22,False,p458249,0,0,0,0,0,0,0,0,0,0,0,0,0,0.0,0.0,0.0,0.0,0,0,0,0,0,0.00,0.00,0.00,0.00,,,,,,,[],,536,45,549,53,517,52,552,54,0.0,0.0,0.0,0.0,0.0,0.0,224,48,560,59,560,59,252,41,0.0,0.0,0.0,Man Utd,FWD,5.4
True,True,,,596047,0,0,0,0,-17.1,1,"[{'offset': 0, 'projected_percent': '-17.1', 'likelihood': -1}, {'offset': 1, 'projected_percent': '-16.9', 'likelihood': -1}, {'offset': 2, 'projected_percent': '-16.8', 'likelihood': -1}]",,False,0,4,0.0,0.0,0,Chido,0.0,441,False,,,45,596047.jpg,0.0,False,Obi,1.1,False,,a,16,1,0,8287,1971,13285,1716,0.0,0.0,Obi,,58.0,2025-02-15,2007-11-29,False,p596047,0,0,0,0,0,0,0,0,0,0,0,0,0,0.0,0.0,0.0,0.0,0,0,0,0,0,0.00,0.00,0.00,0.00,,,,,,,[],,417,33,423,40,363,39,433,42,0.0,0.0,0.0,0.0,0.0,0.0,529,71,457,47,457,47,183,28,0.0,0.0,0.0,Man Utd,FWD,4.5
True,True,,,465694,0,0,0,0,0.9,57,"[{'offset': 0, 'projected_percent': '1.0', 'likelihood': 1}, {'offset': 1, 'projected_percent': '1.7', 'likelihood': 1}, {'offset': 2, 'projected_percent': '2.5', 'likelihood': 1}]",,False,0,3,1.0,1.0,2,Nico,1.0,405,False,,,55,465694.jpg,2.0,False,González Iglesias,0.2,False,,a,17,4,2,3779,1392,2087,345,0.2,0.4,N.Gonzalez,,200.0,2026-08-26,2002-01-03,False,p465694,70,0,0,1,0,0,0,0,1,0,0,0,9,0.0,0.0,0.0,0.0,2,2,0,4,1,0.00,0.07,0.07,0.68,,,,,,,[],,561,236,574,244,559,233,575,242,0.0,0.0,0.09,0.09,0.87,0.0,177,109,199,94,154,77,359,134,1.29,1.29,5.14,Newcastle,MID,5.5
True,True,,,98747,0,0,0,0,-41.8,-119,"[{'offset': 0, 'projected_percent': '-43.2', 'likelihood': -3}, {'offset': 1, 'projected_percent': '-56.9', 'likelihood': -3}, {'offset': 2, 'projected_percent': '-70.7', 'likelihood': -3}]",,False,0,1,0.0,0.0,0,Nick,0.0,442,False,,,50,98747.jpg,0.0,False,Pope,1.2,False,,a,17,4,0,3233,527,14451,2147,0.0,0.0,Pope,,241.0,2022-06-23,1992-04-19,False,p98747,0,0,0,0,0,0,0,0,0,0,0,0,0,0.0,0.0,0.0,0.0,0,0,0,0,0,0.00,0.00,0.00,0.00,,,,,,,[],,438,61,445,50,386,50,454,61,0.0,0.0,0.0,0.0,0.0,0.0,233,6,476,61,476,61,172,25,0.0,0.0,0.0,Newcastle,GKP,5.0
True,True,,,81441,0,0,0,0,-10.0,-2,"[{'offset': 0, 'projected_percent': '-11.0', 'likelihood': -1}, {'offset': 1, 'projected_percent': '-20.7', 'likelihood': -2}, {'offset': 2, 'projected_percent': '-30.4', 'likelihood': -2}]",,False,0,1,0.0,0.0,0,Mark,0.0,443,False,,,45,81441.jpg,0.0,False,Gillespie,0.0,False,,a,17,4,0,184,22,277,46,0.0,0.0,Gillespie,,241.0,2020-07-27,1992-03-27,False,p81441,0,0,0,0,0,0,0,0,0,0,0,0,0,0.0,0.0,0.0,0.0,0,0,0,0,0,0.00,0.00,0.00,0.00,,,,,,,[],,339,43,342,25,267,25,356,43,0.0,0.0,0.0,0.0,0.0,0.0,409,25,384,43,384,43,521,56,0.0,0.0,0.0,Newcastle,GKP,4.5
True,True,,,554578,0,0,0,0,-41.8,-1,"[{'offset': 0, 'projected_percent': '-42.4', 'likelihood': -3}, {'offset': 1, 'projected_percent': '-48.4', 'likelihood': -3}, {'offset': 2, 'projected_percent': '-54.5', 'likelihood': -3}]",,False,0,1,0.0,0.0,0,Ewen,0.0,444,False,,,45,554578.jpg,0.0,False,Jaouen,0.0,False,,a,17,4,0,153,29,416,68,0.0,0.0,Jaouen,,73.0,2026-06-15,2005-12-29,False,p554578,0,0,0,0,0,0,0,0,0,0,0,0,0,0.0,0.0,0.0,0.0,0,0,0,0,0,0.00,0.00,0.00,0.00,,,,,,,[],,404,60,411,48,349,48,420,60,0.0,0.0,0.0,0.0,0.0,0.0,513,48,445,60,445,60,533,61,0.0,0.0,0.0,Newcastle,GKP,4.5
True,True,,,465642,0,0,0,0,5.5,109,"[{'offset': 0, 'projected_percent': '5.7', 'likelihood': 1}, {'offset': 1, 'projected_percent': '7.2', 'likelihood': 1}, {'offset': 2, 'projected_percent': '8.7', 'likelihood': 1}]",,False,0,2,4.5,4.5,6,Malick,4.5,445,False,,,50,465642.jpg,4.5,False,Thiaw,1.8,False,,a,17,4,9,26640,6842,13770,2872,0.9,1.8,Thiaw,,80.0,2025-08-12,2001-08-08,False,p465642,180,0,0,1,2,0,0,0,0,0,0,0,24,37.8,0.2,0.0,3.8,17,3,0,17,2,0.00,0.02,0.02,4.02,,,,,,,[],,32,11,269,98,460,181,108,37,0.0,0.0,0.01,0.01,2.01,1.0,320,60,47,18,80,32,139,55,1.0,0.5,8.5,Newcastle,DEF,5.0
True,True,100.0,100.0,119471,0,0,0,0,0.0,-49,"[{'offset': 0, 'projected_percent': '-2.2', 'likelihood': -1}, {'offset': 1, 'projected_percent': '-29.0', 'likelihood': -2}, {'offset': 2, 'projected_percent': '-55.8', 'likelihood': -3}]",,False,0,2,0.5,0.5,0,Fabian,0.5,446,False,,2026-08-15T16:30:07.209742Z,50,119471.jpg,1.0,False,Schär,0.3,False,,a,17,4,1,2170,275,2440,555,0.1,0.2,Schär,,207.0,2018-07-26,1991-12-20,False,p119471,1,0,0,0,1,0,0,0,0,0,0,0,-1,0.0,0.0,0.0,0.0,0,0,0,0,0,0.00,0.00,0.00,0.79,,,2.0,,,,[],,444,178,451,179,392,162,460,178,0.0,0.0,0.0,0.0,71.1,90.0,239,38,249,94,234,92,310,115,0.0,0.0,0.0,Newcastle,DEF,5.0
True,True,,,220237,0,0,0,0,3.6,59,"[{'offset': 0, 'projected_percent': '3.7', 'likelihood': 1}, {'offset': 1, 'projected_percent': '4.5', 'likelihood': 1}, {'offset': 2, 'projected_percent': '5.3', 'likelihood': 1}]",,False,0,2,4.0,4.0,5,Sven,4.0,447,False,,,50,220237.jpg,4.0,False,Botman,0.5,False,,a,17,4,8,10583,1698,3912,630,0.8,1.6,Botman,,152.0,2022-06-28,2000-01-12,False,p220237,180,0,0,1,2,0,0,0,1,0,0,0,26,32.4,0.3,0.0,3.3,14,6,1,15,2,0.01,0.01,0.02,4.02,,,,,,,[],,46,17,258,94,421,170,121,44,0.0,0.0,0.0,0.0,2.01,1.0,277,47,57,22,86,35,243,92,1.0,0.5,7.5,Newcastle,DEF,5.0
True,True,0.0,0.0,78916,0,0,0,0,-102.0,-275,"[{'offset': 0, 'projected_percent': '-103.0', 'likelihood': -5}, {'offset': 1, 'projected_percent': '-112.4', 'likelihood': -5}, {'offset': 2, 'projected_percent': '-121.8', 'likelihood': -5}]",,False,0,2,0.0,0.0,0,Dan,0.0,448,False,Ankle injury - Expected back 14 Sep,2026-08-23T18:00:08.367241Z,50,78916.jpg,0.0,False,Burn,1.5,False,,i,17,4,0,6339,92,85639,10328,0.0,0.0,Burn,,241.0,2022-01-31,1992-05-09,False,p78916,0,0,0,0,0,0,0,0,0,0,0,0,0,0.0,0.0,0.0,0.0,0,0,0,0,0,0.00,0.00,0.00,0.00,,,,,,,[],https://www.newcastleunited.com/en/news/confimed-line-up-opening-day-debuts-for-hornicek-dedic-and-steur-against-liverpool,437,176,443,177,384,160,453,176,0.0,0.0,0.0,0.0,0.0,0.0,229,35,475,174,475,174,155,63,0.0,0.0,0.0,Newcastle,DEF,5.0
True,True,,,487838,0,0,0,0,24.8,2415,"[{'offset': 0, 'projected_percent': '28.1', 'likelihood': 2}, {'offset': 1, 'projected_percent': '61.5', 'likelihood': 3}, {'offset': 2, 'projected_percent': '95.0', 'likelihood': 4}]",,False,1,2,7.0,7.0,11,Lewis,7.0,449,False,,,50,487838.jpg,7.0,False,Hall,4.4,False,,a,17,4,14,74883,22182,22563,3127,1.4,2.8,Hall,,241.0,2024-07-01,2004-09-08,False,p487838,180,0,0,1,2,0,0,0,0,0,0,3,60,22.0,15.2,0.0,3.7,18,13,7,25,2,0.03,0.65,0.68,4.02,1.0,,1.0,,,,[],,75,35,80,24,468,184,113,41,0.02,0.0,0.32,0.34,2.01,1.0,332,66,13,6,33,13,76,31,1.0,0.5,12.5,Newcastle,DEF,5.0
True,True,0.0,0.0,441191,0,0,0,0,-75.7,-4,"[{'offset': 0, 'projected_percent': '-76.3', 'likelihood': -3}, {'offset': 1, 'projected_percent': '-82.5', 'likelihood': -3}, {'offset': 2, 'projected_percent': '-88.7', 'likelihood': -3}]",,False,0,2,0.0,0.0,0,Tino,0.0,450,False,Calf injury - Unknown return date,2026-07-23T12:01:23.753221Z,50,441191.jpg,0.0,False,Livramento,0.0,False,,i,17,4,0,100,9,1398,170,0.0,0.0,Livramento,,241.0,2023-08-08,2002-11-12,False,p441191,0,0,0,0,0,0,0,0,0,0,0,0,0,0.0,0.0,0.0,0.0,0,0,0,0,0,0.00,0.00,0.00,0.00,,,,,,,[],https://www.newcastleunited.com/en/news/matthias-jaissles-team-news-update-livramento-and-joelinton-latest-ahead-of-premier-league-opener,484,189,494,189,447,177,500,189,0.0,0.0,0.0,0.0,0.0,0.0,306,55,516,185,516,185,525,183,0.0,0.0,0.0,Newcastle,DEF,5.0
True,False,0.0,0.0,545477,0,0,0,0,0.0,-6,"[{'offset': 0, 'projected_percent': '0.0', 'likelihood': 0}, {'offset': 1, 'projected_percent': '0.0', 'likelihood': 0}, {'offset': 2, 'projected_percent': '0.0', 'likelihood': 0}]",,False,0,2,0.0,0.0,0,Alex,0.0,451,False,Has joined FC Kaiserslautern on loan for the rest of the season,2026-08-12T14:05:29.224600Z,40,545477.jpg,0.0,False,Murphy,0.1,False,,u,17,4,0,0,0,3655,379,0.0,0.0,A.Murphy,,104.0,2023-07-19,2004-06-25,False,p545477,0,0,0,0,0,0,0,0,0,0,0,0,0,0.0,0.0,0.0,0.0,0,0,0,0,0,0.00,0.00,0.00,0.00,,,,,,,[],,319,122,319,124,241,93,336,123,0.0,0.0,0.0,0.0,0.0,0.0,603,188,365,126,365,126,429,150,0.0,0.0,0.0,Newcastle,DEF,4.0
True,True,,,201666,0,0,0,0,3.1,-72,"[{'offset': 0, 'projected_percent': '3.0', 'likelihood': 1}, {'offset': 1, 'projected_percent': '2.0', 'likelihood': 1}, {'offset': 2, 'projected_percent': '1.0', 'likelihood': 1}]",,False,0,3,2.5,2.5,3,Harvey,2.5,453,False,,,60,201666.jpg,2.5,False,Barnes,1.1,False,,a,17,4,5,17718,2723,12829,2499,0.4,0.8,Barnes,,241.0,2023-07-23,1997-12-09,False,p201666,180,0,0,1,2,0,0,0,0,0,0,0,19,5.2,2.4,9.0,1.7,5,4,2,11,2,0.11,0.03,0.14,4.02,,,,,,,[],,210,87,175,103,91,44,202,90,0.06,0.0,0.02,0.08,2.01,1.0,67,45,110,50,124,57,182,56,1.0,0.5,5.5,Newcastle,MID,6.0
True,True,,,449434,0,0,0,0,62.0,4700,"[{'offset': 0, 'projected_percent': '68.6', 'likelihood': 3}, {'offset': 1, 'projected_percent': '133.6', 'likelihood': 5}, {'offset': 2, 'projected_percent': '198.6', 'likelihood': 5}]",,False,0,3,8.5,8.5,8,Anthony,8.5,454,True,,,60,449434.jpg,8.5,False,Elanga,2.7,False,,a,17,4,17,146368,50927,14929,3056,1.4,2.8,Elanga,,206.0,2025-07-11,2002-04-27,False,p449434,156,2,0,1,1,0,0,0,0,0,0,2,63,37.4,3.5,28.0,6.9,2,2,2,6,2,0.40,0.11,0.51,2.62,4.0,,,,,,[],,33,17,160,93,34,18,45,27,0.23,0.0,0.06,0.29,1.51,0.58,85,54,7,2,24,11,109,33,1.15,0.58,3.46,Newcastle,MID,6.0
True,True,,,232653,0,0,0,0,-47.7,-36,"[{'offset': 0, 'projected_percent': '-49.2', 'likelihood': -3}, {'offset': 1, 'projected_percent': '-64.6', 'likelihood': -3}, {'offset': 2, 'projected_percent': '-79.9', 'likelihood': -3}]",,False,0,3,0.5,0.5,1,Jacob,0.5,456,False,,,50,232653.jpg,0.5,False,Ramsey,0.3,False,,a,17,4,1,1701,259,5470,790,0.1,0.2,J.Ramsey,,241.0,2025-08-17,2001-05-28,False,p232653,42,0,0,0,1,0,0,0,1,0,0,0,4,7.8,1.3,4.0,1.3,3,2,2,7,0,0.06,0.14,0.20,1.86,,,,,,,[],,180,71,208,117,132,65,224,99,0.13,0.0,0.3,0.43,3.99,2.14,290,174,256,114,319,159,290,96,0.0,0.0,15.0,Newcastle,MID,5.0
True,True,,,114243,0,0,0,0,-71.1,-29,"[{'offset': 0, 'projected_percent': '-73.8', 'likelihood': -3}, {'offset': 1, 'projected_percent': '-100.6', 'likelihood': -5}, {'offset': 2, 'projected_percent': '-127.4', 'likelihood': -5}]",,False,0,3,0.5,0.5,1,Jacob,0.5,457,False,,,60,114243.jpg,0.5,False,Murphy,0.2,False,,a,17,4,1,872,155,3172,490,0.1,0.2,J.Murphy,Jacob Murphy,241.0,2017-07-19,1995-02-24,False,p114243,22,0,0,0,1,0,0,0,1,0,0,0,2,0.0,0.1,2.0,0.1,1,3,1,5,0,0.00,0.20,0.20,1.40,2.0,,,,,,[],,587,254,276,144,182,92,293,139,0.0,0.0,0.82,0.82,5.73,4.09,59,40,308,148,325,161,375,144,0.0,0.0,20.45,Newcastle,MID,6.0
True,True,0.0,0.0,180974,0,0,0,0,-84.3,-6,"[{'offset': 0, 'projected_percent': '-85.4', 'likelihood': -3}, {'offset': 1, 'projected_percent': '-96.2', 'likelihood': -4}, {'offset': 2, 'projected_percent': '-106.9', 'likelihood': -5}]",,False,0,3,0.0,0.0,0,Joelinton Cássio,0.0,458,False,Unspecified injury - Unknown return date,2026-08-16T08:00:08.074045Z,55,180974.jpg,0.0,False,Apolinário de Lira,0.0,False,,i,17,4,0,56,8,1182,114,0.0,0.0,Joelinton,Joelinton,30.0,2019-07-24,1996-08-14,False,p180974,0,0,0,0,0,0,0,0,0,0,0,0,0,0.0,0.0,0.0,0.0,0,0,0,0,0,0.00,0.00,0.00,0.00,,,,,,,[],https://www.newcastleunited.com/en/news/matthias-jaissles-team-news-update-livramento-and-joelinton-latest-ahead-of-premier-league-opener,543,224,558,233,530,213,559,231,0.0,0.0,0.0,0.0,0.0,0.0,130,80,567,237,567,237,536,221,0.0,0.0,0.0,Newcastle,MID,5.5
True,True,100.0,100.0,547719,0,0,0,0,0.5,9,"[{'offset': 0, 'projected_percent': '0.5', 'likelihood': 1}, {'offset': 1, 'projected_percent': '0.6', 'likelihood': 1}, {'offset': 2, 'projected_percent': '0.8', 'likelihood': 1}]",,False,0,3,3.0,3.0,3,Lewis,3.0,459,False,,2026-07-23T12:01:23.785456Z,55,547719.jpg,3.0,False,Miley,0.1,False,,a,17,4,6,1657,266,684,150,0.5,1.1,L.Miley,,241.0,2023-02-01,2006-05-01,False,p547719,165,0,0,1,1,0,0,0,1,0,0,0,33,15.6,21.4,3.0,4.0,9,12,2,23,2,0.05,0.03,0.08,2.98,3.0,,,,,,[],,109,37,59,39,152,79,103,54,0.03,0.0,0.02,0.05,1.63,0.55,204,129,84,36,103,44,457,183,1.09,0.55,12.55,Newcastle,MID,5.5
True,True,,,200089,0,0,0,0,4.0,55,"[{'offset': 0, 'projected_percent': '4.1', 'likelihood': 1}, {'offset': 1, 'projected_percent': '4.9', 'likelihood': 1}, {'offset': 2, 'projected_percent': '5.6', 'likelihood': 1}]",,False,0,3,4.5,4.5,3,Joe,4.5,460,False,,,50,200089.jpg,4.5,False,Willock,0.3,False,,a,17,4,9,11005,2242,2423,491,0.9,1.8,Willock,,241.0,2021-08-13,1999-08-20,False,p200089,104,1,0,1,1,0,0,0,0,0,0,0,28,38.4,13.9,9.0,6.1,1,2,2,5,1,0.16,0.19,0.35,2.18,,,,,,,[],,29,16,90,58,90,43,52,31,0.14,0.0,0.16,0.3,1.89,0.87,256,156,44,20,79,33,308,107,0.87,0.87,4.33,Newcastle,MID,5.0
True,True,,,611665,0,0,0,0,-123.0,-80,"[{'offset': 0, 'projected_percent': '-128.7', 'likelihood': -5}, {'offset': 1, 'projected_percent': '-185.9', 'likelihood': -5}, {'offset': 2, 'projected_percent': '-243.0', 'likelihood': -5}]",,False,0,3,0.5,0.5,1,Bazoumana,0.5,461,False,,,60,611665.jpg,1.0,False,Touré,0.2,False,,a,17,4,1,623,110,5542,1084,0.1,0.2,Touré,,54.0,2026-07-05,2006-03-02,False,p611665,1,0,0,0,0,0,0,0,0,0,0,0,3,0.0,0.0,0.0,0.0,0,0,0,0,0,0.00,0.00,0.00,0.00,,,,,,,[],,604,262,607,264,602,259,607,264,0.0,0.0,0.0,0.0,0.0,0.0,105,66,315,152,307,149,337,122,0.0,0.0,0.0,Newcastle,MID,6.0
True,True,,,636852,0,0,0,0,-13.8,-20,"[{'offset': 0, 'projected_percent': '-16.5', 'likelihood': -1}, {'offset': 1, 'projected_percent': '-43.7', 'likelihood': -3}, {'offset': 2, 'projected_percent': '-70.8', 'likelihood': -3}]",,False,0,3,1.0,1.0,1,Sean,1.0,462,False,,,50,636852.jpg,1.0,False,Steur,0.1,False,,a,17,4,2,885,123,1318,318,0.2,0.4,Steur,,152.0,2026-07-09,2008-01-11,False,p636852,74,0,0,0,1,0,0,0,0,0,0,0,7,0.4,1.2,0.0,0.2,3,2,0,5,1,0.00,0.00,0.00,1.84,,,,,,,[],,272,128,214,120,508,202,283,134,0.0,0.0,0.0,0.0,2.24,1.22,392,234,191,87,267,124,413,161,1.22,0.0,6.08,Newcastle,MID,5.0
True,True,,,470313,0,0,0,0,-88.4,-72,"[{'offset': 0, 'projected_percent': '-89.1', 'likelihood': -3}, {'offset': 1, 'projected_percent': '-96.1', 'likelihood': -4}, {'offset': 2, 'projected_percent': '-103.0', 'likelihood': -5}]",,False,0,4,2.0,2.0,4,Nick,2.0,463,False,,,60,470313.jpg,4.0,False,Woltemade,1.5,False,,a,17,4,4,8810,1617,35316,4532,0.3,0.7,Woltemade,,80.0,2025-08-30,2002-02-14,False,p470313,19,0,1,0,0,0,0,0,0,0,0,0,17,0.0,0.0,0.0,0.0,0,0,0,0,0,0.02,0.00,0.02,0.36,,,,,1.0,,[],,599,65,602,66,595,66,602,66,0.09,0.0,0.0,0.09,1.71,0.0,91,23,124,12,89,11,158,25,0.0,0.0,0.0,Newcastle,FWD,6.0
True,True,,,216646,0,0,0,0,89.1,5221,"[{'offset': 0, 'projected_percent': '96.4', 'likelihood': 4}, {'offset': 1, 'projected_percent': '168.6', 'likelihood': 5}, {'offset': 2, 'projected_percent': '240.9', 'likelihood': 5}]",,False,0,4,5.5,5.5,7,Yoane,5.5,464,False,,,60,216646.jpg,5.5,False,Wissa,4.3,False,,a,17,4,11,224445,65488,29547,5459,0.9,1.8,Wissa,,50.0,2025-09-01,1996-09-03,False,p216646,171,1,1,1,1,0,0,0,1,0,0,1,44,20.0,16.3,28.0,6.4,2,7,5,14,2,1.38,0.02,1.40,2.87,,,,,3.0,,[],,85,7,74,6,33,9,48,8,0.73,0.0,0.01,0.74,1.51,0.53,71,19,30,2,64,6,79,13,1.05,0.53,7.37,Newcastle,FWD,6.0
True,True,0.0,0.0,538207,0,0,0,0,-35.2,-274,"[{'offset': 0, 'projected_percent': '-37.0', 'likelihood': -2}, {'offset': 1, 'projected_percent': '-54.3', 'likelihood': -3}, {'offset': 2, 'projected_percent': '-71.7', 'likelihood': -3}]",,False,0,4,0.0,0.0,0,William,2.0,465,False,Foot injury - Unknown return date,2026-08-25T19:00:08.004915Z,60,538207.jpg,4.0,False,Osula,0.8,False,,i,17,4,4,20483,139,35223,8716,0.3,0.7,Osula,,58.0,2024-08-08,2003-08-04,False,p538207,55,0,1,0,1,0,0,0,0,0,0,0,18,28.2,13.7,8.0,5.0,2,2,1,5,1,0.06,0.14,0.20,1.48,,,,,2.0,,[],,59,6,95,8,100,20,78,11,0.1,0.0,0.23,0.33,2.42,1.64,101,26,126,13,90,12,216,36,1.64,0.0,8.18,Newcastle,FWD,6.0
True,True,,,599303,0,0,0,0,-0.7,1,"[{'offset': 0, 'projected_percent': '-0.7', 'likelihood': -1}, {'offset': 1, 'projected_percent': '-0.6', 'likelihood': -1}, {'offset': 2, 'projected_percent': '-0.5', 'likelihood': -1}]",,False,0,4,0.0,0.0,0,Sean,0.0,466,False,,,45,599303.jpg,0.0,False,Neave,0.8,False,,a,17,4,0,8266,1788,9395,1270,0.0,0.0,Neave,,241.0,2025-02-07,2007-05-27,False,p599303,0,0,0,0,0,0,0,0,0,0,0,0,0,0.0,0.0,0.0,0.0,0,0,0,0,0,0.00,0.00,0.00,0.00,,,,,,,[],,419,34,425,41,365,40,435,43,0.0,0.0,0.0,0.0,0.0,0.0,531,72,459,48,459,48,218,37,0.0,0.0,0.0,Newcastle,FWD,4.5
True,True,,,632794,0,0,0,0,-34.5,-15,"[{'offset': 0, 'projected_percent': '-36.1', 'likelihood': -2}, {'offset': 1, 'projected_percent': '-52.6', 'likelihood': -3}, {'offset': 2, 'projected_percent': '-69.0', 'likelihood': -3}]",,False,0,3,0.5,0.5,0,Aladji,0.5,559,False,,,50,632794.jpg,1.0,False,Bamba,0.1,False,,a,17,4,1,836,146,1989,322,0.1,0.2,Bamba,,73.0,2026-07-24,2006-07-14,False,p632794,14,0,0,0,1,0,0,0,0,0,0,0,5,4.0,0.0,0.0,0.4,1,0,1,2,0,0.00,0.00,0.00,1.04,,,,,,,[],,223,96,543,228,507,201,266,122,0.0,0.0,0.0,0.0,6.69,6.43,391,233,280,133,266,123,392,153,0.0,0.0,12.86,Newcastle,MID,5.0
True,True,,,470551,0,0,0,0,1.6,197,"[{'offset': 0, 'projected_percent': '1.9', 'likelihood': 1}, {'offset': 1, 'projected_percent': '4.6', 'likelihood': 1}, {'offset': 2, 'projected_percent': '7.3', 'likelihood': 1}]",,False,0,1,4.0,4.0,7,Lukás,4.0,567,False,,,50,470551.jpg,4.0,False,Hornícek,0.7,False,,a,17,4,8,8646,3109,5017,759,0.8,1.6,Horníček,,57.0,2026-08-03,2002-07-13,False,p470551,180,0,0,1,2,0,0,0,1,0,9,0,43,41.2,0.0,0.0,4.1,5,9,0,0,2,0.00,0.00,0.00,4.02,,,,,,,[],,24,2,508,63,463,63,100,2,0.0,4.5,0.0,0.0,2.01,1.0,325,19,58,4,87,7,221,31,1.0,0.5,0.0,Newcastle,GKP,5.0
True,True,,,463726,0,0,0,0,0.0,0,"[{'offset': 0, 'projected_percent': '0.0', 'likelihood': 0}, {'offset': 1, 'projected_percent': '0.0', 'likelihood': 0}, {'offset': 2, 'projected_percent': '0.0', 'likelihood': 0}]",2026-09-01T14:00:38.519566Z,False,1,2,6.0,6.0,11,Amar,6.0,593,False,,,45,463726.jpg,6.0,False,Dedic,0.5,False,,a,17,4,12,21802,11443,2879,723,1.3,2.7,Dedić,,27.0,2026-08-18,2002-08-18,False,p463726,180,0,1,1,2,0,0,0,0,0,0,2,37,16.4,1.2,5.0,2.3,13,7,4,17,2,0.03,0.06,0.09,4.02,,,,,,,[],,106,46,212,69,123,39,161,62,0.02,0.0,0.03,0.05,2.01,1.0,476,126,24,10,47,21,257,94,1.0,0.5,8.5,Newcastle,DEF,4.5
True,True,,,553746,0,0,0,0,0.0,0,"[{'offset': 0, 'projected_percent': '0.0', 'likelihood': 0}, {'offset': 1, 'projected_percent': '0.0', 'likelihood': 0}, {'offset': 2, 'projected_percent': '0.0', 'likelihood': 0}]",2026-09-05T18:21:27.993732Z,False,0,2,0.0,0.0,0,Leo,0.0,609,False,,,40,553746.jpg,0.0,False,Shahar,0.1,False,,a,17,4,0,5331,1338,937,292,0.0,0.0,Shahar,,241.0,2024-08-08,2007-03-18,False,p553746,0,0,0,0,0,0,0,0,0,0,0,0,0,0.0,0.0,0.0,0.0,0,0,0,0,0,0.00,0.00,0.00,0.00,,,,,,,[],,323,126,323,128,245,97,340,127,0.0,0.0,0.0,0.0,0.0,0.0,607,192,369,130,369,130,383,139,0.0,0.0,0.0,Newcastle,DEF,4.0
True,True,,,463034,0,0,0,0,1.9,68,"[{'offset': 0, 'projected_percent': '2.0', 'likelihood': 1}, {'offset': 1, 'projected_percent': '3.0', 'likelihood': 1}, {'offset': 2, 'projected_percent': '3.9', 'likelihood': 1}]",,False,0,4,0.5,0.5,1,Liam,0.5,167,False,,,55,463034.jpg,1.0,False,Delap,0.5,False,,a,18,17,1,12799,5059,8940,1375,0.1,0.2,Delap,,241.0,2026-08-27,2003-02-08,False,p463034,24,0,0,0,1,0,0,0,0,0,0,0,9,0.0,0.0,0.0,0.0,0,0,0,0,0,0.06,0.00,0.06,0.33,,,,,3.0,,[],,559,52,572,58,556,59,573,60,0.22,0.0,0.0,0.22,1.24,3.75,173,39,295,32,283,30,248,39,0.0,0.0,0.0,Nott'm Forest,FWD,5.5
True,True,,,85633,0,0,0,0,-24.1,-15,"[{'offset': 0, 'projected_percent': '-24.3', 'likelihood': -2}, {'offset': 1, 'projected_percent': '-25.7', 'likelihood': -2}, {'offset': 2, 'projected_percent': '-27.1', 'likelihood': -2}]",,False,0,1,1.5,1.5,1,Matz,1.5,467,False,,,50,85633.jpg,1.5,False,Sels,1.5,False,,a,18,17,3,4197,847,13246,1500,0.3,0.6,Sels,,21.0,2024-02-01,1992-02-26,False,p85633,180,0,0,0,3,0,0,0,0,0,4,0,17,14.2,0.0,0.0,1.4,3,15,0,0,2,0.00,0.01,0.01,2.22,,,,,,,[],,122,18,444,49,385,49,217,18,0.0,2.0,0.0,0.0,1.11,1.5,230,5,135,11,177,14,160,24,1.0,0.0,0.0,Nott'm Forest,GKP,5.0
True,True,,,221389,0,0,0,0,-21.7,0,"[{'offset': 0, 'projected_percent': '-21.7', 'likelihood': -2}, {'offset': 1, 'projected_percent': '-21.7', 'likelihood': -2}, {'offset': 2, 'projected_percent': '-21.7', 'likelihood': -2}]",,False,0,1,0.0,0.0,0,John Victor,0.0,468,False,,,45,221389.jpg,0.0,False,Maciel Furtado,0.1,False,,a,18,17,0,207,29,534,68,0.0,0.0,John,John Victor,30.0,2025-08-31,1996-02-13,False,p221389,0,0,0,0,0,0,0,0,0,0,0,0,0,0.0,0.0,0.0,0.0,0,0,0,0,0,0.00,0.00,0.00,0.00,,,,,,,[],,361,52,365,34,294,34,378,52,0.0,0.0,0.0,0.0,0.0,0.0,447,34,405,52,405,52,472,52,0.0,0.0,0.0,Nott'm Forest,GKP,4.5
True,True,,,215136,0,0,0,0,-35.6,52,"[{'offset': 0, 'projected_percent': '-35.5', 'likelihood': -2}, {'offset': 1, 'projected_percent': '-34.7', 'likelihood': -2}, {'offset': 2, 'projected_percent': '-33.8', 'likelihood': -2}]",,False,0,2,4.0,4.0,6,Neco,4.0,469,False,,,50,215136.jpg,4.0,False,Williams,8.8,False,,a,18,17,8,18923,4773,93349,11215,0.8,1.6,N.Williams,,244.0,2022-07-11,2001-04-13,False,p215136,180,0,1,0,3,0,0,0,0,0,0,0,29,15.2,5.8,6.0,2.7,9,11,9,18,2,0.08,0.17,0.25,2.22,2.0,,2.0,,,,[],,113,52,141,41,115,34,144,57,0.04,0.0,0.08,0.12,1.11,1.5,272,45,56,21,85,34,46,17,1.0,0.0,9.0,Nott'm Forest,DEF,5.0
True,True,,,485047,0,0,0,0,-55.7,-5,"[{'offset': 0, 'projected_percent': '-57.1', 'likelihood': -3}, {'offset': 1, 'projected_percent': '-71.7', 'likelihood': -3}, {'offset': 2, 'projected_percent': '-86.3', 'likelihood': -3}]",,False,0,2,0.0,0.0,0,Felipe,0.0,470,False,,,50,485047.jpg,0.0,False,Rodrigues da Silva,0.0,False,,a,18,17,0,266,36,790,123,0.0,0.0,Morato,Morato,30.0,2024-08-30,2001-06-30,False,p485047,0,0,0,0,0,0,0,0,0,0,0,0,0,0.0,0.0,0.0,0.0,0,0,0,0,0,0.00,0.00,0.00,0.00,,,,,,,[],,497,193,509,193,465,183,513,193,0.0,0.0,0.0,0.0,0.0,0.0,329,65,528,190,528,190,494,172,0.0,0.0,0.0,Nott'm Forest,DEF,5.0
True,True,,,227444,0,0,0,0,-38.1,-11,"[{'offset': 0, 'projected_percent': '-38.2', 'likelihood': -2}, {'offset': 1, 'projected_percent': '-39.1', 'likelihood': -2}, {'offset': 2, 'projected_percent': '-40.0', 'likelihood': -3}]",,False,0,2,2.5,2.5,3,Nikola,2.5,471,False,,,55,227444.jpg,2.5,False,Milenković,1.8,False,,a,18,17,5,3280,689,18762,1721,0.5,0.9,Milenković,,190.0,2024-07-18,1997-10-12,False,p227444,180,0,0,0,3,0,0,0,0,0,0,0,7,7.6,0.6,14.0,2.2,17,9,3,20,2,0.11,0.02,0.13,2.22,,,,,,,[],,182,80,244,88,72,19,166,65,0.06,0.0,0.01,0.07,1.11,1.5,150,18,102,38,118,43,140,56,1.0,0.0,10.0,Nott'm Forest,DEF,5.5
True,True,100.0,100.0,575476,0,0,0,0,-8.1,-29,"[{'offset': 0, 'projected_percent': '-8.4', 'likelihood': -1}, {'offset': 1, 'projected_percent': '-10.9', 'likelihood': -1}, {'offset': 2, 'projected_percent': '-13.4', 'likelihood': -1}]",,False,0,2,2.5,2.5,1,Murillo,2.5,472,False,,2026-07-23T12:01:23.801183Z,55,575476.jpg,2.5,False,Costa dos Santos,1.6,False,,a,18,17,5,10001,1421,13740,1903,0.5,0.9,Murillo,Murillo,30.0,2023-08-31,2002-07-04,False,p575476,180,0,0,0,3,0,0,0,0,0,0,0,17,32.2,25.9,0.0,5.8,18,6,2,20,2,0.18,0.28,0.46,2.22,,,3.0,,,,[],,47,18,45,14,575,202,57,16,0.09,0.0,0.14,0.23,1.11,1.5,212,30,109,41,123,46,149,62,1.0,0.0,10.0,Nott'm Forest,DEF,5.5
True,True,,,159506,0,0,0,0,-6.3,-100,"[{'offset': 0, 'projected_percent': '-6.7', 'likelihood': -1}, {'offset': 1, 'projected_percent': '-10.9', 'likelihood': -1}, {'offset': 2, 'projected_percent': '-15.1', 'likelihood': -1}]",,False,0,2,2.5,2.5,0,Ola,2.5,473,False,,,45,159506.jpg,2.5,False,Aina,3.5,False,,a,18,17,5,20955,3185,27782,4945,0.6,1.1,Aina,,157.0,2023-07-22,1996-10-08,False,p159506,158,0,0,1,2,0,0,0,2,0,0,0,26,16.0,35.6,11.0,6.3,5,8,2,7,2,0.04,0.52,0.56,2.09,,,,,,,[],,107,47,20,5,81,25,50,12,0.02,0.0,0.3,0.32,1.19,1.14,426,89,94,37,113,42,96,37,1.14,0.57,3.99,Nott'm Forest,DEF,4.5
True,True,,,575458,0,0,0,0,-27.1,-3,"[{'offset': 0, 'projected_percent': '-27.3', 'likelihood': -2}, {'offset': 1, 'projected_percent': '-29.3', 'likelihood': -2}, {'offset': 2, 'projected_percent': '-31.2', 'likelihood': -2}]",,False,0,2,1.0,1.0,1,Jair,1.0,474,False,,,45,575458.jpg,1.0,False,Paula da Cunha Filho,0.2,False,,a,18,17,2,382,123,1757,198,0.2,0.4,Jair Cunha,Jair Cunha,30.0,2025-07-11,2005-03-07,False,p575458,180,0,0,0,3,0,0,0,1,0,0,0,11,20.8,1.3,0.0,2.2,13,3,3,16,2,0.00,0.00,0.00,2.22,,,,,,,[],,80,37,207,67,357,154,164,64,0.0,0.0,0.0,0.0,1.11,1.5,521,143,176,68,227,88,333,125,1.0,0.0,8.0,Nott'm Forest,DEF,4.5
True,True,0.0,0.0,500151,0,0,0,0,0.0,-2,"[{'offset': 0, 'projected_percent': '0.0', 'likelihood': 0}, {'offset': 1, 'projected_percent': '0.0', 'likelihood': 0}, {'offset': 2, 'projected_percent': '-28.3', 'likelihood': -2}]",,False,0,2,0.0,0.0,0,Nicolò,0.0,475,False,Knee injury - Unknown return date,2026-07-23T12:01:23.816304Z,45,500151.jpg,0.0,False,Savona,0.0,False,,i,18,17,0,117,4,56,8,0.0,0.0,Savona,,106.0,2025-08-30,2003-03-19,False,p500151,0,0,0,0,0,0,0,0,0,0,0,0,0,0.0,0.0,0.0,0.0,0,0,0,0,0,0.00,0.00,0.00,0.00,,,,,,,[],https://www.nottinghamforest.co.uk/news/2026/august/20/early-team-news-for-forest-s-clash-with-leeds/?utm_source=premier-league-web&utm_medium=referral&utm_campaign=pl-referral-always-on&utm_content=home&utm_term=live-bar,388,163,395,164,333,146,404,163,0.0,0.0,0.0,0.0,0.0,0.0,496,134,429,162,429,162,612,205,0.0,0.0,0.0,Nott'm Forest,DEF,4.5
True,True,,,204822,0,0,0,0,-26.9,-8,"[{'offset': 0, 'projected_percent': '-27.4', 'likelihood': -2}, {'offset': 1, 'projected_percent': '-32.4', 'likelihood': -2}, {'offset': 2, 'projected_percent': '-37.4', 'likelihood': -2}]",,False,0,2,0.0,0.0,0,Omar,0.0,476,False,,,40,204822.jpg,0.0,False,Richards,0.2,False,,a,18,17,0,610,115,2289,281,0.0,0.0,O.Richards,,241.0,2022-07-10,1998-02-15,False,p204822,0,0,0,0,0,0,0,0,0,0,0,0,0,0.0,0.0,0.0,0.0,0,0,0,0,0,0.00,0.00,0.00,0.00,,,,,,,[],,297,109,296,110,216,77,314,110,0.0,0.0,0.0,0.0,0.0,0.0,572,166,343,113,343,113,322,121,0.0,0.0,0.0,Nott'm Forest,DEF,4.0
True,True,,,549067,0,0,0,0,-17.3,-8,"[{'offset': 0, 'projected_percent': '-17.7', 'likelihood': -1}, {'offset': 1, 'projected_percent': '-22.4', 'likelihood': -2}, {'offset': 2, 'projected_percent': '-27.0', 'likelihood': -2}]",,False,0,2,0.0,0.0,0,Zach,0.0,477,False,,,40,549067.jpg,0.0,False,Abbott,0.2,False,,a,18,17,0,1200,204,2535,312,0.0,0.0,Abbott,,241.0,2022-08-22,2006-05-13,False,p549067,0,0,0,0,0,0,0,0,0,0,0,0,0,0.0,0.0,0.0,0.0,0,0,0,0,0,0.00,0.00,0.00,0.00,,,,,,,[],,322,125,322,127,244,96,339,126,0.0,0.0,0.0,0.0,0.0,0.0,606,191,368,129,368,129,315,118,0.0,0.0,0.0,Nott'm Forest,DEF,4.0
True,True,,,470315,0,0,0,0,-31.2,0,"[{'offset': 0, 'projected_percent': '-31.2', 'likelihood': -2}, {'offset': 1, 'projected_percent': '-31.2', 'likelihood': -2}, {'offset': 2, 'projected_percent': '-31.2', 'likelihood': -2}]",,False,0,2,1.0,1.0,1,Luca,1.0,478,False,,,45,470315.jpg,1.0,False,Netz,0.0,False,,a,18,17,2,137,25,354,66,0.2,0.4,Netz,,80.0,2026-02-02,2003-05-15,False,p470315,20,0,0,0,1,0,0,0,0,0,0,0,3,0.0,0.9,0.0,0.1,0,1,1,1,0,0.00,0.00,0.00,0.13,,,,,,,[],,378,159,224,75,318,141,288,101,0.0,0.0,0.0,0.0,0.58,4.5,479,127,173,65,220,82,520,182,0.0,0.0,4.5,Nott'm Forest,DEF,4.5
True,True,,,538638,0,0,0,0,-22.7,-2,"[{'offset': 0, 'projected_percent': '-22.9', 'likelihood': -2}, {'offset': 1, 'projected_percent': '-24.4', 'likelihood': -2}, {'offset': 2, 'projected_percent': '-26.0', 'likelihood': -2}]",,False,0,2,0.0,0.0,0,Tyler,0.0,479,False,,,40,538638.jpg,0.0,False,Bindon,0.2,False,,a,18,17,0,433,68,1623,206,0.0,0.0,Bindon,,154.0,2025-02-03,2005-01-27,False,p538638,0,0,0,0,0,0,0,0,0,0,0,0,0,0.0,0.0,0.0,0.0,0,0,0,0,0,0.00,0.00,0.00,0.00,,,,,,,[],,318,121,318,123,239,91,335,122,0.0,0.0,0.0,0.0,0.0,0.0,601,186,364,125,364,125,353,133,0.0,0.0,0.0,Nott'm Forest,DEF,4.0
True,True,100.0,100.0,222531,-1,1,-1,1,2.9,568,"[{'offset': 0, 'projected_percent': '3.7', 'likelihood': 1}, {'offset': 1, 'projected_percent': '11.5', 'likelihood': 1}, {'offset': 2, 'projected_percent': '19.4', 'likelihood': 1}]",,False,1,3,7.5,7.5,13,Morgan,7.5,480,False,,2026-08-24T15:30:08.350159Z,79,222531.jpg,7.5,False,Gibbs-White,8.4,False,,a,18,17,15,29098,20318,304926,21833,0.9,1.9,Gibbs-White,,241.0,2022-08-19,2000-01-27,False,p222531,180,1,1,0,3,0,0,0,0,0,0,3,46,0.0,9.3,16.0,2.4,2,4,2,8,2,0.92,0.10,1.02,2.22,,,1.0,,1.0,,[],,623,274,126,73,67,37,160,73,0.46,0.0,0.05,0.51,1.11,1.5,12,7,11,5,29,14,48,18,1.0,0.0,4.0,Nott'm Forest,MID,7.9
True,True,100.0,100.0,209046,-1,1,-1,1,-5.2,-18,"[{'offset': 0, 'projected_percent': '-5.9', 'likelihood': -1}, {'offset': 1, 'projected_percent': '-13.0', 'likelihood': -1}, {'offset': 2, 'projected_percent': '-20.0', 'likelihood': -2}]",,False,0,3,0.5,0.5,1,Callum,0.5,482,False,,2026-07-23T12:01:23.832709Z,59,209046.jpg,1.0,False,Hudson-Odoi,0.2,False,,a,18,17,1,978,252,6207,723,0.1,0.2,Hudson-Odoi,,241.0,2023-09-01,2000-11-07,False,p209046,1,0,0,0,0,0,0,0,0,0,0,0,2,0.0,0.0,0.0,0.0,0,0,0,0,0,0.00,0.00,0.00,0.00,,,4.0,,,,[],,581,250,590,255,581,247,592,255,0.0,0.0,0.0,0.0,0.0,0.0,109,70,306,147,296,143,328,116,0.0,0.0,0.0,Nott'm Forest,MID,5.9
True,True,,,456512,0,0,0,0,0.1,223,"[{'offset': 0, 'projected_percent': '0.4', 'likelihood': 1}, {'offset': 1, 'projected_percent': '3.5', 'likelihood': 1}, {'offset': 2, 'projected_percent': '6.6', 'likelihood': 1}]",,False,1,3,6.0,6.0,9,Dan,6.0,483,False,,,55,456512.jpg,6.0,False,Ndoye,0.5,False,,a,18,17,12,6133,4642,6145,883,1.1,2.2,Ndoye,,207.0,2025-07-31,2000-10-25,False,p456512,126,1,0,1,1,0,0,0,0,0,0,2,35,1.4,2.5,0.0,0.4,2,9,1,12,2,0.58,0.63,1.21,1.67,,,,,,,[],,259,119,169,99,555,232,269,125,0.41,0.0,0.45,0.86,1.19,0.71,172,108,25,13,54,23,264,88,1.43,0.71,8.57,Nott'm Forest,MID,5.5
True,True,,,503301,0,0,0,0,-74.1,-19,"[{'offset': 0, 'projected_percent': '-75.8', 'likelihood': -3}, {'offset': 1, 'projected_percent': '-92.9', 'likelihood': -3}, {'offset': 2, 'projected_percent': '-109.9', 'likelihood': -5}]",,False,0,3,0.0,0.0,0,Omari,0.0,484,False,,,55,503301.jpg,0.0,False,Hutchinson,0.2,False,,a,18,17,0,272,58,2609,363,0.0,0.0,Hutchinson,,241.0,2025-08-16,2003-10-30,False,p503301,0,0,0,0,0,0,0,0,0,0,0,0,0,0.0,0.0,0.0,0.0,0,0,0,0,0,0.00,0.00,0.00,0.00,,,,,,,[],,569,243,582,251,569,241,582,249,0.0,0.0,0.0,0.0,0.0,0.0,196,123,587,254,587,254,374,143,0.0,0.0,0.0,Nott'm Forest,MID,5.5
True,False,0.0,0.0,476887,0,0,0,0,0.0,-4,"[{'offset': 0, 'projected_percent': '0.0', 'likelihood': 0}, {'offset': 1, 'projected_percent': '0.0', 'likelihood': 0}, {'offset': 2, 'projected_percent': '0.0', 'likelihood': 0}]",,False,0,3,0.0,0.0,0,Dilane,0.0,485,False,Has joined Lille on loan for the rest of the season,2026-08-27T14:53:03.381941Z,55,476887.jpg,0.0,False,Bakwa,0.0,False,,u,18,17,0,107,0,550,145,0.0,0.0,Bakwa,,73.0,2025-09-01,2002-08-26,False,p476887,0,0,0,0,0,0,0,0,0,0,0,0,0,0.0,0.0,0.0,0.0,0,0,0,0,0,0.00,0.00,0.00,0.00,,,,,,,[],,563,238,576,246,561,235,577,244,0.0,0.0,0.0,0.0,0.0,0.0,181,113,582,249,582,249,582,246,0.0,0.0,0.0,Nott'm Forest,MID,5.5
True,True,,,432714,0,0,0,0,0.3,15,"[{'offset': 0, 'projected_percent': '0.3', 'likelihood': 1}, {'offset': 1, 'projected_percent': '0.5', 'likelihood': 1}, {'offset': 2, 'projected_percent': '0.7', 'likelihood': 1}]",,False,0,3,2.5,2.5,2,James,2.5,486,False,,,55,432714.jpg,2.5,False,McAtee,0.1,False,,a,18,17,5,1146,472,639,164,0.5,0.9,McAtee,,241.0,2025-08-16,2002-10-18,False,p432714,163,0,0,1,2,0,0,0,0,0,0,0,34,11.6,42.5,0.0,5.4,4,10,2,16,2,0.00,0.32,0.32,2.09,1.0,,,,,,[],,146,49,12,10,547,227,67,35,0.0,0.0,0.18,0.18,1.15,1.1,160,100,103,47,119,55,478,197,1.1,0.55,8.83,Nott'm Forest,MID,5.5
True,True,,,250199,0,0,0,0,-54.8,0,"[{'offset': 0, 'projected_percent': '-54.8', 'likelihood': -3}, {'offset': 1, 'projected_percent': '-54.8', 'likelihood': -3}, {'offset': 2, 'projected_percent': '-54.8', 'likelihood': -3}]",,False,0,3,0.5,0.5,1,Nicolás,0.5,487,False,,,50,250199.jpg,1.0,False,Domínguez,0.1,False,,a,18,17,1,274,60,1211,149,0.1,0.2,Dominguez,,10.0,2023-09-01,1998-06-28,False,p250199,1,0,0,0,0,0,0,0,0,0,0,0,3,0.0,0.0,0.0,0.0,0,0,0,0,0,0.00,0.00,0.00,0.00,,,,,,,[],,479,189,488,198,439,163,495,196,0.0,0.0,0.0,0.0,0.0,0.0,297,179,257,115,242,105,451,181,0.0,0.0,0.0,Nott'm Forest,MID,5.0
True,True,0.0,0.0,210462,0,0,0,0,-45.1,-122,"[{'offset': 0, 'projected_percent': '-45.9', 'likelihood': -3}, {'offset': 1, 'projected_percent': '-53.5', 'likelihood': -3}, {'offset': 2, 'projected_percent': '-61.0', 'likelihood': -3}]",,False,0,3,0.0,0.0,0,Ibrahim,1.0,488,False,Calf injury - Unknown return date,2026-08-28T09:30:07.471668Z,50,210462.jpg,2.0,False,Sangaré,0.8,False,,i,18,17,2,2912,62,22921,4944,0.2,0.4,I.Sangaré,,54.0,2023-09-01,1997-12-02,False,p210462,90,0,0,0,1,0,0,0,0,0,0,0,10,17.8,13.0,3.0,3.4,3,3,0,6,1,0.03,0.01,0.04,0.47,,,,,,,[],https://www.nottinghamforest.co.uk/news/2026/august/28/glasner-provides-injury-update-ahead-of-liverpool-clash/,97,34,99,61,149,76,119,59,0.03,0.0,0.01,0.04,0.47,1.0,267,164,182,81,137,64,213,71,1.0,0.0,6.0,Nott'm Forest,MID,5.0
True,True,100.0,100.0,204968,0,0,0,0,-0.1,0,"[{'offset': 0, 'projected_percent': '-0.1', 'likelihood': -1}, {'offset': 1, 'projected_percent': '-0.1', 'likelihood': -1}, {'offset': 2, 'projected_percent': '-0.1', 'likelihood': -1}]",2026-09-05T09:30:07.492167Z,False,0,3,0.0,0.0,0,Ryan,0.0,489,False,,2026-08-17T20:30:08.195072Z,45,204968.jpg,0.0,False,Yates,1.5,False,,a,18,17,0,4428,2685,39451,2368,0.0,0.0,Yates,,241.0,2018-08-01,1997-11-21,False,p204968,0,0,0,0,0,0,0,0,0,0,0,0,0,0.0,0.0,0.0,0.0,0,0,0,0,0,0.00,0.00,0.00,0.00,,,,,,,[],,357,138,361,148,290,104,374,145,0.0,0.0,0.0,0.0,0.0,0.0,441,247,402,165,402,165,161,47,0.0,0.0,0.0,Nott'm Forest,MID,4.5
True,True,,,60689,0,0,0,0,-102.7,-223,"[{'offset': 0, 'projected_percent': '-104.9', 'likelihood': -5}, {'offset': 1, 'projected_percent': '-126.5', 'likelihood': -5}, {'offset': 2, 'projected_percent': '-148.1', 'likelihood': -5}]",,False,0,4,0.5,0.5,0,Chris,0.5,490,False,,,60,60689.jpg,1.0,False,Wood,1.5,False,,a,18,17,1,5513,944,35861,6510,0.1,0.2,Wood,,154.0,2023-07-01,1991-12-07,False,p60689,28,0,0,0,1,0,0,0,0,0,0,0,3,0.0,2.4,3.0,0.4,0,1,0,1,0,0.12,0.01,0.13,0.22,,,,,2.0,,[],,586,59,174,21,153,25,271,28,0.39,0.0,0.03,0.42,0.71,3.21,58,14,307,35,297,34,159,26,0.0,0.0,3.21,Nott'm Forest,FWD,6.0
True,True,,,482973,0,0,0,0,-71.6,-339,"[{'offset': 0, 'projected_percent': '-73.0', 'likelihood': -3}, {'offset': 1, 'projected_percent': '-86.7', 'likelihood': -3}, {'offset': 2, 'projected_percent': '-100.3', 'likelihood': -5}]",,False,0,4,1.5,1.5,1,Igor Jesus,1.5,491,False,,,60,482973.jpg,1.5,False,Maciel da Cruz,3.6,False,,a,18,17,3,13223,2986,68493,9943,0.2,0.5,Igor Jesus,Igor Jesus,30.0,2025-07-05,2001-02-25,False,p482973,180,0,0,0,3,0,0,0,1,0,0,0,12,5.2,6.8,31.0,4.3,5,2,1,8,2,1.29,0.06,1.35,2.22,,,,,4.0,,[],,211,14,133,16,26,8,96,13,0.64,0.0,0.03,0.67,1.11,1.5,92,24,153,18,192,23,94,15,1.0,0.0,4.0,Nott'm Forest,FWD,6.0
True,True,,,465680,0,0,0,0,-50.7,-3,"[{'offset': 0, 'projected_percent': '-51.4', 'likelihood': -3}, {'offset': 1, 'projected_percent': '-58.4', 'likelihood': -3}, {'offset': 2, 'projected_percent': '-65.4', 'likelihood': -3}]",,False,0,4,0.5,0.5,0,Arnaud,0.5,493,False,,,55,465680.jpg,1.0,False,Kalimuendo,0.1,False,,a,18,17,1,415,76,928,171,0.1,0.2,Kalimuendo,,73.0,2025-08-18,2002-01-20,False,p465680,1,0,0,0,0,0,0,0,0,0,0,0,3,0.0,0.0,0.0,0.0,0,0,0,0,0,0.00,0.00,0.00,0.00,,,,,,,[],,560,53,573,59,558,60,574,61,0.0,0.0,0.0,0.0,0.0,0.0,176,41,296,33,284,31,487,65,0.0,0.0,0.0,Nott'm Forest,FWD,5.5
True,True,,,204561,0,0,0,0,-43.2,5,"[{'offset': 0, 'projected_percent': '-42.4', 'likelihood': -3}, {'offset': 1, 'projected_percent': '-35.1', 'likelihood': -2}, {'offset': 2, 'projected_percent': '-27.9', 'likelihood': -2}]",,False,0,3,2.5,2.5,4,Xaver,2.5,558,False,,,50,204561.jpg,2.5,False,Schlager,0.1,False,,a,18,17,5,288,130,1273,129,0.5,1.0,Schlager,Xaver Schlager,14.0,2026-07-23,1997-09-28,False,p204561,106,0,0,0,3,0,0,0,0,0,0,0,18,0.6,1.0,2.0,0.4,3,8,5,16,1,0.07,0.00,0.07,1.88,3.0,,,,,,[],,270,127,222,124,166,81,264,120,0.06,0.0,0.0,0.06,1.6,2.55,261,159,96,41,115,52,420,165,0.85,0.0,13.58,Nott'm Forest,MID,5.0
True,True,,,568420,0,0,0,0,-42.3,-63,"[{'offset': 0, 'projected_percent': '-43.6', 'likelihood': -3}, {'offset': 1, 'projected_percent': '-56.3', 'likelihood': -3}, {'offset': 2, 'projected_percent': '-69.1', 'likelihood': -3}]",,False,0,2,0.0,0.0,0,Ousmane,0.0,581,False,,,55,568420.jpg,0.0,False,Diomande,0.7,False,,a,18,17,0,4073,589,14334,2233,0.0,0.0,Diomande,,54.0,2026-08-11,2003-12-04,False,p568420,0,0,0,0,0,0,0,0,0,0,0,0,0,0.0,0.0,0.0,0.0,0,0,0,0,0,0.00,0.00,0.00,0.00,,,,,,,[],,574,204,585,204,574,201,586,204,0.0,0.0,0.0,0.0,0.0,0.0,209,29,590,202,590,202,228,85,0.0,0.0,0.0,Nott'm Forest,DEF,5.5
True,True,,,428971,0,0,0,0,0.0,0,"[{'offset': 0, 'projected_percent': '0.0', 'likelihood': 0}, {'offset': 1, 'projected_percent': '0.0', 'likelihood': 0}, {'offset': 2, 'projected_percent': '0.0', 'likelihood': 0}]",2026-08-30T13:58:38.502618Z,False,0,1,0.0,0.0,0,Steven,0.0,590,False,,,45,428971.jpg,0.0,False,Benda,0.1,False,,a,18,17,0,761,136,653,109,0.0,0.0,Benda,,80.0,2026-08-15,1998-10-01,False,p428971,0,0,0,0,0,0,0,0,0,0,0,0,0,0.0,0.0,0.0,0.0,0,0,0,0,0,0.00,0.00,0.00,0.00,,,,,,,[],,372,54,376,37,310,37,389,54,0.0,0.0,0.0,0.0,0.0,0.0,467,37,415,54,415,54,466,51,0.0,0.0,0.0,Nott'm Forest,GKP,4.5
True,True,,,469142,0,0,0,0,-33.9,-1500,"[{'offset': 0, 'projected_percent': '-36.2', 'likelihood': -2}, {'offset': 1, 'projected_percent': '-59.4', 'likelihood': -3}, {'offset': 2, 'projected_percent': '-82.6', 'likelihood': -3}]",,False,0,2,1.0,1.0,1,Jan Paul,1.0,112,False,,,50,469142.jpg,1.0,False,van Hecke,9.3,False,,a,19,6,2,40500,3896,119501,20733,0.2,0.4,Van Hecke,,152.0,2026-06-18,2000-06-08,False,p469142,180,0,0,0,5,0,0,0,0,0,0,0,11,28.2,2.8,2.0,3.3,12,7,4,16,2,0.11,0.06,0.17,4.62,,,,,,,[],,58,22,166,49,170,60,122,45,0.06,0.0,0.03,0.09,2.31,2.5,322,62,187,69,246,96,43,16,1.0,0.0,8.0,Spurs,DEF,5.0
True,True,,,438234,0,0,0,0,17.8,155,"[{'offset': 0, 'projected_percent': '18.0', 'likelihood': 1}, {'offset': 1, 'projected_percent': '20.2', 'likelihood': 2}, {'offset': 2, 'projected_percent': '22.3', 'likelihood': 2}]",,False,0,4,1.0,1.0,2,Omar,1.0,401,False,,,70,438234.jpg,2.0,False,Marmoush,1.6,False,,a,19,6,2,63250,23442,23731,4370,0.1,0.3,Marmoush,Omar Marmoush,63.0,2026-08-27,1999-02-07,False,p438234,90,0,0,0,2,0,0,0,0,0,0,0,13,0.0,0.0,0.0,0.0,0,3,1,4,1,0.17,0.04,0.21,0.75,,,,,2.0,,[],,616,69,618,70,617,70,618,70,0.17,0.0,0.04,0.21,0.75,2.0,27,9,216,25,169,18,150,24,1.0,0.0,4.0,Spurs,FWD,7.0
True,True,75.0,,510281,0,0,0,0,24.8,-252,"[{'offset': 0, 'projected_percent': '24.5', 'likelihood': 2}, {'offset': 1, 'projected_percent': '21.0', 'likelihood': 2}, {'offset': 2, 'projected_percent': '17.5', 'likelihood': 1}]",,False,0,3,0.0,0.0,0,Sávio,0.0,403,False,Muscular injury - 75% chance of playing,2026-08-29T16:30:08.380416Z,65,510281.jpg,0.0,False,Moreira de Oliveira,1.0,False,,d,19,6,0,64563,8816,11077,4213,0.0,0.0,Sávio,Sávio,30.0,2026-08-25,2004-04-10,False,p510281,0,0,0,0,0,0,0,0,0,0,0,0,0,0.0,0.0,0.0,0.0,0,0,0,0,0,0.00,0.00,0.00,0.00,,,,,,,[],,613,270,615,271,613,269,615,271,0.0,0.0,0.0,0.0,0.0,0.0,45,30,612,270,612,270,193,62,0.0,0.0,0.0,Spurs,MID,6.5
True,True,,,432422,0,0,0,0,-58.7,-706,"[{'offset': 0, 'projected_percent': '-61.5', 'likelihood': -3}, {'offset': 1, 'projected_percent': '-89.4', 'likelihood': -3}, {'offset': 2, 'projected_percent': '-117.3', 'likelihood': -5}]",,False,0,3,2.0,2.0,2,Sandro,2.0,455,False,,,55,432422.jpg,2.0,False,Tonali,3.6,False,,a,19,6,4,16258,2139,62389,10173,0.4,0.7,Tonali,,106.0,2026-07-06,2000-05-08,False,p432422,164,0,0,0,5,0,0,0,0,0,0,0,27,6.2,6.4,8.0,2.1,1,6,1,8,2,0.17,0.08,0.25,4.62,,,5.0,,,,[],,198,79,135,79,96,47,172,78,0.09,0.0,0.04,0.13,2.54,2.74,159,99,122,58,152,75,92,29,1.1,0.0,4.39,Spurs,MID,5.5
True,False,0.0,0.0,184254,0,0,0,0,0.0,-28,"[{'offset': 0, 'projected_percent': '0.0', 'likelihood': 0}, {'offset': 1, 'projected_percent': '0.0', 'likelihood': 0}, {'offset': 2, 'projected_percent': '0.0', 'likelihood': 0}]",,False,0,1,0.0,0.0,0,Guglielmo,0.0,494,False,Has joined Juventus on loan for the rest of the season,2026-08-19T13:55:33.193962Z,45,184254.jpg,0.0,False,Vicario,0.2,False,,u,19,6,0,0,0,12670,1233,0.0,0.0,Vicario,,106.0,2023-07-01,1996-10-07,False,p184254,0,0,0,0,0,0,0,0,0,0,0,0,0,0.0,0.0,0.0,0.0,0,0,0,0,0,0.00,0.00,0.00,0.00,,,,,,,[],,353,50,357,32,284,32,370,50,0.0,0.0,0.0,0.0,0.0,0.0,432,32,398,50,398,50,324,37,0.0,0.0,0.0,Spurs,GKP,4.5
True,True,,,214572,0,0,0,0,0.1,-6,"[{'offset': 0, 'projected_percent': '0.1', 'likelihood': 1}, {'offset': 1, 'projected_percent': '0.0', 'likelihood': 0}, {'offset': 2, 'projected_percent': '-0.6', 'likelihood': -1}]",,False,0,1,0.0,0.0,0,Brandon,0.0,495,False,,,40,214572.jpg,0.0,False,Austin,0.9,False,,a,19,6,0,4144,932,4234,532,0.0,0.0,Austin,,241.0,2017-07-22,1999-01-08,False,p214572,0,0,0,0,0,0,0,0,0,0,0,0,0,0.0,0.0,0.0,0.0,0,0,0,0,0,0.00,0.00,0.00,0.00,,,,,,,[],,298,32,297,12,217,12,315,32,0.0,0.0,0.0,0.0,0.0,0.0,573,60,344,32,344,32,205,29,0.0,0.0,0.0,Spurs,GKP,4.0
True,True,,,485055,0,0,0,0,-8.0,-1337,"[{'offset': 0, 'projected_percent': '-8.9', 'likelihood': -1}, {'offset': 1, 'projected_percent': '-17.6', 'likelihood': -1}, {'offset': 2, 'projected_percent': '-26.2', 'likelihood': -2}]",,False,0,1,1.5,1.5,1,Antonín,1.5,496,False,,,45,485055.jpg,1.5,False,Kinský,22.3,False,,a,19,6,3,47676,7051,108296,26145,0.3,0.7,Kinsky,,57.0,2025-01-05,2003-03-13,False,p485055,180,0,0,0,5,0,0,0,0,0,5,0,19,43.6,0.0,0.0,4.4,4,18,0,0,2,0.00,0.00,0.00,4.62,,,,,,,[],,17,1,385,42,322,42,90,1,0.0,2.5,0.0,0.0,2.31,2.5,484,42,133,10,176,13,13,2,1.0,0.0,0.0,Spurs,GKP,4.5
True,True,,,67089,0,0,0,0,-5.6,-228,"[{'offset': 0, 'projected_percent': '-5.8', 'likelihood': -1}, {'offset': 1, 'projected_percent': '-7.6', 'likelihood': -1}, {'offset': 2, 'projected_percent': '-9.4', 'likelihood': -1}]",,False,0,1,0.0,0.0,0,Martin,0.0,497,False,,,40,67089.jpg,0.0,False,Dubravka,18.4,False,,a,19,6,0,45690,10604,74585,10768,0.0,0.0,Dubravka,,194.0,2026-07-01,1989-01-15,False,p67089,0,0,0,0,0,0,0,0,0,0,0,0,0,0.0,0.0,0.0,0.0,0,0,0,0,0,0.00,0.00,0.00,0.00,,,,,,,[],,284,25,281,5,199,5,300,25,0.0,0.0,0.0,0.0,0.0,0.0,552,53,330,25,330,25,19,4,0.0,0.0,0.0,Spurs,GKP,4.0
True,True,,,221466,0,0,0,0,-38.3,-1443,"[{'offset': 0, 'projected_percent': '-41.1', 'likelihood': -3}, {'offset': 1, 'projected_percent': '-69.5', 'likelihood': -3}, {'offset': 2, 'projected_percent': '-97.8', 'likelihood': -4}]",,False,0,2,1.5,1.5,0,Marcos,1.5,498,False,,,60,221466.jpg,3.0,False,Senesi Barón,7.3,False,,a,19,6,3,17656,1714,81892,17657,0.2,0.5,Senesi,,10.0,2026-07-01,1997-05-10,False,p221466,90,0,0,0,3,0,0,0,0,0,0,0,10,36.6,2.2,0.0,3.9,11,2,5,16,1,0.00,0.02,0.02,3.87,,,,,,,[],,37,12,183,55,589,205,105,36,0.0,0.0,0.02,0.02,3.87,3.0,72,7,151,54,104,40,56,23,1.0,0.0,16.0,Spurs,DEF,6.0
True,True,100.0,100.0,441164,0,0,0,0,-0.4,0,"[{'offset': 0, 'projected_percent': '-0.4', 'likelihood': -1}, {'offset': 1, 'projected_percent': '-0.4', 'likelihood': -1}, {'offset': 2, 'projected_percent': '-0.4', 'likelihood': -1}]",2026-08-31T17:30:09.162542Z,False,0,2,0.5,0.5,1,Pedro,0.5,499,False,,2026-08-21T15:22:48.149081Z,55,441164.jpg,1.0,False,Porro Sauceda,13.4,False,,a,19,6,1,31266,10692,334859,17341,0.1,0.2,Pedro Porro,,200.0,2023-07-01,1999-09-13,False,p441164,90,0,0,0,2,0,0,0,0,0,0,0,4,0.0,0.0,0.0,0.0,3,1,1,4,1,0.19,0.10,0.29,0.75,3.0,,1.0,,,,[],,557,203,570,203,551,196,571,203,0.19,0.0,0.1,0.29,0.75,2.0,166,21,293,103,282,100,30,10,1.0,0.0,4.0,Spurs,DEF,5.5
True,False,0.0,0.0,221632,0,0,0,0,0.0,-24,"[{'offset': 0, 'projected_percent': '0.0', 'likelihood': 0}, {'offset': 1, 'projected_percent': '0.0', 'likelihood': 0}, {'offset': 2, 'projected_percent': '0.0', 'likelihood': 0}]",,False,0,2,0.0,0.0,0,Cristian,0.0,500,False,Has joined Atletico Madrid permanently,2026-08-17T13:49:05.465401Z,50,221632.jpg,0.0,False,Romero,0.1,False,,u,19,6,0,0,0,11710,931,0.0,0.0,Romero,,10.0,2022-08-30,1998-04-27,False,p221632,0,0,0,0,0,0,0,0,0,0,0,0,0,0.0,0.0,0.0,0.0,0,0,0,0,0,0.00,0.00,0.00,0.00,,,,,,,[],,466,185,475,185,423,171,482,185,0.0,0.0,0.0,0.0,0.0,0.0,279,48,498,180,498,180,382,138,0.0,0.0,0.0,Spurs,DEF,5.0
True,True,,,135720,0,0,0,0,-39.7,-16,"[{'offset': 0, 'projected_percent': '-41.0', 'likelihood': -3}, {'offset': 1, 'projected_percent': '-54.2', 'likelihood': -3}, {'offset': 2, 'projected_percent': '-67.4', 'likelihood': -3}]",,False,0,2,0.0,0.0,0,Kevin,0.0,501,False,,,50,135720.jpg,0.0,False,Danso,0.2,False,,a,19,6,0,1178,158,2808,376,0.0,0.0,Danso,,14.0,2025-07-01,1998-09-19,False,p135720,0,0,0,0,0,0,0,0,0,0,0,0,0,0.0,0.0,0.0,0.0,0,0,0,0,0,0.00,0.00,0.00,0.00,,,,,,,[],,446,179,453,180,394,163,462,179,0.0,0.0,0.0,0.0,0.0,0.0,241,39,482,176,482,176,357,134,0.0,0.0,0.0,Spurs,DEF,5.0
True,True,,,122798,0,0,0,0,0.1,-347,"[{'offset': 0, 'projected_percent': '-1.1', 'likelihood': -1}, {'offset': 1, 'projected_percent': '-14.4', 'likelihood': -1}, {'offset': 2, 'projected_percent': '-27.6', 'likelihood': -2}]",,False,0,2,2.5,2.5,2,Andrew,2.5,502,False,,,45,122798.jpg,2.5,False,Robertson,3.8,False,,a,19,6,5,24964,2793,28943,5645,0.6,1.1,Robertson,,243.0,2026-07-01,1994-03-11,False,p122798,157,0,0,0,4,0,0,0,0,0,0,0,20,31.8,19.2,2.0,5.3,11,4,3,14,2,0.06,0.08,0.14,4.34,1.0,,,,,,[],,48,19,64,19,158,54,69,23,0.03,0.0,0.05,0.08,2.49,2.29,422,87,93,36,112,41,90,35,1.15,0.0,8.03,Spurs,DEF,4.5
True,True,100.0,100.0,491279,0,0,0,0,0.0,0,"[{'offset': 0, 'projected_percent': '0.0', 'likelihood': 0}, {'offset': 1, 'projected_percent': '0.0', 'likelihood': 0}, {'offset': 2, 'projected_percent': '0.0', 'likelihood': 0}]",2026-08-31T18:30:08.314043Z,False,0,2,0.0,0.0,0,Micky,0.0,503,False,,2026-08-21T15:00:07.610517Z,50,491279.jpg,0.0,False,van de Ven,4.3,False,,a,19,6,0,12128,3754,131171,6468,0.0,0.0,Van de Ven,,152.0,2023-08-08,2001-04-19,False,p491279,90,0,0,0,2,0,0,0,1,0,0,0,5,0.0,0.0,0.0,0.0,7,3,1,8,1,0.00,0.02,0.02,0.75,,,,,,,[],,506,194,518,194,475,185,522,194,0.0,0.0,0.02,0.02,0.75,2.0,339,67,535,191,535,191,78,32,1.0,0.0,8.0,Spurs,DEF,5.0
True,False,0.0,0.0,232859,0,0,0,0,0.0,-85,"[{'offset': 0, 'projected_percent': '0.0', 'likelihood': 0}, {'offset': 1, 'projected_percent': '0.0', 'likelihood': 0}, {'offset': 2, 'projected_percent': '0.0', 'likelihood': 0}]",,False,0,2,0.0,0.0,0,Djed,0.0,505,False,Has joined Internazionale permanently,2026-08-18T14:13:08.454214Z,45,232859.jpg,0.0,False,Spence,0.4,False,,u,19,6,0,0,0,49241,3459,0.0,0.0,Spence,,241.0,2022-07-19,2000-08-09,False,p232859,0,0,0,0,0,0,0,0,0,0,0,0,0,0.0,0.0,0.0,0.0,0,0,0,0,0,0.00,0.00,0.00,0.00,,,,,,,[],,366,151,370,155,301,132,383,152,0.0,0.0,0.0,0.0,0.0,0.0,456,112,409,152,409,152,268,99,0.0,0.0,0.0,Spurs,DEF,4.5
True,True,,,487053,0,0,0,0,-33.3,-32,"[{'offset': 0, 'projected_percent': '-34.2', 'likelihood': -2}, {'offset': 1, 'projected_percent': '-44.0', 'likelihood': -3}, {'offset': 2, 'projected_percent': '-53.8', 'likelihood': -3}]",,False,0,2,1.0,1.0,1,Destiny,1.0,506,False,,,45,487053.jpg,1.0,False,Udogie,0.5,False,,a,19,6,2,1899,214,5424,732,0.2,0.4,Udogie,,106.0,2022-08-16,2002-11-28,False,p487053,26,0,0,0,1,0,0,0,0,0,0,0,5,0.0,0.7,0.0,0.0,0,3,1,1,0,0.00,0.21,0.21,0.72,,,,,,,[],,380,161,235,82,323,143,396,161,0.0,0.0,0.73,0.73,2.49,3.46,485,130,174,66,223,85,261,97,0.0,0.0,3.46,Spurs,DEF,4.5
True,False,0.0,0.0,548308,0,0,0,0,0.0,-2,"[{'offset': 0, 'projected_percent': '0.0', 'likelihood': 0}, {'offset': 1, 'projected_percent': '0.0', 'likelihood': 0}, {'offset': 2, 'projected_percent': '0.0', 'likelihood': 0}]",,False,0,2,0.0,0.0,0,Ashley,0.0,507,False,Has joined Middlesbrough permanently,2026-08-18T14:13:08.474144Z,45,548308.jpg,0.0,False,Phillips,0.0,False,,u,19,6,0,0,0,715,57,0.0,0.0,Phillips,,241.0,2023-08-05,2005-06-26,False,p548308,0,0,0,0,0,0,0,0,0,0,0,0,0,0.0,0.0,0.0,0.0,0,0,0,0,0,0.00,0.00,0.00,0.00,,,,,,,[],,399,167,406,168,344,150,415,167,0.0,0.0,0.0,0.0,0.0,0.0,507,138,440,166,440,166,555,193,0.0,0.0,0.0,Spurs,DEF,4.5
True,True,,,115556,0,0,0,0,-24.7,-40,"[{'offset': 0, 'projected_percent': '-25.3', 'likelihood': -2}, {'offset': 1, 'projected_percent': '-30.9', 'likelihood': -2}, {'offset': 2, 'projected_percent': '-36.5', 'likelihood': -2}]",,False,0,2,0.0,0.0,0,Ben,0.0,508,False,,,40,115556.jpg,0.0,False,Davies,1.0,False,,a,19,6,0,3389,512,10178,1195,0.0,0.0,Davies,,244.0,2014-07-23,1993-04-24,False,p115556,0,0,0,0,0,0,0,0,0,0,0,0,0,0.0,0.0,0.0,0.0,0,0,0,0,0,0.00,0.00,0.00,0.00,,,,,,,[],,290,105,287,104,205,69,306,105,0.0,0.0,0.0,0.0,0.0,0.0,559,156,336,109,336,109,190,73,0.0,0.0,0.0,Spurs,DEF,4.0
True,True,,,640419,0,0,0,0,-13.1,0,"[{'offset': 0, 'projected_percent': '-13.1', 'likelihood': -1}, {'offset': 1, 'projected_percent': '-13.1', 'likelihood': -1}, {'offset': 2, 'projected_percent': '-13.1', 'likelihood': -1}]",,False,0,2,0.0,0.0,0,Jun'ai,0.0,509,False,,,40,640419.jpg,0.0,False,Byfield,0.1,False,,a,19,6,0,386,67,640,82,0.0,0.0,Byfield,,,,,False,p640419,0,0,0,0,0,0,0,0,0,0,0,0,0,0.0,0.0,0.0,0.0,0,0,0,0,0,0.00,0.00,0.00,0.00,,,,,,,[],,333,135,334,138,257,108,350,136,0.0,0.0,0.0,0.0,0.0,0.0,620,204,378,138,378,138,484,169,0.0,0.0,0.0,Spurs,DEF,4.0
True,True,,,499716,0,0,0,0,-16.4,-4,"[{'offset': 0, 'projected_percent': '-17.1', 'likelihood': -1}, {'offset': 1, 'projected_percent': '-23.3', 'likelihood': -2}, {'offset': 2, 'projected_percent': '-29.6', 'likelihood': -2}]",,False,0,2,0.0,0.0,0,James,0.0,510,False,,,40,499716.jpg,0.0,False,Rowswell,0.1,False,,a,19,6,0,416,81,806,111,0.0,0.0,Rowswell,,,,,False,p499716,0,0,0,0,0,0,0,0,0,0,0,0,0,0.0,0.0,0.0,0.0,0,0,0,0,0,0.00,0.00,0.00,0.00,,,,,,,[],,314,118,314,120,235,88,331,119,0.0,0.0,0.0,0.0,0.0,0.0,597,183,360,122,360,122,445,156,0.0,0.0,0.0,Spurs,DEF,4.0
True,True,,,616221,0,0,0,0,-19.9,-11,"[{'offset': 0, 'projected_percent': '-20.4', 'likelihood': -2}, {'offset': 1, 'projected_percent': '-25.7', 'likelihood': -2}, {'offset': 2, 'projected_percent': '-31.0', 'likelihood': -2}]",,False,0,2,0.0,0.0,0,João Victor,0.0,511,False,,,40,616221.jpg,0.0,False,de Souza Menezes,0.3,False,,a,19,6,0,1492,299,3075,381,0.0,0.0,Souza,Souza,30.0,2026-01-22,2006-06-16,False,p616221,0,0,0,0,0,0,0,0,0,0,0,0,0,0.0,0.0,0.0,0.0,0,0,0,0,0,0.00,0.00,0.00,0.00,,,,,,,[],,332,134,333,137,256,107,349,135,0.0,0.0,0.0,0.0,0.0,0.0,619,203,377,137,377,137,298,112,0.0,0.0,0.0,Spurs,DEF,4.0
True,True,100.0,75.0,460842,0,0,0,0,-15.1,10,"[{'offset': 0, 'projected_percent': '-13.0', 'likelihood': -1}, {'offset': 1, 'projected_percent': '0.1', 'likelihood': 1}, {'offset': 2, 'projected_percent': '0.2', 'likelihood': 1}]",,False,0,3,0.5,0.4,1,Mohammed,0.5,512,False,,2026-07-23T12:01:23.848657Z,65,460842.jpg,1.0,False,Kudus,0.1,False,,a,19,6,1,493,224,2712,306,0.1,0.2,Kudus,,81.0,2025-07-10,2000-08-02,False,p460842,22,0,0,0,1,0,0,0,0,0,0,0,4,0.0,0.0,0.0,0.0,0,2,0,2,0,0.04,0.01,0.05,0.28,,,3.0,,3.0,,[],,612,269,614,270,612,268,614,270,0.16,0.0,0.04,0.2,1.15,4.09,42,28,321,158,313,155,463,186,0.0,0.0,8.18,Spurs,MID,6.5
True,True,0.0,0.0,493362,0,0,0,0,-48.1,0,"[{'offset': 0, 'projected_percent': '-48.1', 'likelihood': -3}, {'offset': 1, 'projected_percent': '-48.1', 'likelihood': -3}, {'offset': 2, 'projected_percent': '-48.1', 'likelihood': -3}]",,False,0,3,0.0,0.0,0,Xavi,0.0,513,False,Knee injury - Unknown return date,2026-07-23T12:01:23.864304Z,60,493362.jpg,0.0,False,Simons,0.0,False,,i,19,6,0,95,18,432,76,0.0,0.0,Xavi,,152.0,2025-08-29,2003-04-21,False,p493362,0,0,0,0,0,0,0,0,0,0,0,0,0,0.0,0.0,0.0,0.0,0,0,0,0,0,0.00,0.00,0.00,0.00,,,2.0,,4.0,,[],,601,261,604,263,598,257,604,263,0.0,0.0,0.0,0.0,0.0,0.0,95,60,604,264,604,264,576,243,0.0,0.0,0.0,Spurs,MID,6.0
True,True,,,511499,0,0,0,0,-84.8,-149,"[{'offset': 0, 'projected_percent': '-89.4', 'likelihood': -3}, {'offset': 1, 'projected_percent': '-135.1', 'likelihood': -5}, {'offset': 2, 'projected_percent': '-180.7', 'likelihood': -5}]",,False,0,3,2.0,2.0,2,Mathys,2.0,514,False,,,60,511499.jpg,2.0,False,Tel,0.5,False,,a,19,6,4,4491,317,12726,2265,0.3,0.7,Tel,,73.0,2025-07-01,2005-04-27,False,p511499,157,0,0,0,4,0,0,0,0,0,0,0,26,10.4,26.0,9.0,4.5,1,9,1,11,2,0.19,0.09,0.28,4.34,,,4.0,,,,[],,162,59,44,30,93,45,89,47,0.11,0.0,0.05,0.16,2.49,2.29,97,62,125,59,165,85,262,87,1.15,0.0,6.31,Spurs,MID,6.0
True,True,75.0,75.0,172780,-1,1,-1,1,-8.7,-278,"[{'offset': 0, 'projected_percent': '-10.1', 'likelihood': -1}, {'offset': 1, 'projected_percent': '-24.1', 'likelihood': -2}, {'offset': 2, 'projected_percent': '-38.1', 'likelihood': -2}]",,False,0,3,0.4,0.4,0,James,0.5,515,False,Shoulder injury - 75% chance of playing,2026-08-25T14:30:07.623508Z,64,172780.jpg,1.0,False,Maddison,0.9,False,,d,19,6,1,2738,52,43574,6588,0.1,0.2,Maddison,,241.0,2023-06-28,1996-11-23,False,p172780,22,0,0,0,0,0,0,0,0,0,0,0,6,4.4,8.3,8.0,2.1,1,1,0,2,0,0.00,0.01,0.01,0.85,,,,,,,[],https://www.tottenhamhotspur.com/news/1086784/team-news-porro-van-de-ven-available-maddison-a-doubt-for-charlton-clash?utm_source=chatgpt.com,219,94,129,76,101,51,174,80,0.0,0.0,0.04,0.04,3.48,0.0,50,34,316,153,308,150,203,67,0.0,0.0,8.18,Spurs,MID,6.4
True,True,,,202993,0,0,0,0,-37.8,-8,"[{'offset': 0, 'projected_percent': '-38.4', 'likelihood': -2}, {'offset': 1, 'projected_percent': '-44.5', 'likelihood': -3}, {'offset': 2, 'projected_percent': '-50.6', 'likelihood': -3}]",,False,0,3,1.5,1.5,2,Rodrigo,1.5,516,False,,,55,202993.jpg,1.5,False,Bentancur,0.2,False,,a,19,6,3,759,157,2324,293,0.3,0.5,Bentancur,,230.0,2022-01-31,1997-06-25,False,p202993,135,0,0,0,3,0,0,0,0,0,0,0,25,2.0,14.7,0.0,1.7,3,8,5,16,1,0.00,0.03,0.03,2.93,,,,,,,[],,253,115,84,54,536,218,199,88,0.0,0.0,0.02,0.02,1.95,2.0,137,85,142,63,184,92,349,129,0.67,0.0,10.67,Spurs,MID,5.5
True,True,0.0,0.0,550839,0,0,0,0,-13.1,0,"[{'offset': 0, 'projected_percent': '-13.1', 'likelihood': -1}, {'offset': 1, 'projected_percent': '-13.1', 'likelihood': -1}, {'offset': 2, 'projected_percent': '-13.1', 'likelihood': -1}]",,False,0,3,0.0,0.0,0,Wilson,0.0,517,False,Knee injury - Unknown return date,2026-07-23T12:01:23.879434Z,55,550839.jpg,0.0,False,Odobert,0.0,False,,i,19,6,0,21,5,26,7,0.0,0.0,Odobert,,73.0,2024-08-16,2004-11-28,False,p550839,0,0,0,0,0,0,0,0,0,0,0,0,0,0.0,0.0,0.0,0.0,0,0,0,0,0,0.00,0.00,0.00,0.00,,,,,,,[],https://www.tottenhamhotspur.com/news/1008505/odobert-suffers-acl-injury,573,247,584,253,572,244,585,252,0.0,0.0,0.0,0.0,0.0,0.0,207,132,589,256,589,256,621,273,0.0,0.0,0.0,Spurs,MID,5.5
True,True,100.0,0.0,482442,0,0,-1,1,-0.0,0,"[{'offset': 0, 'projected_percent': '-0.0', 'likelihood': 0}, {'offset': 1, 'projected_percent': '-0.0', 'likelihood': 0}, {'offset': 2, 'projected_percent': '-0.0', 'likelihood': 0}]",2026-09-05T18:30:08.546151Z,False,0,3,0.0,0.0,0,Pape Matar,0.0,518,False,,2026-08-21T14:30:08.419690Z,49,482442.jpg,0.0,False,Sarr,0.2,False,,a,19,6,0,1284,1171,10875,411,0.0,0.0,P.M.Sarr,Pape Matar Sarr,189.0,2021-08-27,2002-09-14,False,p482442,0,0,0,0,0,0,0,0,0,0,0,0,0,0.0,0.0,0.0,0.0,0,0,0,0,0,0.00,0.00,0.00,0.00,,,,,,,[],,432,162,438,172,379,131,448,169,0.0,0.0,0.0,0.0,0.0,0.0,400,240,470,188,470,188,363,137,0.0,0.0,0.0,Spurs,MID,4.9
True,True,,,232787,0,0,0,0,-73.2,-53,"[{'offset': 0, 'projected_percent': '-76.0', 'likelihood': -3}, {'offset': 1, 'projected_percent': '-103.9', 'likelihood': -5}, {'offset': 2, 'projected_percent': '-131.8', 'likelihood': -5}]",,False,0,3,0.0,0.0,0,Conor,0.0,519,False,,,55,232787.jpg,0.0,False,Gallagher,0.3,False,,a,19,6,0,1399,191,5396,749,0.0,0.0,Gallagher,,241.0,2026-01-14,2000-02-06,False,p232787,45,0,0,0,2,0,0,0,1,0,0,0,1,0.0,5.5,1.0,0.5,0,2,1,3,1,0.02,0.06,0.08,1.70,,,,,,,[],,553,232,143,85,191,97,259,118,0.04,0.0,0.12,0.16,3.4,4.0,151,93,577,245,577,245,309,108,2.0,0.0,6.0,Spurs,MID,5.5
True,True,,,570526,0,0,0,0,-43.8,-33,"[{'offset': 0, 'projected_percent': '-46.2', 'likelihood': -3}, {'offset': 1, 'projected_percent': '-69.5', 'likelihood': -3}, {'offset': 2, 'projected_percent': '-92.9', 'likelihood': -3}]",,False,0,3,0.5,0.5,0,Lucas,0.5,520,False,,,55,570526.jpg,1.0,False,Bergvall,0.2,False,,a,19,6,1,748,113,2628,429,0.1,0.2,Bergvall,,206.0,2024-07-01,2006-02-02,False,p570526,45,0,0,0,2,0,0,0,0,0,0,0,2,0.0,2.0,2.0,0.0,0,7,1,8,1,0.00,0.01,0.01,1.70,,,,,,,[],,575,248,187,109,180,90,587,253,0.0,0.0,0.02,0.02,3.4,4.0,210,134,302,144,291,139,338,123,2.0,0.0,16.0,Spurs,MID,5.5
True,True,0.0,0.0,445044,0,0,0,0,-37.2,-3,"[{'offset': 0, 'projected_percent': '-39.1', 'likelihood': -2}, {'offset': 1, 'projected_percent': '-57.7', 'likelihood': -3}, {'offset': 2, 'projected_percent': '-76.3', 'likelihood': -3}]",,False,0,3,0.0,0.0,0,Dejan,0.0,521,False,Knee injury - Unknown return date,2026-07-23T12:01:23.895175Z,65,445044.jpg,0.0,False,Kulusevski,0.0,False,,i,19,6,0,89,14,271,30,0.0,0.0,Kulusevski,,206.0,2023-07-01,2000-04-25,False,p445044,0,0,0,0,0,0,0,0,0,0,0,0,0,0.0,0.0,0.0,0.0,0,0,0,0,0,0.00,0.00,0.00,0.00,,,,,,,[],,610,268,612,269,610,267,612,269,0.0,0.0,0.0,0.0,0.0,0.0,40,27,610,269,610,269,592,252,0.0,0.0,0.0,Spurs,MID,6.5
True,True,,,547701,0,0,0,0,-14.6,-19,"[{'offset': 0, 'projected_percent': '-15.8', 'likelihood': -1}, {'offset': 1, 'projected_percent': '-28.2', 'likelihood': -2}, {'offset': 2, 'projected_percent': '-40.6', 'likelihood': -3}]",,False,0,3,2.0,2.0,2,Archie,2.0,522,False,,,50,547701.jpg,2.0,False,Gray,0.2,False,,a,19,6,4,2100,389,3050,506,0.4,0.8,Gray,,241.0,2024-07-02,2006-03-12,False,p547701,152,0,0,0,4,0,0,0,0,0,0,0,24,6.2,3.3,0.0,1.0,5,5,1,11,2,0.00,0.01,0.01,3.90,,,,,,,[],,197,78,163,95,491,190,235,106,0.0,0.0,0.01,0.01,2.31,2.37,370,219,117,55,144,69,327,115,1.18,0.0,6.51,Spurs,MID,5.0
True,True,,,499721,0,0,0,0,0.0,-15,"[{'offset': 0, 'projected_percent': '-0.8', 'likelihood': -1}, {'offset': 1, 'projected_percent': '-11.8', 'likelihood': -1}, {'offset': 2, 'projected_percent': '-22.8', 'likelihood': -2}]",,False,0,3,1.5,1.5,1,Mikey,1.5,523,False,,,50,499721.jpg,1.5,False,Moore,0.2,False,,a,19,6,3,2731,312,3010,484,0.3,0.6,Moore,,241.0,2024-05-01,2007-08-11,False,p499721,89,0,0,0,4,0,0,0,0,0,0,0,11,14.2,5.9,55.0,7.5,0,2,1,3,1,0.40,0.02,0.42,3.30,,,,,,,[],,123,40,140,84,4,3,35,20,0.4,0.0,0.02,0.42,3.34,4.04,347,201,139,61,181,90,348,128,1.01,0.0,3.03,Spurs,MID,5.0
True,True,,,499726,0,0,0,0,-41.0,-31,"[{'offset': 0, 'projected_percent': '-41.6', 'likelihood': -3}, {'offset': 1, 'projected_percent': '-47.1', 'likelihood': -3}, {'offset': 2, 'projected_percent': '-52.6', 'likelihood': -3}]",,False,0,3,0.0,0.0,0,Callum,0.0,524,False,,,45,499726.jpg,0.0,False,Olusesi,0.8,False,,a,19,6,0,2266,252,10527,1215,0.0,0.0,Olusesi,,,,,False,p499726,0,0,0,0,0,0,0,0,0,0,0,0,0,0.0,0.0,0.0,0.0,0,0,0,0,0,0.00,0.00,0.00,0.00,,,,,,,[],,386,145,393,155,331,113,402,152,0.0,0.0,0.0,0.0,0.0,0.0,494,256,427,172,427,172,217,72,0.0,0.0,0.0,Spurs,MID,4.5
True,True,,,551226,0,0,0,0,-98.1,-300,"[{'offset': 0, 'projected_percent': '-100.8', 'likelihood': -5}, {'offset': 1, 'projected_percent': '-128.3', 'likelihood': -5}, {'offset': 2, 'projected_percent': '-155.8', 'likelihood': -5}]",,False,0,3,1.5,1.5,2,Mateus,1.5,525,False,,,60,551226.jpg,1.5,False,Fernandes,1.6,False,,a,19,6,3,5333,804,36523,5194,0.2,0.5,Fernandes,Mateus Fernandes,173.0,2026-07-02,2004-07-10,False,p551226,135,0,0,0,3,0,0,0,0,0,0,0,34,7.2,27.2,2.0,3.6,0,5,4,9,1,0.02,0.23,0.25,2.93,2.0,,,,,,[],,186,73,37,27,186,94,114,57,0.01,0.0,0.15,0.16,1.95,2.0,102,65,155,70,193,96,151,44,0.67,0.0,6.0,Spurs,MID,6.0
True,True,,,154566,0,0,0,0,-56.9,-270,"[{'offset': 0, 'projected_percent': '-59.9', 'likelihood': -3}, {'offset': 1, 'projected_percent': '-89.8', 'likelihood': -3}, {'offset': 2, 'projected_percent': '-119.6', 'likelihood': -5}]",,False,0,4,1.0,1.0,1,Dominic,1.0,526,False,,,60,154566.jpg,1.0,False,Solanke-Mitchell,1.3,False,,a,19,6,2,9890,1678,25043,4225,0.2,0.3,Solanke,,241.0,2024-08-10,1997-09-14,False,p154566,37,0,0,0,0,0,0,0,0,0,0,0,9,0.0,0.0,5.0,0.5,0,0,0,0,0,0.25,0.00,0.25,0.85,,,,,1.0,,[],,589,60,596,64,127,24,260,27,0.61,0.0,0.0,0.61,2.07,0.0,62,15,207,21,298,35,170,27,0.0,0.0,0.0,Spurs,FWD,6.0
True,True,,,212319,0,0,0,0,-78.3,-997,"[{'offset': 0, 'projected_percent': '-83.8', 'likelihood': -3}, {'offset': 1, 'projected_percent': '-137.8', 'likelihood': -5}, {'offset': 2, 'projected_percent': '-191.9', 'likelihood': -5}]",,False,0,4,1.0,1.0,0,Richarlison,1.0,527,False,,,60,212319.jpg,2.0,False,de Andrade,2.7,False,,a,19,6,2,16373,1650,59810,13339,0.2,0.3,Richarlison,Richarlison,30.0,2022-07-01,1997-05-10,False,p212319,67,0,0,0,3,0,0,0,0,0,0,0,6,0.0,2.2,0.0,0.2,1,0,0,1,1,0.00,0.00,0.00,3.02,,,,,5.0,,[],,593,63,182,22,588,65,286,31,0.0,0.0,0.0,0.0,4.06,4.03,70,18,210,22,162,15,112,17,1.34,0.0,1.34,Spurs,FWD,6.0
True,True,,,490145,0,0,0,0,-1.4,-5,"[{'offset': 0, 'projected_percent': '-1.4', 'likelihood': -1}, {'offset': 1, 'projected_percent': '-1.8', 'likelihood': -1}, {'offset': 2, 'projected_percent': '-2.2', 'likelihood': -1}]",,False,0,4,0.0,0.0,0,Dane,0.0,528,False,,,45,490145.jpg,0.0,False,Scarlett,1.8,False,,a,19,6,0,17194,4010,19966,2786,0.0,0.0,Scarlett,,241.0,2020-08-21,2004-03-24,False,p490145,0,0,0,0,0,0,0,0,0,0,0,0,0,0.0,0.0,0.0,0.0,0,0,0,0,0,0.00,0.00,0.00,0.00,,,,,,,[],,381,24,388,32,326,30,397,33,0.0,0.0,0.0,0.0,0.0,0.0,489,62,422,39,422,39,142,23,0.0,0.0,0.0,Spurs,FWD,4.5
True,True,,,611917,0,0,0,0,0.0,0,"[{'offset': 0, 'projected_percent': '0.0', 'likelihood': 0}, {'offset': 1, 'projected_percent': '0.0', 'likelihood': 0}, {'offset': 2, 'projected_percent': '0.0', 'likelihood': 0}]",2026-09-04T19:30:49.058576Z,False,0,3,0.0,0.0,0,Luca,0.0,601,False,,,45,611917.jpg,0.0,False,Williams-Barnett,0.1,False,,a,19,6,0,3282,646,846,262,0.0,0.0,Williams-Barnett,,241.0,2025-07-25,2008-10-01,False,p611917,0,0,0,0,0,0,0,0,0,0,0,0,0,0.0,0.0,0.0,0.0,0,0,0,0,0,0.00,0.00,0.00,0.00,,,,,,,[],,420,155,426,165,367,124,436,162,0.0,0.0,0.0,0.0,0.0,0.0,534,268,460,182,460,182,435,174,0.0,0.0,0.0,Spurs,MID,4.5
True,True,,,498016,0,0,0,0,-27.9,-78,"[{'offset': 0, 'projected_percent': '-28.2', 'likelihood': -2}, {'offset': 1, 'projected_percent': '-31.1', 'likelihood': -2}, {'offset': 2, 'projected_percent': '-34.1', 'likelihood': -2}]",,False,0,1,0.5,0.5,0,Robin,0.5,529,False,,,50,498016.jpg,1.0,False,Roefs,3.8,False,,a,20,56,1,5177,411,37371,7037,0.1,0.2,Roefs,,152.0,2025-08-01,2003-01-17,False,p498016,90,0,0,0,2,0,0,0,0,0,1,0,7,15.2,0.0,0.0,1.5,1,8,0,0,1,0.00,0.00,0.00,1.80,,,,,,,[],,114,15,522,64,479,64,209,15,0.0,1.0,0.0,0.0,1.8,2.0,344,20,265,20,252,19,88,13,1.0,0.0,0.0,Sunderland,GKP,5.0
True,False,0.0,0.0,232571,0,0,0,0,0.0,-3,"[{'offset': 0, 'projected_percent': '0.0', 'likelihood': 0}, {'offset': 1, 'projected_percent': '0.0', 'likelihood': 0}, {'offset': 2, 'projected_percent': '0.0', 'likelihood': 0}]",,False,0,1,0.0,0.0,0,Anthony,0.0,530,False,Has joined Wrexham permanently,2026-08-12T14:08:03.064533Z,40,232571.jpg,0.0,False,Patterson,0.2,False,,u,20,56,0,0,0,2593,286,0.0,0.0,Patterson,,241.0,2018-10-09,2000-05-10,False,p232571,0,0,0,0,0,0,0,0,0,0,0,0,0,0.0,0.0,0.0,0.0,0,0,0,0,0,0.00,0.00,0.00,0.00,,,,,,,[],,301,33,300,13,220,13,318,33,0.0,0.0,0.0,0.0,0.0,0.0,579,61,347,33,347,33,371,40,0.0,0.0,0.0,Sunderland,GKP,4.0
True,True,,,515046,0,0,0,0,-33.3,-3,"[{'offset': 0, 'projected_percent': '-33.7', 'likelihood': -2}, {'offset': 1, 'projected_percent': '-37.7', 'likelihood': -2}, {'offset': 2, 'projected_percent': '-41.7', 'likelihood': -3}]",,False,0,1,0.0,0.0,0,Melker,0.0,531,False,,,45,515046.jpg,0.0,False,Ellborg,0.1,False,,a,20,56,0,245,36,926,72,0.0,0.0,Ellborg,,206.0,2026-02-01,2003-05-22,False,p515046,0,0,0,0,0,0,0,0,0,0,0,0,0,0.0,0.0,0.0,0.0,0,0,0,0,0,0.00,0.00,0.00,0.00,,,,,,,[],,393,57,400,45,338,45,409,57,0.0,0.0,0.0,0.0,0.0,0.0,501,45,434,57,434,57,431,47,0.0,0.0,0.0,Sunderland,GKP,4.5
True,True,,,223827,0,0,0,0,-40.0,-215,"[{'offset': 0, 'projected_percent': '-40.7', 'likelihood': -3}, {'offset': 1, 'projected_percent': '-47.1', 'likelihood': -3}, {'offset': 2, 'projected_percent': '-53.5', 'likelihood': -3}]",,False,0,2,0.0,0.0,0,Daniel,0.0,532,False,,,50,223827.jpg,0.0,False,Ballard,4.8,False,,a,20,56,0,13791,993,63398,13694,0.0,0.0,Ballard,,242.0,2022-07-01,1999-09-22,False,p223827,90,0,0,0,2,0,0,0,1,0,0,0,4,18.2,1.2,0.0,1.9,7,0,2,9,1,0.00,0.01,0.01,1.80,,,,,,,[],,95,40,213,70,427,174,184,72,0.0,0.0,0.01,0.01,1.8,2.0,283,51,502,183,502,183,68,28,1.0,0.0,9.0,Sunderland,DEF,5.0
True,True,100.0,100.0,200834,0,0,0,0,-68.1,-91,"[{'offset': 0, 'projected_percent': '-68.7', 'likelihood': -3}, {'offset': 1, 'projected_percent': '-74.1', 'likelihood': -3}, {'offset': 2, 'projected_percent': '-79.6', 'likelihood': -3}]",,False,0,2,0.0,0.0,0,Nordi,0.0,533,False,,2026-08-09T08:30:05.954750Z,55,200834.jpg,0.0,False,Mukiele,2.4,False,,a,20,56,0,6121,533,42578,3991,0.0,0.0,Mukiele,,73.0,2025-08-17,1997-11-01,False,p200834,0,0,0,0,0,0,0,0,0,0,0,0,0,0.0,0.0,0.0,0.0,0,0,0,0,0,0.00,0.00,0.00,0.00,,,,,,,[],,546,202,561,202,535,195,562,202,0.0,0.0,0.0,0.0,0.0,0.0,136,15,570,199,570,199,120,47,0.0,0.0,0.0,Sunderland,DEF,5.5
True,True,,,487676,0,0,0,0,-16.2,-127,"[{'offset': 0, 'projected_percent': '-16.5', 'likelihood': -1}, {'offset': 1, 'projected_percent': '-19.4', 'likelihood': -1}, {'offset': 2, 'projected_percent': '-22.4', 'likelihood': -2}]",,False,0,2,1.0,1.0,0,Trai,1.0,534,False,,,45,487676.jpg,2.0,False,Hume,6.2,False,,a,20,56,2,14634,1015,47066,9695,0.2,0.4,Hume,,242.0,2022-01-04,2002-03-18,False,p487676,79,0,0,0,1,0,0,0,0,0,0,0,14,9.4,39.4,13.0,6.2,1,6,3,4,1,0.04,0.27,0.31,1.69,3.0,,,,,,[],,169,73,17,3,75,20,51,13,0.05,0.0,0.31,0.36,1.93,1.14,486,131,175,67,132,50,63,25,1.14,0.0,4.56,Sunderland,DEF,4.5
True,True,100.0,100.0,201895,0,0,0,0,-24.2,-10,"[{'offset': 0, 'projected_percent': '-24.5', 'likelihood': -2}, {'offset': 1, 'projected_percent': '-27.9', 'likelihood': -2}, {'offset': 2, 'projected_percent': '-31.4', 'likelihood': -2}]",,False,0,2,0.5,0.5,0,Omar,0.5,535,False,,2026-08-09T08:30:05.962393Z,50,201895.jpg,1.0,False,Alderete,0.4,False,,a,20,56,1,2865,268,5848,584,0.1,0.2,Alderete,,168.0,2025-08-12,1996-12-26,False,p201895,23,0,0,0,1,0,0,0,0,0,0,0,2,0.0,0.6,0.0,0.0,0,2,0,0,0,0.00,0.01,0.01,0.10,,,,,,,[],,458,182,240,86,411,166,474,182,0.0,0.0,0.04,0.04,0.39,3.91,260,42,253,95,239,93,271,101,0.0,0.0,0.0,Sunderland,DEF,5.0
True,True,,,434399,0,0,0,0,-25.9,-10,"[{'offset': 0, 'projected_percent': '-26.2', 'likelihood': -2}, {'offset': 1, 'projected_percent': '-29.4', 'likelihood': -2}, {'offset': 2, 'projected_percent': '-32.5', 'likelihood': -2}]",,False,0,2,0.5,0.5,0,Reinildo,0.5,536,False,,,45,434399.jpg,1.0,False,Mandava,0.4,False,,a,20,56,1,1055,80,4049,471,0.1,0.2,Reinildo,Reinildo Mandava,146.0,2025-07-08,1994-01-21,False,p434399,90,0,0,0,2,0,0,0,0,0,0,0,9,23.0,27.5,4.0,5.5,5,5,3,8,1,0.00,0.29,0.29,1.80,,,,,,,[],,74,34,36,10,131,43,62,20,0.0,0.0,0.29,0.29,1.8,2.0,468,121,236,85,217,80,270,100,1.0,0.0,8.0,Sunderland,DEF,4.5
True,False,0.0,,519634,0,0,0,0,0.0,-4,"[{'offset': 0, 'projected_percent': '0.0', 'likelihood': 0}, {'offset': 1, 'projected_percent': '0.0', 'likelihood': 0}, {'offset': 2, 'projected_percent': '0.0', 'likelihood': 0}]",,False,0,2,0.0,0.0,0,Jenson,0.0,537,False,Has joined Swansea City on loan for the rest of the season,2026-08-29T00:34:52.425076Z,45,519634.jpg,0.0,False,Seelt,0.0,False,,u,20,56,0,61,3,211,84,0.0,0.0,Seelt,,152.0,2023-07-01,2003-05-23,False,p519634,0,0,0,0,0,0,0,0,0,0,0,0,0,0.0,0.0,0.0,0.0,0,0,0,0,0,0.00,0.00,0.00,0.00,,,,,,,[],,394,166,401,167,339,149,410,166,0.0,0.0,0.0,0.0,0.0,0.0,502,137,435,165,435,165,591,202,0.0,0.0,0.0,Sunderland,DEF,4.5
True,False,0.0,0.0,477547,0,0,0,0,0.0,-4,"[{'offset': 0, 'projected_percent': '0.0', 'likelihood': 0}, {'offset': 1, 'projected_percent': '0.0', 'likelihood': 0}, {'offset': 2, 'projected_percent': '0.0', 'likelihood': 0}]",,False,0,2,0.0,0.0,0,Leo Fuhr,0.0,538,False,Has joined KV Mechelen on loan for the rest of the season,2026-08-12T14:08:03.081789Z,40,477547.jpg,0.0,False,Hjelde,0.1,False,,u,20,56,0,0,0,1112,122,0.0,0.0,Hjelde,,161.0,2024-01-30,2003-08-26,False,p477547,0,0,0,0,0,0,0,0,0,0,0,0,0,0.0,0.0,0.0,0.0,0,0,0,0,0,0.00,0.00,0.00,0.00,,,,,,,[],,309,115,309,117,230,85,326,116,0.0,0.0,0.0,0.0,0.0,0.0,592,180,355,119,355,119,488,171,0.0,0.0,0.0,Sunderland,DEF,4.0
True,True,,,167512,0,0,0,0,-12.9,-46,"[{'offset': 0, 'projected_percent': '-13.1', 'likelihood': -1}, {'offset': 1, 'projected_percent': '-15.1', 'likelihood': -1}, {'offset': 2, 'projected_percent': '-17.0', 'likelihood': -1}]",,False,0,2,0.5,0.5,0,Luke,0.5,539,False,,,40,167512.jpg,1.0,False,O'Nien,3.4,False,,a,20,56,1,5162,560,19875,2336,0.1,0.2,O'Nien,,241.0,2018-07-30,1994-11-21,False,p167512,66,0,0,0,1,0,0,0,1,0,0,0,1,11.4,1.4,4.0,1.7,4,4,1,5,1,0.01,0.01,0.02,1.69,,,,,,,[],,150,71,200,64,129,41,195,76,0.01,0.0,0.01,0.02,2.3,1.36,563,159,221,71,197,61,100,40,1.36,0.0,6.82,Sunderland,DEF,4.0
True,False,0.0,0.0,105717,0,0,0,0,0.0,-23,"[{'offset': 0, 'projected_percent': '0.0', 'likelihood': 0}, {'offset': 1, 'projected_percent': '0.0', 'likelihood': 0}, {'offset': 2, 'projected_percent': '0.0', 'likelihood': 0}]",,False,0,2,0.0,0.0,0,Arthur,0.0,540,False,Has joined Konyaspor permanently,2026-08-12T14:08:03.097784Z,40,105717.jpg,0.0,False,Masuaku,0.2,False,,u,20,56,0,0,0,5473,605,0.0,0.0,Masuaku,,50.0,2025-08-10,1993-11-07,False,p105717,0,0,0,0,0,0,0,0,0,0,0,0,0,0.0,0.0,0.0,0.0,0,0,0,0,0,0.00,0.00,0.00,0.00,,,,,,,[],,288,104,285,103,203,68,304,104,0.0,0.0,0.0,0.0,0.0,0.0,556,154,334,108,334,108,339,126,0.0,0.0,0.0,Sunderland,DEF,4.0
True,True,100.0,100.0,93605,0,0,0,0,-9.1,-3,"[{'offset': 0, 'projected_percent': '-9.3', 'likelihood': -1}, {'offset': 1, 'projected_percent': '-10.8', 'likelihood': -1}, {'offset': 2, 'projected_percent': '-12.2', 'likelihood': -1}]",,False,0,2,0.5,0.5,0,Thomas,0.5,541,False,,2026-08-16T08:30:07.830062Z,45,93605.jpg,1.0,False,Meunier,0.3,False,,a,20,56,1,1067,57,1971,253,0.1,0.2,Meunier,,21.0,2026-07-15,1991-09-12,False,p93605,90,0,0,0,2,0,0,0,0,0,0,0,5,13.8,5.3,11.0,3.0,2,3,2,4,1,0.08,0.08,0.16,1.80,,,,,,,[],,126,58,144,43,80,24,131,50,0.08,0.0,0.08,0.16,1.8,2.0,411,83,226,75,207,70,296,110,1.0,0.0,4.0,Sunderland,DEF,4.5
True,True,,,484420,0,0,0,0,-70.4,-481,"[{'offset': 0, 'projected_percent': '-71.2', 'likelihood': -3}, {'offset': 1, 'projected_percent': '-79.6', 'likelihood': -3}, {'offset': 2, 'projected_percent': '-87.9', 'likelihood': -3}]",,False,0,3,1.0,1.0,0,Enzo,1.0,542,False,,,60,484420.jpg,2.0,False,Le Fée,8.3,False,,a,20,56,2,12437,1051,140059,24949,0.2,0.3,E.Le Fée,,73.0,2025-07-01,2000-02-03,False,p484420,79,0,0,0,1,0,0,0,0,0,0,0,13,4.6,9.9,0.0,1.5,0,1,1,2,1,0.00,0.03,0.03,1.69,1.0,,2.0,,2.0,,[],,218,93,124,72,596,255,211,94,0.0,0.0,0.03,0.03,1.93,1.14,93,58,214,105,164,84,49,19,1.14,0.0,2.28,Sunderland,MID,6.0
True,True,,,547027,0,0,0,0,-64.8,-2,"[{'offset': 0, 'projected_percent': '-65.3', 'likelihood': -3}, {'offset': 1, 'projected_percent': '-69.5', 'likelihood': -3}, {'offset': 2, 'projected_percent': '-73.7', 'likelihood': -3}]",,False,0,3,0.5,0.5,0,Habib,0.5,543,False,,,55,547027.jpg,1.0,False,Diarra,0.1,False,,a,20,56,1,377,42,1314,137,0.1,0.2,Diarra,,189.0,2025-07-01,2004-01-03,False,p547027,10,0,0,0,1,0,0,0,0,0,0,0,3,0.4,0.6,2.0,0.3,0,0,0,0,0,0.03,0.00,0.03,0.10,,,,,1.0,,[],,275,130,247,131,179,89,279,132,0.27,0.0,0.0,0.27,0.9,9.0,203,128,299,141,288,136,465,188,0.0,0.0,0.0,Sunderland,MID,5.5
True,True,,,84450,0,0,0,0,12.8,18,"[{'offset': 0, 'projected_percent': '12.8', 'likelihood': 1}, {'offset': 1, 'projected_percent': '13.1', 'likelihood': 1}, {'offset': 2, 'projected_percent': '13.3', 'likelihood': 1}]",,False,0,3,4.5,4.5,0,Granit,4.5,544,False,,,55,84450.jpg,9.0,False,Xhaka,4.7,False,,a,20,56,9,47368,4587,22325,4110,0.8,1.6,Xhaka,,207.0,2025-07-30,1992-09-27,False,p84450,90,0,1,0,2,0,0,0,0,0,0,2,31,18.8,31.4,0.0,5.0,2,8,3,13,1,0.00,0.09,0.09,1.80,2.0,,1.0,,,,[],,90,30,24,19,520,210,76,41,0.0,0.0,0.09,0.09,1.8,2.0,117,76,49,23,18,9,72,24,1.0,0.0,13.0,Sunderland,MID,5.5
True,True,,,577669,0,0,0,0,-31.8,-4,"[{'offset': 0, 'projected_percent': '-32.0', 'likelihood': -2}, {'offset': 1, 'projected_percent': '-33.7', 'likelihood': -2}, {'offset': 2, 'projected_percent': '-35.5', 'likelihood': -2}]",,False,0,3,1.0,1.0,0,Noah,1.0,545,False,,,50,577669.jpg,2.0,False,Sadiki,0.3,False,,a,20,56,2,1351,186,4014,517,0.2,0.4,Sadiki,,50.0,2025-07-04,2004-12-17,False,p577669,90,0,0,0,2,0,0,0,0,0,0,0,18,14.6,32.1,25.0,7.2,0,2,0,2,1,0.06,0.03,0.09,1.80,,,,,,,[],,116,38,23,18,36,20,42,24,0.06,0.0,0.03,0.09,1.8,2.0,380,226,190,86,145,70,293,98,1.0,0.0,2.0,Sunderland,MID,5.0
True,True,0.0,0.0,535818,-1,1,-1,1,-3.1,-8,"[{'offset': 0, 'projected_percent': '-3.5', 'likelihood': -1}, {'offset': 1, 'projected_percent': '-7.4', 'likelihood': -1}, {'offset': 2, 'projected_percent': '-11.3', 'likelihood': -1}]",,False,0,3,0.0,0.0,0,Simon,0.0,546,False,Ankle injury - Unknown return date,2026-08-20T14:00:08.416985Z,49,535818.jpg,0.0,False,Adingra,0.1,False,,i,20,56,0,88,35,3862,303,0.0,0.0,Adingra,,54.0,2025-07-10,2002-01-01,False,p535818,0,0,0,0,0,0,0,0,0,0,0,0,0,0.0,0.0,0.0,0.0,0,0,0,0,0,0.00,0.00,0.00,0.00,,,,,,,[],https://www.safc.com/news/2026/august/20/le-bris-provides-latest-team-news-ahead-of-ipswich/,433,163,439,173,380,132,449,170,0.0,0.0,0.0,0.0,0.0,0.0,401,241,471,189,471,189,476,195,0.0,0.0,0.0,Sunderland,MID,4.9
True,True,,,461199,0,0,0,0,-60.3,0,"[{'offset': 0, 'projected_percent': '-60.3', 'likelihood': -3}, {'offset': 1, 'projected_percent': '-60.3', 'likelihood': -3}, {'offset': 2, 'projected_percent': '-60.3', 'likelihood': -3}]",,False,0,3,0.0,0.0,0,Romaine,0.0,547,False,,,50,461199.jpg,0.0,False,Mundle,0.0,False,,a,20,56,0,49,9,166,16,0.0,0.0,Mundle,,241.0,2024-02-01,2003-04-24,False,p461199,0,0,0,0,0,0,0,0,0,0,0,0,0,0.0,0.0,0.0,0.0,0,0,0,0,0,0.00,0.00,0.00,0.00,,,,,,,[],,492,195,502,204,455,170,508,202,0.0,0.0,0.0,0.0,0.0,0.0,315,186,524,216,524,216,596,254,0.0,0.0,0.0,Sunderland,MID,5.0
True,True,,,554197,0,0,0,0,-39.8,-3,"[{'offset': 0, 'projected_percent': '-40.5', 'likelihood': -3}, {'offset': 1, 'projected_percent': '-47.2', 'likelihood': -3}, {'offset': 2, 'projected_percent': '-54.0', 'likelihood': -3}]",,False,0,3,0.5,0.5,0,Chris,0.5,548,False,,,50,554197.jpg,1.0,False,Rigg,0.1,False,,a,20,56,1,118,19,709,89,0.1,0.2,Rigg,,241.0,2022-12-31,2007-06-18,False,p554197,10,0,0,0,1,0,0,0,0,0,0,0,3,0.0,0.3,0.0,0.0,0,1,0,1,0,0.00,0.00,0.00,0.10,,,,,,,[],,524,215,262,138,496,193,540,222,0.0,0.0,0.0,0.0,0.9,9.0,375,222,274,127,260,117,471,192,0.0,0.0,9.0,Sunderland,MID,5.0
True,True,,,549912,0,0,0,0,-65.7,-5,"[{'offset': 0, 'projected_percent': '-66.0', 'likelihood': -3}, {'offset': 1, 'projected_percent': '-69.6', 'likelihood': -3}, {'offset': 2, 'projected_percent': '-73.3', 'likelihood': -3}]",,False,0,3,0.5,0.5,0,Chemsdine,0.5,549,False,,,55,549912.jpg,1.0,False,Talbi,0.2,False,,a,20,56,1,324,40,3197,353,0.1,0.2,Talbi,,145.0,2025-07-09,2005-05-09,False,p549912,31,0,0,0,1,0,0,0,0,0,0,0,1,0.0,0.9,0.0,0.0,0,2,0,2,0,0.00,0.00,0.00,0.14,,,,,,,[],,572,246,225,125,571,243,584,251,0.0,0.0,0.0,0.0,0.41,2.9,205,130,300,142,289,137,335,120,0.0,0.0,5.81,Sunderland,MID,5.5
True,True,,,699989,0,0,0,0,-43.2,0,"[{'offset': 0, 'projected_percent': '-43.2', 'likelihood': -3}, {'offset': 1, 'projected_percent': '-43.2', 'likelihood': -3}, {'offset': 2, 'projected_percent': '-43.2', 'likelihood': -3}]",,False,0,3,0.0,0.0,0,Djiamgone Jocelin Ta,0.0,550,False,,,50,699989.jpg,0.0,False,Bi,0.0,False,,a,20,56,0,59,8,115,14,0.0,0.0,Jocelin.T,,54.0,2026-01-16,2005-02-09,False,p699989,0,0,0,0,0,0,0,0,0,0,0,0,0,0.0,0.0,0.0,0.0,0,0,0,0,0,0.00,0.00,0.00,0.00,,,,,,,[],,534,222,547,231,513,206,550,229,0.0,0.0,0.0,0.0,0.0,0.0,398,238,558,235,558,235,602,259,0.0,0.0,0.0,Sunderland,MID,5.0
True,True,,,536661,0,0,0,0,2.1,-1,"[{'offset': 0, 'projected_percent': '2.1', 'likelihood': 1}, {'offset': 1, 'projected_percent': '2.0', 'likelihood': 1}, {'offset': 2, 'projected_percent': '2.0', 'likelihood': 1}]",,False,0,3,2.5,2.5,0,Nilson,2.5,551,False,,,50,536661.jpg,5.0,False,Angulo,0.1,False,,a,20,56,5,5849,506,1626,247,0.5,1.0,Angulo,,62.0,2026-02-02,2003-06-19,False,p536661,58,1,0,0,1,0,0,0,1,0,0,0,23,32.8,3.3,16.0,5.2,1,5,1,7,1,0.15,0.01,0.16,1.66,,,3.0,,,,[],,45,20,162,94,64,34,71,38,0.23,0.0,0.02,0.25,2.58,1.55,365,214,100,45,67,27,391,152,1.55,0.0,10.86,Sunderland,MID,5.0
True,True,,,441264,0,0,0,0,-31.6,-653,"[{'offset': 0, 'projected_percent': '-32.4', 'likelihood': -2}, {'offset': 1, 'projected_percent': '-39.9', 'likelihood': -2}, {'offset': 2, 'projected_percent': '-47.5', 'likelihood': -3}]",,False,0,4,1.0,1.0,0,Brian,1.0,552,False,,,60,441264.jpg,2.0,False,Brobbey,12.4,False,,a,20,56,2,43717,5448,145353,25726,0.2,0.3,Brobbey,,152.0,2025-09-01,2002-02-01,False,p441264,66,0,0,0,1,0,0,0,0,0,0,0,1,0.0,1.5,9.0,1.1,0,0,0,0,1,0.30,0.00,0.30,1.69,,,,,,,[],,595,64,198,23,92,18,233,22,0.41,0.0,0.0,0.41,2.3,1.36,81,21,213,23,163,16,33,6,1.36,0.0,0.0,Sunderland,FWD,6.0
True,True,,,437505,0,0,0,0,-60.8,-24,"[{'offset': 0, 'projected_percent': '-61.2', 'likelihood': -3}, {'offset': 1, 'projected_percent': '-65.3', 'likelihood': -3}, {'offset': 2, 'projected_percent': '-69.3', 'likelihood': -3}]",,False,0,4,0.5,0.5,0,Wilson,0.5,553,False,,,55,437505.jpg,1.0,False,Isidor,0.9,False,,a,20,56,1,2900,430,14411,1490,0.1,0.2,Isidor,,92.0,2025-02-01,2000-08-27,False,p437505,23,0,0,0,1,0,0,0,0,0,0,0,3,0.0,0.2,0.0,0.0,0,0,0,0,0,0.00,0.00,0.00,0.10,,,,,,,[],,555,51,271,30,548,58,569,59,0.0,0.0,0.0,0.0,0.39,3.91,163,38,291,31,280,29,207,33,0.0,0.0,0.0,Sunderland,FWD,5.5
True,True,0.0,0.0,638411,0,0,0,0,0.0,0,"[{'offset': 0, 'projected_percent': '0.0', 'likelihood': 0}, {'offset': 1, 'projected_percent': '0.0', 'likelihood': 0}, {'offset': 2, 'projected_percent': '0.0', 'likelihood': 0}]",2026-09-07T14:00:38.220168Z,False,0,2,0.0,0.0,0,Dayann,0.0,612,False,Suspended until 5 Sep,2026-08-28T13:00:08.950445Z,45,638411.jpg,0.0,False,Méthalie,0.0,False,,s,20,56,0,111,16,38,11,0.0,0.0,Methalie,,73.0,2026-08-21,2006-02-15,False,p638411,0,0,0,0,0,0,0,0,0,0,0,0,0,0.0,0.0,0.0,0.0,0,0,0,0,0,0.00,0.00,0.00,0.00,,,,,,,[],https://www.safc.com/news/2026/august/28/le-bris-provides-latest-team-news-ahead-of-fulham/,427,175,433,176,374,159,443,175,0.0,0.0,0.0,0.0,0.0,0.0,541,150,465,173,465,173,620,207,0.0,0.0,0.0,Sunderland,DEF,4.5
True,True,,,696104,0,0,0,0,0.0,0,"[{'offset': 0, 'projected_percent': '0.0', 'likelihood': 0}, {'offset': 1, 'projected_percent': '0.0', 'likelihood': 0}, {'offset': 2, 'projected_percent': '0.0', 'likelihood': 0}]",2026-09-08T14:02:40.674207Z,False,0,3,1.0,1.0,0,Jules,0.0,613,False,,,45,696104.jpg,0.0,False,Ahoka,0.1,False,,a,20,56,0,4647,2172,788,390,0.0,0.0,Ahoka,,50.0,2026-08-24,2006-05-08,False,p696104,0,0,0,0,0,0,0,0,0,0,0,0,0,0.0,0.0,0.0,0.0,0,0,0,0,0,0.00,0.00,0.00,0.00,,,,,,,[],,431,161,437,171,378,130,447,168,0.0,0.0,0.0,0.0,0.0,0.0,545,274,469,187,469,187,421,166,0.0,0.0,0.0,Sunderland,MID,4.5
